year,tree_age_years,site,crop_x,plot,yield_straw,yield,data_id,yield_unit,distance_to_tree_strip,field,lat,lon,orientation,soil_type,tree_species,fertilizer,ordering,row,transect,sm,land_prod_basic,ndvi,direction,tree_density,grain_t_ha,slope,slope_deg,aspect,swf,xcoord,ycoord,id,block,crop_unified,yield_tha,yield_straw_tha,harvestyear,treeage,latitude,longitude,min_latitude,min_longitude,max_latitude,max_longitude,area,crop_y,fertilization_rate_kg_n_p_k_ha_1_year_1,sowing_month,harvest_month,harvest_reported_or_assigned,source,growing_start,growing_end,gs_start_date,gs_end_date,temp_C_mean,sun_MJ_m2_mean,precip_mm_sum,fieldlength,l_contag,l_np,l_sidi,l_shdi,l_ai,l_ed,min_slope,max_slope,mean_slope,field_raw,clay,sand,silt,fert_N,year_AFplanting,AFage,ID_nodist
2016,NA,Wendhausen,winter rapeseed,W_AF_r1_1m,NA,163.57,signal16,g/m2 per year,1,Wendhausen,52.33336,10.63236,NA,NA,poplar,normal,NA,NA,NA,NA,NA,NA,NA,NA,NA,NA,NA,NA,NA,NA,NA,W_AF_r1_1m_2016,NA,rapeseed,1.6357,NA,2013,3,52.331785779463715,10.631278588777988,52.32949834300006,10.628182969000022,52.33408564000007,10.634273163000046,177568.72306715394,Oilseed Rape,221-0-0,Sep,Jul,reported,https://doi.org/10.1007/s10457-025-01237-1,9,7,2015-09-01,2016-07-01,9.826880568807775,12.90557354146784,58.1767680644989,657.5762786452765,72.20601093847752,117,0.5899280014611125,0.9989173829562624,98.72497302092302,27.895143017228317,0.394794166088104,5.691914558410645,1.43116167653352,Wendhausen field,195,462,343,221,2008,8,W_AF_r1_2016
2016,NA,Wendhausen,winter rapeseed,W_AF_r1_4m,NA,251.48,signal16,g/m2 per year,4,Wendhausen,52.33336,10.63236,NA,NA,poplar,normal,NA,NA,NA,NA,NA,NA,NA,NA,NA,NA,NA,NA,NA,NA,NA,W_AF_r1_4m_2016,NA,rapeseed,2.5148,NA,2013,3,52.331785779463715,10.631278588777988,52.32949834300006,10.628182969000022,52.33408564000007,10.634273163000046,177568.72306715394,Oilseed Rape,221-0-0,Sep,Jul,reported,https://doi.org/10.1007/s10457-025-01237-1,9,7,2015-09-01,2016-07-01,9.826880568807775,12.90557354146784,58.1767680644989,657.5762786452765,72.20601093847752,117,0.5899280014611125,0.9989173829562624,98.72497302092302,27.895143017228317,0.394794166088104,5.691914558410645,1.43116167653352,Wendhausen field,195,462,343,221,2008,8,W_AF_r1_2016
2016,NA,Wendhausen,winter rapeseed,W_AF_r1_7m,NA,295.89,signal16,g/m2 per year,7,Wendhausen,52.33336,10.63236,NA,NA,poplar,normal,NA,NA,NA,NA,NA,NA,NA,NA,NA,NA,NA,NA,NA,NA,NA,W_AF_r1_7m_2016,NA,rapeseed,2.9589,NA,2013,3,52.331785779463715,10.631278588777988,52.32949834300006,10.628182969000022,52.33408564000007,10.634273163000046,177568.72306715394,Oilseed Rape,221-0-0,Sep,Jul,reported,https://doi.org/10.1007/s10457-025-01237-1,9,7,2015-09-01,2016-07-01,9.826880568807775,12.90557354146784,58.1767680644989,657.5762786452765,72.20601093847752,117,0.5899280014611125,0.9989173829562624,98.72497302092302,27.895143017228317,0.394794166088104,5.691914558410645,1.43116167653352,Wendhausen field,195,462,343,221,2008,8,W_AF_r1_2016
2016,NA,Wendhausen,winter rapeseed,W_AF_r2_1m,NA,4.61,signal16,g/m2 per year,1,Wendhausen,52.33336,10.63236,NA,NA,poplar,normal,NA,NA,NA,NA,NA,NA,NA,NA,NA,NA,NA,NA,NA,NA,NA,W_AF_r2_1m_2016,NA,rapeseed,0.0461,NA,2013,3,52.331785779463715,10.631278588777988,52.32949834300006,10.628182969000022,52.33408564000007,10.634273163000046,177568.72306715394,Oilseed Rape,221-0-0,Sep,Jul,reported,https://doi.org/10.1007/s10457-025-01237-1,9,7,2015-09-01,2016-07-01,9.826880568807775,12.90557354146784,58.1767680644989,657.5762786452765,72.20601093847752,117,0.5899280014611125,0.9989173829562624,98.72497302092302,27.895143017228317,0.394794166088104,5.691914558410645,1.43116167653352,Wendhausen field,195,462,343,221,2008,8,W_AF_r2_2016
2016,NA,Wendhausen,winter rapeseed,W_AF_r2_4m,NA,346.43,signal16,g/m2 per year,4,Wendhausen,52.33336,10.63236,NA,NA,poplar,normal,NA,NA,NA,NA,NA,NA,NA,NA,NA,NA,NA,NA,NA,NA,NA,W_AF_r2_4m_2016,NA,rapeseed,3.4643,NA,2013,3,52.331785779463715,10.631278588777988,52.32949834300006,10.628182969000022,52.33408564000007,10.634273163000046,177568.72306715394,Oilseed Rape,221-0-0,Sep,Jul,reported,https://doi.org/10.1007/s10457-025-01237-1,9,7,2015-09-01,2016-07-01,9.826880568807775,12.90557354146784,58.1767680644989,657.5762786452765,72.20601093847752,117,0.5899280014611125,0.9989173829562624,98.72497302092302,27.895143017228317,0.394794166088104,5.691914558410645,1.43116167653352,Wendhausen field,195,462,343,221,2008,8,W_AF_r2_2016
2016,NA,Wendhausen,winter rapeseed,W_AF_r2_7m,NA,276.97,signal16,g/m2 per year,7,Wendhausen,52.33336,10.63236,NA,NA,poplar,normal,NA,NA,NA,NA,NA,NA,NA,NA,NA,NA,NA,NA,NA,NA,NA,W_AF_r2_7m_2016,NA,rapeseed,2.7697000000000003,NA,2013,3,52.331785779463715,10.631278588777988,52.32949834300006,10.628182969000022,52.33408564000007,10.634273163000046,177568.72306715394,Oilseed Rape,221-0-0,Sep,Jul,reported,https://doi.org/10.1007/s10457-025-01237-1,9,7,2015-09-01,2016-07-01,9.826880568807775,12.90557354146784,58.1767680644989,657.5762786452765,72.20601093847752,117,0.5899280014611125,0.9989173829562624,98.72497302092302,27.895143017228317,0.394794166088104,5.691914558410645,1.43116167653352,Wendhausen field,195,462,343,221,2008,8,W_AF_r2_2016
2016,NA,Wendhausen,winter rapeseed,W_AF_r3_1m,NA,138.44,signal16,g/m2 per year,1,Wendhausen,52.33336,10.63236,NA,NA,poplar,normal,NA,NA,NA,NA,NA,NA,NA,NA,NA,NA,NA,NA,NA,NA,NA,W_AF_r3_1m_2016,NA,rapeseed,1.3844,NA,2013,3,52.331785779463715,10.631278588777988,52.32949834300006,10.628182969000022,52.33408564000007,10.634273163000046,177568.72306715394,Oilseed Rape,221-0-0,Sep,Jul,reported,https://doi.org/10.1007/s10457-025-01237-1,9,7,2015-09-01,2016-07-01,9.826880568807775,12.90557354146784,58.1767680644989,657.5762786452765,72.20601093847752,117,0.5899280014611125,0.9989173829562624,98.72497302092302,27.895143017228317,0.394794166088104,5.691914558410645,1.43116167653352,Wendhausen field,195,462,343,221,2008,8,W_AF_r3_2016
2016,NA,Wendhausen,winter rapeseed,W_AF_r3_4m,NA,218.42,signal16,g/m2 per year,4,Wendhausen,52.33336,10.63236,NA,NA,poplar,normal,NA,NA,NA,NA,NA,NA,NA,NA,NA,NA,NA,NA,NA,NA,NA,W_AF_r3_4m_2016,NA,rapeseed,2.1842,NA,2013,3,52.331785779463715,10.631278588777988,52.32949834300006,10.628182969000022,52.33408564000007,10.634273163000046,177568.72306715394,Oilseed Rape,221-0-0,Sep,Jul,reported,https://doi.org/10.1007/s10457-025-01237-1,9,7,2015-09-01,2016-07-01,9.826880568807775,12.90557354146784,58.1767680644989,657.5762786452765,72.20601093847752,117,0.5899280014611125,0.9989173829562624,98.72497302092302,27.895143017228317,0.394794166088104,5.691914558410645,1.43116167653352,Wendhausen field,195,462,343,221,2008,8,W_AF_r3_2016
2016,NA,Wendhausen,winter rapeseed,W_AF_r3_7m,NA,297.87,signal16,g/m2 per year,7,Wendhausen,52.33336,10.63236,NA,NA,poplar,normal,NA,NA,NA,NA,NA,NA,NA,NA,NA,NA,NA,NA,NA,NA,NA,W_AF_r3_7m_2016,NA,rapeseed,2.9787,NA,2013,3,52.331785779463715,10.631278588777988,52.32949834300006,10.628182969000022,52.33408564000007,10.634273163000046,177568.72306715394,Oilseed Rape,221-0-0,Sep,Jul,reported,https://doi.org/10.1007/s10457-025-01237-1,9,7,2015-09-01,2016-07-01,9.826880568807775,12.90557354146784,58.1767680644989,657.5762786452765,72.20601093847752,117,0.5899280014611125,0.9989173829562624,98.72497302092302,27.895143017228317,0.394794166088104,5.691914558410645,1.43116167653352,Wendhausen field,195,462,343,221,2008,8,W_AF_r3_2016
2016,NA,Wendhausen,winter rapeseed,W_AF_r4_1m,NA,19.54,signal16,g/m2 per year,1,Wendhausen,52.33336,10.63236,NA,NA,poplar,normal,NA,NA,NA,NA,NA,NA,NA,NA,NA,NA,NA,NA,NA,NA,NA,W_AF_r4_1m_2016,NA,rapeseed,0.1954,NA,2013,3,52.331785779463715,10.631278588777988,52.32949834300006,10.628182969000022,52.33408564000007,10.634273163000046,177568.72306715394,Oilseed Rape,221-0-0,Sep,Jul,reported,https://doi.org/10.1007/s10457-025-01237-1,9,7,2015-09-01,2016-07-01,9.826880568807775,12.90557354146784,58.1767680644989,657.5762786452765,72.20601093847752,117,0.5899280014611125,0.9989173829562624,98.72497302092302,27.895143017228317,0.394794166088104,5.691914558410645,1.43116167653352,Wendhausen field,195,462,343,221,2008,8,W_AF_r4_2016
2016,NA,Wendhausen,winter rapeseed,W_AF_r4_4m,NA,247.38,signal16,g/m2 per year,4,Wendhausen,52.33336,10.63236,NA,NA,poplar,normal,NA,NA,NA,NA,NA,NA,NA,NA,NA,NA,NA,NA,NA,NA,NA,W_AF_r4_4m_2016,NA,rapeseed,2.4738,NA,2013,3,52.331785779463715,10.631278588777988,52.32949834300006,10.628182969000022,52.33408564000007,10.634273163000046,177568.72306715394,Oilseed Rape,221-0-0,Sep,Jul,reported,https://doi.org/10.1007/s10457-025-01237-1,9,7,2015-09-01,2016-07-01,9.826880568807775,12.90557354146784,58.1767680644989,657.5762786452765,72.20601093847752,117,0.5899280014611125,0.9989173829562624,98.72497302092302,27.895143017228317,0.394794166088104,5.691914558410645,1.43116167653352,Wendhausen field,195,462,343,221,2008,8,W_AF_r4_2016
2016,NA,Wendhausen,winter rapeseed,W_AF_r4_7m,NA,360.48,signal16,g/m2 per year,7,Wendhausen,52.33336,10.63236,NA,NA,poplar,normal,NA,NA,NA,NA,NA,NA,NA,NA,NA,NA,NA,NA,NA,NA,NA,W_AF_r4_7m_2016,NA,rapeseed,3.6048,NA,2013,3,52.331785779463715,10.631278588777988,52.32949834300006,10.628182969000022,52.33408564000007,10.634273163000046,177568.72306715394,Oilseed Rape,221-0-0,Sep,Jul,reported,https://doi.org/10.1007/s10457-025-01237-1,9,7,2015-09-01,2016-07-01,9.826880568807775,12.90557354146784,58.1767680644989,657.5762786452765,72.20601093847752,117,0.5899280014611125,0.9989173829562624,98.72497302092302,27.895143017228317,0.394794166088104,5.691914558410645,1.43116167653352,Wendhausen field,195,462,343,221,2008,8,W_AF_r4_2016
2016,NA,Wendhausen,winter rapeseed,W_AF_r1_24m,NA,387.81,signal16,g/m2 per year,24,Wendhausen,52.33336,10.63236,NA,NA,poplar,normal,NA,NA,NA,NA,NA,NA,NA,NA,NA,NA,NA,NA,NA,NA,NA,W_AF_r1_24m_2016,NA,rapeseed,3.8781,NA,2013,3,52.331785779463715,10.631278588777988,52.32949834300006,10.628182969000022,52.33408564000007,10.634273163000046,177568.72306715394,Oilseed Rape,221-0-0,Sep,Jul,reported,https://doi.org/10.1007/s10457-025-01237-1,9,7,2015-09-01,2016-07-01,9.826880568807775,12.90557354146784,58.1767680644989,657.5762786452765,72.20601093847752,117,0.5899280014611125,0.9989173829562624,98.72497302092302,27.895143017228317,0.394794166088104,5.691914558410645,1.43116167653352,Wendhausen field,195,462,343,221,2008,8,W_AF_r1_2016
2016,NA,Wendhausen,winter rapeseed,W_AF_r2_24m,NA,291.11,signal16,g/m2 per year,24,Wendhausen,52.33336,10.63236,NA,NA,poplar,normal,NA,NA,NA,NA,NA,NA,NA,NA,NA,NA,NA,NA,NA,NA,NA,W_AF_r2_24m_2016,NA,rapeseed,2.9111,NA,2013,3,52.331785779463715,10.631278588777988,52.32949834300006,10.628182969000022,52.33408564000007,10.634273163000046,177568.72306715394,Oilseed Rape,221-0-0,Sep,Jul,reported,https://doi.org/10.1007/s10457-025-01237-1,9,7,2015-09-01,2016-07-01,9.826880568807775,12.90557354146784,58.1767680644989,657.5762786452765,72.20601093847752,117,0.5899280014611125,0.9989173829562624,98.72497302092302,27.895143017228317,0.394794166088104,5.691914558410645,1.43116167653352,Wendhausen field,195,462,343,221,2008,8,W_AF_r2_2016
2016,NA,Wendhausen,winter rapeseed,W_AF_r3_24m,NA,335.71,signal16,g/m2 per year,24,Wendhausen,52.33336,10.63236,NA,NA,poplar,normal,NA,NA,NA,NA,NA,NA,NA,NA,NA,NA,NA,NA,NA,NA,NA,W_AF_r3_24m_2016,NA,rapeseed,3.3571,NA,2013,3,52.331785779463715,10.631278588777988,52.32949834300006,10.628182969000022,52.33408564000007,10.634273163000046,177568.72306715394,Oilseed Rape,221-0-0,Sep,Jul,reported,https://doi.org/10.1007/s10457-025-01237-1,9,7,2015-09-01,2016-07-01,9.826880568807775,12.90557354146784,58.1767680644989,657.5762786452765,72.20601093847752,117,0.5899280014611125,0.9989173829562624,98.72497302092302,27.895143017228317,0.394794166088104,5.691914558410645,1.43116167653352,Wendhausen field,195,462,343,221,2008,8,W_AF_r3_2016
2016,NA,Wendhausen,winter rapeseed,W_AF_r4_24m,NA,320.46,signal16,g/m2 per year,24,Wendhausen,52.33336,10.63236,NA,NA,poplar,normal,NA,NA,NA,NA,NA,NA,NA,NA,NA,NA,NA,NA,NA,NA,NA,W_AF_r4_24m_2016,NA,rapeseed,3.2045999999999997,NA,2013,3,52.331785779463715,10.631278588777988,52.32949834300006,10.628182969000022,52.33408564000007,10.634273163000046,177568.72306715394,Oilseed Rape,221-0-0,Sep,Jul,reported,https://doi.org/10.1007/s10457-025-01237-1,9,7,2015-09-01,2016-07-01,9.826880568807775,12.90557354146784,58.1767680644989,657.5762786452765,72.20601093847752,117,0.5899280014611125,0.9989173829562624,98.72497302092302,27.895143017228317,0.394794166088104,5.691914558410645,1.43116167653352,Wendhausen field,195,462,343,221,2008,8,W_AF_r4_2016
2017,NA,Wendhausen,winter wheat,W_AF_r1_1m,123.39,347.43,signal16,g/m2 per year,1,Wendhausen,52.33336,10.63236,NA,NA,poplar,normal,NA,NA,NA,NA,NA,NA,NA,NA,NA,NA,NA,NA,NA,NA,NA,W_AF_r1_1m_2017,NA,wheat,3.4743,1.2339,2013,4,52.331785779463715,10.631278588777988,52.32949834300006,10.628182969000022,52.33408564000007,10.634273163000046,177568.72306715394,Winter Wheat,221–0−0,Oct,Jul,reported,https://doi.org/10.1007/s10457-025-01237-1,10,7,2016-10-01,2017-07-01,8.549630451202393,11.67596082687378,60.19611716270447,657.5762786452765,72.20601093847752,117,0.5899280014611125,0.9989173829562624,98.72497302092302,27.895143017228317,0.394794166088104,5.691914558410645,1.43116167653352,Wendhausen field,195,462,343,221,2008,9,W_AF_r1_2017
2017,NA,Wendhausen,winter wheat,W_AF_r1_4m,201.49,466.86,signal16,g/m2 per year,4,Wendhausen,52.33336,10.63236,NA,NA,poplar,normal,NA,NA,NA,NA,NA,NA,NA,NA,NA,NA,NA,NA,NA,NA,NA,W_AF_r1_4m_2017,NA,wheat,4.6686000000000005,2.0149,2013,4,52.331785779463715,10.631278588777988,52.32949834300006,10.628182969000022,52.33408564000007,10.634273163000046,177568.72306715394,Winter Wheat,221–0−0,Oct,Jul,reported,https://doi.org/10.1007/s10457-025-01237-1,10,7,2016-10-01,2017-07-01,8.549630451202393,11.67596082687378,60.19611716270447,657.5762786452765,72.20601093847752,117,0.5899280014611125,0.9989173829562624,98.72497302092302,27.895143017228317,0.394794166088104,5.691914558410645,1.43116167653352,Wendhausen field,195,462,343,221,2008,9,W_AF_r1_2017
2017,NA,Wendhausen,winter wheat,W_AF_r1_7m,303.32,675.74,signal16,g/m2 per year,7,Wendhausen,52.33336,10.63236,NA,NA,poplar,normal,NA,NA,NA,NA,NA,NA,NA,NA,NA,NA,NA,NA,NA,NA,NA,W_AF_r1_7m_2017,NA,wheat,6.7574000000000005,3.0332,2013,4,52.331785779463715,10.631278588777988,52.32949834300006,10.628182969000022,52.33408564000007,10.634273163000046,177568.72306715394,Winter Wheat,221–0−0,Oct,Jul,reported,https://doi.org/10.1007/s10457-025-01237-1,10,7,2016-10-01,2017-07-01,8.549630451202393,11.67596082687378,60.19611716270447,657.5762786452765,72.20601093847752,117,0.5899280014611125,0.9989173829562624,98.72497302092302,27.895143017228317,0.394794166088104,5.691914558410645,1.43116167653352,Wendhausen field,195,462,343,221,2008,9,W_AF_r1_2017
2017,NA,Wendhausen,winter wheat,W_AF_r2_1m,168.57,470.86,signal16,g/m2 per year,1,Wendhausen,52.33336,10.63236,NA,NA,poplar,normal,NA,NA,NA,NA,NA,NA,NA,NA,NA,NA,NA,NA,NA,NA,NA,W_AF_r2_1m_2017,NA,wheat,4.708600000000001,1.6857,2013,4,52.331785779463715,10.631278588777988,52.32949834300006,10.628182969000022,52.33408564000007,10.634273163000046,177568.72306715394,Winter Wheat,221–0−0,Oct,Jul,reported,https://doi.org/10.1007/s10457-025-01237-1,10,7,2016-10-01,2017-07-01,8.549630451202393,11.67596082687378,60.19611716270447,657.5762786452765,72.20601093847752,117,0.5899280014611125,0.9989173829562624,98.72497302092302,27.895143017228317,0.394794166088104,5.691914558410645,1.43116167653352,Wendhausen field,195,462,343,221,2008,9,W_AF_r2_2017
2017,NA,Wendhausen,winter wheat,W_AF_r2_4m,411.05,658.4,signal16,g/m2 per year,4,Wendhausen,52.33336,10.63236,NA,NA,poplar,normal,NA,NA,NA,NA,NA,NA,NA,NA,NA,NA,NA,NA,NA,NA,NA,W_AF_r2_4m_2017,NA,wheat,6.584,4.1105,2013,4,52.331785779463715,10.631278588777988,52.32949834300006,10.628182969000022,52.33408564000007,10.634273163000046,177568.72306715394,Winter Wheat,221–0−0,Oct,Jul,reported,https://doi.org/10.1007/s10457-025-01237-1,10,7,2016-10-01,2017-07-01,8.549630451202393,11.67596082687378,60.19611716270447,657.5762786452765,72.20601093847752,117,0.5899280014611125,0.9989173829562624,98.72497302092302,27.895143017228317,0.394794166088104,5.691914558410645,1.43116167653352,Wendhausen field,195,462,343,221,2008,9,W_AF_r2_2017
2017,NA,Wendhausen,winter wheat,W_AF_r2_7m,268.81,689.39,signal16,g/m2 per year,7,Wendhausen,52.33336,10.63236,NA,NA,poplar,normal,NA,NA,NA,NA,NA,NA,NA,NA,NA,NA,NA,NA,NA,NA,NA,W_AF_r2_7m_2017,NA,wheat,6.8939,2.6881,2013,4,52.331785779463715,10.631278588777988,52.32949834300006,10.628182969000022,52.33408564000007,10.634273163000046,177568.72306715394,Winter Wheat,221–0−0,Oct,Jul,reported,https://doi.org/10.1007/s10457-025-01237-1,10,7,2016-10-01,2017-07-01,8.549630451202393,11.67596082687378,60.19611716270447,657.5762786452765,72.20601093847752,117,0.5899280014611125,0.9989173829562624,98.72497302092302,27.895143017228317,0.394794166088104,5.691914558410645,1.43116167653352,Wendhausen field,195,462,343,221,2008,9,W_AF_r2_2017
2017,NA,Wendhausen,winter wheat,W_AF_r3_1m,90.2,279.81,signal16,g/m2 per year,1,Wendhausen,52.33336,10.63236,NA,NA,poplar,normal,NA,NA,NA,NA,NA,NA,NA,NA,NA,NA,NA,NA,NA,NA,NA,W_AF_r3_1m_2017,NA,wheat,2.7981000000000003,0.902,2013,4,52.331785779463715,10.631278588777988,52.32949834300006,10.628182969000022,52.33408564000007,10.634273163000046,177568.72306715394,Winter Wheat,221–0−0,Oct,Jul,reported,https://doi.org/10.1007/s10457-025-01237-1,10,7,2016-10-01,2017-07-01,8.549630451202393,11.67596082687378,60.19611716270447,657.5762786452765,72.20601093847752,117,0.5899280014611125,0.9989173829562624,98.72497302092302,27.895143017228317,0.394794166088104,5.691914558410645,1.43116167653352,Wendhausen field,195,462,343,221,2008,9,W_AF_r3_2017
2017,NA,Wendhausen,winter wheat,W_AF_r3_4m,335.71,524.69,signal16,g/m2 per year,4,Wendhausen,52.33336,10.63236,NA,NA,poplar,normal,NA,NA,NA,NA,NA,NA,NA,NA,NA,NA,NA,NA,NA,NA,NA,W_AF_r3_4m_2017,NA,wheat,5.246900000000001,3.3571,2013,4,52.331785779463715,10.631278588777988,52.32949834300006,10.628182969000022,52.33408564000007,10.634273163000046,177568.72306715394,Winter Wheat,221–0−0,Oct,Jul,reported,https://doi.org/10.1007/s10457-025-01237-1,10,7,2016-10-01,2017-07-01,8.549630451202393,11.67596082687378,60.19611716270447,657.5762786452765,72.20601093847752,117,0.5899280014611125,0.9989173829562624,98.72497302092302,27.895143017228317,0.394794166088104,5.691914558410645,1.43116167653352,Wendhausen field,195,462,343,221,2008,9,W_AF_r3_2017
2017,NA,Wendhausen,winter wheat,W_AF_r3_7m,267.05,545.36,signal16,g/m2 per year,7,Wendhausen,52.33336,10.63236,NA,NA,poplar,normal,NA,NA,NA,NA,NA,NA,NA,NA,NA,NA,NA,NA,NA,NA,NA,W_AF_r3_7m_2017,NA,wheat,5.453600000000001,2.6705,2013,4,52.331785779463715,10.631278588777988,52.32949834300006,10.628182969000022,52.33408564000007,10.634273163000046,177568.72306715394,Winter Wheat,221–0−0,Oct,Jul,reported,https://doi.org/10.1007/s10457-025-01237-1,10,7,2016-10-01,2017-07-01,8.549630451202393,11.67596082687378,60.19611716270447,657.5762786452765,72.20601093847752,117,0.5899280014611125,0.9989173829562624,98.72497302092302,27.895143017228317,0.394794166088104,5.691914558410645,1.43116167653352,Wendhausen field,195,462,343,221,2008,9,W_AF_r3_2017
2017,NA,Wendhausen,winter wheat,W_AF_r4_1m,108.55,219.53,signal16,g/m2 per year,1,Wendhausen,52.33336,10.63236,NA,NA,poplar,normal,NA,NA,NA,NA,NA,NA,NA,NA,NA,NA,NA,NA,NA,NA,NA,W_AF_r4_1m_2017,NA,wheat,2.1953,1.0855,2013,4,52.331785779463715,10.631278588777988,52.32949834300006,10.628182969000022,52.33408564000007,10.634273163000046,177568.72306715394,Winter Wheat,221–0−0,Oct,Jul,reported,https://doi.org/10.1007/s10457-025-01237-1,10,7,2016-10-01,2017-07-01,8.549630451202393,11.67596082687378,60.19611716270447,657.5762786452765,72.20601093847752,117,0.5899280014611125,0.9989173829562624,98.72497302092302,27.895143017228317,0.394794166088104,5.691914558410645,1.43116167653352,Wendhausen field,195,462,343,221,2008,9,W_AF_r4_2017
2017,NA,Wendhausen,winter wheat,W_AF_r4_4m,269.12,527.33,signal16,g/m2 per year,4,Wendhausen,52.33336,10.63236,NA,NA,poplar,normal,NA,NA,NA,NA,NA,NA,NA,NA,NA,NA,NA,NA,NA,NA,NA,W_AF_r4_4m_2017,NA,wheat,5.273300000000001,2.6912000000000003,2013,4,52.331785779463715,10.631278588777988,52.32949834300006,10.628182969000022,52.33408564000007,10.634273163000046,177568.72306715394,Winter Wheat,221–0−0,Oct,Jul,reported,https://doi.org/10.1007/s10457-025-01237-1,10,7,2016-10-01,2017-07-01,8.549630451202393,11.67596082687378,60.19611716270447,657.5762786452765,72.20601093847752,117,0.5899280014611125,0.9989173829562624,98.72497302092302,27.895143017228317,0.394794166088104,5.691914558410645,1.43116167653352,Wendhausen field,195,462,343,221,2008,9,W_AF_r4_2017
2017,NA,Wendhausen,winter wheat,W_AF_r4_7m,211.19,541.66,signal16,g/m2 per year,7,Wendhausen,52.33336,10.63236,NA,NA,poplar,normal,NA,NA,NA,NA,NA,NA,NA,NA,NA,NA,NA,NA,NA,NA,NA,W_AF_r4_7m_2017,NA,wheat,5.4166,2.1119,2013,4,52.331785779463715,10.631278588777988,52.32949834300006,10.628182969000022,52.33408564000007,10.634273163000046,177568.72306715394,Winter Wheat,221–0−0,Oct,Jul,reported,https://doi.org/10.1007/s10457-025-01237-1,10,7,2016-10-01,2017-07-01,8.549630451202393,11.67596082687378,60.19611716270447,657.5762786452765,72.20601093847752,117,0.5899280014611125,0.9989173829562624,98.72497302092302,27.895143017228317,0.394794166088104,5.691914558410645,1.43116167653352,Wendhausen field,195,462,343,221,2008,9,W_AF_r4_2017
2017,NA,Wendhausen,winter wheat,W_AF_r1_24m,296.96,607.37,signal16,g/m2 per year,24,Wendhausen,52.33336,10.63236,NA,NA,poplar,normal,NA,NA,NA,NA,NA,NA,NA,NA,NA,NA,NA,NA,NA,NA,NA,W_AF_r1_24m_2017,NA,wheat,6.0737000000000005,2.9696,2013,4,52.331785779463715,10.631278588777988,52.32949834300006,10.628182969000022,52.33408564000007,10.634273163000046,177568.72306715394,Winter Wheat,221–0−0,Oct,Jul,reported,https://doi.org/10.1007/s10457-025-01237-1,10,7,2016-10-01,2017-07-01,8.549630451202393,11.67596082687378,60.19611716270447,657.5762786452765,72.20601093847752,117,0.5899280014611125,0.9989173829562624,98.72497302092302,27.895143017228317,0.394794166088104,5.691914558410645,1.43116167653352,Wendhausen field,195,462,343,221,2008,9,W_AF_r1_2017
2017,NA,Wendhausen,winter wheat,W_AF_r2_24m,389.66,732.61,signal16,g/m2 per year,24,Wendhausen,52.33336,10.63236,NA,NA,poplar,normal,NA,NA,NA,NA,NA,NA,NA,NA,NA,NA,NA,NA,NA,NA,NA,W_AF_r2_24m_2017,NA,wheat,7.3261,3.8966,2013,4,52.331785779463715,10.631278588777988,52.32949834300006,10.628182969000022,52.33408564000007,10.634273163000046,177568.72306715394,Winter Wheat,221–0−0,Oct,Jul,reported,https://doi.org/10.1007/s10457-025-01237-1,10,7,2016-10-01,2017-07-01,8.549630451202393,11.67596082687378,60.19611716270447,657.5762786452765,72.20601093847752,117,0.5899280014611125,0.9989173829562624,98.72497302092302,27.895143017228317,0.394794166088104,5.691914558410645,1.43116167653352,Wendhausen field,195,462,343,221,2008,9,W_AF_r2_2017
2017,NA,Wendhausen,winter wheat,W_AF_r3_24m,361.2,691.39,signal16,g/m2 per year,24,Wendhausen,52.33336,10.63236,NA,NA,poplar,normal,NA,NA,NA,NA,NA,NA,NA,NA,NA,NA,NA,NA,NA,NA,NA,W_AF_r3_24m_2017,NA,wheat,6.9139,3.612,2013,4,52.331785779463715,10.631278588777988,52.32949834300006,10.628182969000022,52.33408564000007,10.634273163000046,177568.72306715394,Winter Wheat,221–0−0,Oct,Jul,reported,https://doi.org/10.1007/s10457-025-01237-1,10,7,2016-10-01,2017-07-01,8.549630451202393,11.67596082687378,60.19611716270447,657.5762786452765,72.20601093847752,117,0.5899280014611125,0.9989173829562624,98.72497302092302,27.895143017228317,0.394794166088104,5.691914558410645,1.43116167653352,Wendhausen field,195,462,343,221,2008,9,W_AF_r3_2017
2017,NA,Wendhausen,winter wheat,W_AF_r4_24m,262.31,779.83,signal16,g/m2 per year,24,Wendhausen,52.33336,10.63236,NA,NA,poplar,normal,NA,NA,NA,NA,NA,NA,NA,NA,NA,NA,NA,NA,NA,NA,NA,W_AF_r4_24m_2017,NA,wheat,7.7983,2.6231,2013,4,52.331785779463715,10.631278588777988,52.32949834300006,10.628182969000022,52.33408564000007,10.634273163000046,177568.72306715394,Winter Wheat,221–0−0,Oct,Jul,reported,https://doi.org/10.1007/s10457-025-01237-1,10,7,2016-10-01,2017-07-01,8.549630451202393,11.67596082687378,60.19611716270447,657.5762786452765,72.20601093847752,117,0.5899280014611125,0.9989173829562624,98.72497302092302,27.895143017228317,0.394794166088104,5.691914558410645,1.43116167653352,Wendhausen field,195,462,343,221,2008,9,W_AF_r4_2017
2019,NA,Wendhausen,silage maize,W-AF-r1,NA,0.15646085145013,wendhausen1920,t/ha,1,Wendhausen,52.333357,10.632363,lee,Pelosol,poplar,normal,NA,NA,NA,NA,NA,NA,NA,NA,NA,NA,NA,NA,NA,NA,NA,W-AF-r1_1m_2019,NA,maize,0.15646085145013,NA,2013,6,52.331785779463715,10.631278588777988,52.32949834300006,10.628182969000022,52.33408564000007,10.634273163000046,177568.72306715394,Sillage Maize,101-0-0,Apr,Oct,reported,https://doi.org/10.1007/s10457-025-01237-1,4,10,2019-04-01,2019-10-01,15.399471827915736,20.749283654349192,34.302446603775024,657.5762786452765,66.6868589048464,68,0.5892587650884253,0.9974023793255584,98.8713235562331,24.935072257441583,0.394794166088104,5.691914558410645,1.43116167653352,Wendhausen field,195,462,343,101,2008,11,W-AF-r1_2019
2019,NA,Wendhausen,silage maize,W-AF-r1,NA,5.1284678147533604,wendhausen1920,t/ha,4,Wendhausen,52.333357,10.632363,lee,Pelosol,poplar,normal,NA,NA,NA,NA,NA,NA,NA,NA,NA,NA,NA,NA,NA,NA,NA,W-AF-r1_4m_2019,NA,maize,5.1284678147533604,NA,2013,6,52.331785779463715,10.631278588777988,52.32949834300006,10.628182969000022,52.33408564000007,10.634273163000046,177568.72306715394,Sillage Maize,101-0-0,Apr,Oct,reported,https://doi.org/10.1007/s10457-025-01237-1,4,10,2019-04-01,2019-10-01,15.399471827915736,20.749283654349192,34.302446603775024,657.5762786452765,66.6868589048464,68,0.5892587650884253,0.9974023793255584,98.8713235562331,24.935072257441583,0.394794166088104,5.691914558410645,1.43116167653352,Wendhausen field,195,462,343,101,2008,11,W-AF-r1_2019
2019,NA,Wendhausen,silage maize,W-AF-r1,NA,7.11068513301705,wendhausen1920,t/ha,7,Wendhausen,52.333357,10.632363,lee,Pelosol,poplar,normal,NA,NA,NA,NA,NA,NA,NA,NA,NA,NA,NA,NA,NA,NA,NA,W-AF-r1_7m_2019,NA,maize,7.11068513301705,NA,2013,6,52.331785779463715,10.631278588777988,52.32949834300006,10.628182969000022,52.33408564000007,10.634273163000046,177568.72306715394,Sillage Maize,101-0-0,Apr,Oct,reported,https://doi.org/10.1007/s10457-025-01237-1,4,10,2019-04-01,2019-10-01,15.399471827915736,20.749283654349192,34.302446603775024,657.5762786452765,66.6868589048464,68,0.5892587650884253,0.9974023793255584,98.8713235562331,24.935072257441583,0.394794166088104,5.691914558410645,1.43116167653352,Wendhausen field,195,462,343,101,2008,11,W-AF-r1_2019
2019,NA,Wendhausen,silage maize,W-AF-r1,NA,16.4006765115179,wendhausen1920,t/ha,24,Wendhausen,52.333357,10.632363,lee,Pelosol,poplar,normal,NA,NA,NA,NA,NA,NA,NA,NA,NA,NA,NA,NA,NA,NA,NA,W-AF-r1_24m_2019,NA,maize,16.4006765115179,NA,2013,6,52.331785779463715,10.631278588777988,52.32949834300006,10.628182969000022,52.33408564000007,10.634273163000046,177568.72306715394,Sillage Maize,101-0-0,Apr,Oct,reported,https://doi.org/10.1007/s10457-025-01237-1,4,10,2019-04-01,2019-10-01,15.399471827915736,20.749283654349192,34.302446603775024,657.5762786452765,66.6868589048464,68,0.5892587650884253,0.9974023793255584,98.8713235562331,24.935072257441583,0.394794166088104,5.691914558410645,1.43116167653352,Wendhausen field,195,462,343,101,2008,11,W-AF-r1_2019
2019,NA,Wendhausen,silage maize,W-AF-r2,NA,1.23249720650641,wendhausen1920,t/ha,1,Wendhausen,52.333357,10.632363,luv,Pelosol,poplar,normal,NA,NA,NA,NA,NA,NA,NA,NA,NA,NA,NA,NA,NA,NA,NA,W-AF-r2_1m_2019,NA,maize,1.23249720650641,NA,2013,6,52.331785779463715,10.631278588777988,52.32949834300006,10.628182969000022,52.33408564000007,10.634273163000046,177568.72306715394,Sillage Maize,101-0-0,Apr,Oct,reported,https://doi.org/10.1007/s10457-025-01237-1,4,10,2019-04-01,2019-10-01,15.399471827915736,20.749283654349192,34.302446603775024,657.5762786452765,66.6868589048464,68,0.5892587650884253,0.9974023793255584,98.8713235562331,24.935072257441583,0.394794166088104,5.691914558410645,1.43116167653352,Wendhausen field,195,462,343,101,2008,11,W-AF-r2_2019
2019,NA,Wendhausen,silage maize,W-AF-r2,NA,11.4309681505352,wendhausen1920,t/ha,4,Wendhausen,52.333357,10.632363,luv,Pelosol,poplar,normal,NA,NA,NA,NA,NA,NA,NA,NA,NA,NA,NA,NA,NA,NA,NA,W-AF-r2_4m_2019,NA,maize,11.4309681505352,NA,2013,6,52.331785779463715,10.631278588777988,52.32949834300006,10.628182969000022,52.33408564000007,10.634273163000046,177568.72306715394,Sillage Maize,101-0-0,Apr,Oct,reported,https://doi.org/10.1007/s10457-025-01237-1,4,10,2019-04-01,2019-10-01,15.399471827915736,20.749283654349192,34.302446603775024,657.5762786452765,66.6868589048464,68,0.5892587650884253,0.9974023793255584,98.8713235562331,24.935072257441583,0.394794166088104,5.691914558410645,1.43116167653352,Wendhausen field,195,462,343,101,2008,11,W-AF-r2_2019
2019,NA,Wendhausen,silage maize,W-AF-r2,NA,13.6129922058986,wendhausen1920,t/ha,7,Wendhausen,52.333357,10.632363,luv,Pelosol,poplar,normal,NA,NA,NA,NA,NA,NA,NA,NA,NA,NA,NA,NA,NA,NA,NA,W-AF-r2_7m_2019,NA,maize,13.6129922058986,NA,2013,6,52.331785779463715,10.631278588777988,52.32949834300006,10.628182969000022,52.33408564000007,10.634273163000046,177568.72306715394,Sillage Maize,101-0-0,Apr,Oct,reported,https://doi.org/10.1007/s10457-025-01237-1,4,10,2019-04-01,2019-10-01,15.399471827915736,20.749283654349192,34.302446603775024,657.5762786452765,66.6868589048464,68,0.5892587650884253,0.9974023793255584,98.8713235562331,24.935072257441583,0.394794166088104,5.691914558410645,1.43116167653352,Wendhausen field,195,462,343,101,2008,11,W-AF-r2_2019
2019,NA,Wendhausen,silage maize,W-AF-r2,NA,15.315273901524,wendhausen1920,t/ha,24,Wendhausen,52.333357,10.632363,luv,Pelosol,poplar,normal,NA,NA,NA,NA,NA,NA,NA,NA,NA,NA,NA,NA,NA,NA,NA,W-AF-r2_24m_2019,NA,maize,15.315273901524,NA,2013,6,52.331785779463715,10.631278588777988,52.32949834300006,10.628182969000022,52.33408564000007,10.634273163000046,177568.72306715394,Sillage Maize,101-0-0,Apr,Oct,reported,https://doi.org/10.1007/s10457-025-01237-1,4,10,2019-04-01,2019-10-01,15.399471827915736,20.749283654349192,34.302446603775024,657.5762786452765,66.6868589048464,68,0.5892587650884253,0.9974023793255584,98.8713235562331,24.935072257441583,0.394794166088104,5.691914558410645,1.43116167653352,Wendhausen field,195,462,343,101,2008,11,W-AF-r2_2019
2019,NA,Wendhausen,silage maize,W-AF-r3,NA,0.530663980491586,wendhausen1920,t/ha,1,Wendhausen,52.333357,10.632363,lee,Pelosol,poplar,normal,NA,NA,NA,NA,NA,NA,NA,NA,NA,NA,NA,NA,NA,NA,NA,W-AF-r3_1m_2019,NA,maize,0.530663980491586,NA,2013,6,52.331785779463715,10.631278588777988,52.32949834300006,10.628182969000022,52.33408564000007,10.634273163000046,177568.72306715394,Sillage Maize,101-0-0,Apr,Oct,reported,https://doi.org/10.1007/s10457-025-01237-1,4,10,2019-04-01,2019-10-01,15.399471827915736,20.749283654349192,34.302446603775024,657.5762786452765,66.6868589048464,68,0.5892587650884253,0.9974023793255584,98.8713235562331,24.935072257441583,0.394794166088104,5.691914558410645,1.43116167653352,Wendhausen field,195,462,343,101,2008,11,W-AF-r3_2019
2019,NA,Wendhausen,silage maize,W-AF-r3,NA,10.2017818501442,wendhausen1920,t/ha,4,Wendhausen,52.333357,10.632363,lee,Pelosol,poplar,normal,NA,NA,NA,NA,NA,NA,NA,NA,NA,NA,NA,NA,NA,NA,NA,W-AF-r3_4m_2019,NA,maize,10.2017818501442,NA,2013,6,52.331785779463715,10.631278588777988,52.32949834300006,10.628182969000022,52.33408564000007,10.634273163000046,177568.72306715394,Sillage Maize,101-0-0,Apr,Oct,reported,https://doi.org/10.1007/s10457-025-01237-1,4,10,2019-04-01,2019-10-01,15.399471827915736,20.749283654349192,34.302446603775024,657.5762786452765,66.6868589048464,68,0.5892587650884253,0.9974023793255584,98.8713235562331,24.935072257441583,0.394794166088104,5.691914558410645,1.43116167653352,Wendhausen field,195,462,343,101,2008,11,W-AF-r3_2019
2019,NA,Wendhausen,silage maize,W-AF-r3,NA,12.4626634317739,wendhausen1920,t/ha,7,Wendhausen,52.333357,10.632363,lee,Pelosol,poplar,normal,NA,NA,NA,NA,NA,NA,NA,NA,NA,NA,NA,NA,NA,NA,NA,W-AF-r3_7m_2019,NA,maize,12.4626634317739,NA,2013,6,52.331785779463715,10.631278588777988,52.32949834300006,10.628182969000022,52.33408564000007,10.634273163000046,177568.72306715394,Sillage Maize,101-0-0,Apr,Oct,reported,https://doi.org/10.1007/s10457-025-01237-1,4,10,2019-04-01,2019-10-01,15.399471827915736,20.749283654349192,34.302446603775024,657.5762786452765,66.6868589048464,68,0.5892587650884253,0.9974023793255584,98.8713235562331,24.935072257441583,0.394794166088104,5.691914558410645,1.43116167653352,Wendhausen field,195,462,343,101,2008,11,W-AF-r3_2019
2019,NA,Wendhausen,silage maize,W-AF-r3,NA,16.9812205418546,wendhausen1920,t/ha,24,Wendhausen,52.333357,10.632363,lee,Pelosol,poplar,normal,NA,NA,NA,NA,NA,NA,NA,NA,NA,NA,NA,NA,NA,NA,NA,W-AF-r3_24m_2019,NA,maize,16.9812205418546,NA,2013,6,52.331785779463715,10.631278588777988,52.32949834300006,10.628182969000022,52.33408564000007,10.634273163000046,177568.72306715394,Sillage Maize,101-0-0,Apr,Oct,reported,https://doi.org/10.1007/s10457-025-01237-1,4,10,2019-04-01,2019-10-01,15.399471827915736,20.749283654349192,34.302446603775024,657.5762786452765,66.6868589048464,68,0.5892587650884253,0.9974023793255584,98.8713235562331,24.935072257441583,0.394794166088104,5.691914558410645,1.43116167653352,Wendhausen field,195,462,343,101,2008,11,W-AF-r3_2019
2019,NA,Wendhausen,silage maize,W-AF-r4,NA,0.0804483333333333,wendhausen1920,t/ha,1,Wendhausen,52.333357,10.632363,luv,Pelosol,poplar,normal,NA,NA,NA,NA,NA,NA,NA,NA,NA,NA,NA,NA,NA,NA,NA,W-AF-r4_1m_2019,NA,maize,0.0804483333333333,NA,2013,6,52.331785779463715,10.631278588777988,52.32949834300006,10.628182969000022,52.33408564000007,10.634273163000046,177568.72306715394,Sillage Maize,101-0-0,Apr,Oct,reported,https://doi.org/10.1007/s10457-025-01237-1,4,10,2019-04-01,2019-10-01,15.399471827915736,20.749283654349192,34.302446603775024,657.5762786452765,66.6868589048464,68,0.5892587650884253,0.9974023793255584,98.8713235562331,24.935072257441583,0.394794166088104,5.691914558410645,1.43116167653352,Wendhausen field,195,462,343,101,2008,11,W-AF-r4_2019
2019,NA,Wendhausen,silage maize,W-AF-r4,NA,12.1793294926038,wendhausen1920,t/ha,4,Wendhausen,52.333357,10.632363,luv,Pelosol,poplar,normal,NA,NA,NA,NA,NA,NA,NA,NA,NA,NA,NA,NA,NA,NA,NA,W-AF-r4_4m_2019,NA,maize,12.1793294926038,NA,2013,6,52.331785779463715,10.631278588777988,52.32949834300006,10.628182969000022,52.33408564000007,10.634273163000046,177568.72306715394,Sillage Maize,101-0-0,Apr,Oct,reported,https://doi.org/10.1007/s10457-025-01237-1,4,10,2019-04-01,2019-10-01,15.399471827915736,20.749283654349192,34.302446603775024,657.5762786452765,66.6868589048464,68,0.5892587650884253,0.9974023793255584,98.8713235562331,24.935072257441583,0.394794166088104,5.691914558410645,1.43116167653352,Wendhausen field,195,462,343,101,2008,11,W-AF-r4_2019
2019,NA,Wendhausen,silage maize,W-AF-r4,NA,14.9289304101732,wendhausen1920,t/ha,7,Wendhausen,52.333357,10.632363,luv,Pelosol,poplar,normal,NA,NA,NA,NA,NA,NA,NA,NA,NA,NA,NA,NA,NA,NA,NA,W-AF-r4_7m_2019,NA,maize,14.9289304101732,NA,2013,6,52.331785779463715,10.631278588777988,52.32949834300006,10.628182969000022,52.33408564000007,10.634273163000046,177568.72306715394,Sillage Maize,101-0-0,Apr,Oct,reported,https://doi.org/10.1007/s10457-025-01237-1,4,10,2019-04-01,2019-10-01,15.399471827915736,20.749283654349192,34.302446603775024,657.5762786452765,66.6868589048464,68,0.5892587650884253,0.9974023793255584,98.8713235562331,24.935072257441583,0.394794166088104,5.691914558410645,1.43116167653352,Wendhausen field,195,462,343,101,2008,11,W-AF-r4_2019
2019,NA,Wendhausen,silage maize,W-AF-r4,NA,16.7839859167564,wendhausen1920,t/ha,24,Wendhausen,52.333357,10.632363,luv,Pelosol,poplar,normal,NA,NA,NA,NA,NA,NA,NA,NA,NA,NA,NA,NA,NA,NA,NA,W-AF-r4_24m_2019,NA,maize,16.7839859167564,NA,2013,6,52.331785779463715,10.631278588777988,52.32949834300006,10.628182969000022,52.33408564000007,10.634273163000046,177568.72306715394,Sillage Maize,101-0-0,Apr,Oct,reported,https://doi.org/10.1007/s10457-025-01237-1,4,10,2019-04-01,2019-10-01,15.399471827915736,20.749283654349192,34.302446603775024,657.5762786452765,66.6868589048464,68,0.5892587650884253,0.9974023793255584,98.8713235562331,24.935072257441583,0.394794166088104,5.691914558410645,1.43116167653352,Wendhausen field,195,462,343,101,2008,11,W-AF-r4_2019
2020,NA,Wendhausen,silage maize,W-AF-r1,NA,1.00618149967096,wendhausen1920,t/ha,1,Wendhausen,52.333357,10.632363,lee,Pelosol,poplar,normal,NA,NA,NA,NA,NA,NA,NA,NA,NA,NA,NA,NA,NA,NA,NA,W-AF-r1_1m_2020,NA,maize,1.00618149967096,NA,2013,7,52.331785779463715,10.631278588777988,52.32949834300006,10.628182969000022,52.33408564000007,10.634273163000046,177568.72306715394,Sillage Maize,148-26-0,Apr,Sep,reported,https://doi.org/10.1007/s10457-025-01237-1,4,9,2020-04-01,2020-09-01,15.782717227935793,23.741427103678387,24.65939784049988,657.5762786452765,66.65012795676745,70,0.5904512933205812,0.9976473272543772,98.85556826171538,25.24165101470521,0.394794166088104,5.691914558410645,1.43116167653352,Wendhausen field,195,462,343,148,2008,12,W-AF-r1_2020
2020,NA,Wendhausen,silage maize,W-AF-r1,NA,13.1872331951148,wendhausen1920,t/ha,4,Wendhausen,52.333357,10.632363,lee,Pelosol,poplar,normal,NA,NA,NA,NA,NA,NA,NA,NA,NA,NA,NA,NA,NA,NA,NA,W-AF-r1_4m_2020,NA,maize,13.1872331951148,NA,2013,7,52.331785779463715,10.631278588777988,52.32949834300006,10.628182969000022,52.33408564000007,10.634273163000046,177568.72306715394,Sillage Maize,148-26-0,Apr,Sep,reported,https://doi.org/10.1007/s10457-025-01237-1,4,9,2020-04-01,2020-09-01,15.782717227935793,23.741427103678387,24.65939784049988,657.5762786452765,66.65012795676745,70,0.5904512933205812,0.9976473272543772,98.85556826171538,25.24165101470521,0.394794166088104,5.691914558410645,1.43116167653352,Wendhausen field,195,462,343,148,2008,12,W-AF-r1_2020
2020,NA,Wendhausen,silage maize,W-AF-r1,NA,16.4948943240754,wendhausen1920,t/ha,7,Wendhausen,52.333357,10.632363,lee,Pelosol,poplar,normal,NA,NA,NA,NA,NA,NA,NA,NA,NA,NA,NA,NA,NA,NA,NA,W-AF-r1_7m_2020,NA,maize,16.4948943240754,NA,2013,7,52.331785779463715,10.631278588777988,52.32949834300006,10.628182969000022,52.33408564000007,10.634273163000046,177568.72306715394,Sillage Maize,148-26-0,Apr,Sep,reported,https://doi.org/10.1007/s10457-025-01237-1,4,9,2020-04-01,2020-09-01,15.782717227935793,23.741427103678387,24.65939784049988,657.5762786452765,66.65012795676745,70,0.5904512933205812,0.9976473272543772,98.85556826171538,25.24165101470521,0.394794166088104,5.691914558410645,1.43116167653352,Wendhausen field,195,462,343,148,2008,12,W-AF-r1_2020
2020,NA,Wendhausen,silage maize,W-AF-r1,NA,20.0387278584006,wendhausen1920,t/ha,24,Wendhausen,52.333357,10.632363,lee,Pelosol,poplar,normal,NA,NA,NA,NA,NA,NA,NA,NA,NA,NA,NA,NA,NA,NA,NA,W-AF-r1_24m_2020,NA,maize,20.0387278584006,NA,2013,7,52.331785779463715,10.631278588777988,52.32949834300006,10.628182969000022,52.33408564000007,10.634273163000046,177568.72306715394,Sillage Maize,148-26-0,Apr,Sep,reported,https://doi.org/10.1007/s10457-025-01237-1,4,9,2020-04-01,2020-09-01,15.782717227935793,23.741427103678387,24.65939784049988,657.5762786452765,66.65012795676745,70,0.5904512933205812,0.9976473272543772,98.85556826171538,25.24165101470521,0.394794166088104,5.691914558410645,1.43116167653352,Wendhausen field,195,462,343,148,2008,12,W-AF-r1_2020
2020,NA,Wendhausen,silage maize,W-AF-r2,NA,0.653876627610367,wendhausen1920,t/ha,1,Wendhausen,52.333357,10.632363,luv,Pelosol,poplar,normal,NA,NA,NA,NA,NA,NA,NA,NA,NA,NA,NA,NA,NA,NA,NA,W-AF-r2_1m_2020,NA,maize,0.653876627610367,NA,2013,7,52.331785779463715,10.631278588777988,52.32949834300006,10.628182969000022,52.33408564000007,10.634273163000046,177568.72306715394,Sillage Maize,148-26-0,Apr,Sep,reported,https://doi.org/10.1007/s10457-025-01237-1,4,9,2020-04-01,2020-09-01,15.782717227935793,23.741427103678387,24.65939784049988,657.5762786452765,66.65012795676745,70,0.5904512933205812,0.9976473272543772,98.85556826171538,25.24165101470521,0.394794166088104,5.691914558410645,1.43116167653352,Wendhausen field,195,462,343,148,2008,12,W-AF-r2_2020
2020,NA,Wendhausen,silage maize,W-AF-r2,NA,8.96104159137013,wendhausen1920,t/ha,4,Wendhausen,52.333357,10.632363,luv,Pelosol,poplar,normal,NA,NA,NA,NA,NA,NA,NA,NA,NA,NA,NA,NA,NA,NA,NA,W-AF-r2_4m_2020,NA,maize,8.96104159137013,NA,2013,7,52.331785779463715,10.631278588777988,52.32949834300006,10.628182969000022,52.33408564000007,10.634273163000046,177568.72306715394,Sillage Maize,148-26-0,Apr,Sep,reported,https://doi.org/10.1007/s10457-025-01237-1,4,9,2020-04-01,2020-09-01,15.782717227935793,23.741427103678387,24.65939784049988,657.5762786452765,66.65012795676745,70,0.5904512933205812,0.9976473272543772,98.85556826171538,25.24165101470521,0.394794166088104,5.691914558410645,1.43116167653352,Wendhausen field,195,462,343,148,2008,12,W-AF-r2_2020
2020,NA,Wendhausen,silage maize,W-AF-r2,NA,17.7209375794879,wendhausen1920,t/ha,7,Wendhausen,52.333357,10.632363,luv,Pelosol,poplar,normal,NA,NA,NA,NA,NA,NA,NA,NA,NA,NA,NA,NA,NA,NA,NA,W-AF-r2_7m_2020,NA,maize,17.7209375794879,NA,2013,7,52.331785779463715,10.631278588777988,52.32949834300006,10.628182969000022,52.33408564000007,10.634273163000046,177568.72306715394,Sillage Maize,148-26-0,Apr,Sep,reported,https://doi.org/10.1007/s10457-025-01237-1,4,9,2020-04-01,2020-09-01,15.782717227935793,23.741427103678387,24.65939784049988,657.5762786452765,66.65012795676745,70,0.5904512933205812,0.9976473272543772,98.85556826171538,25.24165101470521,0.394794166088104,5.691914558410645,1.43116167653352,Wendhausen field,195,462,343,148,2008,12,W-AF-r2_2020
2020,NA,Wendhausen,silage maize,W-AF-r2,NA,18.1142855638754,wendhausen1920,t/ha,24,Wendhausen,52.333357,10.632363,luv,Pelosol,poplar,normal,NA,NA,NA,NA,NA,NA,NA,NA,NA,NA,NA,NA,NA,NA,NA,W-AF-r2_24m_2020,NA,maize,18.1142855638754,NA,2013,7,52.331785779463715,10.631278588777988,52.32949834300006,10.628182969000022,52.33408564000007,10.634273163000046,177568.72306715394,Sillage Maize,148-26-0,Apr,Sep,reported,https://doi.org/10.1007/s10457-025-01237-1,4,9,2020-04-01,2020-09-01,15.782717227935793,23.741427103678387,24.65939784049988,657.5762786452765,66.65012795676745,70,0.5904512933205812,0.9976473272543772,98.85556826171538,25.24165101470521,0.394794166088104,5.691914558410645,1.43116167653352,Wendhausen field,195,462,343,148,2008,12,W-AF-r2_2020
2020,NA,Wendhausen,silage maize,W-AF-r3,NA,0.47002658191095,wendhausen1920,t/ha,1,Wendhausen,52.333357,10.632363,lee,Pelosol,poplar,normal,NA,NA,NA,NA,NA,NA,NA,NA,NA,NA,NA,NA,NA,NA,NA,W-AF-r3_1m_2020,NA,maize,0.47002658191095,NA,2013,7,52.331785779463715,10.631278588777988,52.32949834300006,10.628182969000022,52.33408564000007,10.634273163000046,177568.72306715394,Sillage Maize,148-26-0,Apr,Sep,reported,https://doi.org/10.1007/s10457-025-01237-1,4,9,2020-04-01,2020-09-01,15.782717227935793,23.741427103678387,24.65939784049988,657.5762786452765,66.65012795676745,70,0.5904512933205812,0.9976473272543772,98.85556826171538,25.24165101470521,0.394794166088104,5.691914558410645,1.43116167653352,Wendhausen field,195,462,343,148,2008,12,W-AF-r3_2020
2020,NA,Wendhausen,silage maize,W-AF-r3,NA,6.68006189510362,wendhausen1920,t/ha,4,Wendhausen,52.333357,10.632363,lee,Pelosol,poplar,normal,NA,NA,NA,NA,NA,NA,NA,NA,NA,NA,NA,NA,NA,NA,NA,W-AF-r3_4m_2020,NA,maize,6.68006189510362,NA,2013,7,52.331785779463715,10.631278588777988,52.32949834300006,10.628182969000022,52.33408564000007,10.634273163000046,177568.72306715394,Sillage Maize,148-26-0,Apr,Sep,reported,https://doi.org/10.1007/s10457-025-01237-1,4,9,2020-04-01,2020-09-01,15.782717227935793,23.741427103678387,24.65939784049988,657.5762786452765,66.65012795676745,70,0.5904512933205812,0.9976473272543772,98.85556826171538,25.24165101470521,0.394794166088104,5.691914558410645,1.43116167653352,Wendhausen field,195,462,343,148,2008,12,W-AF-r3_2020
2020,NA,Wendhausen,silage maize,W-AF-r3,NA,15.1769660951939,wendhausen1920,t/ha,7,Wendhausen,52.333357,10.632363,lee,Pelosol,poplar,normal,NA,NA,NA,NA,NA,NA,NA,NA,NA,NA,NA,NA,NA,NA,NA,W-AF-r3_7m_2020,NA,maize,15.1769660951939,NA,2013,7,52.331785779463715,10.631278588777988,52.32949834300006,10.628182969000022,52.33408564000007,10.634273163000046,177568.72306715394,Sillage Maize,148-26-0,Apr,Sep,reported,https://doi.org/10.1007/s10457-025-01237-1,4,9,2020-04-01,2020-09-01,15.782717227935793,23.741427103678387,24.65939784049988,657.5762786452765,66.65012795676745,70,0.5904512933205812,0.9976473272543772,98.85556826171538,25.24165101470521,0.394794166088104,5.691914558410645,1.43116167653352,Wendhausen field,195,462,343,148,2008,12,W-AF-r3_2020
2020,NA,Wendhausen,silage maize,W-AF-r3,NA,19.9262622189624,wendhausen1920,t/ha,24,Wendhausen,52.333357,10.632363,lee,Pelosol,poplar,normal,NA,NA,NA,NA,NA,NA,NA,NA,NA,NA,NA,NA,NA,NA,NA,W-AF-r3_24m_2020,NA,maize,19.9262622189624,NA,2013,7,52.331785779463715,10.631278588777988,52.32949834300006,10.628182969000022,52.33408564000007,10.634273163000046,177568.72306715394,Sillage Maize,148-26-0,Apr,Sep,reported,https://doi.org/10.1007/s10457-025-01237-1,4,9,2020-04-01,2020-09-01,15.782717227935793,23.741427103678387,24.65939784049988,657.5762786452765,66.65012795676745,70,0.5904512933205812,0.9976473272543772,98.85556826171538,25.24165101470521,0.394794166088104,5.691914558410645,1.43116167653352,Wendhausen field,195,462,343,148,2008,12,W-AF-r3_2020
2020,NA,Wendhausen,silage maize,W-AF-r4,NA,0.919126617215768,wendhausen1920,t/ha,1,Wendhausen,52.333357,10.632363,luv,Pelosol,poplar,normal,NA,NA,NA,NA,NA,NA,NA,NA,NA,NA,NA,NA,NA,NA,NA,W-AF-r4_1m_2020,NA,maize,0.919126617215768,NA,2013,7,52.331785779463715,10.631278588777988,52.32949834300006,10.628182969000022,52.33408564000007,10.634273163000046,177568.72306715394,Sillage Maize,148-26-0,Apr,Sep,reported,https://doi.org/10.1007/s10457-025-01237-1,4,9,2020-04-01,2020-09-01,15.782717227935793,23.741427103678387,24.65939784049988,657.5762786452765,66.65012795676745,70,0.5904512933205812,0.9976473272543772,98.85556826171538,25.24165101470521,0.394794166088104,5.691914558410645,1.43116167653352,Wendhausen field,195,462,343,148,2008,12,W-AF-r4_2020
2020,NA,Wendhausen,silage maize,W-AF-r4,NA,10.1690781190014,wendhausen1920,t/ha,4,Wendhausen,52.333357,10.632363,luv,Pelosol,poplar,normal,NA,NA,NA,NA,NA,NA,NA,NA,NA,NA,NA,NA,NA,NA,NA,W-AF-r4_4m_2020,NA,maize,10.1690781190014,NA,2013,7,52.331785779463715,10.631278588777988,52.32949834300006,10.628182969000022,52.33408564000007,10.634273163000046,177568.72306715394,Sillage Maize,148-26-0,Apr,Sep,reported,https://doi.org/10.1007/s10457-025-01237-1,4,9,2020-04-01,2020-09-01,15.782717227935793,23.741427103678387,24.65939784049988,657.5762786452765,66.65012795676745,70,0.5904512933205812,0.9976473272543772,98.85556826171538,25.24165101470521,0.394794166088104,5.691914558410645,1.43116167653352,Wendhausen field,195,462,343,148,2008,12,W-AF-r4_2020
2020,NA,Wendhausen,silage maize,W-AF-r4,NA,16.9219685431998,wendhausen1920,t/ha,7,Wendhausen,52.333357,10.632363,luv,Pelosol,poplar,normal,NA,NA,NA,NA,NA,NA,NA,NA,NA,NA,NA,NA,NA,NA,NA,W-AF-r4_7m_2020,NA,maize,16.9219685431998,NA,2013,7,52.331785779463715,10.631278588777988,52.32949834300006,10.628182969000022,52.33408564000007,10.634273163000046,177568.72306715394,Sillage Maize,148-26-0,Apr,Sep,reported,https://doi.org/10.1007/s10457-025-01237-1,4,9,2020-04-01,2020-09-01,15.782717227935793,23.741427103678387,24.65939784049988,657.5762786452765,66.65012795676745,70,0.5904512933205812,0.9976473272543772,98.85556826171538,25.24165101470521,0.394794166088104,5.691914558410645,1.43116167653352,Wendhausen field,195,462,343,148,2008,12,W-AF-r4_2020
2020,NA,Wendhausen,silage maize,W-AF-r4,NA,32.6436611354305,wendhausen1920,t/ha,24,Wendhausen,52.333357,10.632363,luv,Pelosol,poplar,normal,NA,NA,NA,NA,NA,NA,NA,NA,NA,NA,NA,NA,NA,NA,NA,W-AF-r4_24m_2020,NA,maize,32.6436611354305,NA,2013,7,52.331785779463715,10.631278588777988,52.32949834300006,10.628182969000022,52.33408564000007,10.634273163000046,177568.72306715394,Sillage Maize,148-26-0,Apr,Sep,reported,https://doi.org/10.1007/s10457-025-01237-1,4,9,2020-04-01,2020-09-01,15.782717227935793,23.741427103678387,24.65939784049988,657.5762786452765,66.65012795676745,70,0.5904512933205812,0.9976473272543772,98.85556826171538,25.24165101470521,0.394794166088104,5.691914558410645,1.43116167653352,Wendhausen field,195,462,343,148,2008,12,W-AF-r4_2020
2021,NA,Wendhausen,summer barley,W-AF-r1,3.8,4.250773252,wendhausen21,t/ha,1,Wendhausen,52.333357,10.632363,lee,Pelosol,poplar,normal,NA,NA,NA,NA,NA,NA,NA,NA,NA,NA,NA,NA,NA,NA,NA,W-AF-r1_1m_2021,NA,barley,4.250773252,3.8,2021,0,52.331785779463715,10.631278588777988,52.32949834300006,10.628182969000022,52.33408564000007,10.634273163000046,177568.72306715394,Summer Barley,100-0-0,Mar,Jul,reported,https://doi.org/10.1007/s10457-025-01237-1,3,7,2021-03-01,2021-07-01,12.579506874084473,18.360416984558107,25.23812174797058,657.5762786452765,66.56648961043847,92,0.5894823260138815,0.9987915260352688,98.83036335937403,25.76318729142954,0.394794166088104,5.691914558410645,1.43116167653352,Wendhausen field,195,462,343,100,2008,13,W-AF-r1_2021
2021,NA,Wendhausen,summer barley,W-AF-r1,4,5.283647738,wendhausen21,t/ha,4,Wendhausen,52.333357,10.632363,lee,Pelosol,poplar,normal,NA,NA,NA,NA,NA,NA,NA,NA,NA,NA,NA,NA,NA,NA,NA,W-AF-r1_4m_2021,NA,barley,5.283647738,4,2021,0,52.331785779463715,10.631278588777988,52.32949834300006,10.628182969000022,52.33408564000007,10.634273163000046,177568.72306715394,Summer Barley,100-0-0,Mar,Jul,reported,https://doi.org/10.1007/s10457-025-01237-1,3,7,2021-03-01,2021-07-01,12.579506874084473,18.360416984558107,25.23812174797058,657.5762786452765,66.56648961043847,92,0.5894823260138815,0.9987915260352688,98.83036335937403,25.76318729142954,0.394794166088104,5.691914558410645,1.43116167653352,Wendhausen field,195,462,343,100,2008,13,W-AF-r1_2021
2021,NA,Wendhausen,summer barley,W-AF-r1,2.966666667,6.348684152,wendhausen21,t/ha,7,Wendhausen,52.333357,10.632363,lee,Pelosol,poplar,normal,NA,NA,NA,NA,NA,NA,NA,NA,NA,NA,NA,NA,NA,NA,NA,W-AF-r1_7m_2021,NA,barley,6.348684152,2.966666667,2021,0,52.331785779463715,10.631278588777988,52.32949834300006,10.628182969000022,52.33408564000007,10.634273163000046,177568.72306715394,Summer Barley,100-0-0,Mar,Jul,reported,https://doi.org/10.1007/s10457-025-01237-1,3,7,2021-03-01,2021-07-01,12.579506874084473,18.360416984558107,25.23812174797058,657.5762786452765,66.56648961043847,92,0.5894823260138815,0.9987915260352688,98.83036335937403,25.76318729142954,0.394794166088104,5.691914558410645,1.43116167653352,Wendhausen field,195,462,343,100,2008,13,W-AF-r1_2021
2021,NA,Wendhausen,summer barley,W-AF-r1,5.333333333,6.166588787,wendhausen21,t/ha,24,Wendhausen,52.333357,10.632363,lee,Pelosol,poplar,normal,NA,NA,NA,NA,NA,NA,NA,NA,NA,NA,NA,NA,NA,NA,NA,W-AF-r1_24m_2021,NA,barley,6.166588787,5.333333333,2021,0,52.331785779463715,10.631278588777988,52.32949834300006,10.628182969000022,52.33408564000007,10.634273163000046,177568.72306715394,Summer Barley,100-0-0,Mar,Jul,reported,https://doi.org/10.1007/s10457-025-01237-1,3,7,2021-03-01,2021-07-01,12.579506874084473,18.360416984558107,25.23812174797058,657.5762786452765,66.56648961043847,92,0.5894823260138815,0.9987915260352688,98.83036335937403,25.76318729142954,0.394794166088104,5.691914558410645,1.43116167653352,Wendhausen field,195,462,343,100,2008,13,W-AF-r1_2021
2021,NA,Wendhausen,summer barley,W-AF-r2,1.066666667,1.816700332,wendhausen21,t/ha,1,Wendhausen,52.333357,10.632363,luv,Pelosol,poplar,normal,NA,NA,NA,NA,NA,NA,NA,NA,NA,NA,NA,NA,NA,NA,NA,W-AF-r2_1m_2021,NA,barley,1.816700332,1.066666667,2021,0,52.331785779463715,10.631278588777988,52.32949834300006,10.628182969000022,52.33408564000007,10.634273163000046,177568.72306715394,Summer Barley,100-0-0,Mar,Jul,reported,https://doi.org/10.1007/s10457-025-01237-1,3,7,2021-03-01,2021-07-01,12.579506874084473,18.360416984558107,25.23812174797058,657.5762786452765,66.56648961043847,92,0.5894823260138815,0.9987915260352688,98.83036335937403,25.76318729142954,0.394794166088104,5.691914558410645,1.43116167653352,Wendhausen field,195,462,343,100,2008,13,W-AF-r2_2021
2021,NA,Wendhausen,summer barley,W-AF-r2,3.033333333,3.797623786,wendhausen21,t/ha,4,Wendhausen,52.333357,10.632363,luv,Pelosol,poplar,normal,NA,NA,NA,NA,NA,NA,NA,NA,NA,NA,NA,NA,NA,NA,NA,W-AF-r2_4m_2021,NA,barley,3.797623786,3.033333333,2021,0,52.331785779463715,10.631278588777988,52.32949834300006,10.628182969000022,52.33408564000007,10.634273163000046,177568.72306715394,Summer Barley,100-0-0,Mar,Jul,reported,https://doi.org/10.1007/s10457-025-01237-1,3,7,2021-03-01,2021-07-01,12.579506874084473,18.360416984558107,25.23812174797058,657.5762786452765,66.56648961043847,92,0.5894823260138815,0.9987915260352688,98.83036335937403,25.76318729142954,0.394794166088104,5.691914558410645,1.43116167653352,Wendhausen field,195,462,343,100,2008,13,W-AF-r2_2021
2021,NA,Wendhausen,summer barley,W-AF-r2,4.133333333,4.769515276,wendhausen21,t/ha,7,Wendhausen,52.333357,10.632363,luv,Pelosol,poplar,normal,NA,NA,NA,NA,NA,NA,NA,NA,NA,NA,NA,NA,NA,NA,NA,W-AF-r2_7m_2021,NA,barley,4.769515276,4.133333333,2021,0,52.331785779463715,10.631278588777988,52.32949834300006,10.628182969000022,52.33408564000007,10.634273163000046,177568.72306715394,Summer Barley,100-0-0,Mar,Jul,reported,https://doi.org/10.1007/s10457-025-01237-1,3,7,2021-03-01,2021-07-01,12.579506874084473,18.360416984558107,25.23812174797058,657.5762786452765,66.56648961043847,92,0.5894823260138815,0.9987915260352688,98.83036335937403,25.76318729142954,0.394794166088104,5.691914558410645,1.43116167653352,Wendhausen field,195,462,343,100,2008,13,W-AF-r2_2021
2021,NA,Wendhausen,summer barley,W-AF-r2,4.3,3.298008267,wendhausen21,t/ha,24,Wendhausen,52.333357,10.632363,luv,Pelosol,poplar,normal,NA,NA,NA,NA,NA,NA,NA,NA,NA,NA,NA,NA,NA,NA,NA,W-AF-r2_24m_2021,NA,barley,3.298008267,4.3,2021,0,52.331785779463715,10.631278588777988,52.32949834300006,10.628182969000022,52.33408564000007,10.634273163000046,177568.72306715394,Summer Barley,100-0-0,Mar,Jul,reported,https://doi.org/10.1007/s10457-025-01237-1,3,7,2021-03-01,2021-07-01,12.579506874084473,18.360416984558107,25.23812174797058,657.5762786452765,66.56648961043847,92,0.5894823260138815,0.9987915260352688,98.83036335937403,25.76318729142954,0.394794166088104,5.691914558410645,1.43116167653352,Wendhausen field,195,462,343,100,2008,13,W-AF-r2_2021
2021,NA,Wendhausen,summer barley,W-AF-r3,3,4.790264704,wendhausen21,t/ha,1,Wendhausen,52.333357,10.632363,lee,Pelosol,poplar,normal,NA,NA,NA,NA,NA,NA,NA,NA,NA,NA,NA,NA,NA,NA,NA,W-AF-r3_1m_2021,NA,barley,4.790264704,3,2021,0,52.331785779463715,10.631278588777988,52.32949834300006,10.628182969000022,52.33408564000007,10.634273163000046,177568.72306715394,Summer Barley,100-0-0,Mar,Jul,reported,https://doi.org/10.1007/s10457-025-01237-1,3,7,2021-03-01,2021-07-01,12.579506874084473,18.360416984558107,25.23812174797058,657.5762786452765,66.56648961043847,92,0.5894823260138815,0.9987915260352688,98.83036335937403,25.76318729142954,0.394794166088104,5.691914558410645,1.43116167653352,Wendhausen field,195,462,343,100,2008,13,W-AF-r3_2021
2021,NA,Wendhausen,summer barley,W-AF-r3,3.733333333,5.751718644,wendhausen21,t/ha,4,Wendhausen,52.333357,10.632363,lee,Pelosol,poplar,normal,NA,NA,NA,NA,NA,NA,NA,NA,NA,NA,NA,NA,NA,NA,NA,W-AF-r3_4m_2021,NA,barley,5.751718644,3.733333333,2021,0,52.331785779463715,10.631278588777988,52.32949834300006,10.628182969000022,52.33408564000007,10.634273163000046,177568.72306715394,Summer Barley,100-0-0,Mar,Jul,reported,https://doi.org/10.1007/s10457-025-01237-1,3,7,2021-03-01,2021-07-01,12.579506874084473,18.360416984558107,25.23812174797058,657.5762786452765,66.56648961043847,92,0.5894823260138815,0.9987915260352688,98.83036335937403,25.76318729142954,0.394794166088104,5.691914558410645,1.43116167653352,Wendhausen field,195,462,343,100,2008,13,W-AF-r3_2021
2021,NA,Wendhausen,summer barley,W-AF-r3,2.866666667,5.88063899,wendhausen21,t/ha,7,Wendhausen,52.333357,10.632363,lee,Pelosol,poplar,normal,NA,NA,NA,NA,NA,NA,NA,NA,NA,NA,NA,NA,NA,NA,NA,W-AF-r3_7m_2021,NA,barley,5.88063899,2.866666667,2021,0,52.331785779463715,10.631278588777988,52.32949834300006,10.628182969000022,52.33408564000007,10.634273163000046,177568.72306715394,Summer Barley,100-0-0,Mar,Jul,reported,https://doi.org/10.1007/s10457-025-01237-1,3,7,2021-03-01,2021-07-01,12.579506874084473,18.360416984558107,25.23812174797058,657.5762786452765,66.56648961043847,92,0.5894823260138815,0.9987915260352688,98.83036335937403,25.76318729142954,0.394794166088104,5.691914558410645,1.43116167653352,Wendhausen field,195,462,343,100,2008,13,W-AF-r3_2021
2021,NA,Wendhausen,summer barley,W-AF-r3,2.666666667,5.438716733,wendhausen21,t/ha,24,Wendhausen,52.333357,10.632363,lee,Pelosol,poplar,normal,NA,NA,NA,NA,NA,NA,NA,NA,NA,NA,NA,NA,NA,NA,NA,W-AF-r3_24m_2021,NA,barley,5.438716733,2.666666667,2021,0,52.331785779463715,10.631278588777988,52.32949834300006,10.628182969000022,52.33408564000007,10.634273163000046,177568.72306715394,Summer Barley,100-0-0,Mar,Jul,reported,https://doi.org/10.1007/s10457-025-01237-1,3,7,2021-03-01,2021-07-01,12.579506874084473,18.360416984558107,25.23812174797058,657.5762786452765,66.56648961043847,92,0.5894823260138815,0.9987915260352688,98.83036335937403,25.76318729142954,0.394794166088104,5.691914558410645,1.43116167653352,Wendhausen field,195,462,343,100,2008,13,W-AF-r3_2021
2021,NA,Wendhausen,summer barley,W-AF-r4,1.766666667,2.611792932,wendhausen21,t/ha,1,Wendhausen,52.333357,10.632363,luv,Pelosol,poplar,normal,NA,NA,NA,NA,NA,NA,NA,NA,NA,NA,NA,NA,NA,NA,NA,W-AF-r4_1m_2021,NA,barley,2.611792932,1.766666667,2021,0,52.331785779463715,10.631278588777988,52.32949834300006,10.628182969000022,52.33408564000007,10.634273163000046,177568.72306715394,Summer Barley,100-0-0,Mar,Jul,reported,https://doi.org/10.1007/s10457-025-01237-1,3,7,2021-03-01,2021-07-01,12.579506874084473,18.360416984558107,25.23812174797058,657.5762786452765,66.56648961043847,92,0.5894823260138815,0.9987915260352688,98.83036335937403,25.76318729142954,0.394794166088104,5.691914558410645,1.43116167653352,Wendhausen field,195,462,343,100,2008,13,W-AF-r4_2021
2021,NA,Wendhausen,summer barley,W-AF-r4,4.133333333,5.66745339,wendhausen21,t/ha,4,Wendhausen,52.333357,10.632363,luv,Pelosol,poplar,normal,NA,NA,NA,NA,NA,NA,NA,NA,NA,NA,NA,NA,NA,NA,NA,W-AF-r4_4m_2021,NA,barley,5.66745339,4.133333333,2021,0,52.331785779463715,10.631278588777988,52.32949834300006,10.628182969000022,52.33408564000007,10.634273163000046,177568.72306715394,Summer Barley,100-0-0,Mar,Jul,reported,https://doi.org/10.1007/s10457-025-01237-1,3,7,2021-03-01,2021-07-01,12.579506874084473,18.360416984558107,25.23812174797058,657.5762786452765,66.56648961043847,92,0.5894823260138815,0.9987915260352688,98.83036335937403,25.76318729142954,0.394794166088104,5.691914558410645,1.43116167653352,Wendhausen field,195,462,343,100,2008,13,W-AF-r4_2021
2021,NA,Wendhausen,summer barley,W-AF-r4,4.066666667,6.300342209,wendhausen21,t/ha,7,Wendhausen,52.333357,10.632363,luv,Pelosol,poplar,normal,NA,NA,NA,NA,NA,NA,NA,NA,NA,NA,NA,NA,NA,NA,NA,W-AF-r4_7m_2021,NA,barley,6.300342209,4.066666667,2021,0,52.331785779463715,10.631278588777988,52.32949834300006,10.628182969000022,52.33408564000007,10.634273163000046,177568.72306715394,Summer Barley,100-0-0,Mar,Jul,reported,https://doi.org/10.1007/s10457-025-01237-1,3,7,2021-03-01,2021-07-01,12.579506874084473,18.360416984558107,25.23812174797058,657.5762786452765,66.56648961043847,92,0.5894823260138815,0.9987915260352688,98.83036335937403,25.76318729142954,0.394794166088104,5.691914558410645,1.43116167653352,Wendhausen field,195,462,343,100,2008,13,W-AF-r4_2021
2021,NA,Wendhausen,summer barley,W-AF-r4,3.4,5.889452225,wendhausen21,t/ha,24,Wendhausen,52.333357,10.632363,luv,Pelosol,poplar,normal,NA,NA,NA,NA,NA,NA,NA,NA,NA,NA,NA,NA,NA,NA,NA,W-AF-r4_24m_2021,NA,barley,5.889452225,3.4,2021,0,52.331785779463715,10.631278588777988,52.32949834300006,10.628182969000022,52.33408564000007,10.634273163000046,177568.72306715394,Summer Barley,100-0-0,Mar,Jul,reported,https://doi.org/10.1007/s10457-025-01237-1,3,7,2021-03-01,2021-07-01,12.579506874084473,18.360416984558107,25.23812174797058,657.5762786452765,66.56648961043847,92,0.5894823260138815,0.9987915260352688,98.83036335937403,25.76318729142954,0.394794166088104,5.691914558410645,1.43116167653352,Wendhausen field,195,462,343,100,2008,13,W-AF-r4_2021
2022,NA,Wendhausen,oil rape,W-AF-r1,NA,1.69370064599445,wendhausen22,t/ha,1,Wendhausen,52.333357,10.632363,lee,Pelosol,poplar,normal,NA,NA,NA,NA,NA,NA,NA,NA,NA,NA,NA,NA,NA,NA,NA,W-AF-r1_1m_2022,NA,rapeseed,1.69370064599445,NA,2021,1,52.331785779463715,10.631278588777988,52.32949834300006,10.628182969000022,52.33408564000007,10.634273163000046,177568.72306715394,Oilseed Rape,160-0-0,Sep,Jul,reported,https://doi.org/10.1007/s10457-025-01237-1,9,7,2021-09-01,2022-07-01,10.208698706193404,14.855184836821122,41.07078617811203,657.5762786452765,66.63314802495424,77,0.5916508952935191,0.9962588498921648,98.81323467715318,26.05919436740821,0.394794166088104,5.691914558410645,1.43116167653352,Wendhausen field,195,462,343,160,2008,14,W-AF-r1_2022
2022,NA,Wendhausen,oil rape,W-AF-r1,NA,4.05791728024932,wendhausen22,t/ha,4,Wendhausen,52.333357,10.632363,lee,Pelosol,poplar,normal,NA,NA,NA,NA,NA,NA,NA,NA,NA,NA,NA,NA,NA,NA,NA,W-AF-r1_4m_2022,NA,rapeseed,4.05791728024932,NA,2021,1,52.331785779463715,10.631278588777988,52.32949834300006,10.628182969000022,52.33408564000007,10.634273163000046,177568.72306715394,Oilseed Rape,160-0-0,Sep,Jul,reported,https://doi.org/10.1007/s10457-025-01237-1,9,7,2021-09-01,2022-07-01,10.208698706193404,14.855184836821122,41.07078617811203,657.5762786452765,66.63314802495424,77,0.5916508952935191,0.9962588498921648,98.81323467715318,26.05919436740821,0.394794166088104,5.691914558410645,1.43116167653352,Wendhausen field,195,462,343,160,2008,14,W-AF-r1_2022
2022,NA,Wendhausen,oil rape,W-AF-r1,NA,4.52167567888739,wendhausen22,t/ha,7,Wendhausen,52.333357,10.632363,lee,Pelosol,poplar,normal,NA,NA,NA,NA,NA,NA,NA,NA,NA,NA,NA,NA,NA,NA,NA,W-AF-r1_7m_2022,NA,rapeseed,4.52167567888739,NA,2021,1,52.331785779463715,10.631278588777988,52.32949834300006,10.628182969000022,52.33408564000007,10.634273163000046,177568.72306715394,Oilseed Rape,160-0-0,Sep,Jul,reported,https://doi.org/10.1007/s10457-025-01237-1,9,7,2021-09-01,2022-07-01,10.208698706193404,14.855184836821122,41.07078617811203,657.5762786452765,66.63314802495424,77,0.5916508952935191,0.9962588498921648,98.81323467715318,26.05919436740821,0.394794166088104,5.691914558410645,1.43116167653352,Wendhausen field,195,462,343,160,2008,14,W-AF-r1_2022
2022,NA,Wendhausen,oil rape,W-AF-r1,NA,4.3354737108111,wendhausen22,t/ha,24,Wendhausen,52.333357,10.632363,lee,Pelosol,poplar,normal,NA,NA,NA,NA,NA,NA,NA,NA,NA,NA,NA,NA,NA,NA,NA,W-AF-r1_24m_2022,NA,rapeseed,4.3354737108111,NA,2021,1,52.331785779463715,10.631278588777988,52.32949834300006,10.628182969000022,52.33408564000007,10.634273163000046,177568.72306715394,Oilseed Rape,160-0-0,Sep,Jul,reported,https://doi.org/10.1007/s10457-025-01237-1,9,7,2021-09-01,2022-07-01,10.208698706193404,14.855184836821122,41.07078617811203,657.5762786452765,66.63314802495424,77,0.5916508952935191,0.9962588498921648,98.81323467715318,26.05919436740821,0.394794166088104,5.691914558410645,1.43116167653352,Wendhausen field,195,462,343,160,2008,14,W-AF-r1_2022
2022,NA,Wendhausen,oil rape,W-AF-r2,NA,1.43976503327556,wendhausen22,t/ha,1,Wendhausen,52.333357,10.632363,luv,Pelosol,poplar,normal,NA,NA,NA,NA,NA,NA,NA,NA,NA,NA,NA,NA,NA,NA,NA,W-AF-r2_1m_2022,NA,rapeseed,1.43976503327556,NA,2021,1,52.331785779463715,10.631278588777988,52.32949834300006,10.628182969000022,52.33408564000007,10.634273163000046,177568.72306715394,Oilseed Rape,160-0-0,Sep,Jul,reported,https://doi.org/10.1007/s10457-025-01237-1,9,7,2021-09-01,2022-07-01,10.208698706193404,14.855184836821122,41.07078617811203,657.5762786452765,66.63314802495424,77,0.5916508952935191,0.9962588498921648,98.81323467715318,26.05919436740821,0.394794166088104,5.691914558410645,1.43116167653352,Wendhausen field,195,462,343,160,2008,14,W-AF-r2_2022
2022,NA,Wendhausen,oil rape,W-AF-r2,NA,3.16220160882739,wendhausen22,t/ha,4,Wendhausen,52.333357,10.632363,luv,Pelosol,poplar,normal,NA,NA,NA,NA,NA,NA,NA,NA,NA,NA,NA,NA,NA,NA,NA,W-AF-r2_4m_2022,NA,rapeseed,3.16220160882739,NA,2021,1,52.331785779463715,10.631278588777988,52.32949834300006,10.628182969000022,52.33408564000007,10.634273163000046,177568.72306715394,Oilseed Rape,160-0-0,Sep,Jul,reported,https://doi.org/10.1007/s10457-025-01237-1,9,7,2021-09-01,2022-07-01,10.208698706193404,14.855184836821122,41.07078617811203,657.5762786452765,66.63314802495424,77,0.5916508952935191,0.9962588498921648,98.81323467715318,26.05919436740821,0.394794166088104,5.691914558410645,1.43116167653352,Wendhausen field,195,462,343,160,2008,14,W-AF-r2_2022
2022,NA,Wendhausen,oil rape,W-AF-r2,NA,4.04690860966857,wendhausen22,t/ha,7,Wendhausen,52.333357,10.632363,luv,Pelosol,poplar,normal,NA,NA,NA,NA,NA,NA,NA,NA,NA,NA,NA,NA,NA,NA,NA,W-AF-r2_7m_2022,NA,rapeseed,4.04690860966857,NA,2021,1,52.331785779463715,10.631278588777988,52.32949834300006,10.628182969000022,52.33408564000007,10.634273163000046,177568.72306715394,Oilseed Rape,160-0-0,Sep,Jul,reported,https://doi.org/10.1007/s10457-025-01237-1,9,7,2021-09-01,2022-07-01,10.208698706193404,14.855184836821122,41.07078617811203,657.5762786452765,66.63314802495424,77,0.5916508952935191,0.9962588498921648,98.81323467715318,26.05919436740821,0.394794166088104,5.691914558410645,1.43116167653352,Wendhausen field,195,462,343,160,2008,14,W-AF-r2_2022
2022,NA,Wendhausen,oil rape,W-AF-r2,NA,3.79230689850425,wendhausen22,t/ha,24,Wendhausen,52.333357,10.632363,luv,Pelosol,poplar,normal,NA,NA,NA,NA,NA,NA,NA,NA,NA,NA,NA,NA,NA,NA,NA,W-AF-r2_24m_2022,NA,rapeseed,3.79230689850425,NA,2021,1,52.331785779463715,10.631278588777988,52.32949834300006,10.628182969000022,52.33408564000007,10.634273163000046,177568.72306715394,Oilseed Rape,160-0-0,Sep,Jul,reported,https://doi.org/10.1007/s10457-025-01237-1,9,7,2021-09-01,2022-07-01,10.208698706193404,14.855184836821122,41.07078617811203,657.5762786452765,66.63314802495424,77,0.5916508952935191,0.9962588498921648,98.81323467715318,26.05919436740821,0.394794166088104,5.691914558410645,1.43116167653352,Wendhausen field,195,462,343,160,2008,14,W-AF-r2_2022
2022,NA,Wendhausen,oil rape,W-AF-r3,NA,1.21019220529722,wendhausen22,t/ha,1,Wendhausen,52.333357,10.632363,lee,Pelosol,poplar,normal,NA,NA,NA,NA,NA,NA,NA,NA,NA,NA,NA,NA,NA,NA,NA,W-AF-r3_1m_2022,NA,rapeseed,1.21019220529722,NA,2021,1,52.331785779463715,10.631278588777988,52.32949834300006,10.628182969000022,52.33408564000007,10.634273163000046,177568.72306715394,Oilseed Rape,160-0-0,Sep,Jul,reported,https://doi.org/10.1007/s10457-025-01237-1,9,7,2021-09-01,2022-07-01,10.208698706193404,14.855184836821122,41.07078617811203,657.5762786452765,66.63314802495424,77,0.5916508952935191,0.9962588498921648,98.81323467715318,26.05919436740821,0.394794166088104,5.691914558410645,1.43116167653352,Wendhausen field,195,462,343,160,2008,14,W-AF-r3_2022
2022,NA,Wendhausen,oil rape,W-AF-r3,NA,3.53841385098331,wendhausen22,t/ha,4,Wendhausen,52.333357,10.632363,lee,Pelosol,poplar,normal,NA,NA,NA,NA,NA,NA,NA,NA,NA,NA,NA,NA,NA,NA,NA,W-AF-r3_4m_2022,NA,rapeseed,3.53841385098331,NA,2021,1,52.331785779463715,10.631278588777988,52.32949834300006,10.628182969000022,52.33408564000007,10.634273163000046,177568.72306715394,Oilseed Rape,160-0-0,Sep,Jul,reported,https://doi.org/10.1007/s10457-025-01237-1,9,7,2021-09-01,2022-07-01,10.208698706193404,14.855184836821122,41.07078617811203,657.5762786452765,66.63314802495424,77,0.5916508952935191,0.9962588498921648,98.81323467715318,26.05919436740821,0.394794166088104,5.691914558410645,1.43116167653352,Wendhausen field,195,462,343,160,2008,14,W-AF-r3_2022
2022,NA,Wendhausen,oil rape,W-AF-r3,NA,2.95579978391428,wendhausen22,t/ha,7,Wendhausen,52.333357,10.632363,lee,Pelosol,poplar,normal,NA,NA,NA,NA,NA,NA,NA,NA,NA,NA,NA,NA,NA,NA,NA,W-AF-r3_7m_2022,NA,rapeseed,2.95579978391428,NA,2021,1,52.331785779463715,10.631278588777988,52.32949834300006,10.628182969000022,52.33408564000007,10.634273163000046,177568.72306715394,Oilseed Rape,160-0-0,Sep,Jul,reported,https://doi.org/10.1007/s10457-025-01237-1,9,7,2021-09-01,2022-07-01,10.208698706193404,14.855184836821122,41.07078617811203,657.5762786452765,66.63314802495424,77,0.5916508952935191,0.9962588498921648,98.81323467715318,26.05919436740821,0.394794166088104,5.691914558410645,1.43116167653352,Wendhausen field,195,462,343,160,2008,14,W-AF-r3_2022
2022,NA,Wendhausen,oil rape,W-AF-r3,NA,3.69427934301629,wendhausen22,t/ha,24,Wendhausen,52.333357,10.632363,lee,Pelosol,poplar,normal,NA,NA,NA,NA,NA,NA,NA,NA,NA,NA,NA,NA,NA,NA,NA,W-AF-r3_24m_2022,NA,rapeseed,3.69427934301629,NA,2021,1,52.331785779463715,10.631278588777988,52.32949834300006,10.628182969000022,52.33408564000007,10.634273163000046,177568.72306715394,Oilseed Rape,160-0-0,Sep,Jul,reported,https://doi.org/10.1007/s10457-025-01237-1,9,7,2021-09-01,2022-07-01,10.208698706193404,14.855184836821122,41.07078617811203,657.5762786452765,66.63314802495424,77,0.5916508952935191,0.9962588498921648,98.81323467715318,26.05919436740821,0.394794166088104,5.691914558410645,1.43116167653352,Wendhausen field,195,462,343,160,2008,14,W-AF-r3_2022
2022,NA,Wendhausen,oil rape,W-AF-r4,NA,2.47164634822033,wendhausen22,t/ha,1,Wendhausen,52.333357,10.632363,luv,Pelosol,poplar,normal,NA,NA,NA,NA,NA,NA,NA,NA,NA,NA,NA,NA,NA,NA,NA,W-AF-r4_1m_2022,NA,rapeseed,2.47164634822033,NA,2021,1,52.331785779463715,10.631278588777988,52.32949834300006,10.628182969000022,52.33408564000007,10.634273163000046,177568.72306715394,Oilseed Rape,160-0-0,Sep,Jul,reported,https://doi.org/10.1007/s10457-025-01237-1,9,7,2021-09-01,2022-07-01,10.208698706193404,14.855184836821122,41.07078617811203,657.5762786452765,66.63314802495424,77,0.5916508952935191,0.9962588498921648,98.81323467715318,26.05919436740821,0.394794166088104,5.691914558410645,1.43116167653352,Wendhausen field,195,462,343,160,2008,14,W-AF-r4_2022
2022,NA,Wendhausen,oil rape,W-AF-r4,NA,4.19234431503997,wendhausen22,t/ha,4,Wendhausen,52.333357,10.632363,luv,Pelosol,poplar,normal,NA,NA,NA,NA,NA,NA,NA,NA,NA,NA,NA,NA,NA,NA,NA,W-AF-r4_4m_2022,NA,rapeseed,4.19234431503997,NA,2021,1,52.331785779463715,10.631278588777988,52.32949834300006,10.628182969000022,52.33408564000007,10.634273163000046,177568.72306715394,Oilseed Rape,160-0-0,Sep,Jul,reported,https://doi.org/10.1007/s10457-025-01237-1,9,7,2021-09-01,2022-07-01,10.208698706193404,14.855184836821122,41.07078617811203,657.5762786452765,66.63314802495424,77,0.5916508952935191,0.9962588498921648,98.81323467715318,26.05919436740821,0.394794166088104,5.691914558410645,1.43116167653352,Wendhausen field,195,462,343,160,2008,14,W-AF-r4_2022
2022,NA,Wendhausen,oil rape,W-AF-r4,NA,5.04262632415108,wendhausen22,t/ha,7,Wendhausen,52.333357,10.632363,luv,Pelosol,poplar,normal,NA,NA,NA,NA,NA,NA,NA,NA,NA,NA,NA,NA,NA,NA,NA,W-AF-r4_7m_2022,NA,rapeseed,5.04262632415108,NA,2021,1,52.331785779463715,10.631278588777988,52.32949834300006,10.628182969000022,52.33408564000007,10.634273163000046,177568.72306715394,Oilseed Rape,160-0-0,Sep,Jul,reported,https://doi.org/10.1007/s10457-025-01237-1,9,7,2021-09-01,2022-07-01,10.208698706193404,14.855184836821122,41.07078617811203,657.5762786452765,66.63314802495424,77,0.5916508952935191,0.9962588498921648,98.81323467715318,26.05919436740821,0.394794166088104,5.691914558410645,1.43116167653352,Wendhausen field,195,462,343,160,2008,14,W-AF-r4_2022
2022,NA,Wendhausen,oil rape,W-AF-r4,NA,4.86856806634269,wendhausen22,t/ha,24,Wendhausen,52.333357,10.632363,luv,Pelosol,poplar,normal,NA,NA,NA,NA,NA,NA,NA,NA,NA,NA,NA,NA,NA,NA,NA,W-AF-r4_24m_2022,NA,rapeseed,4.86856806634269,NA,2021,1,52.331785779463715,10.631278588777988,52.32949834300006,10.628182969000022,52.33408564000007,10.634273163000046,177568.72306715394,Oilseed Rape,160-0-0,Sep,Jul,reported,https://doi.org/10.1007/s10457-025-01237-1,9,7,2021-09-01,2022-07-01,10.208698706193404,14.855184836821122,41.07078617811203,657.5762786452765,66.63314802495424,77,0.5916508952935191,0.9962588498921648,98.81323467715318,26.05919436740821,0.394794166088104,5.691914558410645,1.43116167653352,Wendhausen field,195,462,343,160,2008,14,W-AF-r4_2022
2023,NA,Wendhausen,sillage maize,W-AF-r1,NA,1.72218365315959,wendhausen23,t/ha,1,Wendhausen,52.333357,10.632363,lee,Pelosol,poplar,normal,NA,NA,NA,NA,NA,NA,NA,NA,NA,NA,NA,NA,NA,NA,NA,W-AF-r1_1m_2023,NA,maize,1.72218365315959,NA,2021,2,52.331785779463715,10.631278588777988,52.32949834300006,10.628182969000022,52.33408564000007,10.634273163000046,177568.72306715394,Sillage Maize,139-74-0,Apr,Sep,reported,https://doi.org/10.1007/s10457-025-01237-1,4,9,2023-04-01,2023-09-01,15.94938357671102,22.515917142232254,34.732590675354004,657.5762786452765,65.62885043784439,95,0.598081305327226,1.0216997251987916,98.686736474674,28.698590794884716,0.394794166088104,5.691914558410645,1.43116167653352,Wendhausen field,195,462,343,139,2008,15,W-AF-r1_2023
2023,NA,Wendhausen,sillage maize,W-AF-r1,NA,11.5669144163848,wendhausen23,t/ha,4,Wendhausen,52.333357,10.632363,lee,Pelosol,poplar,normal,NA,NA,NA,NA,NA,NA,NA,NA,NA,NA,NA,NA,NA,NA,NA,W-AF-r1_4m_2023,NA,maize,11.5669144163848,NA,2021,2,52.331785779463715,10.631278588777988,52.32949834300006,10.628182969000022,52.33408564000007,10.634273163000046,177568.72306715394,Sillage Maize,139-74-0,Apr,Sep,reported,https://doi.org/10.1007/s10457-025-01237-1,4,9,2023-04-01,2023-09-01,15.94938357671102,22.515917142232254,34.732590675354004,657.5762786452765,65.62885043784439,95,0.598081305327226,1.0216997251987916,98.686736474674,28.698590794884716,0.394794166088104,5.691914558410645,1.43116167653352,Wendhausen field,195,462,343,139,2008,15,W-AF-r1_2023
2023,NA,Wendhausen,sillage maize,W-AF-r1,NA,18.9728797437788,wendhausen23,t/ha,7,Wendhausen,52.333357,10.632363,lee,Pelosol,poplar,normal,NA,NA,NA,NA,NA,NA,NA,NA,NA,NA,NA,NA,NA,NA,NA,W-AF-r1_7m_2023,NA,maize,18.9728797437788,NA,2021,2,52.331785779463715,10.631278588777988,52.32949834300006,10.628182969000022,52.33408564000007,10.634273163000046,177568.72306715394,Sillage Maize,139-74-0,Apr,Sep,reported,https://doi.org/10.1007/s10457-025-01237-1,4,9,2023-04-01,2023-09-01,15.94938357671102,22.515917142232254,34.732590675354004,657.5762786452765,65.62885043784439,95,0.598081305327226,1.0216997251987916,98.686736474674,28.698590794884716,0.394794166088104,5.691914558410645,1.43116167653352,Wendhausen field,195,462,343,139,2008,15,W-AF-r1_2023
2023,NA,Wendhausen,sillage maize,W-AF-r1,NA,19.0634515096014,wendhausen23,t/ha,24,Wendhausen,52.333357,10.632363,lee,Pelosol,poplar,normal,NA,NA,NA,NA,NA,NA,NA,NA,NA,NA,NA,NA,NA,NA,NA,W-AF-r1_24m_2023,NA,maize,19.0634515096014,NA,2021,2,52.331785779463715,10.631278588777988,52.32949834300006,10.628182969000022,52.33408564000007,10.634273163000046,177568.72306715394,Sillage Maize,139-74-0,Apr,Sep,reported,https://doi.org/10.1007/s10457-025-01237-1,4,9,2023-04-01,2023-09-01,15.94938357671102,22.515917142232254,34.732590675354004,657.5762786452765,65.62885043784439,95,0.598081305327226,1.0216997251987916,98.686736474674,28.698590794884716,0.394794166088104,5.691914558410645,1.43116167653352,Wendhausen field,195,462,343,139,2008,15,W-AF-r1_2023
2023,NA,Wendhausen,sillage maize,W-AF-r2,NA,0.551491998008672,wendhausen23,t/ha,1,Wendhausen,52.333357,10.632363,luv,Pelosol,poplar,normal,NA,NA,NA,NA,NA,NA,NA,NA,NA,NA,NA,NA,NA,NA,NA,W-AF-r2_1m_2023,NA,maize,0.551491998008672,NA,2021,2,52.331785779463715,10.631278588777988,52.32949834300006,10.628182969000022,52.33408564000007,10.634273163000046,177568.72306715394,Sillage Maize,139-74-0,Apr,Sep,reported,https://doi.org/10.1007/s10457-025-01237-1,4,9,2023-04-01,2023-09-01,15.94938357671102,22.515917142232254,34.732590675354004,657.5762786452765,65.62885043784439,95,0.598081305327226,1.0216997251987916,98.686736474674,28.698590794884716,0.394794166088104,5.691914558410645,1.43116167653352,Wendhausen field,195,462,343,139,2008,15,W-AF-r2_2023
2023,NA,Wendhausen,sillage maize,W-AF-r2,NA,5.15999581163694,wendhausen23,t/ha,4,Wendhausen,52.333357,10.632363,luv,Pelosol,poplar,normal,NA,NA,NA,NA,NA,NA,NA,NA,NA,NA,NA,NA,NA,NA,NA,W-AF-r2_4m_2023,NA,maize,5.15999581163694,NA,2021,2,52.331785779463715,10.631278588777988,52.32949834300006,10.628182969000022,52.33408564000007,10.634273163000046,177568.72306715394,Sillage Maize,139-74-0,Apr,Sep,reported,https://doi.org/10.1007/s10457-025-01237-1,4,9,2023-04-01,2023-09-01,15.94938357671102,22.515917142232254,34.732590675354004,657.5762786452765,65.62885043784439,95,0.598081305327226,1.0216997251987916,98.686736474674,28.698590794884716,0.394794166088104,5.691914558410645,1.43116167653352,Wendhausen field,195,462,343,139,2008,15,W-AF-r2_2023
2023,NA,Wendhausen,sillage maize,W-AF-r2,NA,12.6319310170929,wendhausen23,t/ha,7,Wendhausen,52.333357,10.632363,luv,Pelosol,poplar,normal,NA,NA,NA,NA,NA,NA,NA,NA,NA,NA,NA,NA,NA,NA,NA,W-AF-r2_7m_2023,NA,maize,12.6319310170929,NA,2021,2,52.331785779463715,10.631278588777988,52.32949834300006,10.628182969000022,52.33408564000007,10.634273163000046,177568.72306715394,Sillage Maize,139-74-0,Apr,Sep,reported,https://doi.org/10.1007/s10457-025-01237-1,4,9,2023-04-01,2023-09-01,15.94938357671102,22.515917142232254,34.732590675354004,657.5762786452765,65.62885043784439,95,0.598081305327226,1.0216997251987916,98.686736474674,28.698590794884716,0.394794166088104,5.691914558410645,1.43116167653352,Wendhausen field,195,462,343,139,2008,15,W-AF-r2_2023
2023,NA,Wendhausen,sillage maize,W-AF-r2,NA,16.2977830244992,wendhausen23,t/ha,24,Wendhausen,52.333357,10.632363,luv,Pelosol,poplar,normal,NA,NA,NA,NA,NA,NA,NA,NA,NA,NA,NA,NA,NA,NA,NA,W-AF-r2_24m_2023,NA,maize,16.2977830244992,NA,2021,2,52.331785779463715,10.631278588777988,52.32949834300006,10.628182969000022,52.33408564000007,10.634273163000046,177568.72306715394,Sillage Maize,139-74-0,Apr,Sep,reported,https://doi.org/10.1007/s10457-025-01237-1,4,9,2023-04-01,2023-09-01,15.94938357671102,22.515917142232254,34.732590675354004,657.5762786452765,65.62885043784439,95,0.598081305327226,1.0216997251987916,98.686736474674,28.698590794884716,0.394794166088104,5.691914558410645,1.43116167653352,Wendhausen field,195,462,343,139,2008,15,W-AF-r2_2023
2023,NA,Wendhausen,sillage maize,W-AF-r3,NA,3.55872397396751,wendhausen23,t/ha,1,Wendhausen,52.333357,10.632363,lee,Pelosol,poplar,normal,NA,NA,NA,NA,NA,NA,NA,NA,NA,NA,NA,NA,NA,NA,NA,W-AF-r3_1m_2023,NA,maize,3.55872397396751,NA,2021,2,52.331785779463715,10.631278588777988,52.32949834300006,10.628182969000022,52.33408564000007,10.634273163000046,177568.72306715394,Sillage Maize,139-74-0,Apr,Sep,reported,https://doi.org/10.1007/s10457-025-01237-1,4,9,2023-04-01,2023-09-01,15.94938357671102,22.515917142232254,34.732590675354004,657.5762786452765,65.62885043784439,95,0.598081305327226,1.0216997251987916,98.686736474674,28.698590794884716,0.394794166088104,5.691914558410645,1.43116167653352,Wendhausen field,195,462,343,139,2008,15,W-AF-r3_2023
2023,NA,Wendhausen,sillage maize,W-AF-r3,NA,9.23144269139808,wendhausen23,t/ha,4,Wendhausen,52.333357,10.632363,lee,Pelosol,poplar,normal,NA,NA,NA,NA,NA,NA,NA,NA,NA,NA,NA,NA,NA,NA,NA,W-AF-r3_4m_2023,NA,maize,9.23144269139808,NA,2021,2,52.331785779463715,10.631278588777988,52.32949834300006,10.628182969000022,52.33408564000007,10.634273163000046,177568.72306715394,Sillage Maize,139-74-0,Apr,Sep,reported,https://doi.org/10.1007/s10457-025-01237-1,4,9,2023-04-01,2023-09-01,15.94938357671102,22.515917142232254,34.732590675354004,657.5762786452765,65.62885043784439,95,0.598081305327226,1.0216997251987916,98.686736474674,28.698590794884716,0.394794166088104,5.691914558410645,1.43116167653352,Wendhausen field,195,462,343,139,2008,15,W-AF-r3_2023
2023,NA,Wendhausen,sillage maize,W-AF-r3,NA,18.0571551456341,wendhausen23,t/ha,7,Wendhausen,52.333357,10.632363,lee,Pelosol,poplar,normal,NA,NA,NA,NA,NA,NA,NA,NA,NA,NA,NA,NA,NA,NA,NA,W-AF-r3_7m_2023,NA,maize,18.0571551456341,NA,2021,2,52.331785779463715,10.631278588777988,52.32949834300006,10.628182969000022,52.33408564000007,10.634273163000046,177568.72306715394,Sillage Maize,139-74-0,Apr,Sep,reported,https://doi.org/10.1007/s10457-025-01237-1,4,9,2023-04-01,2023-09-01,15.94938357671102,22.515917142232254,34.732590675354004,657.5762786452765,65.62885043784439,95,0.598081305327226,1.0216997251987916,98.686736474674,28.698590794884716,0.394794166088104,5.691914558410645,1.43116167653352,Wendhausen field,195,462,343,139,2008,15,W-AF-r3_2023
2023,NA,Wendhausen,sillage maize,W-AF-r3,NA,18.9602025372742,wendhausen23,t/ha,24,Wendhausen,52.333357,10.632363,lee,Pelosol,poplar,normal,NA,NA,NA,NA,NA,NA,NA,NA,NA,NA,NA,NA,NA,NA,NA,W-AF-r3_24m_2023,NA,maize,18.9602025372742,NA,2021,2,52.331785779463715,10.631278588777988,52.32949834300006,10.628182969000022,52.33408564000007,10.634273163000046,177568.72306715394,Sillage Maize,139-74-0,Apr,Sep,reported,https://doi.org/10.1007/s10457-025-01237-1,4,9,2023-04-01,2023-09-01,15.94938357671102,22.515917142232254,34.732590675354004,657.5762786452765,65.62885043784439,95,0.598081305327226,1.0216997251987916,98.686736474674,28.698590794884716,0.394794166088104,5.691914558410645,1.43116167653352,Wendhausen field,195,462,343,139,2008,15,W-AF-r3_2023
2023,NA,Wendhausen,sillage maize,W-AF-r4,NA,3.07188016334948,wendhausen23,t/ha,1,Wendhausen,52.333357,10.632363,luv,Pelosol,poplar,normal,NA,NA,NA,NA,NA,NA,NA,NA,NA,NA,NA,NA,NA,NA,NA,W-AF-r4_1m_2023,NA,maize,3.07188016334948,NA,2021,2,52.331785779463715,10.631278588777988,52.32949834300006,10.628182969000022,52.33408564000007,10.634273163000046,177568.72306715394,Sillage Maize,139-74-0,Apr,Sep,reported,https://doi.org/10.1007/s10457-025-01237-1,4,9,2023-04-01,2023-09-01,15.94938357671102,22.515917142232254,34.732590675354004,657.5762786452765,65.62885043784439,95,0.598081305327226,1.0216997251987916,98.686736474674,28.698590794884716,0.394794166088104,5.691914558410645,1.43116167653352,Wendhausen field,195,462,343,139,2008,15,W-AF-r4_2023
2023,NA,Wendhausen,sillage maize,W-AF-r4,NA,8.55445949810513,wendhausen23,t/ha,4,Wendhausen,52.333357,10.632363,luv,Pelosol,poplar,normal,NA,NA,NA,NA,NA,NA,NA,NA,NA,NA,NA,NA,NA,NA,NA,W-AF-r4_4m_2023,NA,maize,8.55445949810513,NA,2021,2,52.331785779463715,10.631278588777988,52.32949834300006,10.628182969000022,52.33408564000007,10.634273163000046,177568.72306715394,Sillage Maize,139-74-0,Apr,Sep,reported,https://doi.org/10.1007/s10457-025-01237-1,4,9,2023-04-01,2023-09-01,15.94938357671102,22.515917142232254,34.732590675354004,657.5762786452765,65.62885043784439,95,0.598081305327226,1.0216997251987916,98.686736474674,28.698590794884716,0.394794166088104,5.691914558410645,1.43116167653352,Wendhausen field,195,462,343,139,2008,15,W-AF-r4_2023
2023,NA,Wendhausen,sillage maize,W-AF-r4,NA,17.2631581772637,wendhausen23,t/ha,7,Wendhausen,52.333357,10.632363,luv,Pelosol,poplar,normal,NA,NA,NA,NA,NA,NA,NA,NA,NA,NA,NA,NA,NA,NA,NA,W-AF-r4_7m_2023,NA,maize,17.2631581772637,NA,2021,2,52.331785779463715,10.631278588777988,52.32949834300006,10.628182969000022,52.33408564000007,10.634273163000046,177568.72306715394,Sillage Maize,139-74-0,Apr,Sep,reported,https://doi.org/10.1007/s10457-025-01237-1,4,9,2023-04-01,2023-09-01,15.94938357671102,22.515917142232254,34.732590675354004,657.5762786452765,65.62885043784439,95,0.598081305327226,1.0216997251987916,98.686736474674,28.698590794884716,0.394794166088104,5.691914558410645,1.43116167653352,Wendhausen field,195,462,343,139,2008,15,W-AF-r4_2023
2023,NA,Wendhausen,sillage maize,W-AF-r4,NA,15.5466666666667,wendhausen23,t/ha,24,Wendhausen,52.333357,10.632363,luv,Pelosol,poplar,normal,NA,NA,NA,NA,NA,NA,NA,NA,NA,NA,NA,NA,NA,NA,NA,W-AF-r4_24m_2023,NA,maize,15.5466666666667,NA,2021,2,52.331785779463715,10.631278588777988,52.32949834300006,10.628182969000022,52.33408564000007,10.634273163000046,177568.72306715394,Sillage Maize,139-74-0,Apr,Sep,reported,https://doi.org/10.1007/s10457-025-01237-1,4,9,2023-04-01,2023-09-01,15.94938357671102,22.515917142232254,34.732590675354004,657.5762786452765,65.62885043784439,95,0.598081305327226,1.0216997251987916,98.686736474674,28.698590794884716,0.394794166088104,5.691914558410645,1.43116167653352,Wendhausen field,195,462,343,139,2008,15,W-AF-r4_2023
2016,NA,Dornburg,summer barley,D_AF_r1_1m,125.47,302.14,signal16,g/m2 per year,1,Dornburg,51.011111,11.646111,NA,NA,poplar,normal,NA,NA,NA,NA,NA,NA,NA,NA,NA,NA,NA,NA,NA,NA,NA,D_AF_r1_1m_2016,NA,barley,3.0214,1.2547,2014,2,51.01367042554204,11.644415941361151,51.009302829000035,11.637492610000038,51.01716262600007,11.653890349000052,536642.4637821629,Summer Barley,45-19.8-37.4,Mar,Jul,assigned,https://doi.org/10.1007/s10457-026-01498-4,3,7,2016-03-01,2016-07-01,12.430837202072144,18.210987663269044,25.46428632736206,1443.7512853458113,75.6323772939911,134,0.4637222001626088,0.8604142960327381,98.60896293061724,29.999224735176583,0.109497800469398,3.189088344573975,1.068639426976442,Dornburg field,322,160,519,45,2007,9,D_AF_r1_2016
2016,NA,Dornburg,summer barley,D_AF_r1_4m,212.31,443.82,signal16,g/m2 per year,4,Dornburg,51.011111,11.646111,NA,NA,poplar,normal,NA,NA,NA,NA,NA,NA,NA,NA,NA,NA,NA,NA,NA,NA,NA,D_AF_r1_4m_2016,NA,barley,4.4382,2.1231,2014,2,51.01367042554204,11.644415941361151,51.009302829000035,11.637492610000038,51.01716262600007,11.653890349000052,536642.4637821629,Summer Barley,45-19.8-37.4,Mar,Jul,assigned,https://doi.org/10.1007/s10457-026-01498-4,3,7,2016-03-01,2016-07-01,12.430837202072144,18.210987663269044,25.46428632736206,1443.7512853458113,75.6323772939911,134,0.4637222001626088,0.8604142960327381,98.60896293061724,29.999224735176583,0.109497800469398,3.189088344573975,1.068639426976442,Dornburg field,322,160,519,45,2007,9,D_AF_r1_2016
2016,NA,Dornburg,summer barley,D_AF_r1_7m,231.58,442,signal16,g/m2 per year,7,Dornburg,51.011111,11.646111,NA,NA,poplar,normal,NA,NA,NA,NA,NA,NA,NA,NA,NA,NA,NA,NA,NA,NA,NA,D_AF_r1_7m_2016,NA,barley,4.42,2.3158000000000003,2014,2,51.01367042554204,11.644415941361151,51.009302829000035,11.637492610000038,51.01716262600007,11.653890349000052,536642.4637821629,Summer Barley,45-19.8-37.4,Mar,Jul,assigned,https://doi.org/10.1007/s10457-026-01498-4,3,7,2016-03-01,2016-07-01,12.430837202072144,18.210987663269044,25.46428632736206,1443.7512853458113,75.6323772939911,134,0.4637222001626088,0.8604142960327381,98.60896293061724,29.999224735176583,0.109497800469398,3.189088344573975,1.068639426976442,Dornburg field,322,160,519,45,2007,9,D_AF_r1_2016
2016,NA,Dornburg,summer barley,D_AF_r2_1m,139.86,378.77,signal16,g/m2 per year,1,Dornburg,51.011111,11.646111,NA,NA,poplar,normal,NA,NA,NA,NA,NA,NA,NA,NA,NA,NA,NA,NA,NA,NA,NA,D_AF_r2_1m_2016,NA,barley,3.7877,1.3986,2014,2,51.01367042554204,11.644415941361151,51.009302829000035,11.637492610000038,51.01716262600007,11.653890349000052,536642.4637821629,Summer Barley,45-19.8-37.4,Mar,Jul,assigned,https://doi.org/10.1007/s10457-026-01498-4,3,7,2016-03-01,2016-07-01,12.430837202072144,18.210987663269044,25.46428632736206,1443.7512853458113,75.6323772939911,134,0.4637222001626088,0.8604142960327381,98.60896293061724,29.999224735176583,0.109497800469398,3.189088344573975,1.068639426976442,Dornburg field,322,160,519,45,2007,9,D_AF_r2_2016
2016,NA,Dornburg,summer barley,D_AF_r2_4m,188.77,497.72,signal16,g/m2 per year,4,Dornburg,51.011111,11.646111,NA,NA,poplar,normal,NA,NA,NA,NA,NA,NA,NA,NA,NA,NA,NA,NA,NA,NA,NA,D_AF_r2_4m_2016,NA,barley,4.977200000000001,1.8877,2014,2,51.01367042554204,11.644415941361151,51.009302829000035,11.637492610000038,51.01716262600007,11.653890349000052,536642.4637821629,Summer Barley,45-19.8-37.4,Mar,Jul,assigned,https://doi.org/10.1007/s10457-026-01498-4,3,7,2016-03-01,2016-07-01,12.430837202072144,18.210987663269044,25.46428632736206,1443.7512853458113,75.6323772939911,134,0.4637222001626088,0.8604142960327381,98.60896293061724,29.999224735176583,0.109497800469398,3.189088344573975,1.068639426976442,Dornburg field,322,160,519,45,2007,9,D_AF_r2_2016
2016,NA,Dornburg,summer barley,D_AF_r2_7m,239.04,455.5,signal16,g/m2 per year,7,Dornburg,51.011111,11.646111,NA,NA,poplar,normal,NA,NA,NA,NA,NA,NA,NA,NA,NA,NA,NA,NA,NA,NA,NA,D_AF_r2_7m_2016,NA,barley,4.555,2.3904,2014,2,51.01367042554204,11.644415941361151,51.009302829000035,11.637492610000038,51.01716262600007,11.653890349000052,536642.4637821629,Summer Barley,45-19.8-37.4,Mar,Jul,assigned,https://doi.org/10.1007/s10457-026-01498-4,3,7,2016-03-01,2016-07-01,12.430837202072144,18.210987663269044,25.46428632736206,1443.7512853458113,75.6323772939911,134,0.4637222001626088,0.8604142960327381,98.60896293061724,29.999224735176583,0.109497800469398,3.189088344573975,1.068639426976442,Dornburg field,322,160,519,45,2007,9,D_AF_r2_2016
2016,NA,Dornburg,summer barley,D_AF_r3_1m,272.82,380.29,signal16,g/m2 per year,1,Dornburg,51.011111,11.646111,NA,NA,poplar,normal,NA,NA,NA,NA,NA,NA,NA,NA,NA,NA,NA,NA,NA,NA,NA,D_AF_r3_1m_2016,NA,barley,3.8029,2.7282,2014,2,51.01367042554204,11.644415941361151,51.009302829000035,11.637492610000038,51.01716262600007,11.653890349000052,536642.4637821629,Summer Barley,45-19.8-37.4,Mar,Jul,assigned,https://doi.org/10.1007/s10457-026-01498-4,3,7,2016-03-01,2016-07-01,12.430837202072144,18.210987663269044,25.46428632736206,1443.7512853458113,75.6323772939911,134,0.4637222001626088,0.8604142960327381,98.60896293061724,29.999224735176583,0.109497800469398,3.189088344573975,1.068639426976442,Dornburg field,322,160,519,45,2007,9,D_AF_r3_2016
2016,NA,Dornburg,summer barley,D_AF_r3_4m,176.79,435.34,signal16,g/m2 per year,4,Dornburg,51.011111,11.646111,NA,NA,poplar,normal,NA,NA,NA,NA,NA,NA,NA,NA,NA,NA,NA,NA,NA,NA,NA,D_AF_r3_4m_2016,NA,barley,4.3534,1.7679,2014,2,51.01367042554204,11.644415941361151,51.009302829000035,11.637492610000038,51.01716262600007,11.653890349000052,536642.4637821629,Summer Barley,45-19.8-37.4,Mar,Jul,assigned,https://doi.org/10.1007/s10457-026-01498-4,3,7,2016-03-01,2016-07-01,12.430837202072144,18.210987663269044,25.46428632736206,1443.7512853458113,75.6323772939911,134,0.4637222001626088,0.8604142960327381,98.60896293061724,29.999224735176583,0.109497800469398,3.189088344573975,1.068639426976442,Dornburg field,322,160,519,45,2007,9,D_AF_r3_2016
2016,NA,Dornburg,summer barley,D_AF_r3_7m,198.17,461.81,signal16,g/m2 per year,7,Dornburg,51.011111,11.646111,NA,NA,poplar,normal,NA,NA,NA,NA,NA,NA,NA,NA,NA,NA,NA,NA,NA,NA,NA,D_AF_r3_7m_2016,NA,barley,4.6181,1.9817,2014,2,51.01367042554204,11.644415941361151,51.009302829000035,11.637492610000038,51.01716262600007,11.653890349000052,536642.4637821629,Summer Barley,45-19.8-37.4,Mar,Jul,assigned,https://doi.org/10.1007/s10457-026-01498-4,3,7,2016-03-01,2016-07-01,12.430837202072144,18.210987663269044,25.46428632736206,1443.7512853458113,75.6323772939911,134,0.4637222001626088,0.8604142960327381,98.60896293061724,29.999224735176583,0.109497800469398,3.189088344573975,1.068639426976442,Dornburg field,322,160,519,45,2007,9,D_AF_r3_2016
2016,NA,Dornburg,summer barley,D_AF_r4_1m,151.18,396.75,signal16,g/m2 per year,1,Dornburg,51.011111,11.646111,NA,NA,poplar,normal,NA,NA,NA,NA,NA,NA,NA,NA,NA,NA,NA,NA,NA,NA,NA,D_AF_r4_1m_2016,NA,barley,3.9675,1.5118,2014,2,51.01367042554204,11.644415941361151,51.009302829000035,11.637492610000038,51.01716262600007,11.653890349000052,536642.4637821629,Summer Barley,45-19.8-37.4,Mar,Jul,assigned,https://doi.org/10.1007/s10457-026-01498-4,3,7,2016-03-01,2016-07-01,12.430837202072144,18.210987663269044,25.46428632736206,1443.7512853458113,75.6323772939911,134,0.4637222001626088,0.8604142960327381,98.60896293061724,29.999224735176583,0.109497800469398,3.189088344573975,1.068639426976442,Dornburg field,322,160,519,45,2007,9,D_AF_r4_2016
2016,NA,Dornburg,summer barley,D_AF_r4_4m,243.17,522.41,signal16,g/m2 per year,4,Dornburg,51.011111,11.646111,NA,NA,poplar,normal,NA,NA,NA,NA,NA,NA,NA,NA,NA,NA,NA,NA,NA,NA,NA,D_AF_r4_4m_2016,NA,barley,5.2241,2.4317,2014,2,51.01367042554204,11.644415941361151,51.009302829000035,11.637492610000038,51.01716262600007,11.653890349000052,536642.4637821629,Summer Barley,45-19.8-37.4,Mar,Jul,assigned,https://doi.org/10.1007/s10457-026-01498-4,3,7,2016-03-01,2016-07-01,12.430837202072144,18.210987663269044,25.46428632736206,1443.7512853458113,75.6323772939911,134,0.4637222001626088,0.8604142960327381,98.60896293061724,29.999224735176583,0.109497800469398,3.189088344573975,1.068639426976442,Dornburg field,322,160,519,45,2007,9,D_AF_r4_2016
2016,NA,Dornburg,summer barley,D_AF_r4_7m,311.25,566.75,signal16,g/m2 per year,7,Dornburg,51.011111,11.646111,NA,NA,poplar,normal,NA,NA,NA,NA,NA,NA,NA,NA,NA,NA,NA,NA,NA,NA,NA,D_AF_r4_7m_2016,NA,barley,5.6675,3.1125000000000003,2014,2,51.01367042554204,11.644415941361151,51.009302829000035,11.637492610000038,51.01716262600007,11.653890349000052,536642.4637821629,Summer Barley,45-19.8-37.4,Mar,Jul,assigned,https://doi.org/10.1007/s10457-026-01498-4,3,7,2016-03-01,2016-07-01,12.430837202072144,18.210987663269044,25.46428632736206,1443.7512853458113,75.6323772939911,134,0.4637222001626088,0.8604142960327381,98.60896293061724,29.999224735176583,0.109497800469398,3.189088344573975,1.068639426976442,Dornburg field,322,160,519,45,2007,9,D_AF_r4_2016
2016,NA,Dornburg,summer barley,D_AF_r1_24m,195.83,412.66,signal16,g/m2 per year,24,Dornburg,51.011111,11.646111,NA,NA,poplar,normal,NA,NA,NA,NA,NA,NA,NA,NA,NA,NA,NA,NA,NA,NA,NA,D_AF_r1_24m_2016,NA,barley,4.126600000000001,1.9583,2014,2,51.01367042554204,11.644415941361151,51.009302829000035,11.637492610000038,51.01716262600007,11.653890349000052,536642.4637821629,Summer Barley,45-19.8-37.4,Mar,Jul,assigned,https://doi.org/10.1007/s10457-026-01498-4,3,7,2016-03-01,2016-07-01,12.430837202072144,18.210987663269044,25.46428632736206,1443.7512853458113,75.6323772939911,134,0.4637222001626088,0.8604142960327381,98.60896293061724,29.999224735176583,0.109497800469398,3.189088344573975,1.068639426976442,Dornburg field,322,160,519,45,2007,9,D_AF_r1_2016
2016,NA,Dornburg,summer barley,D_AF_r2_24m,199.28,417.94,signal16,g/m2 per year,24,Dornburg,51.011111,11.646111,NA,NA,poplar,normal,NA,NA,NA,NA,NA,NA,NA,NA,NA,NA,NA,NA,NA,NA,NA,D_AF_r2_24m_2016,NA,barley,4.1794,1.9928,2014,2,51.01367042554204,11.644415941361151,51.009302829000035,11.637492610000038,51.01716262600007,11.653890349000052,536642.4637821629,Summer Barley,45-19.8-37.4,Mar,Jul,assigned,https://doi.org/10.1007/s10457-026-01498-4,3,7,2016-03-01,2016-07-01,12.430837202072144,18.210987663269044,25.46428632736206,1443.7512853458113,75.6323772939911,134,0.4637222001626088,0.8604142960327381,98.60896293061724,29.999224735176583,0.109497800469398,3.189088344573975,1.068639426976442,Dornburg field,322,160,519,45,2007,9,D_AF_r2_2016
2016,NA,Dornburg,summer barley,D_AF_r3_24m,276.67,449.17,signal16,g/m2 per year,24,Dornburg,51.011111,11.646111,NA,NA,poplar,normal,NA,NA,NA,NA,NA,NA,NA,NA,NA,NA,NA,NA,NA,NA,NA,D_AF_r3_24m_2016,NA,barley,4.491700000000001,2.7667,2014,2,51.01367042554204,11.644415941361151,51.009302829000035,11.637492610000038,51.01716262600007,11.653890349000052,536642.4637821629,Summer Barley,45-19.8-37.4,Mar,Jul,assigned,https://doi.org/10.1007/s10457-026-01498-4,3,7,2016-03-01,2016-07-01,12.430837202072144,18.210987663269044,25.46428632736206,1443.7512853458113,75.6323772939911,134,0.4637222001626088,0.8604142960327381,98.60896293061724,29.999224735176583,0.109497800469398,3.189088344573975,1.068639426976442,Dornburg field,322,160,519,45,2007,9,D_AF_r3_2016
2016,NA,Dornburg,summer barley,D_AF_r4_24m,278.29,433.32,signal16,g/m2 per year,24,Dornburg,51.011111,11.646111,NA,NA,poplar,normal,NA,NA,NA,NA,NA,NA,NA,NA,NA,NA,NA,NA,NA,NA,NA,D_AF_r4_24m_2016,NA,barley,4.3332,2.7829,2014,2,51.01367042554204,11.644415941361151,51.009302829000035,11.637492610000038,51.01716262600007,11.653890349000052,536642.4637821629,Summer Barley,45-19.8-37.4,Mar,Jul,assigned,https://doi.org/10.1007/s10457-026-01498-4,3,7,2016-03-01,2016-07-01,12.430837202072144,18.210987663269044,25.46428632736206,1443.7512853458113,75.6323772939911,134,0.4637222001626088,0.8604142960327381,98.60896293061724,29.999224735176583,0.109497800469398,3.189088344573975,1.068639426976442,Dornburg field,322,160,519,45,2007,9,D_AF_r4_2016
2017,NA,Dornburg,winter rapeseed,D_AF_r1_1m,341.6,119.7,signal16,g/m2 per year,1,Dornburg,51.011111,11.646111,NA,NA,poplar,normal,NA,NA,NA,NA,NA,NA,NA,NA,NA,NA,NA,NA,NA,NA,NA,D_AF_r1_1m_2017,NA,rapeseed,1.197,3.4160000000000004,2014,3,51.01367042554204,11.644415941361151,51.009302829000035,11.637492610000038,51.01716262600007,11.653890349000052,536642.4637821629,Oilseed Rape,105-19.5-97.2,Sep,Jul,assigned,https://doi.org/10.1007/s10457-026-01498-4,9,7,2016-09-01,2017-07-01,8.797924117608504,13.67291749607433,59.40557885169983,1443.7512853458113,75.6323772939911,134,0.4637222001626088,0.8604142960327381,98.60896293061724,29.999224735176583,0.109497800469398,3.189088344573975,1.068639426976442,Dornburg field,322,160,519,105,2007,10,D_AF_r1_2017
2017,NA,Dornburg,winter rapeseed,D_AF_r1_4m,503.4,191.2,signal16,g/m2 per year,4,Dornburg,51.011111,11.646111,NA,NA,poplar,normal,NA,NA,NA,NA,NA,NA,NA,NA,NA,NA,NA,NA,NA,NA,NA,D_AF_r1_4m_2017,NA,rapeseed,1.912,5.034,2014,3,51.01367042554204,11.644415941361151,51.009302829000035,11.637492610000038,51.01716262600007,11.653890349000052,536642.4637821629,Oilseed Rape,105-19.5-97.2,Sep,Jul,assigned,https://doi.org/10.1007/s10457-026-01498-4,9,7,2016-09-01,2017-07-01,8.797924117608504,13.67291749607433,59.40557885169983,1443.7512853458113,75.6323772939911,134,0.4637222001626088,0.8604142960327381,98.60896293061724,29.999224735176583,0.109497800469398,3.189088344573975,1.068639426976442,Dornburg field,322,160,519,105,2007,10,D_AF_r1_2017
2017,NA,Dornburg,winter rapeseed,D_AF_r1_7m,479,202.3,signal16,g/m2 per year,7,Dornburg,51.011111,11.646111,NA,NA,poplar,normal,NA,NA,NA,NA,NA,NA,NA,NA,NA,NA,NA,NA,NA,NA,NA,D_AF_r1_7m_2017,NA,rapeseed,2.023,4.79,2014,3,51.01367042554204,11.644415941361151,51.009302829000035,11.637492610000038,51.01716262600007,11.653890349000052,536642.4637821629,Oilseed Rape,105-19.5-97.2,Sep,Jul,assigned,https://doi.org/10.1007/s10457-026-01498-4,9,7,2016-09-01,2017-07-01,8.797924117608504,13.67291749607433,59.40557885169983,1443.7512853458113,75.6323772939911,134,0.4637222001626088,0.8604142960327381,98.60896293061724,29.999224735176583,0.109497800469398,3.189088344573975,1.068639426976442,Dornburg field,322,160,519,105,2007,10,D_AF_r1_2017
2017,NA,Dornburg,winter rapeseed,D_AF_r2_1m,343.1,175.4,signal16,g/m2 per year,1,Dornburg,51.011111,11.646111,NA,NA,poplar,normal,NA,NA,NA,NA,NA,NA,NA,NA,NA,NA,NA,NA,NA,NA,NA,D_AF_r2_1m_2017,NA,rapeseed,1.754,3.4310000000000005,2014,3,51.01367042554204,11.644415941361151,51.009302829000035,11.637492610000038,51.01716262600007,11.653890349000052,536642.4637821629,Oilseed Rape,105-19.5-97.2,Sep,Jul,assigned,https://doi.org/10.1007/s10457-026-01498-4,9,7,2016-09-01,2017-07-01,8.797924117608504,13.67291749607433,59.40557885169983,1443.7512853458113,75.6323772939911,134,0.4637222001626088,0.8604142960327381,98.60896293061724,29.999224735176583,0.109497800469398,3.189088344573975,1.068639426976442,Dornburg field,322,160,519,105,2007,10,D_AF_r2_2017
2017,NA,Dornburg,winter rapeseed,D_AF_r2_4m,400.3,236.7,signal16,g/m2 per year,4,Dornburg,51.011111,11.646111,NA,NA,poplar,normal,NA,NA,NA,NA,NA,NA,NA,NA,NA,NA,NA,NA,NA,NA,NA,D_AF_r2_4m_2017,NA,rapeseed,2.367,4.003,2014,3,51.01367042554204,11.644415941361151,51.009302829000035,11.637492610000038,51.01716262600007,11.653890349000052,536642.4637821629,Oilseed Rape,105-19.5-97.2,Sep,Jul,assigned,https://doi.org/10.1007/s10457-026-01498-4,9,7,2016-09-01,2017-07-01,8.797924117608504,13.67291749607433,59.40557885169983,1443.7512853458113,75.6323772939911,134,0.4637222001626088,0.8604142960327381,98.60896293061724,29.999224735176583,0.109497800469398,3.189088344573975,1.068639426976442,Dornburg field,322,160,519,105,2007,10,D_AF_r2_2017
2017,NA,Dornburg,winter rapeseed,D_AF_r2_7m,460.1,195.3,signal16,g/m2 per year,7,Dornburg,51.011111,11.646111,NA,NA,poplar,normal,NA,NA,NA,NA,NA,NA,NA,NA,NA,NA,NA,NA,NA,NA,NA,D_AF_r2_7m_2017,NA,rapeseed,1.953,4.601,2014,3,51.01367042554204,11.644415941361151,51.009302829000035,11.637492610000038,51.01716262600007,11.653890349000052,536642.4637821629,Oilseed Rape,105-19.5-97.2,Sep,Jul,assigned,https://doi.org/10.1007/s10457-026-01498-4,9,7,2016-09-01,2017-07-01,8.797924117608504,13.67291749607433,59.40557885169983,1443.7512853458113,75.6323772939911,134,0.4637222001626088,0.8604142960327381,98.60896293061724,29.999224735176583,0.109497800469398,3.189088344573975,1.068639426976442,Dornburg field,322,160,519,105,2007,10,D_AF_r2_2017
2017,NA,Dornburg,winter rapeseed,D_AF_r3_1m,336.6,181.4,signal16,g/m2 per year,1,Dornburg,51.011111,11.646111,NA,NA,poplar,normal,NA,NA,NA,NA,NA,NA,NA,NA,NA,NA,NA,NA,NA,NA,NA,D_AF_r3_1m_2017,NA,rapeseed,1.814,3.366,2014,3,51.01367042554204,11.644415941361151,51.009302829000035,11.637492610000038,51.01716262600007,11.653890349000052,536642.4637821629,Oilseed Rape,105-19.5-97.2,Sep,Jul,assigned,https://doi.org/10.1007/s10457-026-01498-4,9,7,2016-09-01,2017-07-01,8.797924117608504,13.67291749607433,59.40557885169983,1443.7512853458113,75.6323772939911,134,0.4637222001626088,0.8604142960327381,98.60896293061724,29.999224735176583,0.109497800469398,3.189088344573975,1.068639426976442,Dornburg field,322,160,519,105,2007,10,D_AF_r3_2017
2017,NA,Dornburg,winter rapeseed,D_AF_r3_4m,401.3,163,signal16,g/m2 per year,4,Dornburg,51.011111,11.646111,NA,NA,poplar,normal,NA,NA,NA,NA,NA,NA,NA,NA,NA,NA,NA,NA,NA,NA,NA,D_AF_r3_4m_2017,NA,rapeseed,1.63,4.013,2014,3,51.01367042554204,11.644415941361151,51.009302829000035,11.637492610000038,51.01716262600007,11.653890349000052,536642.4637821629,Oilseed Rape,105-19.5-97.2,Sep,Jul,assigned,https://doi.org/10.1007/s10457-026-01498-4,9,7,2016-09-01,2017-07-01,8.797924117608504,13.67291749607433,59.40557885169983,1443.7512853458113,75.6323772939911,134,0.4637222001626088,0.8604142960327381,98.60896293061724,29.999224735176583,0.109497800469398,3.189088344573975,1.068639426976442,Dornburg field,322,160,519,105,2007,10,D_AF_r3_2017
2017,NA,Dornburg,winter rapeseed,D_AF_r3_7m,366.3,215.9,signal16,g/m2 per year,7,Dornburg,51.011111,11.646111,NA,NA,poplar,normal,NA,NA,NA,NA,NA,NA,NA,NA,NA,NA,NA,NA,NA,NA,NA,D_AF_r3_7m_2017,NA,rapeseed,2.1590000000000003,3.663,2014,3,51.01367042554204,11.644415941361151,51.009302829000035,11.637492610000038,51.01716262600007,11.653890349000052,536642.4637821629,Oilseed Rape,105-19.5-97.2,Sep,Jul,assigned,https://doi.org/10.1007/s10457-026-01498-4,9,7,2016-09-01,2017-07-01,8.797924117608504,13.67291749607433,59.40557885169983,1443.7512853458113,75.6323772939911,134,0.4637222001626088,0.8604142960327381,98.60896293061724,29.999224735176583,0.109497800469398,3.189088344573975,1.068639426976442,Dornburg field,322,160,519,105,2007,10,D_AF_r3_2017
2017,NA,Dornburg,winter rapeseed,D_AF_r4_1m,363.4,137.1,signal16,g/m2 per year,1,Dornburg,51.011111,11.646111,NA,NA,poplar,normal,NA,NA,NA,NA,NA,NA,NA,NA,NA,NA,NA,NA,NA,NA,NA,D_AF_r4_1m_2017,NA,rapeseed,1.371,3.634,2014,3,51.01367042554204,11.644415941361151,51.009302829000035,11.637492610000038,51.01716262600007,11.653890349000052,536642.4637821629,Oilseed Rape,105-19.5-97.2,Sep,Jul,assigned,https://doi.org/10.1007/s10457-026-01498-4,9,7,2016-09-01,2017-07-01,8.797924117608504,13.67291749607433,59.40557885169983,1443.7512853458113,75.6323772939911,134,0.4637222001626088,0.8604142960327381,98.60896293061724,29.999224735176583,0.109497800469398,3.189088344573975,1.068639426976442,Dornburg field,322,160,519,105,2007,10,D_AF_r4_2017
2017,NA,Dornburg,winter rapeseed,D_AF_r4_4m,534.7,271.7,signal16,g/m2 per year,4,Dornburg,51.011111,11.646111,NA,NA,poplar,normal,NA,NA,NA,NA,NA,NA,NA,NA,NA,NA,NA,NA,NA,NA,NA,D_AF_r4_4m_2017,NA,rapeseed,2.717,5.347,2014,3,51.01367042554204,11.644415941361151,51.009302829000035,11.637492610000038,51.01716262600007,11.653890349000052,536642.4637821629,Oilseed Rape,105-19.5-97.2,Sep,Jul,assigned,https://doi.org/10.1007/s10457-026-01498-4,9,7,2016-09-01,2017-07-01,8.797924117608504,13.67291749607433,59.40557885169983,1443.7512853458113,75.6323772939911,134,0.4637222001626088,0.8604142960327381,98.60896293061724,29.999224735176583,0.109497800469398,3.189088344573975,1.068639426976442,Dornburg field,322,160,519,105,2007,10,D_AF_r4_2017
2017,NA,Dornburg,winter rapeseed,D_AF_r4_7m,547.8,251,signal16,g/m2 per year,7,Dornburg,51.011111,11.646111,NA,NA,poplar,normal,NA,NA,NA,NA,NA,NA,NA,NA,NA,NA,NA,NA,NA,NA,NA,D_AF_r4_7m_2017,NA,rapeseed,2.51,5.478,2014,3,51.01367042554204,11.644415941361151,51.009302829000035,11.637492610000038,51.01716262600007,11.653890349000052,536642.4637821629,Oilseed Rape,105-19.5-97.2,Sep,Jul,assigned,https://doi.org/10.1007/s10457-026-01498-4,9,7,2016-09-01,2017-07-01,8.797924117608504,13.67291749607433,59.40557885169983,1443.7512853458113,75.6323772939911,134,0.4637222001626088,0.8604142960327381,98.60896293061724,29.999224735176583,0.109497800469398,3.189088344573975,1.068639426976442,Dornburg field,322,160,519,105,2007,10,D_AF_r4_2017
2017,NA,Dornburg,winter rapeseed,D_AF_r1_24m,476.8,321.2,signal16,g/m2 per year,24,Dornburg,51.011111,11.646111,NA,NA,poplar,normal,NA,NA,NA,NA,NA,NA,NA,NA,NA,NA,NA,NA,NA,NA,NA,D_AF_r1_24m_2017,NA,rapeseed,3.2119999999999997,4.768,2014,3,51.01367042554204,11.644415941361151,51.009302829000035,11.637492610000038,51.01716262600007,11.653890349000052,536642.4637821629,Oilseed Rape,105-19.5-97.2,Sep,Jul,assigned,https://doi.org/10.1007/s10457-026-01498-4,9,7,2016-09-01,2017-07-01,8.797924117608504,13.67291749607433,59.40557885169983,1443.7512853458113,75.6323772939911,134,0.4637222001626088,0.8604142960327381,98.60896293061724,29.999224735176583,0.109497800469398,3.189088344573975,1.068639426976442,Dornburg field,322,160,519,105,2007,10,D_AF_r1_2017
2017,NA,Dornburg,winter rapeseed,D_AF_r2_24m,372.6,336.2,signal16,g/m2 per year,24,Dornburg,51.011111,11.646111,NA,NA,poplar,normal,NA,NA,NA,NA,NA,NA,NA,NA,NA,NA,NA,NA,NA,NA,NA,D_AF_r2_24m_2017,NA,rapeseed,3.362,3.726,2014,3,51.01367042554204,11.644415941361151,51.009302829000035,11.637492610000038,51.01716262600007,11.653890349000052,536642.4637821629,Oilseed Rape,105-19.5-97.2,Sep,Jul,assigned,https://doi.org/10.1007/s10457-026-01498-4,9,7,2016-09-01,2017-07-01,8.797924117608504,13.67291749607433,59.40557885169983,1443.7512853458113,75.6323772939911,134,0.4637222001626088,0.8604142960327381,98.60896293061724,29.999224735176583,0.109497800469398,3.189088344573975,1.068639426976442,Dornburg field,322,160,519,105,2007,10,D_AF_r2_2017
2017,NA,Dornburg,winter rapeseed,D_AF_r3_24m,471.9,309.7,signal16,g/m2 per year,24,Dornburg,51.011111,11.646111,NA,NA,poplar,normal,NA,NA,NA,NA,NA,NA,NA,NA,NA,NA,NA,NA,NA,NA,NA,D_AF_r3_24m_2017,NA,rapeseed,3.097,4.719,2014,3,51.01367042554204,11.644415941361151,51.009302829000035,11.637492610000038,51.01716262600007,11.653890349000052,536642.4637821629,Oilseed Rape,105-19.5-97.2,Sep,Jul,assigned,https://doi.org/10.1007/s10457-026-01498-4,9,7,2016-09-01,2017-07-01,8.797924117608504,13.67291749607433,59.40557885169983,1443.7512853458113,75.6323772939911,134,0.4637222001626088,0.8604142960327381,98.60896293061724,29.999224735176583,0.109497800469398,3.189088344573975,1.068639426976442,Dornburg field,322,160,519,105,2007,10,D_AF_r3_2017
2017,NA,Dornburg,winter rapeseed,D_AF_r4_24m,477,393.2,signal16,g/m2 per year,24,Dornburg,51.011111,11.646111,NA,NA,poplar,normal,NA,NA,NA,NA,NA,NA,NA,NA,NA,NA,NA,NA,NA,NA,NA,D_AF_r4_24m_2017,NA,rapeseed,3.932,4.7700000000000005,2014,3,51.01367042554204,11.644415941361151,51.009302829000035,11.637492610000038,51.01716262600007,11.653890349000052,536642.4637821629,Oilseed Rape,105-19.5-97.2,Sep,Jul,assigned,https://doi.org/10.1007/s10457-026-01498-4,9,7,2016-09-01,2017-07-01,8.797924117608504,13.67291749607433,59.40557885169983,1443.7512853458113,75.6323772939911,134,0.4637222001626088,0.8604142960327381,98.60896293061724,29.999224735176583,0.109497800469398,3.189088344573975,1.068639426976442,Dornburg field,322,160,519,105,2007,10,D_AF_r4_2017
2018,4,Dornburg_normal,winter wheat,D_AF_r1_1m,NA,420,dornburg1823,g/m2,1,Dornburg,51.011111,11.646111,NA,NA,poplar,normal,NA,NA,NA,NA,NA,NA,NA,NA,NA,NA,NA,NA,NA,NA,NA,D_AF_r1_1m_2018,NA,wheat,4.2,NA,2014,4,51.01367042554204,11.644415941361151,51.009302829000035,11.637492610000038,51.01716262600007,11.653890349000052,536642.4637821629,Winter Wheat,213-0-0,Oct,Jul,reported,https://doi.org/10.1111/gcbb.13007,10,7,2017-10-01,2018-07-01,9.009946179389951,14.776795673370362,37.84279227256775,1443.7512853458113,71.42153136950684,118,0.4510829207356889,0.8349938758300939,98.64543809053038,29.192244532621032,0.109497800469398,3.189088344573975,1.068639426976442,Dornburg field,322,160,519,213,2007,11,D_AF_r1_2018
2018,4,Dornburg_normal,winter wheat,D_AF_r1_4m,NA,573,dornburg1823,g/m2,4,Dornburg,51.011111,11.646111,NA,NA,poplar,normal,NA,NA,NA,NA,NA,NA,NA,NA,NA,NA,NA,NA,NA,NA,NA,D_AF_r1_4m_2018,NA,wheat,5.73,NA,2014,4,51.01367042554204,11.644415941361151,51.009302829000035,11.637492610000038,51.01716262600007,11.653890349000052,536642.4637821629,Winter Wheat,213-0-0,Oct,Jul,reported,https://doi.org/10.1111/gcbb.13007,10,7,2017-10-01,2018-07-01,9.009946179389951,14.776795673370362,37.84279227256775,1443.7512853458113,71.42153136950684,118,0.4510829207356889,0.8349938758300939,98.64543809053038,29.192244532621032,0.109497800469398,3.189088344573975,1.068639426976442,Dornburg field,322,160,519,213,2007,11,D_AF_r1_2018
2018,4,Dornburg_normal,winter wheat,D_AF_r1_7m,NA,610,dornburg1823,g/m2,7,Dornburg,51.011111,11.646111,NA,NA,poplar,normal,NA,NA,NA,NA,NA,NA,NA,NA,NA,NA,NA,NA,NA,NA,NA,D_AF_r1_7m_2018,NA,wheat,6.1000000000000005,NA,2014,4,51.01367042554204,11.644415941361151,51.009302829000035,11.637492610000038,51.01716262600007,11.653890349000052,536642.4637821629,Winter Wheat,213-0-0,Oct,Jul,reported,https://doi.org/10.1111/gcbb.13007,10,7,2017-10-01,2018-07-01,9.009946179389951,14.776795673370362,37.84279227256775,1443.7512853458113,71.42153136950684,118,0.4510829207356889,0.8349938758300939,98.64543809053038,29.192244532621032,0.109497800469398,3.189088344573975,1.068639426976442,Dornburg field,322,160,519,213,2007,11,D_AF_r1_2018
2018,4,Dornburg_normal,winter wheat,D_AF_r1_24m,NA,733,dornburg1823,g/m2,24,Dornburg,51.011111,11.646111,NA,NA,poplar,normal,NA,NA,NA,NA,NA,NA,NA,NA,NA,NA,NA,NA,NA,NA,NA,D_AF_r1_24m_2018,NA,wheat,7.33,NA,2014,4,51.01367042554204,11.644415941361151,51.009302829000035,11.637492610000038,51.01716262600007,11.653890349000052,536642.4637821629,Winter Wheat,213-0-0,Oct,Jul,reported,https://doi.org/10.1111/gcbb.13007,10,7,2017-10-01,2018-07-01,9.009946179389951,14.776795673370362,37.84279227256775,1443.7512853458113,71.42153136950684,118,0.4510829207356889,0.8349938758300939,98.64543809053038,29.192244532621032,0.109497800469398,3.189088344573975,1.068639426976442,Dornburg field,322,160,519,213,2007,11,D_AF_r1_2018
2018,4,Dornburg_normal,winter wheat,D_AF_r2_1m,NA,443,dornburg1823,g/m2,1,Dornburg,51.011111,11.646111,NA,NA,poplar,normal,NA,NA,NA,NA,NA,NA,NA,NA,NA,NA,NA,NA,NA,NA,NA,D_AF_r2_1m_2018,NA,wheat,4.43,NA,2014,4,51.01367042554204,11.644415941361151,51.009302829000035,11.637492610000038,51.01716262600007,11.653890349000052,536642.4637821629,Winter Wheat,213-0-0,Oct,Jul,reported,https://doi.org/10.1111/gcbb.13007,10,7,2017-10-01,2018-07-01,9.009946179389951,14.776795673370362,37.84279227256775,1443.7512853458113,71.42153136950684,118,0.4510829207356889,0.8349938758300939,98.64543809053038,29.192244532621032,0.109497800469398,3.189088344573975,1.068639426976442,Dornburg field,322,160,519,213,2007,11,D_AF_r2_2018
2018,4,Dornburg_normal,winter wheat,D_AF_r2_4m,NA,689,dornburg1823,g/m2,4,Dornburg,51.011111,11.646111,NA,NA,poplar,normal,NA,NA,NA,NA,NA,NA,NA,NA,NA,NA,NA,NA,NA,NA,NA,D_AF_r2_4m_2018,NA,wheat,6.890000000000001,NA,2014,4,51.01367042554204,11.644415941361151,51.009302829000035,11.637492610000038,51.01716262600007,11.653890349000052,536642.4637821629,Winter Wheat,213-0-0,Oct,Jul,reported,https://doi.org/10.1111/gcbb.13007,10,7,2017-10-01,2018-07-01,9.009946179389951,14.776795673370362,37.84279227256775,1443.7512853458113,71.42153136950684,118,0.4510829207356889,0.8349938758300939,98.64543809053038,29.192244532621032,0.109497800469398,3.189088344573975,1.068639426976442,Dornburg field,322,160,519,213,2007,11,D_AF_r2_2018
2018,4,Dornburg_normal,winter wheat,D_AF_r2_7m,NA,737,dornburg1823,g/m2,7,Dornburg,51.011111,11.646111,NA,NA,poplar,normal,NA,NA,NA,NA,NA,NA,NA,NA,NA,NA,NA,NA,NA,NA,NA,D_AF_r2_7m_2018,NA,wheat,7.37,NA,2014,4,51.01367042554204,11.644415941361151,51.009302829000035,11.637492610000038,51.01716262600007,11.653890349000052,536642.4637821629,Winter Wheat,213-0-0,Oct,Jul,reported,https://doi.org/10.1111/gcbb.13007,10,7,2017-10-01,2018-07-01,9.009946179389951,14.776795673370362,37.84279227256775,1443.7512853458113,71.42153136950684,118,0.4510829207356889,0.8349938758300939,98.64543809053038,29.192244532621032,0.109497800469398,3.189088344573975,1.068639426976442,Dornburg field,322,160,519,213,2007,11,D_AF_r2_2018
2018,4,Dornburg_normal,winter wheat,D_AF_r2_24m,NA,677,dornburg1823,g/m2,24,Dornburg,51.011111,11.646111,NA,NA,poplar,normal,NA,NA,NA,NA,NA,NA,NA,NA,NA,NA,NA,NA,NA,NA,NA,D_AF_r2_24m_2018,NA,wheat,6.7700000000000005,NA,2014,4,51.01367042554204,11.644415941361151,51.009302829000035,11.637492610000038,51.01716262600007,11.653890349000052,536642.4637821629,Winter Wheat,213-0-0,Oct,Jul,reported,https://doi.org/10.1111/gcbb.13007,10,7,2017-10-01,2018-07-01,9.009946179389951,14.776795673370362,37.84279227256775,1443.7512853458113,71.42153136950684,118,0.4510829207356889,0.8349938758300939,98.64543809053038,29.192244532621032,0.109497800469398,3.189088344573975,1.068639426976442,Dornburg field,322,160,519,213,2007,11,D_AF_r2_2018
2018,4,Dornburg_normal,winter wheat,D_AF_r3_1m,NA,417,dornburg1823,g/m2,1,Dornburg,51.011111,11.646111,NA,NA,poplar,normal,NA,NA,NA,NA,NA,NA,NA,NA,NA,NA,NA,NA,NA,NA,NA,D_AF_r3_1m_2018,NA,wheat,4.17,NA,2014,4,51.01367042554204,11.644415941361151,51.009302829000035,11.637492610000038,51.01716262600007,11.653890349000052,536642.4637821629,Winter Wheat,213-0-0,Oct,Jul,reported,https://doi.org/10.1111/gcbb.13007,10,7,2017-10-01,2018-07-01,9.009946179389951,14.776795673370362,37.84279227256775,1443.7512853458113,71.42153136950684,118,0.4510829207356889,0.8349938758300939,98.64543809053038,29.192244532621032,0.109497800469398,3.189088344573975,1.068639426976442,Dornburg field,322,160,519,213,2007,11,D_AF_r3_2018
2018,4,Dornburg_normal,winter wheat,D_AF_r3_4m,NA,614,dornburg1823,g/m2,4,Dornburg,51.011111,11.646111,NA,NA,poplar,normal,NA,NA,NA,NA,NA,NA,NA,NA,NA,NA,NA,NA,NA,NA,NA,D_AF_r3_4m_2018,NA,wheat,6.140000000000001,NA,2014,4,51.01367042554204,11.644415941361151,51.009302829000035,11.637492610000038,51.01716262600007,11.653890349000052,536642.4637821629,Winter Wheat,213-0-0,Oct,Jul,reported,https://doi.org/10.1111/gcbb.13007,10,7,2017-10-01,2018-07-01,9.009946179389951,14.776795673370362,37.84279227256775,1443.7512853458113,71.42153136950684,118,0.4510829207356889,0.8349938758300939,98.64543809053038,29.192244532621032,0.109497800469398,3.189088344573975,1.068639426976442,Dornburg field,322,160,519,213,2007,11,D_AF_r3_2018
2018,4,Dornburg_normal,winter wheat,D_AF_r3_7m,NA,736,dornburg1823,g/m2,7,Dornburg,51.011111,11.646111,NA,NA,poplar,normal,NA,NA,NA,NA,NA,NA,NA,NA,NA,NA,NA,NA,NA,NA,NA,D_AF_r3_7m_2018,NA,wheat,7.36,NA,2014,4,51.01367042554204,11.644415941361151,51.009302829000035,11.637492610000038,51.01716262600007,11.653890349000052,536642.4637821629,Winter Wheat,213-0-0,Oct,Jul,reported,https://doi.org/10.1111/gcbb.13007,10,7,2017-10-01,2018-07-01,9.009946179389951,14.776795673370362,37.84279227256775,1443.7512853458113,71.42153136950684,118,0.4510829207356889,0.8349938758300939,98.64543809053038,29.192244532621032,0.109497800469398,3.189088344573975,1.068639426976442,Dornburg field,322,160,519,213,2007,11,D_AF_r3_2018
2018,4,Dornburg_normal,winter wheat,D_AF_r3_24m,NA,714,dornburg1823,g/m2,24,Dornburg,51.011111,11.646111,NA,NA,poplar,normal,NA,NA,NA,NA,NA,NA,NA,NA,NA,NA,NA,NA,NA,NA,NA,D_AF_r3_24m_2018,NA,wheat,7.140000000000001,NA,2014,4,51.01367042554204,11.644415941361151,51.009302829000035,11.637492610000038,51.01716262600007,11.653890349000052,536642.4637821629,Winter Wheat,213-0-0,Oct,Jul,reported,https://doi.org/10.1111/gcbb.13007,10,7,2017-10-01,2018-07-01,9.009946179389951,14.776795673370362,37.84279227256775,1443.7512853458113,71.42153136950684,118,0.4510829207356889,0.8349938758300939,98.64543809053038,29.192244532621032,0.109497800469398,3.189088344573975,1.068639426976442,Dornburg field,322,160,519,213,2007,11,D_AF_r3_2018
2018,4,Dornburg_normal,winter wheat,D_AF_r4_1m,NA,453,dornburg1823,g/m2,1,Dornburg,51.011111,11.646111,NA,NA,poplar,normal,NA,NA,NA,NA,NA,NA,NA,NA,NA,NA,NA,NA,NA,NA,NA,D_AF_r4_1m_2018,NA,wheat,4.53,NA,2014,4,51.01367042554204,11.644415941361151,51.009302829000035,11.637492610000038,51.01716262600007,11.653890349000052,536642.4637821629,Winter Wheat,213-0-0,Oct,Jul,reported,https://doi.org/10.1111/gcbb.13007,10,7,2017-10-01,2018-07-01,9.009946179389951,14.776795673370362,37.84279227256775,1443.7512853458113,71.42153136950684,118,0.4510829207356889,0.8349938758300939,98.64543809053038,29.192244532621032,0.109497800469398,3.189088344573975,1.068639426976442,Dornburg field,322,160,519,213,2007,11,D_AF_r4_2018
2018,4,Dornburg_normal,winter wheat,D_AF_r4_4m,NA,729,dornburg1823,g/m2,4,Dornburg,51.011111,11.646111,NA,NA,poplar,normal,NA,NA,NA,NA,NA,NA,NA,NA,NA,NA,NA,NA,NA,NA,NA,D_AF_r4_4m_2018,NA,wheat,7.29,NA,2014,4,51.01367042554204,11.644415941361151,51.009302829000035,11.637492610000038,51.01716262600007,11.653890349000052,536642.4637821629,Winter Wheat,213-0-0,Oct,Jul,reported,https://doi.org/10.1111/gcbb.13007,10,7,2017-10-01,2018-07-01,9.009946179389951,14.776795673370362,37.84279227256775,1443.7512853458113,71.42153136950684,118,0.4510829207356889,0.8349938758300939,98.64543809053038,29.192244532621032,0.109497800469398,3.189088344573975,1.068639426976442,Dornburg field,322,160,519,213,2007,11,D_AF_r4_2018
2018,4,Dornburg_normal,winter wheat,D_AF_r4_7m,NA,818,dornburg1823,g/m2,7,Dornburg,51.011111,11.646111,NA,NA,poplar,normal,NA,NA,NA,NA,NA,NA,NA,NA,NA,NA,NA,NA,NA,NA,NA,D_AF_r4_7m_2018,NA,wheat,8.18,NA,2014,4,51.01367042554204,11.644415941361151,51.009302829000035,11.637492610000038,51.01716262600007,11.653890349000052,536642.4637821629,Winter Wheat,213-0-0,Oct,Jul,reported,https://doi.org/10.1111/gcbb.13007,10,7,2017-10-01,2018-07-01,9.009946179389951,14.776795673370362,37.84279227256775,1443.7512853458113,71.42153136950684,118,0.4510829207356889,0.8349938758300939,98.64543809053038,29.192244532621032,0.109497800469398,3.189088344573975,1.068639426976442,Dornburg field,322,160,519,213,2007,11,D_AF_r4_2018
2018,4,Dornburg_normal,winter wheat,D_AF_r4_24m,NA,674,dornburg1823,g/m2,24,Dornburg,51.011111,11.646111,NA,NA,poplar,normal,NA,NA,NA,NA,NA,NA,NA,NA,NA,NA,NA,NA,NA,NA,NA,D_AF_r4_24m_2018,NA,wheat,6.74,NA,2014,4,51.01367042554204,11.644415941361151,51.009302829000035,11.637492610000038,51.01716262600007,11.653890349000052,536642.4637821629,Winter Wheat,213-0-0,Oct,Jul,reported,https://doi.org/10.1111/gcbb.13007,10,7,2017-10-01,2018-07-01,9.009946179389951,14.776795673370362,37.84279227256775,1443.7512853458113,71.42153136950684,118,0.4510829207356889,0.8349938758300939,98.64543809053038,29.192244532621032,0.109497800469398,3.189088344573975,1.068639426976442,Dornburg field,322,160,519,213,2007,11,D_AF_r4_2018
2019,5,Dornburg_normal,spring barley,D_AF_r1_1m,NA,224,dornburg1823,g/m2,1,Dornburg,51.011111,11.646111,NA,NA,poplar,normal,NA,NA,NA,NA,NA,NA,NA,NA,NA,NA,NA,NA,NA,NA,NA,D_AF_r1_1m_2019,NA,barley,2.24,NA,2014,5,51.01367042554204,11.644415941361151,51.009302829000035,11.637492610000038,51.01716262600007,11.653890349000052,536642.4637821629,Summer Barley,36–22−31,Mar,Jul,reported,https://doi.org/10.1111/gcbb.13007,3,7,2019-03-01,2019-07-01,13.369362545013429,21.719850540161133,20.82726812362671,1443.7512853458113,71.55876296278029,140,0.44204721090018706,0.8276569819240742,98.57755751656106,30.54191011156766,0.109497800469398,3.189088344573975,1.068639426976442,Dornburg field,322,160,519,36,2007,12,D_AF_r1_2019
2019,5,Dornburg_normal,spring barley,D_AF_r1_4m,NA,478,dornburg1823,g/m2,4,Dornburg,51.011111,11.646111,NA,NA,poplar,normal,NA,NA,NA,NA,NA,NA,NA,NA,NA,NA,NA,NA,NA,NA,NA,D_AF_r1_4m_2019,NA,barley,4.78,NA,2014,5,51.01367042554204,11.644415941361151,51.009302829000035,11.637492610000038,51.01716262600007,11.653890349000052,536642.4637821629,Summer Barley,36–22−31,Mar,Jul,reported,https://doi.org/10.1111/gcbb.13007,3,7,2019-03-01,2019-07-01,13.369362545013429,21.719850540161133,20.82726812362671,1443.7512853458113,71.55876296278029,140,0.44204721090018706,0.8276569819240742,98.57755751656106,30.54191011156766,0.109497800469398,3.189088344573975,1.068639426976442,Dornburg field,322,160,519,36,2007,12,D_AF_r1_2019
2019,5,Dornburg_normal,spring barley,D_AF_r1_7m,NA,521,dornburg1823,g/m2,7,Dornburg,51.011111,11.646111,NA,NA,poplar,normal,NA,NA,NA,NA,NA,NA,NA,NA,NA,NA,NA,NA,NA,NA,NA,D_AF_r1_7m_2019,NA,barley,5.21,NA,2014,5,51.01367042554204,11.644415941361151,51.009302829000035,11.637492610000038,51.01716262600007,11.653890349000052,536642.4637821629,Summer Barley,36–22−31,Mar,Jul,reported,https://doi.org/10.1111/gcbb.13007,3,7,2019-03-01,2019-07-01,13.369362545013429,21.719850540161133,20.82726812362671,1443.7512853458113,71.55876296278029,140,0.44204721090018706,0.8276569819240742,98.57755751656106,30.54191011156766,0.109497800469398,3.189088344573975,1.068639426976442,Dornburg field,322,160,519,36,2007,12,D_AF_r1_2019
2019,5,Dornburg_normal,spring barley,D_AF_r1_24m,NA,603,dornburg1823,g/m2,24,Dornburg,51.011111,11.646111,NA,NA,poplar,normal,NA,NA,NA,NA,NA,NA,NA,NA,NA,NA,NA,NA,NA,NA,NA,D_AF_r1_24m_2019,NA,barley,6.03,NA,2014,5,51.01367042554204,11.644415941361151,51.009302829000035,11.637492610000038,51.01716262600007,11.653890349000052,536642.4637821629,Summer Barley,36–22−31,Mar,Jul,reported,https://doi.org/10.1111/gcbb.13007,3,7,2019-03-01,2019-07-01,13.369362545013429,21.719850540161133,20.82726812362671,1443.7512853458113,71.55876296278029,140,0.44204721090018706,0.8276569819240742,98.57755751656106,30.54191011156766,0.109497800469398,3.189088344573975,1.068639426976442,Dornburg field,322,160,519,36,2007,12,D_AF_r1_2019
2019,5,Dornburg_normal,spring barley,D_AF_r2_1m,NA,167,dornburg1823,g/m2,1,Dornburg,51.011111,11.646111,NA,NA,poplar,normal,NA,NA,NA,NA,NA,NA,NA,NA,NA,NA,NA,NA,NA,NA,NA,D_AF_r2_1m_2019,NA,barley,1.67,NA,2014,5,51.01367042554204,11.644415941361151,51.009302829000035,11.637492610000038,51.01716262600007,11.653890349000052,536642.4637821629,Summer Barley,36–22−31,Mar,Jul,reported,https://doi.org/10.1111/gcbb.13007,3,7,2019-03-01,2019-07-01,13.369362545013429,21.719850540161133,20.82726812362671,1443.7512853458113,71.55876296278029,140,0.44204721090018706,0.8276569819240742,98.57755751656106,30.54191011156766,0.109497800469398,3.189088344573975,1.068639426976442,Dornburg field,322,160,519,36,2007,12,D_AF_r2_2019
2019,5,Dornburg_normal,spring barley,D_AF_r2_4m,NA,500,dornburg1823,g/m2,4,Dornburg,51.011111,11.646111,NA,NA,poplar,normal,NA,NA,NA,NA,NA,NA,NA,NA,NA,NA,NA,NA,NA,NA,NA,D_AF_r2_4m_2019,NA,barley,5,NA,2014,5,51.01367042554204,11.644415941361151,51.009302829000035,11.637492610000038,51.01716262600007,11.653890349000052,536642.4637821629,Summer Barley,36–22−31,Mar,Jul,reported,https://doi.org/10.1111/gcbb.13007,3,7,2019-03-01,2019-07-01,13.369362545013429,21.719850540161133,20.82726812362671,1443.7512853458113,71.55876296278029,140,0.44204721090018706,0.8276569819240742,98.57755751656106,30.54191011156766,0.109497800469398,3.189088344573975,1.068639426976442,Dornburg field,322,160,519,36,2007,12,D_AF_r2_2019
2019,5,Dornburg_normal,spring barley,D_AF_r2_7m,NA,500,dornburg1823,g/m2,7,Dornburg,51.011111,11.646111,NA,NA,poplar,normal,NA,NA,NA,NA,NA,NA,NA,NA,NA,NA,NA,NA,NA,NA,NA,D_AF_r2_7m_2019,NA,barley,5,NA,2014,5,51.01367042554204,11.644415941361151,51.009302829000035,11.637492610000038,51.01716262600007,11.653890349000052,536642.4637821629,Summer Barley,36–22−31,Mar,Jul,reported,https://doi.org/10.1111/gcbb.13007,3,7,2019-03-01,2019-07-01,13.369362545013429,21.719850540161133,20.82726812362671,1443.7512853458113,71.55876296278029,140,0.44204721090018706,0.8276569819240742,98.57755751656106,30.54191011156766,0.109497800469398,3.189088344573975,1.068639426976442,Dornburg field,322,160,519,36,2007,12,D_AF_r2_2019
2019,5,Dornburg_normal,spring barley,D_AF_r2_24m,NA,597,dornburg1823,g/m2,24,Dornburg,51.011111,11.646111,NA,NA,poplar,normal,NA,NA,NA,NA,NA,NA,NA,NA,NA,NA,NA,NA,NA,NA,NA,D_AF_r2_24m_2019,NA,barley,5.97,NA,2014,5,51.01367042554204,11.644415941361151,51.009302829000035,11.637492610000038,51.01716262600007,11.653890349000052,536642.4637821629,Summer Barley,36–22−31,Mar,Jul,reported,https://doi.org/10.1111/gcbb.13007,3,7,2019-03-01,2019-07-01,13.369362545013429,21.719850540161133,20.82726812362671,1443.7512853458113,71.55876296278029,140,0.44204721090018706,0.8276569819240742,98.57755751656106,30.54191011156766,0.109497800469398,3.189088344573975,1.068639426976442,Dornburg field,322,160,519,36,2007,12,D_AF_r2_2019
2019,5,Dornburg_normal,spring barley,D_AF_r3_1m,NA,252,dornburg1823,g/m2,1,Dornburg,51.011111,11.646111,NA,NA,poplar,normal,NA,NA,NA,NA,NA,NA,NA,NA,NA,NA,NA,NA,NA,NA,NA,D_AF_r3_1m_2019,NA,barley,2.52,NA,2014,5,51.01367042554204,11.644415941361151,51.009302829000035,11.637492610000038,51.01716262600007,11.653890349000052,536642.4637821629,Summer Barley,36–22−31,Mar,Jul,reported,https://doi.org/10.1111/gcbb.13007,3,7,2019-03-01,2019-07-01,13.369362545013429,21.719850540161133,20.82726812362671,1443.7512853458113,71.55876296278029,140,0.44204721090018706,0.8276569819240742,98.57755751656106,30.54191011156766,0.109497800469398,3.189088344573975,1.068639426976442,Dornburg field,322,160,519,36,2007,12,D_AF_r3_2019
2019,5,Dornburg_normal,spring barley,D_AF_r3_4m,NA,520,dornburg1823,g/m2,4,Dornburg,51.011111,11.646111,NA,NA,poplar,normal,NA,NA,NA,NA,NA,NA,NA,NA,NA,NA,NA,NA,NA,NA,NA,D_AF_r3_4m_2019,NA,barley,5.2,NA,2014,5,51.01367042554204,11.644415941361151,51.009302829000035,11.637492610000038,51.01716262600007,11.653890349000052,536642.4637821629,Summer Barley,36–22−31,Mar,Jul,reported,https://doi.org/10.1111/gcbb.13007,3,7,2019-03-01,2019-07-01,13.369362545013429,21.719850540161133,20.82726812362671,1443.7512853458113,71.55876296278029,140,0.44204721090018706,0.8276569819240742,98.57755751656106,30.54191011156766,0.109497800469398,3.189088344573975,1.068639426976442,Dornburg field,322,160,519,36,2007,12,D_AF_r3_2019
2019,5,Dornburg_normal,spring barley,D_AF_r3_7m,NA,502,dornburg1823,g/m2,7,Dornburg,51.011111,11.646111,NA,NA,poplar,normal,NA,NA,NA,NA,NA,NA,NA,NA,NA,NA,NA,NA,NA,NA,NA,D_AF_r3_7m_2019,NA,barley,5.0200000000000005,NA,2014,5,51.01367042554204,11.644415941361151,51.009302829000035,11.637492610000038,51.01716262600007,11.653890349000052,536642.4637821629,Summer Barley,36–22−31,Mar,Jul,reported,https://doi.org/10.1111/gcbb.13007,3,7,2019-03-01,2019-07-01,13.369362545013429,21.719850540161133,20.82726812362671,1443.7512853458113,71.55876296278029,140,0.44204721090018706,0.8276569819240742,98.57755751656106,30.54191011156766,0.109497800469398,3.189088344573975,1.068639426976442,Dornburg field,322,160,519,36,2007,12,D_AF_r3_2019
2019,5,Dornburg_normal,spring barley,D_AF_r3_24m,NA,503,dornburg1823,g/m2,24,Dornburg,51.011111,11.646111,NA,NA,poplar,normal,NA,NA,NA,NA,NA,NA,NA,NA,NA,NA,NA,NA,NA,NA,NA,D_AF_r3_24m_2019,NA,barley,5.03,NA,2014,5,51.01367042554204,11.644415941361151,51.009302829000035,11.637492610000038,51.01716262600007,11.653890349000052,536642.4637821629,Summer Barley,36–22−31,Mar,Jul,reported,https://doi.org/10.1111/gcbb.13007,3,7,2019-03-01,2019-07-01,13.369362545013429,21.719850540161133,20.82726812362671,1443.7512853458113,71.55876296278029,140,0.44204721090018706,0.8276569819240742,98.57755751656106,30.54191011156766,0.109497800469398,3.189088344573975,1.068639426976442,Dornburg field,322,160,519,36,2007,12,D_AF_r3_2019
2019,5,Dornburg_normal,spring barley,D_AF_r4_1m,NA,213,dornburg1823,g/m2,1,Dornburg,51.011111,11.646111,NA,NA,poplar,normal,NA,NA,NA,NA,NA,NA,NA,NA,NA,NA,NA,NA,NA,NA,NA,D_AF_r4_1m_2019,NA,barley,2.13,NA,2014,5,51.01367042554204,11.644415941361151,51.009302829000035,11.637492610000038,51.01716262600007,11.653890349000052,536642.4637821629,Summer Barley,36–22−31,Mar,Jul,reported,https://doi.org/10.1111/gcbb.13007,3,7,2019-03-01,2019-07-01,13.369362545013429,21.719850540161133,20.82726812362671,1443.7512853458113,71.55876296278029,140,0.44204721090018706,0.8276569819240742,98.57755751656106,30.54191011156766,0.109497800469398,3.189088344573975,1.068639426976442,Dornburg field,322,160,519,36,2007,12,D_AF_r4_2019
2019,5,Dornburg_normal,spring barley,D_AF_r4_4m,NA,447,dornburg1823,g/m2,4,Dornburg,51.011111,11.646111,NA,NA,poplar,normal,NA,NA,NA,NA,NA,NA,NA,NA,NA,NA,NA,NA,NA,NA,NA,D_AF_r4_4m_2019,NA,barley,4.47,NA,2014,5,51.01367042554204,11.644415941361151,51.009302829000035,11.637492610000038,51.01716262600007,11.653890349000052,536642.4637821629,Summer Barley,36–22−31,Mar,Jul,reported,https://doi.org/10.1111/gcbb.13007,3,7,2019-03-01,2019-07-01,13.369362545013429,21.719850540161133,20.82726812362671,1443.7512853458113,71.55876296278029,140,0.44204721090018706,0.8276569819240742,98.57755751656106,30.54191011156766,0.109497800469398,3.189088344573975,1.068639426976442,Dornburg field,322,160,519,36,2007,12,D_AF_r4_2019
2019,5,Dornburg_normal,spring barley,D_AF_r4_7m,NA,513,dornburg1823,g/m2,7,Dornburg,51.011111,11.646111,NA,NA,poplar,normal,NA,NA,NA,NA,NA,NA,NA,NA,NA,NA,NA,NA,NA,NA,NA,D_AF_r4_7m_2019,NA,barley,5.13,NA,2014,5,51.01367042554204,11.644415941361151,51.009302829000035,11.637492610000038,51.01716262600007,11.653890349000052,536642.4637821629,Summer Barley,36–22−31,Mar,Jul,reported,https://doi.org/10.1111/gcbb.13007,3,7,2019-03-01,2019-07-01,13.369362545013429,21.719850540161133,20.82726812362671,1443.7512853458113,71.55876296278029,140,0.44204721090018706,0.8276569819240742,98.57755751656106,30.54191011156766,0.109497800469398,3.189088344573975,1.068639426976442,Dornburg field,322,160,519,36,2007,12,D_AF_r4_2019
2019,5,Dornburg_normal,spring barley,D_AF_r4_24m,NA,595,dornburg1823,g/m2,24,Dornburg,51.011111,11.646111,NA,NA,poplar,normal,NA,NA,NA,NA,NA,NA,NA,NA,NA,NA,NA,NA,NA,NA,NA,D_AF_r4_24m_2019,NA,barley,5.95,NA,2014,5,51.01367042554204,11.644415941361151,51.009302829000035,11.637492610000038,51.01716262600007,11.653890349000052,536642.4637821629,Summer Barley,36–22−31,Mar,Jul,reported,https://doi.org/10.1111/gcbb.13007,3,7,2019-03-01,2019-07-01,13.369362545013429,21.719850540161133,20.82726812362671,1443.7512853458113,71.55876296278029,140,0.44204721090018706,0.8276569819240742,98.57755751656106,30.54191011156766,0.109497800469398,3.189088344573975,1.068639426976442,Dornburg field,322,160,519,36,2007,12,D_AF_r4_2019
2019,5,Dornburg_reduced,spring barley,D_AF_r5_1m,NA,64,dornburg1823,g/m2,1,Dornburg,51.011111,11.646111,NA,NA,poplar,reduced,NA,NA,NA,NA,NA,NA,NA,NA,NA,NA,NA,NA,NA,NA,NA,D_AF_r5_1m_2019,NA,barley,0.64,NA,2014,5,51.01367042554204,11.644415941361151,51.009302829000035,11.637492610000038,51.01716262600007,11.653890349000052,536642.4637821629,Summer Barley,0-0-0,Mar,Jul,assigned,https://doi.org/10.1007/s10457-026-01498-4,3,7,2019-03-01,2019-07-01,13.369362545013429,21.719850540161133,20.82726812362671,1443.7512853458113,71.55876296278029,140,0.44204721090018706,0.8276569819240742,98.57755751656106,30.54191011156766,0.109497800469398,3.189088344573975,1.068639426976442,Dornburg field,322,160,519,0,2007,12,D_AF_r5_2019
2019,5,Dornburg_reduced,spring barley,D_AF_r5_4m,NA,378,dornburg1823,g/m2,4,Dornburg,51.011111,11.646111,NA,NA,poplar,reduced,NA,NA,NA,NA,NA,NA,NA,NA,NA,NA,NA,NA,NA,NA,NA,D_AF_r5_4m_2019,NA,barley,3.78,NA,2014,5,51.01367042554204,11.644415941361151,51.009302829000035,11.637492610000038,51.01716262600007,11.653890349000052,536642.4637821629,Summer Barley,0-0-0,Mar,Jul,assigned,https://doi.org/10.1007/s10457-026-01498-4,3,7,2019-03-01,2019-07-01,13.369362545013429,21.719850540161133,20.82726812362671,1443.7512853458113,71.55876296278029,140,0.44204721090018706,0.8276569819240742,98.57755751656106,30.54191011156766,0.109497800469398,3.189088344573975,1.068639426976442,Dornburg field,322,160,519,0,2007,12,D_AF_r5_2019
2019,5,Dornburg_reduced,spring barley,D_AF_r5_7m,NA,438,dornburg1823,g/m2,7,Dornburg,51.011111,11.646111,NA,NA,poplar,reduced,NA,NA,NA,NA,NA,NA,NA,NA,NA,NA,NA,NA,NA,NA,NA,D_AF_r5_7m_2019,NA,barley,4.38,NA,2014,5,51.01367042554204,11.644415941361151,51.009302829000035,11.637492610000038,51.01716262600007,11.653890349000052,536642.4637821629,Summer Barley,0-0-0,Mar,Jul,assigned,https://doi.org/10.1007/s10457-026-01498-4,3,7,2019-03-01,2019-07-01,13.369362545013429,21.719850540161133,20.82726812362671,1443.7512853458113,71.55876296278029,140,0.44204721090018706,0.8276569819240742,98.57755751656106,30.54191011156766,0.109497800469398,3.189088344573975,1.068639426976442,Dornburg field,322,160,519,0,2007,12,D_AF_r5_2019
2019,5,Dornburg_reduced,spring barley,D_AF_r5_24m,NA,483,dornburg1823,g/m2,24,Dornburg,51.011111,11.646111,NA,NA,poplar,reduced,NA,NA,NA,NA,NA,NA,NA,NA,NA,NA,NA,NA,NA,NA,NA,D_AF_r5_24m_2019,NA,barley,4.83,NA,2014,5,51.01367042554204,11.644415941361151,51.009302829000035,11.637492610000038,51.01716262600007,11.653890349000052,536642.4637821629,Summer Barley,0-0-0,Mar,Jul,assigned,https://doi.org/10.1007/s10457-026-01498-4,3,7,2019-03-01,2019-07-01,13.369362545013429,21.719850540161133,20.82726812362671,1443.7512853458113,71.55876296278029,140,0.44204721090018706,0.8276569819240742,98.57755751656106,30.54191011156766,0.109497800469398,3.189088344573975,1.068639426976442,Dornburg field,322,160,519,0,2007,12,D_AF_r5_2019
2019,5,Dornburg_reduced,spring barley,D_AF_r6_1m,NA,215,dornburg1823,g/m2,1,Dornburg,51.011111,11.646111,NA,NA,poplar,reduced,NA,NA,NA,NA,NA,NA,NA,NA,NA,NA,NA,NA,NA,NA,NA,D_AF_r6_1m_2019,NA,barley,2.15,NA,2014,5,51.01367042554204,11.644415941361151,51.009302829000035,11.637492610000038,51.01716262600007,11.653890349000052,536642.4637821629,Summer Barley,0-0-0,Mar,Jul,assigned,https://doi.org/10.1007/s10457-026-01498-4,3,7,2019-03-01,2019-07-01,13.369362545013429,21.719850540161133,20.82726812362671,1443.7512853458113,71.55876296278029,140,0.44204721090018706,0.8276569819240742,98.57755751656106,30.54191011156766,0.109497800469398,3.189088344573975,1.068639426976442,Dornburg field,322,160,519,0,2007,12,D_AF_r6_2019
2019,5,Dornburg_reduced,spring barley,D_AF_r6_4m,NA,513,dornburg1823,g/m2,4,Dornburg,51.011111,11.646111,NA,NA,poplar,reduced,NA,NA,NA,NA,NA,NA,NA,NA,NA,NA,NA,NA,NA,NA,NA,D_AF_r6_4m_2019,NA,barley,5.13,NA,2014,5,51.01367042554204,11.644415941361151,51.009302829000035,11.637492610000038,51.01716262600007,11.653890349000052,536642.4637821629,Summer Barley,0-0-0,Mar,Jul,assigned,https://doi.org/10.1007/s10457-026-01498-4,3,7,2019-03-01,2019-07-01,13.369362545013429,21.719850540161133,20.82726812362671,1443.7512853458113,71.55876296278029,140,0.44204721090018706,0.8276569819240742,98.57755751656106,30.54191011156766,0.109497800469398,3.189088344573975,1.068639426976442,Dornburg field,322,160,519,0,2007,12,D_AF_r6_2019
2019,5,Dornburg_reduced,spring barley,D_AF_r6_7m,NA,461,dornburg1823,g/m2,7,Dornburg,51.011111,11.646111,NA,NA,poplar,reduced,NA,NA,NA,NA,NA,NA,NA,NA,NA,NA,NA,NA,NA,NA,NA,D_AF_r6_7m_2019,NA,barley,4.61,NA,2014,5,51.01367042554204,11.644415941361151,51.009302829000035,11.637492610000038,51.01716262600007,11.653890349000052,536642.4637821629,Summer Barley,0-0-0,Mar,Jul,assigned,https://doi.org/10.1007/s10457-026-01498-4,3,7,2019-03-01,2019-07-01,13.369362545013429,21.719850540161133,20.82726812362671,1443.7512853458113,71.55876296278029,140,0.44204721090018706,0.8276569819240742,98.57755751656106,30.54191011156766,0.109497800469398,3.189088344573975,1.068639426976442,Dornburg field,322,160,519,0,2007,12,D_AF_r6_2019
2019,5,Dornburg_reduced,spring barley,D_AF_r6_24m,NA,553,dornburg1823,g/m2,24,Dornburg,51.011111,11.646111,NA,NA,poplar,reduced,NA,NA,NA,NA,NA,NA,NA,NA,NA,NA,NA,NA,NA,NA,NA,D_AF_r6_24m_2019,NA,barley,5.53,NA,2014,5,51.01367042554204,11.644415941361151,51.009302829000035,11.637492610000038,51.01716262600007,11.653890349000052,536642.4637821629,Summer Barley,0-0-0,Mar,Jul,assigned,https://doi.org/10.1007/s10457-026-01498-4,3,7,2019-03-01,2019-07-01,13.369362545013429,21.719850540161133,20.82726812362671,1443.7512853458113,71.55876296278029,140,0.44204721090018706,0.8276569819240742,98.57755751656106,30.54191011156766,0.109497800469398,3.189088344573975,1.068639426976442,Dornburg field,322,160,519,0,2007,12,D_AF_r6_2019
2019,5,Dornburg_reduced,spring barley,D_AF_r7_1m,NA,203,dornburg1823,g/m2,1,Dornburg,51.011111,11.646111,NA,NA,poplar,reduced,NA,NA,NA,NA,NA,NA,NA,NA,NA,NA,NA,NA,NA,NA,NA,D_AF_r7_1m_2019,NA,barley,2.03,NA,2014,5,51.01367042554204,11.644415941361151,51.009302829000035,11.637492610000038,51.01716262600007,11.653890349000052,536642.4637821629,Summer Barley,0-0-0,Mar,Jul,assigned,https://doi.org/10.1007/s10457-026-01498-4,3,7,2019-03-01,2019-07-01,13.369362545013429,21.719850540161133,20.82726812362671,1443.7512853458113,71.55876296278029,140,0.44204721090018706,0.8276569819240742,98.57755751656106,30.54191011156766,0.109497800469398,3.189088344573975,1.068639426976442,Dornburg field,322,160,519,0,2007,12,D_AF_r7_2019
2019,5,Dornburg_reduced,spring barley,D_AF_r7_4m,NA,514,dornburg1823,g/m2,4,Dornburg,51.011111,11.646111,NA,NA,poplar,reduced,NA,NA,NA,NA,NA,NA,NA,NA,NA,NA,NA,NA,NA,NA,NA,D_AF_r7_4m_2019,NA,barley,5.14,NA,2014,5,51.01367042554204,11.644415941361151,51.009302829000035,11.637492610000038,51.01716262600007,11.653890349000052,536642.4637821629,Summer Barley,0-0-0,Mar,Jul,assigned,https://doi.org/10.1007/s10457-026-01498-4,3,7,2019-03-01,2019-07-01,13.369362545013429,21.719850540161133,20.82726812362671,1443.7512853458113,71.55876296278029,140,0.44204721090018706,0.8276569819240742,98.57755751656106,30.54191011156766,0.109497800469398,3.189088344573975,1.068639426976442,Dornburg field,322,160,519,0,2007,12,D_AF_r7_2019
2019,5,Dornburg_reduced,spring barley,D_AF_r7_7m,NA,464,dornburg1823,g/m2,7,Dornburg,51.011111,11.646111,NA,NA,poplar,reduced,NA,NA,NA,NA,NA,NA,NA,NA,NA,NA,NA,NA,NA,NA,NA,D_AF_r7_7m_2019,NA,barley,4.64,NA,2014,5,51.01367042554204,11.644415941361151,51.009302829000035,11.637492610000038,51.01716262600007,11.653890349000052,536642.4637821629,Summer Barley,0-0-0,Mar,Jul,assigned,https://doi.org/10.1007/s10457-026-01498-4,3,7,2019-03-01,2019-07-01,13.369362545013429,21.719850540161133,20.82726812362671,1443.7512853458113,71.55876296278029,140,0.44204721090018706,0.8276569819240742,98.57755751656106,30.54191011156766,0.109497800469398,3.189088344573975,1.068639426976442,Dornburg field,322,160,519,0,2007,12,D_AF_r7_2019
2019,5,Dornburg_reduced,spring barley,D_AF_r7_24m,NA,577,dornburg1823,g/m2,24,Dornburg,51.011111,11.646111,NA,NA,poplar,reduced,NA,NA,NA,NA,NA,NA,NA,NA,NA,NA,NA,NA,NA,NA,NA,D_AF_r7_24m_2019,NA,barley,5.7700000000000005,NA,2014,5,51.01367042554204,11.644415941361151,51.009302829000035,11.637492610000038,51.01716262600007,11.653890349000052,536642.4637821629,Summer Barley,0-0-0,Mar,Jul,assigned,https://doi.org/10.1007/s10457-026-01498-4,3,7,2019-03-01,2019-07-01,13.369362545013429,21.719850540161133,20.82726812362671,1443.7512853458113,71.55876296278029,140,0.44204721090018706,0.8276569819240742,98.57755751656106,30.54191011156766,0.109497800469398,3.189088344573975,1.068639426976442,Dornburg field,322,160,519,0,2007,12,D_AF_r7_2019
2019,5,Dornburg_reduced,spring barley,D_AF_r8_1m,NA,280,dornburg1823,g/m2,1,Dornburg,51.011111,11.646111,NA,NA,poplar,reduced,NA,NA,NA,NA,NA,NA,NA,NA,NA,NA,NA,NA,NA,NA,NA,D_AF_r8_1m_2019,NA,barley,2.8000000000000003,NA,2014,5,51.01367042554204,11.644415941361151,51.009302829000035,11.637492610000038,51.01716262600007,11.653890349000052,536642.4637821629,Summer Barley,0-0-0,Mar,Jul,assigned,https://doi.org/10.1007/s10457-026-01498-4,3,7,2019-03-01,2019-07-01,13.369362545013429,21.719850540161133,20.82726812362671,1443.7512853458113,71.55876296278029,140,0.44204721090018706,0.8276569819240742,98.57755751656106,30.54191011156766,0.109497800469398,3.189088344573975,1.068639426976442,Dornburg field,322,160,519,0,2007,12,D_AF_r8_2019
2019,5,Dornburg_reduced,spring barley,D_AF_r8_4m,NA,487,dornburg1823,g/m2,4,Dornburg,51.011111,11.646111,NA,NA,poplar,reduced,NA,NA,NA,NA,NA,NA,NA,NA,NA,NA,NA,NA,NA,NA,NA,D_AF_r8_4m_2019,NA,barley,4.87,NA,2014,5,51.01367042554204,11.644415941361151,51.009302829000035,11.637492610000038,51.01716262600007,11.653890349000052,536642.4637821629,Summer Barley,0-0-0,Mar,Jul,assigned,https://doi.org/10.1007/s10457-026-01498-4,3,7,2019-03-01,2019-07-01,13.369362545013429,21.719850540161133,20.82726812362671,1443.7512853458113,71.55876296278029,140,0.44204721090018706,0.8276569819240742,98.57755751656106,30.54191011156766,0.109497800469398,3.189088344573975,1.068639426976442,Dornburg field,322,160,519,0,2007,12,D_AF_r8_2019
2019,5,Dornburg_reduced,spring barley,D_AF_r8_7m,NA,457,dornburg1823,g/m2,7,Dornburg,51.011111,11.646111,NA,NA,poplar,reduced,NA,NA,NA,NA,NA,NA,NA,NA,NA,NA,NA,NA,NA,NA,NA,D_AF_r8_7m_2019,NA,barley,4.57,NA,2014,5,51.01367042554204,11.644415941361151,51.009302829000035,11.637492610000038,51.01716262600007,11.653890349000052,536642.4637821629,Summer Barley,0-0-0,Mar,Jul,assigned,https://doi.org/10.1007/s10457-026-01498-4,3,7,2019-03-01,2019-07-01,13.369362545013429,21.719850540161133,20.82726812362671,1443.7512853458113,71.55876296278029,140,0.44204721090018706,0.8276569819240742,98.57755751656106,30.54191011156766,0.109497800469398,3.189088344573975,1.068639426976442,Dornburg field,322,160,519,0,2007,12,D_AF_r8_2019
2019,5,Dornburg_reduced,spring barley,D_AF_r8_24m,NA,612,dornburg1823,g/m2,24,Dornburg,51.011111,11.646111,NA,NA,poplar,reduced,NA,NA,NA,NA,NA,NA,NA,NA,NA,NA,NA,NA,NA,NA,NA,D_AF_r8_24m_2019,NA,barley,6.12,NA,2014,5,51.01367042554204,11.644415941361151,51.009302829000035,11.637492610000038,51.01716262600007,11.653890349000052,536642.4637821629,Summer Barley,0-0-0,Mar,Jul,assigned,https://doi.org/10.1007/s10457-026-01498-4,3,7,2019-03-01,2019-07-01,13.369362545013429,21.719850540161133,20.82726812362671,1443.7512853458113,71.55876296278029,140,0.44204721090018706,0.8276569819240742,98.57755751656106,30.54191011156766,0.109497800469398,3.189088344573975,1.068639426976442,Dornburg field,322,160,519,0,2007,12,D_AF_r8_2019
2020,6,Dornburg_normal,spring barley,D_AF_r1_1m,NA,56,dornburg1823,g/m2,1,Dornburg,51.011111,11.646111,NA,NA,poplar,normal,NA,NA,NA,NA,NA,NA,NA,NA,NA,NA,NA,NA,NA,NA,NA,D_AF_r1_1m_2020,NA,barley,0.56,NA,2014,6,51.01367042554204,11.644415941361151,51.009302829000035,11.637492610000038,51.01716262600007,11.653890349000052,536642.4637821629,Summer Barley,45-20-37,Mar,Jul,assigned,https://doi.org/10.1007/s10457-026-01498-4,3,7,2020-03-01,2020-07-01,12.289362716674804,22.64574012756348,19.07830566167831,1443.7512853458113,74.50347453828276,120,0.4414419309500115,0.8278522278204291,98.62123474442872,29.667975219717096,0.109497800469398,3.189088344573975,1.068639426976442,Dornburg field,322,160,519,45,2007,13,D_AF_r1_2020
2020,6,Dornburg_normal,spring barley,D_AF_r1_4m,NA,166,dornburg1823,g/m2,4,Dornburg,51.011111,11.646111,NA,NA,poplar,normal,NA,NA,NA,NA,NA,NA,NA,NA,NA,NA,NA,NA,NA,NA,NA,D_AF_r1_4m_2020,NA,barley,1.66,NA,2014,6,51.01367042554204,11.644415941361151,51.009302829000035,11.637492610000038,51.01716262600007,11.653890349000052,536642.4637821629,Summer Barley,45-20-37,Mar,Jul,assigned,https://doi.org/10.1007/s10457-026-01498-4,3,7,2020-03-01,2020-07-01,12.289362716674804,22.64574012756348,19.07830566167831,1443.7512853458113,74.50347453828276,120,0.4414419309500115,0.8278522278204291,98.62123474442872,29.667975219717096,0.109497800469398,3.189088344573975,1.068639426976442,Dornburg field,322,160,519,45,2007,13,D_AF_r1_2020
2020,6,Dornburg_normal,spring barley,D_AF_r1_7m,NA,280,dornburg1823,g/m2,7,Dornburg,51.011111,11.646111,NA,NA,poplar,normal,NA,NA,NA,NA,NA,NA,NA,NA,NA,NA,NA,NA,NA,NA,NA,D_AF_r1_7m_2020,NA,barley,2.8000000000000003,NA,2014,6,51.01367042554204,11.644415941361151,51.009302829000035,11.637492610000038,51.01716262600007,11.653890349000052,536642.4637821629,Summer Barley,45-20-37,Mar,Jul,assigned,https://doi.org/10.1007/s10457-026-01498-4,3,7,2020-03-01,2020-07-01,12.289362716674804,22.64574012756348,19.07830566167831,1443.7512853458113,74.50347453828276,120,0.4414419309500115,0.8278522278204291,98.62123474442872,29.667975219717096,0.109497800469398,3.189088344573975,1.068639426976442,Dornburg field,322,160,519,45,2007,13,D_AF_r1_2020
2020,6,Dornburg_normal,spring barley,D_AF_r1_24m,NA,348,dornburg1823,g/m2,24,Dornburg,51.011111,11.646111,NA,NA,poplar,normal,NA,NA,NA,NA,NA,NA,NA,NA,NA,NA,NA,NA,NA,NA,NA,D_AF_r1_24m_2020,NA,barley,3.48,NA,2014,6,51.01367042554204,11.644415941361151,51.009302829000035,11.637492610000038,51.01716262600007,11.653890349000052,536642.4637821629,Summer Barley,45-20-37,Mar,Jul,assigned,https://doi.org/10.1007/s10457-026-01498-4,3,7,2020-03-01,2020-07-01,12.289362716674804,22.64574012756348,19.07830566167831,1443.7512853458113,74.50347453828276,120,0.4414419309500115,0.8278522278204291,98.62123474442872,29.667975219717096,0.109497800469398,3.189088344573975,1.068639426976442,Dornburg field,322,160,519,45,2007,13,D_AF_r1_2020
2020,6,Dornburg_normal,spring barley,D_AF_r2_1m,NA,122,dornburg1823,g/m2,1,Dornburg,51.011111,11.646111,NA,NA,poplar,normal,NA,NA,NA,NA,NA,NA,NA,NA,NA,NA,NA,NA,NA,NA,NA,D_AF_r2_1m_2020,NA,barley,1.22,NA,2014,6,51.01367042554204,11.644415941361151,51.009302829000035,11.637492610000038,51.01716262600007,11.653890349000052,536642.4637821629,Summer Barley,45-20-37,Mar,Jul,assigned,https://doi.org/10.1007/s10457-026-01498-4,3,7,2020-03-01,2020-07-01,12.289362716674804,22.64574012756348,19.07830566167831,1443.7512853458113,74.50347453828276,120,0.4414419309500115,0.8278522278204291,98.62123474442872,29.667975219717096,0.109497800469398,3.189088344573975,1.068639426976442,Dornburg field,322,160,519,45,2007,13,D_AF_r2_2020
2020,6,Dornburg_normal,spring barley,D_AF_r2_4m,NA,268,dornburg1823,g/m2,4,Dornburg,51.011111,11.646111,NA,NA,poplar,normal,NA,NA,NA,NA,NA,NA,NA,NA,NA,NA,NA,NA,NA,NA,NA,D_AF_r2_4m_2020,NA,barley,2.68,NA,2014,6,51.01367042554204,11.644415941361151,51.009302829000035,11.637492610000038,51.01716262600007,11.653890349000052,536642.4637821629,Summer Barley,45-20-37,Mar,Jul,assigned,https://doi.org/10.1007/s10457-026-01498-4,3,7,2020-03-01,2020-07-01,12.289362716674804,22.64574012756348,19.07830566167831,1443.7512853458113,74.50347453828276,120,0.4414419309500115,0.8278522278204291,98.62123474442872,29.667975219717096,0.109497800469398,3.189088344573975,1.068639426976442,Dornburg field,322,160,519,45,2007,13,D_AF_r2_2020
2020,6,Dornburg_normal,spring barley,D_AF_r2_7m,NA,265,dornburg1823,g/m2,7,Dornburg,51.011111,11.646111,NA,NA,poplar,normal,NA,NA,NA,NA,NA,NA,NA,NA,NA,NA,NA,NA,NA,NA,NA,D_AF_r2_7m_2020,NA,barley,2.65,NA,2014,6,51.01367042554204,11.644415941361151,51.009302829000035,11.637492610000038,51.01716262600007,11.653890349000052,536642.4637821629,Summer Barley,45-20-37,Mar,Jul,assigned,https://doi.org/10.1007/s10457-026-01498-4,3,7,2020-03-01,2020-07-01,12.289362716674804,22.64574012756348,19.07830566167831,1443.7512853458113,74.50347453828276,120,0.4414419309500115,0.8278522278204291,98.62123474442872,29.667975219717096,0.109497800469398,3.189088344573975,1.068639426976442,Dornburg field,322,160,519,45,2007,13,D_AF_r2_2020
2020,6,Dornburg_normal,spring barley,D_AF_r2_24m,NA,258,dornburg1823,g/m2,24,Dornburg,51.011111,11.646111,NA,NA,poplar,normal,NA,NA,NA,NA,NA,NA,NA,NA,NA,NA,NA,NA,NA,NA,NA,D_AF_r2_24m_2020,NA,barley,2.58,NA,2014,6,51.01367042554204,11.644415941361151,51.009302829000035,11.637492610000038,51.01716262600007,11.653890349000052,536642.4637821629,Summer Barley,45-20-37,Mar,Jul,assigned,https://doi.org/10.1007/s10457-026-01498-4,3,7,2020-03-01,2020-07-01,12.289362716674804,22.64574012756348,19.07830566167831,1443.7512853458113,74.50347453828276,120,0.4414419309500115,0.8278522278204291,98.62123474442872,29.667975219717096,0.109497800469398,3.189088344573975,1.068639426976442,Dornburg field,322,160,519,45,2007,13,D_AF_r2_2020
2020,6,Dornburg_normal,spring barley,D_AF_r3_7m,NA,315,dornburg1823,g/m2,7,Dornburg,51.011111,11.646111,NA,NA,poplar,normal,NA,NA,NA,NA,NA,NA,NA,NA,NA,NA,NA,NA,NA,NA,NA,D_AF_r3_7m_2020,NA,barley,3.15,NA,2014,6,51.01367042554204,11.644415941361151,51.009302829000035,11.637492610000038,51.01716262600007,11.653890349000052,536642.4637821629,Summer Barley,45-20-37,Mar,Jul,assigned,https://doi.org/10.1007/s10457-026-01498-4,3,7,2020-03-01,2020-07-01,12.289362716674804,22.64574012756348,19.07830566167831,1443.7512853458113,74.50347453828276,120,0.4414419309500115,0.8278522278204291,98.62123474442872,29.667975219717096,0.109497800469398,3.189088344573975,1.068639426976442,Dornburg field,322,160,519,45,2007,13,D_AF_r3_2020
2020,6,Dornburg_normal,spring barley,D_AF_r3_24m,NA,362,dornburg1823,g/m2,24,Dornburg,51.011111,11.646111,NA,NA,poplar,normal,NA,NA,NA,NA,NA,NA,NA,NA,NA,NA,NA,NA,NA,NA,NA,D_AF_r3_24m_2020,NA,barley,3.62,NA,2014,6,51.01367042554204,11.644415941361151,51.009302829000035,11.637492610000038,51.01716262600007,11.653890349000052,536642.4637821629,Summer Barley,45-20-37,Mar,Jul,assigned,https://doi.org/10.1007/s10457-026-01498-4,3,7,2020-03-01,2020-07-01,12.289362716674804,22.64574012756348,19.07830566167831,1443.7512853458113,74.50347453828276,120,0.4414419309500115,0.8278522278204291,98.62123474442872,29.667975219717096,0.109497800469398,3.189088344573975,1.068639426976442,Dornburg field,322,160,519,45,2007,13,D_AF_r3_2020
2020,6,Dornburg_normal,spring barley,D_AF_r4_1m,NA,54,dornburg1823,g/m2,1,Dornburg,51.011111,11.646111,NA,NA,poplar,normal,NA,NA,NA,NA,NA,NA,NA,NA,NA,NA,NA,NA,NA,NA,NA,D_AF_r4_1m_2020,NA,barley,0.54,NA,2014,6,51.01367042554204,11.644415941361151,51.009302829000035,11.637492610000038,51.01716262600007,11.653890349000052,536642.4637821629,Summer Barley,45-20-37,Mar,Jul,assigned,https://doi.org/10.1007/s10457-026-01498-4,3,7,2020-03-01,2020-07-01,12.289362716674804,22.64574012756348,19.07830566167831,1443.7512853458113,74.50347453828276,120,0.4414419309500115,0.8278522278204291,98.62123474442872,29.667975219717096,0.109497800469398,3.189088344573975,1.068639426976442,Dornburg field,322,160,519,45,2007,13,D_AF_r4_2020
2020,6,Dornburg_normal,spring barley,D_AF_r4_4m,NA,217,dornburg1823,g/m2,4,Dornburg,51.011111,11.646111,NA,NA,poplar,normal,NA,NA,NA,NA,NA,NA,NA,NA,NA,NA,NA,NA,NA,NA,NA,D_AF_r4_4m_2020,NA,barley,2.17,NA,2014,6,51.01367042554204,11.644415941361151,51.009302829000035,11.637492610000038,51.01716262600007,11.653890349000052,536642.4637821629,Summer Barley,45-20-37,Mar,Jul,assigned,https://doi.org/10.1007/s10457-026-01498-4,3,7,2020-03-01,2020-07-01,12.289362716674804,22.64574012756348,19.07830566167831,1443.7512853458113,74.50347453828276,120,0.4414419309500115,0.8278522278204291,98.62123474442872,29.667975219717096,0.109497800469398,3.189088344573975,1.068639426976442,Dornburg field,322,160,519,45,2007,13,D_AF_r4_2020
2020,6,Dornburg_normal,spring barley,D_AF_r4_7m,NA,339,dornburg1823,g/m2,7,Dornburg,51.011111,11.646111,NA,NA,poplar,normal,NA,NA,NA,NA,NA,NA,NA,NA,NA,NA,NA,NA,NA,NA,NA,D_AF_r4_7m_2020,NA,barley,3.39,NA,2014,6,51.01367042554204,11.644415941361151,51.009302829000035,11.637492610000038,51.01716262600007,11.653890349000052,536642.4637821629,Summer Barley,45-20-37,Mar,Jul,assigned,https://doi.org/10.1007/s10457-026-01498-4,3,7,2020-03-01,2020-07-01,12.289362716674804,22.64574012756348,19.07830566167831,1443.7512853458113,74.50347453828276,120,0.4414419309500115,0.8278522278204291,98.62123474442872,29.667975219717096,0.109497800469398,3.189088344573975,1.068639426976442,Dornburg field,322,160,519,45,2007,13,D_AF_r4_2020
2020,6,Dornburg_normal,spring barley,D_AF_r4_24m,NA,251,dornburg1823,g/m2,24,Dornburg,51.011111,11.646111,NA,NA,poplar,normal,NA,NA,NA,NA,NA,NA,NA,NA,NA,NA,NA,NA,NA,NA,NA,D_AF_r4_24m_2020,NA,barley,2.51,NA,2014,6,51.01367042554204,11.644415941361151,51.009302829000035,11.637492610000038,51.01716262600007,11.653890349000052,536642.4637821629,Summer Barley,45-20-37,Mar,Jul,assigned,https://doi.org/10.1007/s10457-026-01498-4,3,7,2020-03-01,2020-07-01,12.289362716674804,22.64574012756348,19.07830566167831,1443.7512853458113,74.50347453828276,120,0.4414419309500115,0.8278522278204291,98.62123474442872,29.667975219717096,0.109497800469398,3.189088344573975,1.068639426976442,Dornburg field,322,160,519,45,2007,13,D_AF_r4_2020
2020,6,Dornburg_reduced,spring barley,D_AF_r5_1m,NA,48,dornburg1823,g/m2,1,Dornburg,51.011111,11.646111,NA,NA,poplar,reduced,NA,NA,NA,NA,NA,NA,NA,NA,NA,NA,NA,NA,NA,NA,NA,D_AF_r5_1m_2020,NA,barley,0.48,NA,2014,6,51.01367042554204,11.644415941361151,51.009302829000035,11.637492610000038,51.01716262600007,11.653890349000052,536642.4637821629,Summer Barley,0-0-0,Mar,Jul,assigned,https://doi.org/10.1007/s10457-026-01498-4,3,7,2020-03-01,2020-07-01,12.289362716674804,22.64574012756348,19.07830566167831,1443.7512853458113,74.50347453828276,120,0.4414419309500115,0.8278522278204291,98.62123474442872,29.667975219717096,0.109497800469398,3.189088344573975,1.068639426976442,Dornburg field,322,160,519,0,2007,13,D_AF_r5_2020
2020,6,Dornburg_reduced,spring barley,D_AF_r5_4m,NA,213,dornburg1823,g/m2,4,Dornburg,51.011111,11.646111,NA,NA,poplar,reduced,NA,NA,NA,NA,NA,NA,NA,NA,NA,NA,NA,NA,NA,NA,NA,D_AF_r5_4m_2020,NA,barley,2.13,NA,2014,6,51.01367042554204,11.644415941361151,51.009302829000035,11.637492610000038,51.01716262600007,11.653890349000052,536642.4637821629,Summer Barley,0-0-0,Mar,Jul,assigned,https://doi.org/10.1007/s10457-026-01498-4,3,7,2020-03-01,2020-07-01,12.289362716674804,22.64574012756348,19.07830566167831,1443.7512853458113,74.50347453828276,120,0.4414419309500115,0.8278522278204291,98.62123474442872,29.667975219717096,0.109497800469398,3.189088344573975,1.068639426976442,Dornburg field,322,160,519,0,2007,13,D_AF_r5_2020
2020,6,Dornburg_reduced,spring barley,D_AF_r5_7m,NA,253,dornburg1823,g/m2,7,Dornburg,51.011111,11.646111,NA,NA,poplar,reduced,NA,NA,NA,NA,NA,NA,NA,NA,NA,NA,NA,NA,NA,NA,NA,D_AF_r5_7m_2020,NA,barley,2.53,NA,2014,6,51.01367042554204,11.644415941361151,51.009302829000035,11.637492610000038,51.01716262600007,11.653890349000052,536642.4637821629,Summer Barley,0-0-0,Mar,Jul,assigned,https://doi.org/10.1007/s10457-026-01498-4,3,7,2020-03-01,2020-07-01,12.289362716674804,22.64574012756348,19.07830566167831,1443.7512853458113,74.50347453828276,120,0.4414419309500115,0.8278522278204291,98.62123474442872,29.667975219717096,0.109497800469398,3.189088344573975,1.068639426976442,Dornburg field,322,160,519,0,2007,13,D_AF_r5_2020
2020,6,Dornburg_reduced,spring barley,D_AF_r5_24m,NA,320,dornburg1823,g/m2,24,Dornburg,51.011111,11.646111,NA,NA,poplar,reduced,NA,NA,NA,NA,NA,NA,NA,NA,NA,NA,NA,NA,NA,NA,NA,D_AF_r5_24m_2020,NA,barley,3.2,NA,2014,6,51.01367042554204,11.644415941361151,51.009302829000035,11.637492610000038,51.01716262600007,11.653890349000052,536642.4637821629,Summer Barley,0-0-0,Mar,Jul,assigned,https://doi.org/10.1007/s10457-026-01498-4,3,7,2020-03-01,2020-07-01,12.289362716674804,22.64574012756348,19.07830566167831,1443.7512853458113,74.50347453828276,120,0.4414419309500115,0.8278522278204291,98.62123474442872,29.667975219717096,0.109497800469398,3.189088344573975,1.068639426976442,Dornburg field,322,160,519,0,2007,13,D_AF_r5_2020
2020,6,Dornburg_reduced,spring barley,D_AF_r6_1m,NA,44,dornburg1823,g/m2,1,Dornburg,51.011111,11.646111,NA,NA,poplar,reduced,NA,NA,NA,NA,NA,NA,NA,NA,NA,NA,NA,NA,NA,NA,NA,D_AF_r6_1m_2020,NA,barley,0.44,NA,2014,6,51.01367042554204,11.644415941361151,51.009302829000035,11.637492610000038,51.01716262600007,11.653890349000052,536642.4637821629,Summer Barley,0-0-0,Mar,Jul,assigned,https://doi.org/10.1007/s10457-026-01498-4,3,7,2020-03-01,2020-07-01,12.289362716674804,22.64574012756348,19.07830566167831,1443.7512853458113,74.50347453828276,120,0.4414419309500115,0.8278522278204291,98.62123474442872,29.667975219717096,0.109497800469398,3.189088344573975,1.068639426976442,Dornburg field,322,160,519,0,2007,13,D_AF_r6_2020
2020,6,Dornburg_reduced,spring barley,D_AF_r6_4m,NA,90,dornburg1823,g/m2,4,Dornburg,51.011111,11.646111,NA,NA,poplar,reduced,NA,NA,NA,NA,NA,NA,NA,NA,NA,NA,NA,NA,NA,NA,NA,D_AF_r6_4m_2020,NA,barley,0.9,NA,2014,6,51.01367042554204,11.644415941361151,51.009302829000035,11.637492610000038,51.01716262600007,11.653890349000052,536642.4637821629,Summer Barley,0-0-0,Mar,Jul,assigned,https://doi.org/10.1007/s10457-026-01498-4,3,7,2020-03-01,2020-07-01,12.289362716674804,22.64574012756348,19.07830566167831,1443.7512853458113,74.50347453828276,120,0.4414419309500115,0.8278522278204291,98.62123474442872,29.667975219717096,0.109497800469398,3.189088344573975,1.068639426976442,Dornburg field,322,160,519,0,2007,13,D_AF_r6_2020
2020,6,Dornburg_reduced,spring barley,D_AF_r6_7m,NA,141,dornburg1823,g/m2,7,Dornburg,51.011111,11.646111,NA,NA,poplar,reduced,NA,NA,NA,NA,NA,NA,NA,NA,NA,NA,NA,NA,NA,NA,NA,D_AF_r6_7m_2020,NA,barley,1.41,NA,2014,6,51.01367042554204,11.644415941361151,51.009302829000035,11.637492610000038,51.01716262600007,11.653890349000052,536642.4637821629,Summer Barley,0-0-0,Mar,Jul,assigned,https://doi.org/10.1007/s10457-026-01498-4,3,7,2020-03-01,2020-07-01,12.289362716674804,22.64574012756348,19.07830566167831,1443.7512853458113,74.50347453828276,120,0.4414419309500115,0.8278522278204291,98.62123474442872,29.667975219717096,0.109497800469398,3.189088344573975,1.068639426976442,Dornburg field,322,160,519,0,2007,13,D_AF_r6_2020
2020,6,Dornburg_reduced,spring barley,D_AF_r6_24m,NA,212,dornburg1823,g/m2,24,Dornburg,51.011111,11.646111,NA,NA,poplar,reduced,NA,NA,NA,NA,NA,NA,NA,NA,NA,NA,NA,NA,NA,NA,NA,D_AF_r6_24m_2020,NA,barley,2.12,NA,2014,6,51.01367042554204,11.644415941361151,51.009302829000035,11.637492610000038,51.01716262600007,11.653890349000052,536642.4637821629,Summer Barley,0-0-0,Mar,Jul,assigned,https://doi.org/10.1007/s10457-026-01498-4,3,7,2020-03-01,2020-07-01,12.289362716674804,22.64574012756348,19.07830566167831,1443.7512853458113,74.50347453828276,120,0.4414419309500115,0.8278522278204291,98.62123474442872,29.667975219717096,0.109497800469398,3.189088344573975,1.068639426976442,Dornburg field,322,160,519,0,2007,13,D_AF_r6_2020
2020,6,Dornburg_reduced,spring barley,D_AF_r7_1m,NA,88,dornburg1823,g/m2,1,Dornburg,51.011111,11.646111,NA,NA,poplar,reduced,NA,NA,NA,NA,NA,NA,NA,NA,NA,NA,NA,NA,NA,NA,NA,D_AF_r7_1m_2020,NA,barley,0.88,NA,2014,6,51.01367042554204,11.644415941361151,51.009302829000035,11.637492610000038,51.01716262600007,11.653890349000052,536642.4637821629,Summer Barley,0-0-0,Mar,Jul,assigned,https://doi.org/10.1007/s10457-026-01498-4,3,7,2020-03-01,2020-07-01,12.289362716674804,22.64574012756348,19.07830566167831,1443.7512853458113,74.50347453828276,120,0.4414419309500115,0.8278522278204291,98.62123474442872,29.667975219717096,0.109497800469398,3.189088344573975,1.068639426976442,Dornburg field,322,160,519,0,2007,13,D_AF_r7_2020
2020,6,Dornburg_reduced,spring barley,D_AF_r7_4m,NA,303,dornburg1823,g/m2,4,Dornburg,51.011111,11.646111,NA,NA,poplar,reduced,NA,NA,NA,NA,NA,NA,NA,NA,NA,NA,NA,NA,NA,NA,NA,D_AF_r7_4m_2020,NA,barley,3.03,NA,2014,6,51.01367042554204,11.644415941361151,51.009302829000035,11.637492610000038,51.01716262600007,11.653890349000052,536642.4637821629,Summer Barley,0-0-0,Mar,Jul,assigned,https://doi.org/10.1007/s10457-026-01498-4,3,7,2020-03-01,2020-07-01,12.289362716674804,22.64574012756348,19.07830566167831,1443.7512853458113,74.50347453828276,120,0.4414419309500115,0.8278522278204291,98.62123474442872,29.667975219717096,0.109497800469398,3.189088344573975,1.068639426976442,Dornburg field,322,160,519,0,2007,13,D_AF_r7_2020
2020,6,Dornburg_reduced,spring barley,D_AF_r7_7m,NA,287,dornburg1823,g/m2,7,Dornburg,51.011111,11.646111,NA,NA,poplar,reduced,NA,NA,NA,NA,NA,NA,NA,NA,NA,NA,NA,NA,NA,NA,NA,D_AF_r7_7m_2020,NA,barley,2.87,NA,2014,6,51.01367042554204,11.644415941361151,51.009302829000035,11.637492610000038,51.01716262600007,11.653890349000052,536642.4637821629,Summer Barley,0-0-0,Mar,Jul,assigned,https://doi.org/10.1007/s10457-026-01498-4,3,7,2020-03-01,2020-07-01,12.289362716674804,22.64574012756348,19.07830566167831,1443.7512853458113,74.50347453828276,120,0.4414419309500115,0.8278522278204291,98.62123474442872,29.667975219717096,0.109497800469398,3.189088344573975,1.068639426976442,Dornburg field,322,160,519,0,2007,13,D_AF_r7_2020
2020,6,Dornburg_reduced,spring barley,D_AF_r7_24m,NA,350,dornburg1823,g/m2,24,Dornburg,51.011111,11.646111,NA,NA,poplar,reduced,NA,NA,NA,NA,NA,NA,NA,NA,NA,NA,NA,NA,NA,NA,NA,D_AF_r7_24m_2020,NA,barley,3.5,NA,2014,6,51.01367042554204,11.644415941361151,51.009302829000035,11.637492610000038,51.01716262600007,11.653890349000052,536642.4637821629,Summer Barley,0-0-0,Mar,Jul,assigned,https://doi.org/10.1007/s10457-026-01498-4,3,7,2020-03-01,2020-07-01,12.289362716674804,22.64574012756348,19.07830566167831,1443.7512853458113,74.50347453828276,120,0.4414419309500115,0.8278522278204291,98.62123474442872,29.667975219717096,0.109497800469398,3.189088344573975,1.068639426976442,Dornburg field,322,160,519,0,2007,13,D_AF_r7_2020
2020,6,Dornburg_reduced,spring barley,D_AF_r8_1m,NA,95,dornburg1823,g/m2,1,Dornburg,51.011111,11.646111,NA,NA,poplar,reduced,NA,NA,NA,NA,NA,NA,NA,NA,NA,NA,NA,NA,NA,NA,NA,D_AF_r8_1m_2020,NA,barley,0.95,NA,2014,6,51.01367042554204,11.644415941361151,51.009302829000035,11.637492610000038,51.01716262600007,11.653890349000052,536642.4637821629,Summer Barley,0-0-0,Mar,Jul,assigned,https://doi.org/10.1007/s10457-026-01498-4,3,7,2020-03-01,2020-07-01,12.289362716674804,22.64574012756348,19.07830566167831,1443.7512853458113,74.50347453828276,120,0.4414419309500115,0.8278522278204291,98.62123474442872,29.667975219717096,0.109497800469398,3.189088344573975,1.068639426976442,Dornburg field,322,160,519,0,2007,13,D_AF_r8_2020
2020,6,Dornburg_reduced,spring barley,D_AF_r8_4m,NA,161,dornburg1823,g/m2,4,Dornburg,51.011111,11.646111,NA,NA,poplar,reduced,NA,NA,NA,NA,NA,NA,NA,NA,NA,NA,NA,NA,NA,NA,NA,D_AF_r8_4m_2020,NA,barley,1.61,NA,2014,6,51.01367042554204,11.644415941361151,51.009302829000035,11.637492610000038,51.01716262600007,11.653890349000052,536642.4637821629,Summer Barley,0-0-0,Mar,Jul,assigned,https://doi.org/10.1007/s10457-026-01498-4,3,7,2020-03-01,2020-07-01,12.289362716674804,22.64574012756348,19.07830566167831,1443.7512853458113,74.50347453828276,120,0.4414419309500115,0.8278522278204291,98.62123474442872,29.667975219717096,0.109497800469398,3.189088344573975,1.068639426976442,Dornburg field,322,160,519,0,2007,13,D_AF_r8_2020
2020,6,Dornburg_reduced,spring barley,D_AF_r8_7m,NA,242,dornburg1823,g/m2,7,Dornburg,51.011111,11.646111,NA,NA,poplar,reduced,NA,NA,NA,NA,NA,NA,NA,NA,NA,NA,NA,NA,NA,NA,NA,D_AF_r8_7m_2020,NA,barley,2.42,NA,2014,6,51.01367042554204,11.644415941361151,51.009302829000035,11.637492610000038,51.01716262600007,11.653890349000052,536642.4637821629,Summer Barley,0-0-0,Mar,Jul,assigned,https://doi.org/10.1007/s10457-026-01498-4,3,7,2020-03-01,2020-07-01,12.289362716674804,22.64574012756348,19.07830566167831,1443.7512853458113,74.50347453828276,120,0.4414419309500115,0.8278522278204291,98.62123474442872,29.667975219717096,0.109497800469398,3.189088344573975,1.068639426976442,Dornburg field,322,160,519,0,2007,13,D_AF_r8_2020
2020,6,Dornburg_reduced,spring barley,D_AF_r8_24m,NA,300,dornburg1823,g/m2,24,Dornburg,51.011111,11.646111,NA,NA,poplar,reduced,NA,NA,NA,NA,NA,NA,NA,NA,NA,NA,NA,NA,NA,NA,NA,D_AF_r8_24m_2020,NA,barley,3,NA,2014,6,51.01367042554204,11.644415941361151,51.009302829000035,11.637492610000038,51.01716262600007,11.653890349000052,536642.4637821629,Summer Barley,0-0-0,Mar,Jul,assigned,https://doi.org/10.1007/s10457-026-01498-4,3,7,2020-03-01,2020-07-01,12.289362716674804,22.64574012756348,19.07830566167831,1443.7512853458113,74.50347453828276,120,0.4414419309500115,0.8278522278204291,98.62123474442872,29.667975219717096,0.109497800469398,3.189088344573975,1.068639426976442,Dornburg field,322,160,519,0,2007,13,D_AF_r8_2020
2021,7,Dornburg_normal,winter wheat,D_AF_r1_1m,NA,351,dornburg1823,g/m2,1,Dornburg,51.011111,11.646111,NA,NA,poplar,normal,NA,NA,NA,NA,NA,NA,NA,NA,NA,NA,NA,NA,NA,NA,NA,D_AF_r1_1m_2021,NA,wheat,3.51,NA,2014,7,51.01367042554204,11.644415941361151,51.009302829000035,11.637492610000038,51.01716262600007,11.653890349000052,536642.4637821629,Winter Wheat,120-0-0,Oct,Jul,assigned,https://doi.org/10.1007/s10457-026-01498-4,10,7,2020-10-01,2021-07-01,7.914577376842499,12.861730098724363,53.73397892713547,1443.7512853458113,73.89703345619569,120,0.45346800892727057,0.8492356001650897,98.63335064575584,29.498826530971822,0.109497800469398,3.189088344573975,1.068639426976442,Dornburg field,322,160,519,120,2007,14,D_AF_r1_2021
2021,7,Dornburg_normal,winter wheat,D_AF_r1_4m,NA,548,dornburg1823,g/m2,4,Dornburg,51.011111,11.646111,NA,NA,poplar,normal,NA,NA,NA,NA,NA,NA,NA,NA,NA,NA,NA,NA,NA,NA,NA,D_AF_r1_4m_2021,NA,wheat,5.48,NA,2014,7,51.01367042554204,11.644415941361151,51.009302829000035,11.637492610000038,51.01716262600007,11.653890349000052,536642.4637821629,Winter Wheat,120-0-0,Oct,Jul,assigned,https://doi.org/10.1007/s10457-026-01498-4,10,7,2020-10-01,2021-07-01,7.914577376842499,12.861730098724363,53.73397892713547,1443.7512853458113,73.89703345619569,120,0.45346800892727057,0.8492356001650897,98.63335064575584,29.498826530971822,0.109497800469398,3.189088344573975,1.068639426976442,Dornburg field,322,160,519,120,2007,14,D_AF_r1_2021
2021,7,Dornburg_normal,winter wheat,D_AF_r1_7m,NA,676,dornburg1823,g/m2,7,Dornburg,51.011111,11.646111,NA,NA,poplar,normal,NA,NA,NA,NA,NA,NA,NA,NA,NA,NA,NA,NA,NA,NA,NA,D_AF_r1_7m_2021,NA,wheat,6.76,NA,2014,7,51.01367042554204,11.644415941361151,51.009302829000035,11.637492610000038,51.01716262600007,11.653890349000052,536642.4637821629,Winter Wheat,120-0-0,Oct,Jul,assigned,https://doi.org/10.1007/s10457-026-01498-4,10,7,2020-10-01,2021-07-01,7.914577376842499,12.861730098724363,53.73397892713547,1443.7512853458113,73.89703345619569,120,0.45346800892727057,0.8492356001650897,98.63335064575584,29.498826530971822,0.109497800469398,3.189088344573975,1.068639426976442,Dornburg field,322,160,519,120,2007,14,D_AF_r1_2021
2021,7,Dornburg_normal,winter wheat,D_AF_r1_18m,NA,726,dornburg1823,g/m2,18,Dornburg,51.011111,11.646111,NA,NA,poplar,normal,NA,NA,NA,NA,NA,NA,NA,NA,NA,NA,NA,NA,NA,NA,NA,D_AF_r1_18m_2021,NA,wheat,7.26,NA,2014,7,51.01367042554204,11.644415941361151,51.009302829000035,11.637492610000038,51.01716262600007,11.653890349000052,536642.4637821629,Winter Wheat,120-0-0,Oct,Jul,assigned,https://doi.org/10.1007/s10457-026-01498-4,10,7,2020-10-01,2021-07-01,7.914577376842499,12.861730098724363,53.73397892713547,1443.7512853458113,73.89703345619569,120,0.45346800892727057,0.8492356001650897,98.63335064575584,29.498826530971822,0.109497800469398,3.189088344573975,1.068639426976442,Dornburg field,322,160,519,120,2007,14,D_AF_r1_2021
2021,7,Dornburg_normal,winter wheat,D_AF_r1_24m,NA,710,dornburg1823,g/m2,24,Dornburg,51.011111,11.646111,NA,NA,poplar,normal,NA,NA,NA,NA,NA,NA,NA,NA,NA,NA,NA,NA,NA,NA,NA,D_AF_r1_24m_2021,NA,wheat,7.1000000000000005,NA,2014,7,51.01367042554204,11.644415941361151,51.009302829000035,11.637492610000038,51.01716262600007,11.653890349000052,536642.4637821629,Winter Wheat,120-0-0,Oct,Jul,assigned,https://doi.org/10.1007/s10457-026-01498-4,10,7,2020-10-01,2021-07-01,7.914577376842499,12.861730098724363,53.73397892713547,1443.7512853458113,73.89703345619569,120,0.45346800892727057,0.8492356001650897,98.63335064575584,29.498826530971822,0.109497800469398,3.189088344573975,1.068639426976442,Dornburg field,322,160,519,120,2007,14,D_AF_r1_2021
2021,7,Dornburg_normal,winter wheat,D_AF_r2_1m,NA,435,dornburg1823,g/m2,1,Dornburg,51.011111,11.646111,NA,NA,poplar,normal,NA,NA,NA,NA,NA,NA,NA,NA,NA,NA,NA,NA,NA,NA,NA,D_AF_r2_1m_2021,NA,wheat,4.3500000000000005,NA,2014,7,51.01367042554204,11.644415941361151,51.009302829000035,11.637492610000038,51.01716262600007,11.653890349000052,536642.4637821629,Winter Wheat,120-0-0,Oct,Jul,assigned,https://doi.org/10.1007/s10457-026-01498-4,10,7,2020-10-01,2021-07-01,7.914577376842499,12.861730098724363,53.73397892713547,1443.7512853458113,73.89703345619569,120,0.45346800892727057,0.8492356001650897,98.63335064575584,29.498826530971822,0.109497800469398,3.189088344573975,1.068639426976442,Dornburg field,322,160,519,120,2007,14,D_AF_r2_2021
2021,7,Dornburg_normal,winter wheat,D_AF_r2_4m,NA,669,dornburg1823,g/m2,4,Dornburg,51.011111,11.646111,NA,NA,poplar,normal,NA,NA,NA,NA,NA,NA,NA,NA,NA,NA,NA,NA,NA,NA,NA,D_AF_r2_4m_2021,NA,wheat,6.69,NA,2014,7,51.01367042554204,11.644415941361151,51.009302829000035,11.637492610000038,51.01716262600007,11.653890349000052,536642.4637821629,Winter Wheat,120-0-0,Oct,Jul,assigned,https://doi.org/10.1007/s10457-026-01498-4,10,7,2020-10-01,2021-07-01,7.914577376842499,12.861730098724363,53.73397892713547,1443.7512853458113,73.89703345619569,120,0.45346800892727057,0.8492356001650897,98.63335064575584,29.498826530971822,0.109497800469398,3.189088344573975,1.068639426976442,Dornburg field,322,160,519,120,2007,14,D_AF_r2_2021
2021,7,Dornburg_normal,winter wheat,D_AF_r2_7m,NA,589,dornburg1823,g/m2,7,Dornburg,51.011111,11.646111,NA,NA,poplar,normal,NA,NA,NA,NA,NA,NA,NA,NA,NA,NA,NA,NA,NA,NA,NA,D_AF_r2_7m_2021,NA,wheat,5.89,NA,2014,7,51.01367042554204,11.644415941361151,51.009302829000035,11.637492610000038,51.01716262600007,11.653890349000052,536642.4637821629,Winter Wheat,120-0-0,Oct,Jul,assigned,https://doi.org/10.1007/s10457-026-01498-4,10,7,2020-10-01,2021-07-01,7.914577376842499,12.861730098724363,53.73397892713547,1443.7512853458113,73.89703345619569,120,0.45346800892727057,0.8492356001650897,98.63335064575584,29.498826530971822,0.109497800469398,3.189088344573975,1.068639426976442,Dornburg field,322,160,519,120,2007,14,D_AF_r2_2021
2021,7,Dornburg_normal,winter wheat,D_AF_r2_18m,NA,781,dornburg1823,g/m2,18,Dornburg,51.011111,11.646111,NA,NA,poplar,normal,NA,NA,NA,NA,NA,NA,NA,NA,NA,NA,NA,NA,NA,NA,NA,D_AF_r2_18m_2021,NA,wheat,7.81,NA,2014,7,51.01367042554204,11.644415941361151,51.009302829000035,11.637492610000038,51.01716262600007,11.653890349000052,536642.4637821629,Winter Wheat,120-0-0,Oct,Jul,assigned,https://doi.org/10.1007/s10457-026-01498-4,10,7,2020-10-01,2021-07-01,7.914577376842499,12.861730098724363,53.73397892713547,1443.7512853458113,73.89703345619569,120,0.45346800892727057,0.8492356001650897,98.63335064575584,29.498826530971822,0.109497800469398,3.189088344573975,1.068639426976442,Dornburg field,322,160,519,120,2007,14,D_AF_r2_2021
2021,7,Dornburg_normal,winter wheat,D_AF_r2_24m,NA,711,dornburg1823,g/m2,24,Dornburg,51.011111,11.646111,NA,NA,poplar,normal,NA,NA,NA,NA,NA,NA,NA,NA,NA,NA,NA,NA,NA,NA,NA,D_AF_r2_24m_2021,NA,wheat,7.11,NA,2014,7,51.01367042554204,11.644415941361151,51.009302829000035,11.637492610000038,51.01716262600007,11.653890349000052,536642.4637821629,Winter Wheat,120-0-0,Oct,Jul,assigned,https://doi.org/10.1007/s10457-026-01498-4,10,7,2020-10-01,2021-07-01,7.914577376842499,12.861730098724363,53.73397892713547,1443.7512853458113,73.89703345619569,120,0.45346800892727057,0.8492356001650897,98.63335064575584,29.498826530971822,0.109497800469398,3.189088344573975,1.068639426976442,Dornburg field,322,160,519,120,2007,14,D_AF_r2_2021
2021,7,Dornburg_normal,winter wheat,D_AF_r3_1m,NA,524,dornburg1823,g/m2,1,Dornburg,51.011111,11.646111,NA,NA,poplar,normal,NA,NA,NA,NA,NA,NA,NA,NA,NA,NA,NA,NA,NA,NA,NA,D_AF_r3_1m_2021,NA,wheat,5.24,NA,2014,7,51.01367042554204,11.644415941361151,51.009302829000035,11.637492610000038,51.01716262600007,11.653890349000052,536642.4637821629,Winter Wheat,120-0-0,Oct,Jul,assigned,https://doi.org/10.1007/s10457-026-01498-4,10,7,2020-10-01,2021-07-01,7.914577376842499,12.861730098724363,53.73397892713547,1443.7512853458113,73.89703345619569,120,0.45346800892727057,0.8492356001650897,98.63335064575584,29.498826530971822,0.109497800469398,3.189088344573975,1.068639426976442,Dornburg field,322,160,519,120,2007,14,D_AF_r3_2021
2021,7,Dornburg_normal,winter wheat,D_AF_r3_4m,NA,722,dornburg1823,g/m2,4,Dornburg,51.011111,11.646111,NA,NA,poplar,normal,NA,NA,NA,NA,NA,NA,NA,NA,NA,NA,NA,NA,NA,NA,NA,D_AF_r3_4m_2021,NA,wheat,7.22,NA,2014,7,51.01367042554204,11.644415941361151,51.009302829000035,11.637492610000038,51.01716262600007,11.653890349000052,536642.4637821629,Winter Wheat,120-0-0,Oct,Jul,assigned,https://doi.org/10.1007/s10457-026-01498-4,10,7,2020-10-01,2021-07-01,7.914577376842499,12.861730098724363,53.73397892713547,1443.7512853458113,73.89703345619569,120,0.45346800892727057,0.8492356001650897,98.63335064575584,29.498826530971822,0.109497800469398,3.189088344573975,1.068639426976442,Dornburg field,322,160,519,120,2007,14,D_AF_r3_2021
2021,7,Dornburg_normal,winter wheat,D_AF_r3_7m,NA,747,dornburg1823,g/m2,7,Dornburg,51.011111,11.646111,NA,NA,poplar,normal,NA,NA,NA,NA,NA,NA,NA,NA,NA,NA,NA,NA,NA,NA,NA,D_AF_r3_7m_2021,NA,wheat,7.47,NA,2014,7,51.01367042554204,11.644415941361151,51.009302829000035,11.637492610000038,51.01716262600007,11.653890349000052,536642.4637821629,Winter Wheat,120-0-0,Oct,Jul,assigned,https://doi.org/10.1007/s10457-026-01498-4,10,7,2020-10-01,2021-07-01,7.914577376842499,12.861730098724363,53.73397892713547,1443.7512853458113,73.89703345619569,120,0.45346800892727057,0.8492356001650897,98.63335064575584,29.498826530971822,0.109497800469398,3.189088344573975,1.068639426976442,Dornburg field,322,160,519,120,2007,14,D_AF_r3_2021
2021,7,Dornburg_normal,winter wheat,D_AF_r3_18m,NA,725,dornburg1823,g/m2,18,Dornburg,51.011111,11.646111,NA,NA,poplar,normal,NA,NA,NA,NA,NA,NA,NA,NA,NA,NA,NA,NA,NA,NA,NA,D_AF_r3_18m_2021,NA,wheat,7.25,NA,2014,7,51.01367042554204,11.644415941361151,51.009302829000035,11.637492610000038,51.01716262600007,11.653890349000052,536642.4637821629,Winter Wheat,120-0-0,Oct,Jul,assigned,https://doi.org/10.1007/s10457-026-01498-4,10,7,2020-10-01,2021-07-01,7.914577376842499,12.861730098724363,53.73397892713547,1443.7512853458113,73.89703345619569,120,0.45346800892727057,0.8492356001650897,98.63335064575584,29.498826530971822,0.109497800469398,3.189088344573975,1.068639426976442,Dornburg field,322,160,519,120,2007,14,D_AF_r3_2021
2021,7,Dornburg_normal,winter wheat,D_AF_r3_24m,NA,670,dornburg1823,g/m2,24,Dornburg,51.011111,11.646111,NA,NA,poplar,normal,NA,NA,NA,NA,NA,NA,NA,NA,NA,NA,NA,NA,NA,NA,NA,D_AF_r3_24m_2021,NA,wheat,6.7,NA,2014,7,51.01367042554204,11.644415941361151,51.009302829000035,11.637492610000038,51.01716262600007,11.653890349000052,536642.4637821629,Winter Wheat,120-0-0,Oct,Jul,assigned,https://doi.org/10.1007/s10457-026-01498-4,10,7,2020-10-01,2021-07-01,7.914577376842499,12.861730098724363,53.73397892713547,1443.7512853458113,73.89703345619569,120,0.45346800892727057,0.8492356001650897,98.63335064575584,29.498826530971822,0.109497800469398,3.189088344573975,1.068639426976442,Dornburg field,322,160,519,120,2007,14,D_AF_r3_2021
2021,7,Dornburg_normal,winter wheat,D_AF_r4_1m,NA,502,dornburg1823,g/m2,1,Dornburg,51.011111,11.646111,NA,NA,poplar,normal,NA,NA,NA,NA,NA,NA,NA,NA,NA,NA,NA,NA,NA,NA,NA,D_AF_r4_1m_2021,NA,wheat,5.0200000000000005,NA,2014,7,51.01367042554204,11.644415941361151,51.009302829000035,11.637492610000038,51.01716262600007,11.653890349000052,536642.4637821629,Winter Wheat,120-0-0,Oct,Jul,assigned,https://doi.org/10.1007/s10457-026-01498-4,10,7,2020-10-01,2021-07-01,7.914577376842499,12.861730098724363,53.73397892713547,1443.7512853458113,73.89703345619569,120,0.45346800892727057,0.8492356001650897,98.63335064575584,29.498826530971822,0.109497800469398,3.189088344573975,1.068639426976442,Dornburg field,322,160,519,120,2007,14,D_AF_r4_2021
2021,7,Dornburg_normal,winter wheat,D_AF_r4_4m,NA,734,dornburg1823,g/m2,4,Dornburg,51.011111,11.646111,NA,NA,poplar,normal,NA,NA,NA,NA,NA,NA,NA,NA,NA,NA,NA,NA,NA,NA,NA,D_AF_r4_4m_2021,NA,wheat,7.34,NA,2014,7,51.01367042554204,11.644415941361151,51.009302829000035,11.637492610000038,51.01716262600007,11.653890349000052,536642.4637821629,Winter Wheat,120-0-0,Oct,Jul,assigned,https://doi.org/10.1007/s10457-026-01498-4,10,7,2020-10-01,2021-07-01,7.914577376842499,12.861730098724363,53.73397892713547,1443.7512853458113,73.89703345619569,120,0.45346800892727057,0.8492356001650897,98.63335064575584,29.498826530971822,0.109497800469398,3.189088344573975,1.068639426976442,Dornburg field,322,160,519,120,2007,14,D_AF_r4_2021
2021,7,Dornburg_normal,winter wheat,D_AF_r4_7m,NA,731,dornburg1823,g/m2,7,Dornburg,51.011111,11.646111,NA,NA,poplar,normal,NA,NA,NA,NA,NA,NA,NA,NA,NA,NA,NA,NA,NA,NA,NA,D_AF_r4_7m_2021,NA,wheat,7.31,NA,2014,7,51.01367042554204,11.644415941361151,51.009302829000035,11.637492610000038,51.01716262600007,11.653890349000052,536642.4637821629,Winter Wheat,120-0-0,Oct,Jul,assigned,https://doi.org/10.1007/s10457-026-01498-4,10,7,2020-10-01,2021-07-01,7.914577376842499,12.861730098724363,53.73397892713547,1443.7512853458113,73.89703345619569,120,0.45346800892727057,0.8492356001650897,98.63335064575584,29.498826530971822,0.109497800469398,3.189088344573975,1.068639426976442,Dornburg field,322,160,519,120,2007,14,D_AF_r4_2021
2021,7,Dornburg_normal,winter wheat,D_AF_r4_18m,NA,785,dornburg1823,g/m2,18,Dornburg,51.011111,11.646111,NA,NA,poplar,normal,NA,NA,NA,NA,NA,NA,NA,NA,NA,NA,NA,NA,NA,NA,NA,D_AF_r4_18m_2021,NA,wheat,7.85,NA,2014,7,51.01367042554204,11.644415941361151,51.009302829000035,11.637492610000038,51.01716262600007,11.653890349000052,536642.4637821629,Winter Wheat,120-0-0,Oct,Jul,assigned,https://doi.org/10.1007/s10457-026-01498-4,10,7,2020-10-01,2021-07-01,7.914577376842499,12.861730098724363,53.73397892713547,1443.7512853458113,73.89703345619569,120,0.45346800892727057,0.8492356001650897,98.63335064575584,29.498826530971822,0.109497800469398,3.189088344573975,1.068639426976442,Dornburg field,322,160,519,120,2007,14,D_AF_r4_2021
2021,7,Dornburg_normal,winter wheat,D_AF_r4_24m,NA,774,dornburg1823,g/m2,24,Dornburg,51.011111,11.646111,NA,NA,poplar,normal,NA,NA,NA,NA,NA,NA,NA,NA,NA,NA,NA,NA,NA,NA,NA,D_AF_r4_24m_2021,NA,wheat,7.74,NA,2014,7,51.01367042554204,11.644415941361151,51.009302829000035,11.637492610000038,51.01716262600007,11.653890349000052,536642.4637821629,Winter Wheat,120-0-0,Oct,Jul,assigned,https://doi.org/10.1007/s10457-026-01498-4,10,7,2020-10-01,2021-07-01,7.914577376842499,12.861730098724363,53.73397892713547,1443.7512853458113,73.89703345619569,120,0.45346800892727057,0.8492356001650897,98.63335064575584,29.498826530971822,0.109497800469398,3.189088344573975,1.068639426976442,Dornburg field,322,160,519,120,2007,14,D_AF_r4_2021
2021,7,Dornburg_reduced,winter wheat,D_AF_r5_1m,NA,323,dornburg1823,g/m2,1,Dornburg,51.011111,11.646111,NA,NA,poplar,reduced,NA,NA,NA,NA,NA,NA,NA,NA,NA,NA,NA,NA,NA,NA,NA,D_AF_r5_1m_2021,NA,wheat,3.23,NA,2014,7,51.01367042554204,11.644415941361151,51.009302829000035,11.637492610000038,51.01716262600007,11.653890349000052,536642.4637821629,Winter Wheat,60-0-0,Oct,Jul,assigned,https://doi.org/10.1007/s10457-026-01498-4,10,7,2020-10-01,2021-07-01,7.914577376842499,12.861730098724363,53.73397892713547,1443.7512853458113,73.89703345619569,120,0.45346800892727057,0.8492356001650897,98.63335064575584,29.498826530971822,0.109497800469398,3.189088344573975,1.068639426976442,Dornburg field,322,160,519,60,2007,14,D_AF_r5_2021
2021,7,Dornburg_reduced,winter wheat,D_AF_r5_4m,NA,603,dornburg1823,g/m2,4,Dornburg,51.011111,11.646111,NA,NA,poplar,reduced,NA,NA,NA,NA,NA,NA,NA,NA,NA,NA,NA,NA,NA,NA,NA,D_AF_r5_4m_2021,NA,wheat,6.03,NA,2014,7,51.01367042554204,11.644415941361151,51.009302829000035,11.637492610000038,51.01716262600007,11.653890349000052,536642.4637821629,Winter Wheat,60-0-0,Oct,Jul,assigned,https://doi.org/10.1007/s10457-026-01498-4,10,7,2020-10-01,2021-07-01,7.914577376842499,12.861730098724363,53.73397892713547,1443.7512853458113,73.89703345619569,120,0.45346800892727057,0.8492356001650897,98.63335064575584,29.498826530971822,0.109497800469398,3.189088344573975,1.068639426976442,Dornburg field,322,160,519,60,2007,14,D_AF_r5_2021
2021,7,Dornburg_reduced,winter wheat,D_AF_r5_7m,NA,666,dornburg1823,g/m2,7,Dornburg,51.011111,11.646111,NA,NA,poplar,reduced,NA,NA,NA,NA,NA,NA,NA,NA,NA,NA,NA,NA,NA,NA,NA,D_AF_r5_7m_2021,NA,wheat,6.66,NA,2014,7,51.01367042554204,11.644415941361151,51.009302829000035,11.637492610000038,51.01716262600007,11.653890349000052,536642.4637821629,Winter Wheat,60-0-0,Oct,Jul,assigned,https://doi.org/10.1007/s10457-026-01498-4,10,7,2020-10-01,2021-07-01,7.914577376842499,12.861730098724363,53.73397892713547,1443.7512853458113,73.89703345619569,120,0.45346800892727057,0.8492356001650897,98.63335064575584,29.498826530971822,0.109497800469398,3.189088344573975,1.068639426976442,Dornburg field,322,160,519,60,2007,14,D_AF_r5_2021
2021,7,Dornburg_reduced,winter wheat,D_AF_r5_18m,NA,663,dornburg1823,g/m2,18,Dornburg,51.011111,11.646111,NA,NA,poplar,reduced,NA,NA,NA,NA,NA,NA,NA,NA,NA,NA,NA,NA,NA,NA,NA,D_AF_r5_18m_2021,NA,wheat,6.63,NA,2014,7,51.01367042554204,11.644415941361151,51.009302829000035,11.637492610000038,51.01716262600007,11.653890349000052,536642.4637821629,Winter Wheat,60-0-0,Oct,Jul,assigned,https://doi.org/10.1007/s10457-026-01498-4,10,7,2020-10-01,2021-07-01,7.914577376842499,12.861730098724363,53.73397892713547,1443.7512853458113,73.89703345619569,120,0.45346800892727057,0.8492356001650897,98.63335064575584,29.498826530971822,0.109497800469398,3.189088344573975,1.068639426976442,Dornburg field,322,160,519,60,2007,14,D_AF_r5_2021
2021,7,Dornburg_reduced,winter wheat,D_AF_r5_24m,NA,646,dornburg1823,g/m2,24,Dornburg,51.011111,11.646111,NA,NA,poplar,reduced,NA,NA,NA,NA,NA,NA,NA,NA,NA,NA,NA,NA,NA,NA,NA,D_AF_r5_24m_2021,NA,wheat,6.46,NA,2014,7,51.01367042554204,11.644415941361151,51.009302829000035,11.637492610000038,51.01716262600007,11.653890349000052,536642.4637821629,Winter Wheat,60-0-0,Oct,Jul,assigned,https://doi.org/10.1007/s10457-026-01498-4,10,7,2020-10-01,2021-07-01,7.914577376842499,12.861730098724363,53.73397892713547,1443.7512853458113,73.89703345619569,120,0.45346800892727057,0.8492356001650897,98.63335064575584,29.498826530971822,0.109497800469398,3.189088344573975,1.068639426976442,Dornburg field,322,160,519,60,2007,14,D_AF_r5_2021
2021,7,Dornburg_reduced,winter wheat,D_AF_r6_1m,NA,417,dornburg1823,g/m2,1,Dornburg,51.011111,11.646111,NA,NA,poplar,reduced,NA,NA,NA,NA,NA,NA,NA,NA,NA,NA,NA,NA,NA,NA,NA,D_AF_r6_1m_2021,NA,wheat,4.17,NA,2014,7,51.01367042554204,11.644415941361151,51.009302829000035,11.637492610000038,51.01716262600007,11.653890349000052,536642.4637821629,Winter Wheat,60-0-0,Oct,Jul,assigned,https://doi.org/10.1007/s10457-026-01498-4,10,7,2020-10-01,2021-07-01,7.914577376842499,12.861730098724363,53.73397892713547,1443.7512853458113,73.89703345619569,120,0.45346800892727057,0.8492356001650897,98.63335064575584,29.498826530971822,0.109497800469398,3.189088344573975,1.068639426976442,Dornburg field,322,160,519,60,2007,14,D_AF_r6_2021
2021,7,Dornburg_reduced,winter wheat,D_AF_r6_4m,NA,548,dornburg1823,g/m2,4,Dornburg,51.011111,11.646111,NA,NA,poplar,reduced,NA,NA,NA,NA,NA,NA,NA,NA,NA,NA,NA,NA,NA,NA,NA,D_AF_r6_4m_2021,NA,wheat,5.48,NA,2014,7,51.01367042554204,11.644415941361151,51.009302829000035,11.637492610000038,51.01716262600007,11.653890349000052,536642.4637821629,Winter Wheat,60-0-0,Oct,Jul,assigned,https://doi.org/10.1007/s10457-026-01498-4,10,7,2020-10-01,2021-07-01,7.914577376842499,12.861730098724363,53.73397892713547,1443.7512853458113,73.89703345619569,120,0.45346800892727057,0.8492356001650897,98.63335064575584,29.498826530971822,0.109497800469398,3.189088344573975,1.068639426976442,Dornburg field,322,160,519,60,2007,14,D_AF_r6_2021
2021,7,Dornburg_reduced,winter wheat,D_AF_r6_7m,NA,646,dornburg1823,g/m2,7,Dornburg,51.011111,11.646111,NA,NA,poplar,reduced,NA,NA,NA,NA,NA,NA,NA,NA,NA,NA,NA,NA,NA,NA,NA,D_AF_r6_7m_2021,NA,wheat,6.46,NA,2014,7,51.01367042554204,11.644415941361151,51.009302829000035,11.637492610000038,51.01716262600007,11.653890349000052,536642.4637821629,Winter Wheat,60-0-0,Oct,Jul,assigned,https://doi.org/10.1007/s10457-026-01498-4,10,7,2020-10-01,2021-07-01,7.914577376842499,12.861730098724363,53.73397892713547,1443.7512853458113,73.89703345619569,120,0.45346800892727057,0.8492356001650897,98.63335064575584,29.498826530971822,0.109497800469398,3.189088344573975,1.068639426976442,Dornburg field,322,160,519,60,2007,14,D_AF_r6_2021
2021,7,Dornburg_reduced,winter wheat,D_AF_r6_18m,NA,671,dornburg1823,g/m2,18,Dornburg,51.011111,11.646111,NA,NA,poplar,reduced,NA,NA,NA,NA,NA,NA,NA,NA,NA,NA,NA,NA,NA,NA,NA,D_AF_r6_18m_2021,NA,wheat,6.71,NA,2014,7,51.01367042554204,11.644415941361151,51.009302829000035,11.637492610000038,51.01716262600007,11.653890349000052,536642.4637821629,Winter Wheat,60-0-0,Oct,Jul,assigned,https://doi.org/10.1007/s10457-026-01498-4,10,7,2020-10-01,2021-07-01,7.914577376842499,12.861730098724363,53.73397892713547,1443.7512853458113,73.89703345619569,120,0.45346800892727057,0.8492356001650897,98.63335064575584,29.498826530971822,0.109497800469398,3.189088344573975,1.068639426976442,Dornburg field,322,160,519,60,2007,14,D_AF_r6_2021
2021,7,Dornburg_reduced,winter wheat,D_AF_r6_24m,NA,738,dornburg1823,g/m2,24,Dornburg,51.011111,11.646111,NA,NA,poplar,reduced,NA,NA,NA,NA,NA,NA,NA,NA,NA,NA,NA,NA,NA,NA,NA,D_AF_r6_24m_2021,NA,wheat,7.38,NA,2014,7,51.01367042554204,11.644415941361151,51.009302829000035,11.637492610000038,51.01716262600007,11.653890349000052,536642.4637821629,Winter Wheat,60-0-0,Oct,Jul,assigned,https://doi.org/10.1007/s10457-026-01498-4,10,7,2020-10-01,2021-07-01,7.914577376842499,12.861730098724363,53.73397892713547,1443.7512853458113,73.89703345619569,120,0.45346800892727057,0.8492356001650897,98.63335064575584,29.498826530971822,0.109497800469398,3.189088344573975,1.068639426976442,Dornburg field,322,160,519,60,2007,14,D_AF_r6_2021
2021,7,Dornburg_reduced,winter wheat,D_AF_r7_1m,NA,311,dornburg1823,g/m2,1,Dornburg,51.011111,11.646111,NA,NA,poplar,reduced,NA,NA,NA,NA,NA,NA,NA,NA,NA,NA,NA,NA,NA,NA,NA,D_AF_r7_1m_2021,NA,wheat,3.11,NA,2014,7,51.01367042554204,11.644415941361151,51.009302829000035,11.637492610000038,51.01716262600007,11.653890349000052,536642.4637821629,Winter Wheat,60-0-0,Oct,Jul,assigned,https://doi.org/10.1007/s10457-026-01498-4,10,7,2020-10-01,2021-07-01,7.914577376842499,12.861730098724363,53.73397892713547,1443.7512853458113,73.89703345619569,120,0.45346800892727057,0.8492356001650897,98.63335064575584,29.498826530971822,0.109497800469398,3.189088344573975,1.068639426976442,Dornburg field,322,160,519,60,2007,14,D_AF_r7_2021
2021,7,Dornburg_reduced,winter wheat,D_AF_r7_4m,NA,626,dornburg1823,g/m2,4,Dornburg,51.011111,11.646111,NA,NA,poplar,reduced,NA,NA,NA,NA,NA,NA,NA,NA,NA,NA,NA,NA,NA,NA,NA,D_AF_r7_4m_2021,NA,wheat,6.26,NA,2014,7,51.01367042554204,11.644415941361151,51.009302829000035,11.637492610000038,51.01716262600007,11.653890349000052,536642.4637821629,Winter Wheat,60-0-0,Oct,Jul,assigned,https://doi.org/10.1007/s10457-026-01498-4,10,7,2020-10-01,2021-07-01,7.914577376842499,12.861730098724363,53.73397892713547,1443.7512853458113,73.89703345619569,120,0.45346800892727057,0.8492356001650897,98.63335064575584,29.498826530971822,0.109497800469398,3.189088344573975,1.068639426976442,Dornburg field,322,160,519,60,2007,14,D_AF_r7_2021
2021,7,Dornburg_reduced,winter wheat,D_AF_r7_7m,NA,667,dornburg1823,g/m2,7,Dornburg,51.011111,11.646111,NA,NA,poplar,reduced,NA,NA,NA,NA,NA,NA,NA,NA,NA,NA,NA,NA,NA,NA,NA,D_AF_r7_7m_2021,NA,wheat,6.67,NA,2014,7,51.01367042554204,11.644415941361151,51.009302829000035,11.637492610000038,51.01716262600007,11.653890349000052,536642.4637821629,Winter Wheat,60-0-0,Oct,Jul,assigned,https://doi.org/10.1007/s10457-026-01498-4,10,7,2020-10-01,2021-07-01,7.914577376842499,12.861730098724363,53.73397892713547,1443.7512853458113,73.89703345619569,120,0.45346800892727057,0.8492356001650897,98.63335064575584,29.498826530971822,0.109497800469398,3.189088344573975,1.068639426976442,Dornburg field,322,160,519,60,2007,14,D_AF_r7_2021
2021,7,Dornburg_reduced,winter wheat,D_AF_r7_18m,NA,732,dornburg1823,g/m2,18,Dornburg,51.011111,11.646111,NA,NA,poplar,reduced,NA,NA,NA,NA,NA,NA,NA,NA,NA,NA,NA,NA,NA,NA,NA,D_AF_r7_18m_2021,NA,wheat,7.32,NA,2014,7,51.01367042554204,11.644415941361151,51.009302829000035,11.637492610000038,51.01716262600007,11.653890349000052,536642.4637821629,Winter Wheat,60-0-0,Oct,Jul,assigned,https://doi.org/10.1007/s10457-026-01498-4,10,7,2020-10-01,2021-07-01,7.914577376842499,12.861730098724363,53.73397892713547,1443.7512853458113,73.89703345619569,120,0.45346800892727057,0.8492356001650897,98.63335064575584,29.498826530971822,0.109497800469398,3.189088344573975,1.068639426976442,Dornburg field,322,160,519,60,2007,14,D_AF_r7_2021
2021,7,Dornburg_reduced,winter wheat,D_AF_r7_24m,NA,703,dornburg1823,g/m2,24,Dornburg,51.011111,11.646111,NA,NA,poplar,reduced,NA,NA,NA,NA,NA,NA,NA,NA,NA,NA,NA,NA,NA,NA,NA,D_AF_r7_24m_2021,NA,wheat,7.03,NA,2014,7,51.01367042554204,11.644415941361151,51.009302829000035,11.637492610000038,51.01716262600007,11.653890349000052,536642.4637821629,Winter Wheat,60-0-0,Oct,Jul,assigned,https://doi.org/10.1007/s10457-026-01498-4,10,7,2020-10-01,2021-07-01,7.914577376842499,12.861730098724363,53.73397892713547,1443.7512853458113,73.89703345619569,120,0.45346800892727057,0.8492356001650897,98.63335064575584,29.498826530971822,0.109497800469398,3.189088344573975,1.068639426976442,Dornburg field,322,160,519,60,2007,14,D_AF_r7_2021
2021,7,Dornburg_reduced,winter wheat,D_AF_r8_1m,NA,459,dornburg1823,g/m2,1,Dornburg,51.011111,11.646111,NA,NA,poplar,reduced,NA,NA,NA,NA,NA,NA,NA,NA,NA,NA,NA,NA,NA,NA,NA,D_AF_r8_1m_2021,NA,wheat,4.59,NA,2014,7,51.01367042554204,11.644415941361151,51.009302829000035,11.637492610000038,51.01716262600007,11.653890349000052,536642.4637821629,Winter Wheat,60-0-0,Oct,Jul,assigned,https://doi.org/10.1007/s10457-026-01498-4,10,7,2020-10-01,2021-07-01,7.914577376842499,12.861730098724363,53.73397892713547,1443.7512853458113,73.89703345619569,120,0.45346800892727057,0.8492356001650897,98.63335064575584,29.498826530971822,0.109497800469398,3.189088344573975,1.068639426976442,Dornburg field,322,160,519,60,2007,14,D_AF_r8_2021
2021,7,Dornburg_reduced,winter wheat,D_AF_r8_4m,NA,636,dornburg1823,g/m2,4,Dornburg,51.011111,11.646111,NA,NA,poplar,reduced,NA,NA,NA,NA,NA,NA,NA,NA,NA,NA,NA,NA,NA,NA,NA,D_AF_r8_4m_2021,NA,wheat,6.36,NA,2014,7,51.01367042554204,11.644415941361151,51.009302829000035,11.637492610000038,51.01716262600007,11.653890349000052,536642.4637821629,Winter Wheat,60-0-0,Oct,Jul,assigned,https://doi.org/10.1007/s10457-026-01498-4,10,7,2020-10-01,2021-07-01,7.914577376842499,12.861730098724363,53.73397892713547,1443.7512853458113,73.89703345619569,120,0.45346800892727057,0.8492356001650897,98.63335064575584,29.498826530971822,0.109497800469398,3.189088344573975,1.068639426976442,Dornburg field,322,160,519,60,2007,14,D_AF_r8_2021
2021,7,Dornburg_reduced,winter wheat,D_AF_r8_7m,NA,648,dornburg1823,g/m2,7,Dornburg,51.011111,11.646111,NA,NA,poplar,reduced,NA,NA,NA,NA,NA,NA,NA,NA,NA,NA,NA,NA,NA,NA,NA,D_AF_r8_7m_2021,NA,wheat,6.48,NA,2014,7,51.01367042554204,11.644415941361151,51.009302829000035,11.637492610000038,51.01716262600007,11.653890349000052,536642.4637821629,Winter Wheat,60-0-0,Oct,Jul,assigned,https://doi.org/10.1007/s10457-026-01498-4,10,7,2020-10-01,2021-07-01,7.914577376842499,12.861730098724363,53.73397892713547,1443.7512853458113,73.89703345619569,120,0.45346800892727057,0.8492356001650897,98.63335064575584,29.498826530971822,0.109497800469398,3.189088344573975,1.068639426976442,Dornburg field,322,160,519,60,2007,14,D_AF_r8_2021
2021,7,Dornburg_reduced,winter wheat,D_AF_r8_18m,NA,677,dornburg1823,g/m2,18,Dornburg,51.011111,11.646111,NA,NA,poplar,reduced,NA,NA,NA,NA,NA,NA,NA,NA,NA,NA,NA,NA,NA,NA,NA,D_AF_r8_18m_2021,NA,wheat,6.7700000000000005,NA,2014,7,51.01367042554204,11.644415941361151,51.009302829000035,11.637492610000038,51.01716262600007,11.653890349000052,536642.4637821629,Winter Wheat,60-0-0,Oct,Jul,assigned,https://doi.org/10.1007/s10457-026-01498-4,10,7,2020-10-01,2021-07-01,7.914577376842499,12.861730098724363,53.73397892713547,1443.7512853458113,73.89703345619569,120,0.45346800892727057,0.8492356001650897,98.63335064575584,29.498826530971822,0.109497800469398,3.189088344573975,1.068639426976442,Dornburg field,322,160,519,60,2007,14,D_AF_r8_2021
2021,7,Dornburg_reduced,winter wheat,D_AF_r8_24m,NA,700,dornburg1823,g/m2,24,Dornburg,51.011111,11.646111,NA,NA,poplar,reduced,NA,NA,NA,NA,NA,NA,NA,NA,NA,NA,NA,NA,NA,NA,NA,D_AF_r8_24m_2021,NA,wheat,7,NA,2014,7,51.01367042554204,11.644415941361151,51.009302829000035,11.637492610000038,51.01716262600007,11.653890349000052,536642.4637821629,Winter Wheat,60-0-0,Oct,Jul,assigned,https://doi.org/10.1007/s10457-026-01498-4,10,7,2020-10-01,2021-07-01,7.914577376842499,12.861730098724363,53.73397892713547,1443.7512853458113,73.89703345619569,120,0.45346800892727057,0.8492356001650897,98.63335064575584,29.498826530971822,0.109497800469398,3.189088344573975,1.068639426976442,Dornburg field,322,160,519,60,2007,14,D_AF_r8_2021
2022,8,Dornburg_normal,winter barley,D_AF_r1_1m,NA,362,dornburg1823,g/m2,1,Dornburg,51.011111,11.646111,NA,NA,poplar,normal,NA,NA,NA,NA,NA,NA,NA,NA,NA,NA,NA,NA,NA,NA,NA,D_AF_r1_1m_2022,NA,barley,3.62,NA,2014,8,51.01367042554204,11.644415941361151,51.009302829000035,11.637492610000038,51.01716262600007,11.653890349000052,536642.4637821629,Winter Barley,152-0-0,Sep,Jul,assigned,https://doi.org/10.1007/s10457-026-01498-4,9,7,2021-09-01,2022-07-01,9.416518731550736,15.718413721431386,41.0490198135376,1443.7512853458113,73.95876299786828,132,0.4490664589700284,0.8429964129692052,98.54574578114992,31.22555272857979,0.109497800469398,3.189088344573975,1.068639426976442,Dornburg field,322,160,519,152,2007,15,D_AF_r1_2022
2022,8,Dornburg_normal,winter barley,D_AF_r1_4m,NA,571,dornburg1823,g/m2,4,Dornburg,51.011111,11.646111,NA,NA,poplar,normal,NA,NA,NA,NA,NA,NA,NA,NA,NA,NA,NA,NA,NA,NA,NA,D_AF_r1_4m_2022,NA,barley,5.71,NA,2014,8,51.01367042554204,11.644415941361151,51.009302829000035,11.637492610000038,51.01716262600007,11.653890349000052,536642.4637821629,Winter Barley,152-0-0,Sep,Jul,assigned,https://doi.org/10.1007/s10457-026-01498-4,9,7,2021-09-01,2022-07-01,9.416518731550736,15.718413721431386,41.0490198135376,1443.7512853458113,73.95876299786828,132,0.4490664589700284,0.8429964129692052,98.54574578114992,31.22555272857979,0.109497800469398,3.189088344573975,1.068639426976442,Dornburg field,322,160,519,152,2007,15,D_AF_r1_2022
2022,8,Dornburg_normal,winter barley,D_AF_r1_7m,NA,700,dornburg1823,g/m2,7,Dornburg,51.011111,11.646111,NA,NA,poplar,normal,NA,NA,NA,NA,NA,NA,NA,NA,NA,NA,NA,NA,NA,NA,NA,D_AF_r1_7m_2022,NA,barley,7,NA,2014,8,51.01367042554204,11.644415941361151,51.009302829000035,11.637492610000038,51.01716262600007,11.653890349000052,536642.4637821629,Winter Barley,152-0-0,Sep,Jul,assigned,https://doi.org/10.1007/s10457-026-01498-4,9,7,2021-09-01,2022-07-01,9.416518731550736,15.718413721431386,41.0490198135376,1443.7512853458113,73.95876299786828,132,0.4490664589700284,0.8429964129692052,98.54574578114992,31.22555272857979,0.109497800469398,3.189088344573975,1.068639426976442,Dornburg field,322,160,519,152,2007,15,D_AF_r1_2022
2022,8,Dornburg_normal,winter barley,D_AF_r1_18m,NA,753,dornburg1823,g/m2,18,Dornburg,51.011111,11.646111,NA,NA,poplar,normal,NA,NA,NA,NA,NA,NA,NA,NA,NA,NA,NA,NA,NA,NA,NA,D_AF_r1_18m_2022,NA,barley,7.53,NA,2014,8,51.01367042554204,11.644415941361151,51.009302829000035,11.637492610000038,51.01716262600007,11.653890349000052,536642.4637821629,Winter Barley,152-0-0,Sep,Jul,assigned,https://doi.org/10.1007/s10457-026-01498-4,9,7,2021-09-01,2022-07-01,9.416518731550736,15.718413721431386,41.0490198135376,1443.7512853458113,73.95876299786828,132,0.4490664589700284,0.8429964129692052,98.54574578114992,31.22555272857979,0.109497800469398,3.189088344573975,1.068639426976442,Dornburg field,322,160,519,152,2007,15,D_AF_r1_2022
2022,8,Dornburg_normal,winter barley,D_AF_r1_24m,NA,736,dornburg1823,g/m2,24,Dornburg,51.011111,11.646111,NA,NA,poplar,normal,NA,NA,NA,NA,NA,NA,NA,NA,NA,NA,NA,NA,NA,NA,NA,D_AF_r1_24m_2022,NA,barley,7.36,NA,2014,8,51.01367042554204,11.644415941361151,51.009302829000035,11.637492610000038,51.01716262600007,11.653890349000052,536642.4637821629,Winter Barley,152-0-0,Sep,Jul,assigned,https://doi.org/10.1007/s10457-026-01498-4,9,7,2021-09-01,2022-07-01,9.416518731550736,15.718413721431386,41.0490198135376,1443.7512853458113,73.95876299786828,132,0.4490664589700284,0.8429964129692052,98.54574578114992,31.22555272857979,0.109497800469398,3.189088344573975,1.068639426976442,Dornburg field,322,160,519,152,2007,15,D_AF_r1_2022
2022,8,Dornburg_normal,winter barley,D_AF_r2_1m,NA,451,dornburg1823,g/m2,1,Dornburg,51.011111,11.646111,NA,NA,poplar,normal,NA,NA,NA,NA,NA,NA,NA,NA,NA,NA,NA,NA,NA,NA,NA,D_AF_r2_1m_2022,NA,barley,4.51,NA,2014,8,51.01367042554204,11.644415941361151,51.009302829000035,11.637492610000038,51.01716262600007,11.653890349000052,536642.4637821629,Winter Barley,152-0-0,Sep,Jul,assigned,https://doi.org/10.1007/s10457-026-01498-4,9,7,2021-09-01,2022-07-01,9.416518731550736,15.718413721431386,41.0490198135376,1443.7512853458113,73.95876299786828,132,0.4490664589700284,0.8429964129692052,98.54574578114992,31.22555272857979,0.109497800469398,3.189088344573975,1.068639426976442,Dornburg field,322,160,519,152,2007,15,D_AF_r2_2022
2022,8,Dornburg_normal,winter barley,D_AF_r2_4m,NA,691,dornburg1823,g/m2,4,Dornburg,51.011111,11.646111,NA,NA,poplar,normal,NA,NA,NA,NA,NA,NA,NA,NA,NA,NA,NA,NA,NA,NA,NA,D_AF_r2_4m_2022,NA,barley,6.91,NA,2014,8,51.01367042554204,11.644415941361151,51.009302829000035,11.637492610000038,51.01716262600007,11.653890349000052,536642.4637821629,Winter Barley,152-0-0,Sep,Jul,assigned,https://doi.org/10.1007/s10457-026-01498-4,9,7,2021-09-01,2022-07-01,9.416518731550736,15.718413721431386,41.0490198135376,1443.7512853458113,73.95876299786828,132,0.4490664589700284,0.8429964129692052,98.54574578114992,31.22555272857979,0.109497800469398,3.189088344573975,1.068639426976442,Dornburg field,322,160,519,152,2007,15,D_AF_r2_2022
2022,8,Dornburg_normal,winter barley,D_AF_r2_7m,NA,602,dornburg1823,g/m2,7,Dornburg,51.011111,11.646111,NA,NA,poplar,normal,NA,NA,NA,NA,NA,NA,NA,NA,NA,NA,NA,NA,NA,NA,NA,D_AF_r2_7m_2022,NA,barley,6.0200000000000005,NA,2014,8,51.01367042554204,11.644415941361151,51.009302829000035,11.637492610000038,51.01716262600007,11.653890349000052,536642.4637821629,Winter Barley,152-0-0,Sep,Jul,assigned,https://doi.org/10.1007/s10457-026-01498-4,9,7,2021-09-01,2022-07-01,9.416518731550736,15.718413721431386,41.0490198135376,1443.7512853458113,73.95876299786828,132,0.4490664589700284,0.8429964129692052,98.54574578114992,31.22555272857979,0.109497800469398,3.189088344573975,1.068639426976442,Dornburg field,322,160,519,152,2007,15,D_AF_r2_2022
2022,8,Dornburg_normal,winter barley,D_AF_r2_18m,NA,810,dornburg1823,g/m2,18,Dornburg,51.011111,11.646111,NA,NA,poplar,normal,NA,NA,NA,NA,NA,NA,NA,NA,NA,NA,NA,NA,NA,NA,NA,D_AF_r2_18m_2022,NA,barley,8.1,NA,2014,8,51.01367042554204,11.644415941361151,51.009302829000035,11.637492610000038,51.01716262600007,11.653890349000052,536642.4637821629,Winter Barley,152-0-0,Sep,Jul,assigned,https://doi.org/10.1007/s10457-026-01498-4,9,7,2021-09-01,2022-07-01,9.416518731550736,15.718413721431386,41.0490198135376,1443.7512853458113,73.95876299786828,132,0.4490664589700284,0.8429964129692052,98.54574578114992,31.22555272857979,0.109497800469398,3.189088344573975,1.068639426976442,Dornburg field,322,160,519,152,2007,15,D_AF_r2_2022
2022,8,Dornburg_normal,winter barley,D_AF_r2_24m,NA,735,dornburg1823,g/m2,24,Dornburg,51.011111,11.646111,NA,NA,poplar,normal,NA,NA,NA,NA,NA,NA,NA,NA,NA,NA,NA,NA,NA,NA,NA,D_AF_r2_24m_2022,NA,barley,7.35,NA,2014,8,51.01367042554204,11.644415941361151,51.009302829000035,11.637492610000038,51.01716262600007,11.653890349000052,536642.4637821629,Winter Barley,152-0-0,Sep,Jul,assigned,https://doi.org/10.1007/s10457-026-01498-4,9,7,2021-09-01,2022-07-01,9.416518731550736,15.718413721431386,41.0490198135376,1443.7512853458113,73.95876299786828,132,0.4490664589700284,0.8429964129692052,98.54574578114992,31.22555272857979,0.109497800469398,3.189088344573975,1.068639426976442,Dornburg field,322,160,519,152,2007,15,D_AF_r2_2022
2022,8,Dornburg_normal,winter barley,D_AF_r3_1m,NA,552,dornburg1823,g/m2,1,Dornburg,51.011111,11.646111,NA,NA,poplar,normal,NA,NA,NA,NA,NA,NA,NA,NA,NA,NA,NA,NA,NA,NA,NA,D_AF_r3_1m_2022,NA,barley,5.5200000000000005,NA,2014,8,51.01367042554204,11.644415941361151,51.009302829000035,11.637492610000038,51.01716262600007,11.653890349000052,536642.4637821629,Winter Barley,152-0-0,Sep,Jul,assigned,https://doi.org/10.1007/s10457-026-01498-4,9,7,2021-09-01,2022-07-01,9.416518731550736,15.718413721431386,41.0490198135376,1443.7512853458113,73.95876299786828,132,0.4490664589700284,0.8429964129692052,98.54574578114992,31.22555272857979,0.109497800469398,3.189088344573975,1.068639426976442,Dornburg field,322,160,519,152,2007,15,D_AF_r3_2022
2022,8,Dornburg_normal,winter barley,D_AF_r3_4m,NA,759,dornburg1823,g/m2,4,Dornburg,51.011111,11.646111,NA,NA,poplar,normal,NA,NA,NA,NA,NA,NA,NA,NA,NA,NA,NA,NA,NA,NA,NA,D_AF_r3_4m_2022,NA,barley,7.59,NA,2014,8,51.01367042554204,11.644415941361151,51.009302829000035,11.637492610000038,51.01716262600007,11.653890349000052,536642.4637821629,Winter Barley,152-0-0,Sep,Jul,assigned,https://doi.org/10.1007/s10457-026-01498-4,9,7,2021-09-01,2022-07-01,9.416518731550736,15.718413721431386,41.0490198135376,1443.7512853458113,73.95876299786828,132,0.4490664589700284,0.8429964129692052,98.54574578114992,31.22555272857979,0.109497800469398,3.189088344573975,1.068639426976442,Dornburg field,322,160,519,152,2007,15,D_AF_r3_2022
2022,8,Dornburg_normal,winter barley,D_AF_r3_7m,NA,782,dornburg1823,g/m2,7,Dornburg,51.011111,11.646111,NA,NA,poplar,normal,NA,NA,NA,NA,NA,NA,NA,NA,NA,NA,NA,NA,NA,NA,NA,D_AF_r3_7m_2022,NA,barley,7.82,NA,2014,8,51.01367042554204,11.644415941361151,51.009302829000035,11.637492610000038,51.01716262600007,11.653890349000052,536642.4637821629,Winter Barley,152-0-0,Sep,Jul,assigned,https://doi.org/10.1007/s10457-026-01498-4,9,7,2021-09-01,2022-07-01,9.416518731550736,15.718413721431386,41.0490198135376,1443.7512853458113,73.95876299786828,132,0.4490664589700284,0.8429964129692052,98.54574578114992,31.22555272857979,0.109497800469398,3.189088344573975,1.068639426976442,Dornburg field,322,160,519,152,2007,15,D_AF_r3_2022
2022,8,Dornburg_normal,winter barley,D_AF_r3_18m,NA,753,dornburg1823,g/m2,18,Dornburg,51.011111,11.646111,NA,NA,poplar,normal,NA,NA,NA,NA,NA,NA,NA,NA,NA,NA,NA,NA,NA,NA,NA,D_AF_r3_18m_2022,NA,barley,7.53,NA,2014,8,51.01367042554204,11.644415941361151,51.009302829000035,11.637492610000038,51.01716262600007,11.653890349000052,536642.4637821629,Winter Barley,152-0-0,Sep,Jul,assigned,https://doi.org/10.1007/s10457-026-01498-4,9,7,2021-09-01,2022-07-01,9.416518731550736,15.718413721431386,41.0490198135376,1443.7512853458113,73.95876299786828,132,0.4490664589700284,0.8429964129692052,98.54574578114992,31.22555272857979,0.109497800469398,3.189088344573975,1.068639426976442,Dornburg field,322,160,519,152,2007,15,D_AF_r3_2022
2022,8,Dornburg_normal,winter barley,D_AF_r3_24m,NA,696,dornburg1823,g/m2,24,Dornburg,51.011111,11.646111,NA,NA,poplar,normal,NA,NA,NA,NA,NA,NA,NA,NA,NA,NA,NA,NA,NA,NA,NA,D_AF_r3_24m_2022,NA,barley,6.96,NA,2014,8,51.01367042554204,11.644415941361151,51.009302829000035,11.637492610000038,51.01716262600007,11.653890349000052,536642.4637821629,Winter Barley,152-0-0,Sep,Jul,assigned,https://doi.org/10.1007/s10457-026-01498-4,9,7,2021-09-01,2022-07-01,9.416518731550736,15.718413721431386,41.0490198135376,1443.7512853458113,73.95876299786828,132,0.4490664589700284,0.8429964129692052,98.54574578114992,31.22555272857979,0.109497800469398,3.189088344573975,1.068639426976442,Dornburg field,322,160,519,152,2007,15,D_AF_r3_2022
2022,8,Dornburg_normal,winter barley,D_AF_r4_1m,NA,520,dornburg1823,g/m2,1,Dornburg,51.011111,11.646111,NA,NA,poplar,normal,NA,NA,NA,NA,NA,NA,NA,NA,NA,NA,NA,NA,NA,NA,NA,D_AF_r4_1m_2022,NA,barley,5.2,NA,2014,8,51.01367042554204,11.644415941361151,51.009302829000035,11.637492610000038,51.01716262600007,11.653890349000052,536642.4637821629,Winter Barley,152-0-0,Sep,Jul,assigned,https://doi.org/10.1007/s10457-026-01498-4,9,7,2021-09-01,2022-07-01,9.416518731550736,15.718413721431386,41.0490198135376,1443.7512853458113,73.95876299786828,132,0.4490664589700284,0.8429964129692052,98.54574578114992,31.22555272857979,0.109497800469398,3.189088344573975,1.068639426976442,Dornburg field,322,160,519,152,2007,15,D_AF_r4_2022
2022,8,Dornburg_normal,winter barley,D_AF_r4_4m,NA,764,dornburg1823,g/m2,4,Dornburg,51.011111,11.646111,NA,NA,poplar,normal,NA,NA,NA,NA,NA,NA,NA,NA,NA,NA,NA,NA,NA,NA,NA,D_AF_r4_4m_2022,NA,barley,7.640000000000001,NA,2014,8,51.01367042554204,11.644415941361151,51.009302829000035,11.637492610000038,51.01716262600007,11.653890349000052,536642.4637821629,Winter Barley,152-0-0,Sep,Jul,assigned,https://doi.org/10.1007/s10457-026-01498-4,9,7,2021-09-01,2022-07-01,9.416518731550736,15.718413721431386,41.0490198135376,1443.7512853458113,73.95876299786828,132,0.4490664589700284,0.8429964129692052,98.54574578114992,31.22555272857979,0.109497800469398,3.189088344573975,1.068639426976442,Dornburg field,322,160,519,152,2007,15,D_AF_r4_2022
2022,8,Dornburg_normal,winter barley,D_AF_r4_7m,NA,758,dornburg1823,g/m2,7,Dornburg,51.011111,11.646111,NA,NA,poplar,normal,NA,NA,NA,NA,NA,NA,NA,NA,NA,NA,NA,NA,NA,NA,NA,D_AF_r4_7m_2022,NA,barley,7.58,NA,2014,8,51.01367042554204,11.644415941361151,51.009302829000035,11.637492610000038,51.01716262600007,11.653890349000052,536642.4637821629,Winter Barley,152-0-0,Sep,Jul,assigned,https://doi.org/10.1007/s10457-026-01498-4,9,7,2021-09-01,2022-07-01,9.416518731550736,15.718413721431386,41.0490198135376,1443.7512853458113,73.95876299786828,132,0.4490664589700284,0.8429964129692052,98.54574578114992,31.22555272857979,0.109497800469398,3.189088344573975,1.068639426976442,Dornburg field,322,160,519,152,2007,15,D_AF_r4_2022
2022,8,Dornburg_normal,winter barley,D_AF_r4_18m,NA,812,dornburg1823,g/m2,18,Dornburg,51.011111,11.646111,NA,NA,poplar,normal,NA,NA,NA,NA,NA,NA,NA,NA,NA,NA,NA,NA,NA,NA,NA,D_AF_r4_18m_2022,NA,barley,8.120000000000001,NA,2014,8,51.01367042554204,11.644415941361151,51.009302829000035,11.637492610000038,51.01716262600007,11.653890349000052,536642.4637821629,Winter Barley,152-0-0,Sep,Jul,assigned,https://doi.org/10.1007/s10457-026-01498-4,9,7,2021-09-01,2022-07-01,9.416518731550736,15.718413721431386,41.0490198135376,1443.7512853458113,73.95876299786828,132,0.4490664589700284,0.8429964129692052,98.54574578114992,31.22555272857979,0.109497800469398,3.189088344573975,1.068639426976442,Dornburg field,322,160,519,152,2007,15,D_AF_r4_2022
2022,8,Dornburg_normal,winter barley,D_AF_r4_24m,NA,798,dornburg1823,g/m2,24,Dornburg,51.011111,11.646111,NA,NA,poplar,normal,NA,NA,NA,NA,NA,NA,NA,NA,NA,NA,NA,NA,NA,NA,NA,D_AF_r4_24m_2022,NA,barley,7.98,NA,2014,8,51.01367042554204,11.644415941361151,51.009302829000035,11.637492610000038,51.01716262600007,11.653890349000052,536642.4637821629,Winter Barley,152-0-0,Sep,Jul,assigned,https://doi.org/10.1007/s10457-026-01498-4,9,7,2021-09-01,2022-07-01,9.416518731550736,15.718413721431386,41.0490198135376,1443.7512853458113,73.95876299786828,132,0.4490664589700284,0.8429964129692052,98.54574578114992,31.22555272857979,0.109497800469398,3.189088344573975,1.068639426976442,Dornburg field,322,160,519,152,2007,15,D_AF_r4_2022
2022,8,Dornburg_reduced,winter barley,D_AF_r5_1m,NA,339.39,dornburg1823,g/m2,1,Dornburg,51.011111,11.646111,NA,NA,poplar,reduced,NA,NA,NA,NA,NA,NA,NA,NA,NA,NA,NA,NA,NA,NA,NA,D_AF_r5_1m_2022,NA,barley,3.3939,NA,2014,8,51.01367042554204,11.644415941361151,51.009302829000035,11.637492610000038,51.01716262600007,11.653890349000052,536642.4637821629,Winter Barley,76-0-0,Sep,Jul,assigned,https://doi.org/10.1007/s10457-026-01498-4,9,7,2021-09-01,2022-07-01,9.416518731550736,15.718413721431386,41.0490198135376,1443.7512853458113,73.95876299786828,132,0.4490664589700284,0.8429964129692052,98.54574578114992,31.22555272857979,0.109497800469398,3.189088344573975,1.068639426976442,Dornburg field,322,160,519,76,2007,15,D_AF_r5_2022
2022,8,Dornburg_reduced,winter barley,D_AF_r5_4m,NA,630.6,dornburg1823,g/m2,4,Dornburg,51.011111,11.646111,NA,NA,poplar,reduced,NA,NA,NA,NA,NA,NA,NA,NA,NA,NA,NA,NA,NA,NA,NA,D_AF_r5_4m_2022,NA,barley,6.306,NA,2014,8,51.01367042554204,11.644415941361151,51.009302829000035,11.637492610000038,51.01716262600007,11.653890349000052,536642.4637821629,Winter Barley,76-0-0,Sep,Jul,assigned,https://doi.org/10.1007/s10457-026-01498-4,9,7,2021-09-01,2022-07-01,9.416518731550736,15.718413721431386,41.0490198135376,1443.7512853458113,73.95876299786828,132,0.4490664589700284,0.8429964129692052,98.54574578114992,31.22555272857979,0.109497800469398,3.189088344573975,1.068639426976442,Dornburg field,322,160,519,76,2007,15,D_AF_r5_2022
2022,8,Dornburg_reduced,winter barley,D_AF_r5_7m,NA,690.68,dornburg1823,g/m2,7,Dornburg,51.011111,11.646111,NA,NA,poplar,reduced,NA,NA,NA,NA,NA,NA,NA,NA,NA,NA,NA,NA,NA,NA,NA,D_AF_r5_7m_2022,NA,barley,6.9068,NA,2014,8,51.01367042554204,11.644415941361151,51.009302829000035,11.637492610000038,51.01716262600007,11.653890349000052,536642.4637821629,Winter Barley,76-0-0,Sep,Jul,assigned,https://doi.org/10.1007/s10457-026-01498-4,9,7,2021-09-01,2022-07-01,9.416518731550736,15.718413721431386,41.0490198135376,1443.7512853458113,73.95876299786828,132,0.4490664589700284,0.8429964129692052,98.54574578114992,31.22555272857979,0.109497800469398,3.189088344573975,1.068639426976442,Dornburg field,322,160,519,76,2007,15,D_AF_r5_2022
2022,8,Dornburg_reduced,winter barley,D_AF_r5_18m,NA,677.43,dornburg1823,g/m2,18,Dornburg,51.011111,11.646111,NA,NA,poplar,reduced,NA,NA,NA,NA,NA,NA,NA,NA,NA,NA,NA,NA,NA,NA,NA,D_AF_r5_18m_2022,NA,barley,6.774299999999999,NA,2014,8,51.01367042554204,11.644415941361151,51.009302829000035,11.637492610000038,51.01716262600007,11.653890349000052,536642.4637821629,Winter Barley,76-0-0,Sep,Jul,assigned,https://doi.org/10.1007/s10457-026-01498-4,9,7,2021-09-01,2022-07-01,9.416518731550736,15.718413721431386,41.0490198135376,1443.7512853458113,73.95876299786828,132,0.4490664589700284,0.8429964129692052,98.54574578114992,31.22555272857979,0.109497800469398,3.189088344573975,1.068639426976442,Dornburg field,322,160,519,76,2007,15,D_AF_r5_2022
2022,8,Dornburg_reduced,winter barley,D_AF_r5_24m,NA,667.22,dornburg1823,g/m2,24,Dornburg,51.011111,11.646111,NA,NA,poplar,reduced,NA,NA,NA,NA,NA,NA,NA,NA,NA,NA,NA,NA,NA,NA,NA,D_AF_r5_24m_2022,NA,barley,6.6722,NA,2014,8,51.01367042554204,11.644415941361151,51.009302829000035,11.637492610000038,51.01716262600007,11.653890349000052,536642.4637821629,Winter Barley,76-0-0,Sep,Jul,assigned,https://doi.org/10.1007/s10457-026-01498-4,9,7,2021-09-01,2022-07-01,9.416518731550736,15.718413721431386,41.0490198135376,1443.7512853458113,73.95876299786828,132,0.4490664589700284,0.8429964129692052,98.54574578114992,31.22555272857979,0.109497800469398,3.189088344573975,1.068639426976442,Dornburg field,322,160,519,76,2007,15,D_AF_r5_2022
2022,8,Dornburg_reduced,winter barley,D_AF_r6_1m,NA,431.74,dornburg1823,g/m2,1,Dornburg,51.011111,11.646111,NA,NA,poplar,reduced,NA,NA,NA,NA,NA,NA,NA,NA,NA,NA,NA,NA,NA,NA,NA,D_AF_r6_1m_2022,NA,barley,4.3174,NA,2014,8,51.01367042554204,11.644415941361151,51.009302829000035,11.637492610000038,51.01716262600007,11.653890349000052,536642.4637821629,Winter Barley,76-0-0,Sep,Jul,assigned,https://doi.org/10.1007/s10457-026-01498-4,9,7,2021-09-01,2022-07-01,9.416518731550736,15.718413721431386,41.0490198135376,1443.7512853458113,73.95876299786828,132,0.4490664589700284,0.8429964129692052,98.54574578114992,31.22555272857979,0.109497800469398,3.189088344573975,1.068639426976442,Dornburg field,322,160,519,76,2007,15,D_AF_r6_2022
2022,8,Dornburg_reduced,winter barley,D_AF_r6_4m,NA,566.04,dornburg1823,g/m2,4,Dornburg,51.011111,11.646111,NA,NA,poplar,reduced,NA,NA,NA,NA,NA,NA,NA,NA,NA,NA,NA,NA,NA,NA,NA,D_AF_r6_4m_2022,NA,barley,5.6604,NA,2014,8,51.01367042554204,11.644415941361151,51.009302829000035,11.637492610000038,51.01716262600007,11.653890349000052,536642.4637821629,Winter Barley,76-0-0,Sep,Jul,assigned,https://doi.org/10.1007/s10457-026-01498-4,9,7,2021-09-01,2022-07-01,9.416518731550736,15.718413721431386,41.0490198135376,1443.7512853458113,73.95876299786828,132,0.4490664589700284,0.8429964129692052,98.54574578114992,31.22555272857979,0.109497800469398,3.189088344573975,1.068639426976442,Dornburg field,322,160,519,76,2007,15,D_AF_r6_2022
2022,8,Dornburg_reduced,winter barley,D_AF_r6_7m,NA,662.81,dornburg1823,g/m2,7,Dornburg,51.011111,11.646111,NA,NA,poplar,reduced,NA,NA,NA,NA,NA,NA,NA,NA,NA,NA,NA,NA,NA,NA,NA,D_AF_r6_7m_2022,NA,barley,6.6281,NA,2014,8,51.01367042554204,11.644415941361151,51.009302829000035,11.637492610000038,51.01716262600007,11.653890349000052,536642.4637821629,Winter Barley,76-0-0,Sep,Jul,assigned,https://doi.org/10.1007/s10457-026-01498-4,9,7,2021-09-01,2022-07-01,9.416518731550736,15.718413721431386,41.0490198135376,1443.7512853458113,73.95876299786828,132,0.4490664589700284,0.8429964129692052,98.54574578114992,31.22555272857979,0.109497800469398,3.189088344573975,1.068639426976442,Dornburg field,322,160,519,76,2007,15,D_AF_r6_2022
2022,8,Dornburg_reduced,winter barley,D_AF_r6_18m,NA,692.98,dornburg1823,g/m2,18,Dornburg,51.011111,11.646111,NA,NA,poplar,reduced,NA,NA,NA,NA,NA,NA,NA,NA,NA,NA,NA,NA,NA,NA,NA,D_AF_r6_18m_2022,NA,barley,6.9298,NA,2014,8,51.01367042554204,11.644415941361151,51.009302829000035,11.637492610000038,51.01716262600007,11.653890349000052,536642.4637821629,Winter Barley,76-0-0,Sep,Jul,assigned,https://doi.org/10.1007/s10457-026-01498-4,9,7,2021-09-01,2022-07-01,9.416518731550736,15.718413721431386,41.0490198135376,1443.7512853458113,73.95876299786828,132,0.4490664589700284,0.8429964129692052,98.54574578114992,31.22555272857979,0.109497800469398,3.189088344573975,1.068639426976442,Dornburg field,322,160,519,76,2007,15,D_AF_r6_2022
2022,8,Dornburg_reduced,winter barley,D_AF_r6_24m,NA,762.74,dornburg1823,g/m2,24,Dornburg,51.011111,11.646111,NA,NA,poplar,reduced,NA,NA,NA,NA,NA,NA,NA,NA,NA,NA,NA,NA,NA,NA,NA,D_AF_r6_24m_2022,NA,barley,7.627400000000001,NA,2014,8,51.01367042554204,11.644415941361151,51.009302829000035,11.637492610000038,51.01716262600007,11.653890349000052,536642.4637821629,Winter Barley,76-0-0,Sep,Jul,assigned,https://doi.org/10.1007/s10457-026-01498-4,9,7,2021-09-01,2022-07-01,9.416518731550736,15.718413721431386,41.0490198135376,1443.7512853458113,73.95876299786828,132,0.4490664589700284,0.8429964129692052,98.54574578114992,31.22555272857979,0.109497800469398,3.189088344573975,1.068639426976442,Dornburg field,322,160,519,76,2007,15,D_AF_r6_2022
2022,8,Dornburg_reduced,winter barley,D_AF_r7_1m,NA,327.98,dornburg1823,g/m2,1,Dornburg,51.011111,11.646111,NA,NA,poplar,reduced,NA,NA,NA,NA,NA,NA,NA,NA,NA,NA,NA,NA,NA,NA,NA,D_AF_r7_1m_2022,NA,barley,3.2798000000000003,NA,2014,8,51.01367042554204,11.644415941361151,51.009302829000035,11.637492610000038,51.01716262600007,11.653890349000052,536642.4637821629,Winter Barley,76-0-0,Sep,Jul,assigned,https://doi.org/10.1007/s10457-026-01498-4,9,7,2021-09-01,2022-07-01,9.416518731550736,15.718413721431386,41.0490198135376,1443.7512853458113,73.95876299786828,132,0.4490664589700284,0.8429964129692052,98.54574578114992,31.22555272857979,0.109497800469398,3.189088344573975,1.068639426976442,Dornburg field,322,160,519,76,2007,15,D_AF_r7_2022
2022,8,Dornburg_reduced,winter barley,D_AF_r7_4m,NA,657.19,dornburg1823,g/m2,4,Dornburg,51.011111,11.646111,NA,NA,poplar,reduced,NA,NA,NA,NA,NA,NA,NA,NA,NA,NA,NA,NA,NA,NA,NA,D_AF_r7_4m_2022,NA,barley,6.5719,NA,2014,8,51.01367042554204,11.644415941361151,51.009302829000035,11.637492610000038,51.01716262600007,11.653890349000052,536642.4637821629,Winter Barley,76-0-0,Sep,Jul,assigned,https://doi.org/10.1007/s10457-026-01498-4,9,7,2021-09-01,2022-07-01,9.416518731550736,15.718413721431386,41.0490198135376,1443.7512853458113,73.95876299786828,132,0.4490664589700284,0.8429964129692052,98.54574578114992,31.22555272857979,0.109497800469398,3.189088344573975,1.068639426976442,Dornburg field,322,160,519,76,2007,15,D_AF_r7_2022
2022,8,Dornburg_reduced,winter barley,D_AF_r7_7m,NA,693.7,dornburg1823,g/m2,7,Dornburg,51.011111,11.646111,NA,NA,poplar,reduced,NA,NA,NA,NA,NA,NA,NA,NA,NA,NA,NA,NA,NA,NA,NA,D_AF_r7_7m_2022,NA,barley,6.937,NA,2014,8,51.01367042554204,11.644415941361151,51.009302829000035,11.637492610000038,51.01716262600007,11.653890349000052,536642.4637821629,Winter Barley,76-0-0,Sep,Jul,assigned,https://doi.org/10.1007/s10457-026-01498-4,9,7,2021-09-01,2022-07-01,9.416518731550736,15.718413721431386,41.0490198135376,1443.7512853458113,73.95876299786828,132,0.4490664589700284,0.8429964129692052,98.54574578114992,31.22555272857979,0.109497800469398,3.189088344573975,1.068639426976442,Dornburg field,322,160,519,76,2007,15,D_AF_r7_2022
2022,8,Dornburg_reduced,winter barley,D_AF_r7_18m,NA,756.23,dornburg1823,g/m2,18,Dornburg,51.011111,11.646111,NA,NA,poplar,reduced,NA,NA,NA,NA,NA,NA,NA,NA,NA,NA,NA,NA,NA,NA,NA,D_AF_r7_18m_2022,NA,barley,7.5623,NA,2014,8,51.01367042554204,11.644415941361151,51.009302829000035,11.637492610000038,51.01716262600007,11.653890349000052,536642.4637821629,Winter Barley,76-0-0,Sep,Jul,assigned,https://doi.org/10.1007/s10457-026-01498-4,9,7,2021-09-01,2022-07-01,9.416518731550736,15.718413721431386,41.0490198135376,1443.7512853458113,73.95876299786828,132,0.4490664589700284,0.8429964129692052,98.54574578114992,31.22555272857979,0.109497800469398,3.189088344573975,1.068639426976442,Dornburg field,322,160,519,76,2007,15,D_AF_r7_2022
2022,8,Dornburg_reduced,winter barley,D_AF_r7_24m,NA,729.39,dornburg1823,g/m2,24,Dornburg,51.011111,11.646111,NA,NA,poplar,reduced,NA,NA,NA,NA,NA,NA,NA,NA,NA,NA,NA,NA,NA,NA,NA,D_AF_r7_24m_2022,NA,barley,7.2939,NA,2014,8,51.01367042554204,11.644415941361151,51.009302829000035,11.637492610000038,51.01716262600007,11.653890349000052,536642.4637821629,Winter Barley,76-0-0,Sep,Jul,assigned,https://doi.org/10.1007/s10457-026-01498-4,9,7,2021-09-01,2022-07-01,9.416518731550736,15.718413721431386,41.0490198135376,1443.7512853458113,73.95876299786828,132,0.4490664589700284,0.8429964129692052,98.54574578114992,31.22555272857979,0.109497800469398,3.189088344573975,1.068639426976442,Dornburg field,322,160,519,76,2007,15,D_AF_r7_2022
2022,8,Dornburg_reduced,winter barley,D_AF_r8_1m,NA,473.12,dornburg1823,g/m2,1,Dornburg,51.011111,11.646111,NA,NA,poplar,reduced,NA,NA,NA,NA,NA,NA,NA,NA,NA,NA,NA,NA,NA,NA,NA,D_AF_r8_1m_2022,NA,barley,4.7312,NA,2014,8,51.01367042554204,11.644415941361151,51.009302829000035,11.637492610000038,51.01716262600007,11.653890349000052,536642.4637821629,Winter Barley,76-0-0,Sep,Jul,assigned,https://doi.org/10.1007/s10457-026-01498-4,9,7,2021-09-01,2022-07-01,9.416518731550736,15.718413721431386,41.0490198135376,1443.7512853458113,73.95876299786828,132,0.4490664589700284,0.8429964129692052,98.54574578114992,31.22555272857979,0.109497800469398,3.189088344573975,1.068639426976442,Dornburg field,322,160,519,76,2007,15,D_AF_r8_2022
2022,8,Dornburg_reduced,winter barley,D_AF_r8_4m,NA,654.92,dornburg1823,g/m2,4,Dornburg,51.011111,11.646111,NA,NA,poplar,reduced,NA,NA,NA,NA,NA,NA,NA,NA,NA,NA,NA,NA,NA,NA,NA,D_AF_r8_4m_2022,NA,barley,6.5492,NA,2014,8,51.01367042554204,11.644415941361151,51.009302829000035,11.637492610000038,51.01716262600007,11.653890349000052,536642.4637821629,Winter Barley,76-0-0,Sep,Jul,assigned,https://doi.org/10.1007/s10457-026-01498-4,9,7,2021-09-01,2022-07-01,9.416518731550736,15.718413721431386,41.0490198135376,1443.7512853458113,73.95876299786828,132,0.4490664589700284,0.8429964129692052,98.54574578114992,31.22555272857979,0.109497800469398,3.189088344573975,1.068639426976442,Dornburg field,322,160,519,76,2007,15,D_AF_r8_2022
2022,8,Dornburg_reduced,winter barley,D_AF_r8_7m,NA,657.14,dornburg1823,g/m2,7,Dornburg,51.011111,11.646111,NA,NA,poplar,reduced,NA,NA,NA,NA,NA,NA,NA,NA,NA,NA,NA,NA,NA,NA,NA,D_AF_r8_7m_2022,NA,barley,6.5714,NA,2014,8,51.01367042554204,11.644415941361151,51.009302829000035,11.637492610000038,51.01716262600007,11.653890349000052,536642.4637821629,Winter Barley,76-0-0,Sep,Jul,assigned,https://doi.org/10.1007/s10457-026-01498-4,9,7,2021-09-01,2022-07-01,9.416518731550736,15.718413721431386,41.0490198135376,1443.7512853458113,73.95876299786828,132,0.4490664589700284,0.8429964129692052,98.54574578114992,31.22555272857979,0.109497800469398,3.189088344573975,1.068639426976442,Dornburg field,322,160,519,76,2007,15,D_AF_r8_2022
2022,8,Dornburg_reduced,winter barley,D_AF_r8_18m,NA,700,dornburg1823,g/m2,18,Dornburg,51.011111,11.646111,NA,NA,poplar,reduced,NA,NA,NA,NA,NA,NA,NA,NA,NA,NA,NA,NA,NA,NA,NA,D_AF_r8_18m_2022,NA,barley,7,NA,2014,8,51.01367042554204,11.644415941361151,51.009302829000035,11.637492610000038,51.01716262600007,11.653890349000052,536642.4637821629,Winter Barley,76-0-0,Sep,Jul,assigned,https://doi.org/10.1007/s10457-026-01498-4,9,7,2021-09-01,2022-07-01,9.416518731550736,15.718413721431386,41.0490198135376,1443.7512853458113,73.95876299786828,132,0.4490664589700284,0.8429964129692052,98.54574578114992,31.22555272857979,0.109497800469398,3.189088344573975,1.068639426976442,Dornburg field,322,160,519,76,2007,15,D_AF_r8_2022
2022,8,Dornburg_reduced,winter barley,D_AF_r8_24m,NA,722.73,dornburg1823,g/m2,24,Dornburg,51.011111,11.646111,NA,NA,poplar,reduced,NA,NA,NA,NA,NA,NA,NA,NA,NA,NA,NA,NA,NA,NA,NA,D_AF_r8_24m_2022,NA,barley,7.2273,NA,2014,8,51.01367042554204,11.644415941361151,51.009302829000035,11.637492610000038,51.01716262600007,11.653890349000052,536642.4637821629,Winter Barley,76-0-0,Sep,Jul,assigned,https://doi.org/10.1007/s10457-026-01498-4,9,7,2021-09-01,2022-07-01,9.416518731550736,15.718413721431386,41.0490198135376,1443.7512853458113,73.95876299786828,132,0.4490664589700284,0.8429964129692052,98.54574578114992,31.22555272857979,0.109497800469398,3.189088344573975,1.068639426976442,Dornburg field,322,160,519,76,2007,15,D_AF_r8_2022
2023,9,Dornburg_normal,winter oilseedrape,D_AF_r1_1m,NA,112,dornburg1823,g/m2,1,Dornburg,51.011111,11.646111,NA,NA,poplar,normal,NA,NA,NA,NA,NA,NA,NA,NA,NA,NA,NA,NA,NA,NA,NA,D_AF_r1_1m_2023,NA,rapeseed,1.12,NA,2014,9,51.01367042554204,11.644415941361151,51.009302829000035,11.637492610000038,51.01716262600007,11.653890349000052,536642.4637821629,Oilseed Rape,141-11-17,Sep,Jul,assigned,https://doi.org/10.1007/s10457-026-01498-4,9,7,2022-09-01,2023-07-01,9.357092846523631,14.37193313511935,53.58713519573212,1443.7512853458113,73.6027665729855,150,0.4535777063091223,0.8535958455140233,98.51531008178311,31.884527828483225,0.109497800469398,3.189088344573975,1.068639426976442,Dornburg field,322,160,519,141,2007,16,D_AF_r1_2023
2023,9,Dornburg_normal,winter oilseedrape,D_AF_r1_4m,NA,326,dornburg1823,g/m2,4,Dornburg,51.011111,11.646111,NA,NA,poplar,normal,NA,NA,NA,NA,NA,NA,NA,NA,NA,NA,NA,NA,NA,NA,NA,D_AF_r1_4m_2023,NA,rapeseed,3.26,NA,2014,9,51.01367042554204,11.644415941361151,51.009302829000035,11.637492610000038,51.01716262600007,11.653890349000052,536642.4637821629,Oilseed Rape,141-11-17,Sep,Jul,assigned,https://doi.org/10.1007/s10457-026-01498-4,9,7,2022-09-01,2023-07-01,9.357092846523631,14.37193313511935,53.58713519573212,1443.7512853458113,73.6027665729855,150,0.4535777063091223,0.8535958455140233,98.51531008178311,31.884527828483225,0.109497800469398,3.189088344573975,1.068639426976442,Dornburg field,322,160,519,141,2007,16,D_AF_r1_2023
2023,9,Dornburg_normal,winter oilseedrape,D_AF_r1_18m,NA,383,dornburg1823,g/m2,18,Dornburg,51.011111,11.646111,NA,NA,poplar,normal,NA,NA,NA,NA,NA,NA,NA,NA,NA,NA,NA,NA,NA,NA,NA,D_AF_r1_18m_2023,NA,rapeseed,3.83,NA,2014,9,51.01367042554204,11.644415941361151,51.009302829000035,11.637492610000038,51.01716262600007,11.653890349000052,536642.4637821629,Oilseed Rape,141-11-17,Sep,Jul,assigned,https://doi.org/10.1007/s10457-026-01498-4,9,7,2022-09-01,2023-07-01,9.357092846523631,14.37193313511935,53.58713519573212,1443.7512853458113,73.6027665729855,150,0.4535777063091223,0.8535958455140233,98.51531008178311,31.884527828483225,0.109497800469398,3.189088344573975,1.068639426976442,Dornburg field,322,160,519,141,2007,16,D_AF_r1_2023
2023,9,Dornburg_normal,winter oilseedrape,D_AF_r1_24m,NA,406,dornburg1823,g/m2,24,Dornburg,51.011111,11.646111,NA,NA,poplar,normal,NA,NA,NA,NA,NA,NA,NA,NA,NA,NA,NA,NA,NA,NA,NA,D_AF_r1_24m_2023,NA,rapeseed,4.0600000000000005,NA,2014,9,51.01367042554204,11.644415941361151,51.009302829000035,11.637492610000038,51.01716262600007,11.653890349000052,536642.4637821629,Oilseed Rape,141-11-17,Sep,Jul,assigned,https://doi.org/10.1007/s10457-026-01498-4,9,7,2022-09-01,2023-07-01,9.357092846523631,14.37193313511935,53.58713519573212,1443.7512853458113,73.6027665729855,150,0.4535777063091223,0.8535958455140233,98.51531008178311,31.884527828483225,0.109497800469398,3.189088344573975,1.068639426976442,Dornburg field,322,160,519,141,2007,16,D_AF_r1_2023
2023,9,Dornburg_normal,winter oilseedrape,D_AF_r2_1m,NA,220,dornburg1823,g/m2,1,Dornburg,51.011111,11.646111,NA,NA,poplar,normal,NA,NA,NA,NA,NA,NA,NA,NA,NA,NA,NA,NA,NA,NA,NA,D_AF_r2_1m_2023,NA,rapeseed,2.2,NA,2014,9,51.01367042554204,11.644415941361151,51.009302829000035,11.637492610000038,51.01716262600007,11.653890349000052,536642.4637821629,Oilseed Rape,141-11-17,Sep,Jul,assigned,https://doi.org/10.1007/s10457-026-01498-4,9,7,2022-09-01,2023-07-01,9.357092846523631,14.37193313511935,53.58713519573212,1443.7512853458113,73.6027665729855,150,0.4535777063091223,0.8535958455140233,98.51531008178311,31.884527828483225,0.109497800469398,3.189088344573975,1.068639426976442,Dornburg field,322,160,519,141,2007,16,D_AF_r2_2023
2023,9,Dornburg_normal,winter oilseedrape,D_AF_r2_4m,NA,357,dornburg1823,g/m2,4,Dornburg,51.011111,11.646111,NA,NA,poplar,normal,NA,NA,NA,NA,NA,NA,NA,NA,NA,NA,NA,NA,NA,NA,NA,D_AF_r2_4m_2023,NA,rapeseed,3.5700000000000003,NA,2014,9,51.01367042554204,11.644415941361151,51.009302829000035,11.637492610000038,51.01716262600007,11.653890349000052,536642.4637821629,Oilseed Rape,141-11-17,Sep,Jul,assigned,https://doi.org/10.1007/s10457-026-01498-4,9,7,2022-09-01,2023-07-01,9.357092846523631,14.37193313511935,53.58713519573212,1443.7512853458113,73.6027665729855,150,0.4535777063091223,0.8535958455140233,98.51531008178311,31.884527828483225,0.109497800469398,3.189088344573975,1.068639426976442,Dornburg field,322,160,519,141,2007,16,D_AF_r2_2023
2023,9,Dornburg_normal,winter oilseedrape,D_AF_r2_7m,NA,385,dornburg1823,g/m2,7,Dornburg,51.011111,11.646111,NA,NA,poplar,normal,NA,NA,NA,NA,NA,NA,NA,NA,NA,NA,NA,NA,NA,NA,NA,D_AF_r2_7m_2023,NA,rapeseed,3.85,NA,2014,9,51.01367042554204,11.644415941361151,51.009302829000035,11.637492610000038,51.01716262600007,11.653890349000052,536642.4637821629,Oilseed Rape,141-11-17,Sep,Jul,assigned,https://doi.org/10.1007/s10457-026-01498-4,9,7,2022-09-01,2023-07-01,9.357092846523631,14.37193313511935,53.58713519573212,1443.7512853458113,73.6027665729855,150,0.4535777063091223,0.8535958455140233,98.51531008178311,31.884527828483225,0.109497800469398,3.189088344573975,1.068639426976442,Dornburg field,322,160,519,141,2007,16,D_AF_r2_2023
2023,9,Dornburg_normal,winter oilseedrape,D_AF_r2_18m,NA,414,dornburg1823,g/m2,18,Dornburg,51.011111,11.646111,NA,NA,poplar,normal,NA,NA,NA,NA,NA,NA,NA,NA,NA,NA,NA,NA,NA,NA,NA,D_AF_r2_18m_2023,NA,rapeseed,4.14,NA,2014,9,51.01367042554204,11.644415941361151,51.009302829000035,11.637492610000038,51.01716262600007,11.653890349000052,536642.4637821629,Oilseed Rape,141-11-17,Sep,Jul,assigned,https://doi.org/10.1007/s10457-026-01498-4,9,7,2022-09-01,2023-07-01,9.357092846523631,14.37193313511935,53.58713519573212,1443.7512853458113,73.6027665729855,150,0.4535777063091223,0.8535958455140233,98.51531008178311,31.884527828483225,0.109497800469398,3.189088344573975,1.068639426976442,Dornburg field,322,160,519,141,2007,16,D_AF_r2_2023
2023,9,Dornburg_normal,winter oilseedrape,D_AF_r2_24m,NA,401,dornburg1823,g/m2,24,Dornburg,51.011111,11.646111,NA,NA,poplar,normal,NA,NA,NA,NA,NA,NA,NA,NA,NA,NA,NA,NA,NA,NA,NA,D_AF_r2_24m_2023,NA,rapeseed,4.01,NA,2014,9,51.01367042554204,11.644415941361151,51.009302829000035,11.637492610000038,51.01716262600007,11.653890349000052,536642.4637821629,Oilseed Rape,141-11-17,Sep,Jul,assigned,https://doi.org/10.1007/s10457-026-01498-4,9,7,2022-09-01,2023-07-01,9.357092846523631,14.37193313511935,53.58713519573212,1443.7512853458113,73.6027665729855,150,0.4535777063091223,0.8535958455140233,98.51531008178311,31.884527828483225,0.109497800469398,3.189088344573975,1.068639426976442,Dornburg field,322,160,519,141,2007,16,D_AF_r2_2023
2023,9,Dornburg_normal,winter oilseedrape,D_AF_r3_1m,NA,178,dornburg1823,g/m2,1,Dornburg,51.011111,11.646111,NA,NA,poplar,normal,NA,NA,NA,NA,NA,NA,NA,NA,NA,NA,NA,NA,NA,NA,NA,D_AF_r3_1m_2023,NA,rapeseed,1.78,NA,2014,9,51.01367042554204,11.644415941361151,51.009302829000035,11.637492610000038,51.01716262600007,11.653890349000052,536642.4637821629,Oilseed Rape,141-11-17,Sep,Jul,assigned,https://doi.org/10.1007/s10457-026-01498-4,9,7,2022-09-01,2023-07-01,9.357092846523631,14.37193313511935,53.58713519573212,1443.7512853458113,73.6027665729855,150,0.4535777063091223,0.8535958455140233,98.51531008178311,31.884527828483225,0.109497800469398,3.189088344573975,1.068639426976442,Dornburg field,322,160,519,141,2007,16,D_AF_r3_2023
2023,9,Dornburg_normal,winter oilseedrape,D_AF_r3_4m,NA,373,dornburg1823,g/m2,4,Dornburg,51.011111,11.646111,NA,NA,poplar,normal,NA,NA,NA,NA,NA,NA,NA,NA,NA,NA,NA,NA,NA,NA,NA,D_AF_r3_4m_2023,NA,rapeseed,3.73,NA,2014,9,51.01367042554204,11.644415941361151,51.009302829000035,11.637492610000038,51.01716262600007,11.653890349000052,536642.4637821629,Oilseed Rape,141-11-17,Sep,Jul,assigned,https://doi.org/10.1007/s10457-026-01498-4,9,7,2022-09-01,2023-07-01,9.357092846523631,14.37193313511935,53.58713519573212,1443.7512853458113,73.6027665729855,150,0.4535777063091223,0.8535958455140233,98.51531008178311,31.884527828483225,0.109497800469398,3.189088344573975,1.068639426976442,Dornburg field,322,160,519,141,2007,16,D_AF_r3_2023
2023,9,Dornburg_normal,winter oilseedrape,D_AF_r3_18m,NA,392,dornburg1823,g/m2,18,Dornburg,51.011111,11.646111,NA,NA,poplar,normal,NA,NA,NA,NA,NA,NA,NA,NA,NA,NA,NA,NA,NA,NA,NA,D_AF_r3_18m_2023,NA,rapeseed,3.92,NA,2014,9,51.01367042554204,11.644415941361151,51.009302829000035,11.637492610000038,51.01716262600007,11.653890349000052,536642.4637821629,Oilseed Rape,141-11-17,Sep,Jul,assigned,https://doi.org/10.1007/s10457-026-01498-4,9,7,2022-09-01,2023-07-01,9.357092846523631,14.37193313511935,53.58713519573212,1443.7512853458113,73.6027665729855,150,0.4535777063091223,0.8535958455140233,98.51531008178311,31.884527828483225,0.109497800469398,3.189088344573975,1.068639426976442,Dornburg field,322,160,519,141,2007,16,D_AF_r3_2023
2023,9,Dornburg_normal,winter oilseedrape,D_AF_r3_24m,NA,401,dornburg1823,g/m2,24,Dornburg,51.011111,11.646111,NA,NA,poplar,normal,NA,NA,NA,NA,NA,NA,NA,NA,NA,NA,NA,NA,NA,NA,NA,D_AF_r3_24m_2023,NA,rapeseed,4.01,NA,2014,9,51.01367042554204,11.644415941361151,51.009302829000035,11.637492610000038,51.01716262600007,11.653890349000052,536642.4637821629,Oilseed Rape,141-11-17,Sep,Jul,assigned,https://doi.org/10.1007/s10457-026-01498-4,9,7,2022-09-01,2023-07-01,9.357092846523631,14.37193313511935,53.58713519573212,1443.7512853458113,73.6027665729855,150,0.4535777063091223,0.8535958455140233,98.51531008178311,31.884527828483225,0.109497800469398,3.189088344573975,1.068639426976442,Dornburg field,322,160,519,141,2007,16,D_AF_r3_2023
2023,9,Dornburg_normal,winter oilseedrape,D_AF_r4_1m,NA,156,dornburg1823,g/m2,1,Dornburg,51.011111,11.646111,NA,NA,poplar,normal,NA,NA,NA,NA,NA,NA,NA,NA,NA,NA,NA,NA,NA,NA,NA,D_AF_r4_1m_2023,NA,rapeseed,1.56,NA,2014,9,51.01367042554204,11.644415941361151,51.009302829000035,11.637492610000038,51.01716262600007,11.653890349000052,536642.4637821629,Oilseed Rape,141-11-17,Sep,Jul,assigned,https://doi.org/10.1007/s10457-026-01498-4,9,7,2022-09-01,2023-07-01,9.357092846523631,14.37193313511935,53.58713519573212,1443.7512853458113,73.6027665729855,150,0.4535777063091223,0.8535958455140233,98.51531008178311,31.884527828483225,0.109497800469398,3.189088344573975,1.068639426976442,Dornburg field,322,160,519,141,2007,16,D_AF_r4_2023
2023,9,Dornburg_normal,winter oilseedrape,D_AF_r4_4m,NA,467,dornburg1823,g/m2,4,Dornburg,51.011111,11.646111,NA,NA,poplar,normal,NA,NA,NA,NA,NA,NA,NA,NA,NA,NA,NA,NA,NA,NA,NA,D_AF_r4_4m_2023,NA,rapeseed,4.67,NA,2014,9,51.01367042554204,11.644415941361151,51.009302829000035,11.637492610000038,51.01716262600007,11.653890349000052,536642.4637821629,Oilseed Rape,141-11-17,Sep,Jul,assigned,https://doi.org/10.1007/s10457-026-01498-4,9,7,2022-09-01,2023-07-01,9.357092846523631,14.37193313511935,53.58713519573212,1443.7512853458113,73.6027665729855,150,0.4535777063091223,0.8535958455140233,98.51531008178311,31.884527828483225,0.109497800469398,3.189088344573975,1.068639426976442,Dornburg field,322,160,519,141,2007,16,D_AF_r4_2023
2023,9,Dornburg_normal,winter oilseedrape,D_AF_r4_7m,NA,560,dornburg1823,g/m2,7,Dornburg,51.011111,11.646111,NA,NA,poplar,normal,NA,NA,NA,NA,NA,NA,NA,NA,NA,NA,NA,NA,NA,NA,NA,D_AF_r4_7m_2023,NA,rapeseed,5.6000000000000005,NA,2014,9,51.01367042554204,11.644415941361151,51.009302829000035,11.637492610000038,51.01716262600007,11.653890349000052,536642.4637821629,Oilseed Rape,141-11-17,Sep,Jul,assigned,https://doi.org/10.1007/s10457-026-01498-4,9,7,2022-09-01,2023-07-01,9.357092846523631,14.37193313511935,53.58713519573212,1443.7512853458113,73.6027665729855,150,0.4535777063091223,0.8535958455140233,98.51531008178311,31.884527828483225,0.109497800469398,3.189088344573975,1.068639426976442,Dornburg field,322,160,519,141,2007,16,D_AF_r4_2023
2023,9,Dornburg_normal,winter oilseedrape,D_AF_r4_18m,NA,486,dornburg1823,g/m2,18,Dornburg,51.011111,11.646111,NA,NA,poplar,normal,NA,NA,NA,NA,NA,NA,NA,NA,NA,NA,NA,NA,NA,NA,NA,D_AF_r4_18m_2023,NA,rapeseed,4.86,NA,2014,9,51.01367042554204,11.644415941361151,51.009302829000035,11.637492610000038,51.01716262600007,11.653890349000052,536642.4637821629,Oilseed Rape,141-11-17,Sep,Jul,assigned,https://doi.org/10.1007/s10457-026-01498-4,9,7,2022-09-01,2023-07-01,9.357092846523631,14.37193313511935,53.58713519573212,1443.7512853458113,73.6027665729855,150,0.4535777063091223,0.8535958455140233,98.51531008178311,31.884527828483225,0.109497800469398,3.189088344573975,1.068639426976442,Dornburg field,322,160,519,141,2007,16,D_AF_r4_2023
2023,9,Dornburg_normal,winter oilseedrape,D_AF_r4_24m,NA,453,dornburg1823,g/m2,24,Dornburg,51.011111,11.646111,NA,NA,poplar,normal,NA,NA,NA,NA,NA,NA,NA,NA,NA,NA,NA,NA,NA,NA,NA,D_AF_r4_24m_2023,NA,rapeseed,4.53,NA,2014,9,51.01367042554204,11.644415941361151,51.009302829000035,11.637492610000038,51.01716262600007,11.653890349000052,536642.4637821629,Oilseed Rape,141-11-17,Sep,Jul,assigned,https://doi.org/10.1007/s10457-026-01498-4,9,7,2022-09-01,2023-07-01,9.357092846523631,14.37193313511935,53.58713519573212,1443.7512853458113,73.6027665729855,150,0.4535777063091223,0.8535958455140233,98.51531008178311,31.884527828483225,0.109497800469398,3.189088344573975,1.068639426976442,Dornburg field,322,160,519,141,2007,16,D_AF_r4_2023
2023,9,Dornburg_reduced,winter oilseedrape,D_AF_r5_1m,NA,95,dornburg1823,g/m2,1,Dornburg,51.011111,11.646111,NA,NA,poplar,reduced,NA,NA,NA,NA,NA,NA,NA,NA,NA,NA,NA,NA,NA,NA,NA,D_AF_r5_1m_2023,NA,rapeseed,0.95,NA,2014,9,51.01367042554204,11.644415941361151,51.009302829000035,11.637492610000038,51.01716262600007,11.653890349000052,536642.4637821629,Oilseed Rape,71-6-9,Sep,Jul,assigned,https://doi.org/10.1007/s10457-026-01498-4,9,7,2022-09-01,2023-07-01,9.357092846523631,14.37193313511935,53.58713519573212,1443.7512853458113,73.6027665729855,150,0.4535777063091223,0.8535958455140233,98.51531008178311,31.884527828483225,0.109497800469398,3.189088344573975,1.068639426976442,Dornburg field,322,160,519,71,2007,16,D_AF_r5_2023
2023,9,Dornburg_reduced,winter oilseedrape,D_AF_r5_4m,NA,379,dornburg1823,g/m2,4,Dornburg,51.011111,11.646111,NA,NA,poplar,reduced,NA,NA,NA,NA,NA,NA,NA,NA,NA,NA,NA,NA,NA,NA,NA,D_AF_r5_4m_2023,NA,rapeseed,3.79,NA,2014,9,51.01367042554204,11.644415941361151,51.009302829000035,11.637492610000038,51.01716262600007,11.653890349000052,536642.4637821629,Oilseed Rape,71-6-9,Sep,Jul,assigned,https://doi.org/10.1007/s10457-026-01498-4,9,7,2022-09-01,2023-07-01,9.357092846523631,14.37193313511935,53.58713519573212,1443.7512853458113,73.6027665729855,150,0.4535777063091223,0.8535958455140233,98.51531008178311,31.884527828483225,0.109497800469398,3.189088344573975,1.068639426976442,Dornburg field,322,160,519,71,2007,16,D_AF_r5_2023
2023,9,Dornburg_reduced,winter oilseedrape,D_AF_r5_7m,NA,378,dornburg1823,g/m2,7,Dornburg,51.011111,11.646111,NA,NA,poplar,reduced,NA,NA,NA,NA,NA,NA,NA,NA,NA,NA,NA,NA,NA,NA,NA,D_AF_r5_7m_2023,NA,rapeseed,3.78,NA,2014,9,51.01367042554204,11.644415941361151,51.009302829000035,11.637492610000038,51.01716262600007,11.653890349000052,536642.4637821629,Oilseed Rape,71-6-9,Sep,Jul,assigned,https://doi.org/10.1007/s10457-026-01498-4,9,7,2022-09-01,2023-07-01,9.357092846523631,14.37193313511935,53.58713519573212,1443.7512853458113,73.6027665729855,150,0.4535777063091223,0.8535958455140233,98.51531008178311,31.884527828483225,0.109497800469398,3.189088344573975,1.068639426976442,Dornburg field,322,160,519,71,2007,16,D_AF_r5_2023
2023,9,Dornburg_reduced,winter oilseedrape,D_AF_r5_18m,NA,404,dornburg1823,g/m2,18,Dornburg,51.011111,11.646111,NA,NA,poplar,reduced,NA,NA,NA,NA,NA,NA,NA,NA,NA,NA,NA,NA,NA,NA,NA,D_AF_r5_18m_2023,NA,rapeseed,4.04,NA,2014,9,51.01367042554204,11.644415941361151,51.009302829000035,11.637492610000038,51.01716262600007,11.653890349000052,536642.4637821629,Oilseed Rape,71-6-9,Sep,Jul,assigned,https://doi.org/10.1007/s10457-026-01498-4,9,7,2022-09-01,2023-07-01,9.357092846523631,14.37193313511935,53.58713519573212,1443.7512853458113,73.6027665729855,150,0.4535777063091223,0.8535958455140233,98.51531008178311,31.884527828483225,0.109497800469398,3.189088344573975,1.068639426976442,Dornburg field,322,160,519,71,2007,16,D_AF_r5_2023
2023,9,Dornburg_reduced,winter oilseedrape,D_AF_r5_24m,NA,392,dornburg1823,g/m2,24,Dornburg,51.011111,11.646111,NA,NA,poplar,reduced,NA,NA,NA,NA,NA,NA,NA,NA,NA,NA,NA,NA,NA,NA,NA,D_AF_r5_24m_2023,NA,rapeseed,3.92,NA,2014,9,51.01367042554204,11.644415941361151,51.009302829000035,11.637492610000038,51.01716262600007,11.653890349000052,536642.4637821629,Oilseed Rape,71-6-9,Sep,Jul,assigned,https://doi.org/10.1007/s10457-026-01498-4,9,7,2022-09-01,2023-07-01,9.357092846523631,14.37193313511935,53.58713519573212,1443.7512853458113,73.6027665729855,150,0.4535777063091223,0.8535958455140233,98.51531008178311,31.884527828483225,0.109497800469398,3.189088344573975,1.068639426976442,Dornburg field,322,160,519,71,2007,16,D_AF_r5_2023
2023,9,Dornburg_reduced,winter oilseedrape,D_AF_r6_1m,NA,204,dornburg1823,g/m2,1,Dornburg,51.011111,11.646111,NA,NA,poplar,reduced,NA,NA,NA,NA,NA,NA,NA,NA,NA,NA,NA,NA,NA,NA,NA,D_AF_r6_1m_2023,NA,rapeseed,2.04,NA,2014,9,51.01367042554204,11.644415941361151,51.009302829000035,11.637492610000038,51.01716262600007,11.653890349000052,536642.4637821629,Oilseed Rape,71-6-9,Sep,Jul,assigned,https://doi.org/10.1007/s10457-026-01498-4,9,7,2022-09-01,2023-07-01,9.357092846523631,14.37193313511935,53.58713519573212,1443.7512853458113,73.6027665729855,150,0.4535777063091223,0.8535958455140233,98.51531008178311,31.884527828483225,0.109497800469398,3.189088344573975,1.068639426976442,Dornburg field,322,160,519,71,2007,16,D_AF_r6_2023
2023,9,Dornburg_reduced,winter oilseedrape,D_AF_r6_4m,NA,334,dornburg1823,g/m2,4,Dornburg,51.011111,11.646111,NA,NA,poplar,reduced,NA,NA,NA,NA,NA,NA,NA,NA,NA,NA,NA,NA,NA,NA,NA,D_AF_r6_4m_2023,NA,rapeseed,3.34,NA,2014,9,51.01367042554204,11.644415941361151,51.009302829000035,11.637492610000038,51.01716262600007,11.653890349000052,536642.4637821629,Oilseed Rape,71-6-9,Sep,Jul,assigned,https://doi.org/10.1007/s10457-026-01498-4,9,7,2022-09-01,2023-07-01,9.357092846523631,14.37193313511935,53.58713519573212,1443.7512853458113,73.6027665729855,150,0.4535777063091223,0.8535958455140233,98.51531008178311,31.884527828483225,0.109497800469398,3.189088344573975,1.068639426976442,Dornburg field,322,160,519,71,2007,16,D_AF_r6_2023
2023,9,Dornburg_reduced,winter oilseedrape,D_AF_r6_18m,NA,387,dornburg1823,g/m2,18,Dornburg,51.011111,11.646111,NA,NA,poplar,reduced,NA,NA,NA,NA,NA,NA,NA,NA,NA,NA,NA,NA,NA,NA,NA,D_AF_r6_18m_2023,NA,rapeseed,3.87,NA,2014,9,51.01367042554204,11.644415941361151,51.009302829000035,11.637492610000038,51.01716262600007,11.653890349000052,536642.4637821629,Oilseed Rape,71-6-9,Sep,Jul,assigned,https://doi.org/10.1007/s10457-026-01498-4,9,7,2022-09-01,2023-07-01,9.357092846523631,14.37193313511935,53.58713519573212,1443.7512853458113,73.6027665729855,150,0.4535777063091223,0.8535958455140233,98.51531008178311,31.884527828483225,0.109497800469398,3.189088344573975,1.068639426976442,Dornburg field,322,160,519,71,2007,16,D_AF_r6_2023
2023,9,Dornburg_reduced,winter oilseedrape,D_AF_r6_24m,NA,429,dornburg1823,g/m2,24,Dornburg,51.011111,11.646111,NA,NA,poplar,reduced,NA,NA,NA,NA,NA,NA,NA,NA,NA,NA,NA,NA,NA,NA,NA,D_AF_r6_24m_2023,NA,rapeseed,4.29,NA,2014,9,51.01367042554204,11.644415941361151,51.009302829000035,11.637492610000038,51.01716262600007,11.653890349000052,536642.4637821629,Oilseed Rape,71-6-9,Sep,Jul,assigned,https://doi.org/10.1007/s10457-026-01498-4,9,7,2022-09-01,2023-07-01,9.357092846523631,14.37193313511935,53.58713519573212,1443.7512853458113,73.6027665729855,150,0.4535777063091223,0.8535958455140233,98.51531008178311,31.884527828483225,0.109497800469398,3.189088344573975,1.068639426976442,Dornburg field,322,160,519,71,2007,16,D_AF_r6_2023
2023,9,Dornburg_reduced,winter oilseedrape,D_AF_r7_1m,NA,221,dornburg1823,g/m2,1,Dornburg,51.011111,11.646111,NA,NA,poplar,reduced,NA,NA,NA,NA,NA,NA,NA,NA,NA,NA,NA,NA,NA,NA,NA,D_AF_r7_1m_2023,NA,rapeseed,2.21,NA,2014,9,51.01367042554204,11.644415941361151,51.009302829000035,11.637492610000038,51.01716262600007,11.653890349000052,536642.4637821629,Oilseed Rape,71-6-9,Sep,Jul,assigned,https://doi.org/10.1007/s10457-026-01498-4,9,7,2022-09-01,2023-07-01,9.357092846523631,14.37193313511935,53.58713519573212,1443.7512853458113,73.6027665729855,150,0.4535777063091223,0.8535958455140233,98.51531008178311,31.884527828483225,0.109497800469398,3.189088344573975,1.068639426976442,Dornburg field,322,160,519,71,2007,16,D_AF_r7_2023
2023,9,Dornburg_reduced,winter oilseedrape,D_AF_r7_4m,NA,397,dornburg1823,g/m2,4,Dornburg,51.011111,11.646111,NA,NA,poplar,reduced,NA,NA,NA,NA,NA,NA,NA,NA,NA,NA,NA,NA,NA,NA,NA,D_AF_r7_4m_2023,NA,rapeseed,3.97,NA,2014,9,51.01367042554204,11.644415941361151,51.009302829000035,11.637492610000038,51.01716262600007,11.653890349000052,536642.4637821629,Oilseed Rape,71-6-9,Sep,Jul,assigned,https://doi.org/10.1007/s10457-026-01498-4,9,7,2022-09-01,2023-07-01,9.357092846523631,14.37193313511935,53.58713519573212,1443.7512853458113,73.6027665729855,150,0.4535777063091223,0.8535958455140233,98.51531008178311,31.884527828483225,0.109497800469398,3.189088344573975,1.068639426976442,Dornburg field,322,160,519,71,2007,16,D_AF_r7_2023
2023,9,Dornburg_reduced,winter oilseedrape,D_AF_r7_7m,NA,399,dornburg1823,g/m2,7,Dornburg,51.011111,11.646111,NA,NA,poplar,reduced,NA,NA,NA,NA,NA,NA,NA,NA,NA,NA,NA,NA,NA,NA,NA,D_AF_r7_7m_2023,NA,rapeseed,3.99,NA,2014,9,51.01367042554204,11.644415941361151,51.009302829000035,11.637492610000038,51.01716262600007,11.653890349000052,536642.4637821629,Oilseed Rape,71-6-9,Sep,Jul,assigned,https://doi.org/10.1007/s10457-026-01498-4,9,7,2022-09-01,2023-07-01,9.357092846523631,14.37193313511935,53.58713519573212,1443.7512853458113,73.6027665729855,150,0.4535777063091223,0.8535958455140233,98.51531008178311,31.884527828483225,0.109497800469398,3.189088344573975,1.068639426976442,Dornburg field,322,160,519,71,2007,16,D_AF_r7_2023
2023,9,Dornburg_reduced,winter oilseedrape,D_AF_r7_18m,NA,442,dornburg1823,g/m2,18,Dornburg,51.011111,11.646111,NA,NA,poplar,reduced,NA,NA,NA,NA,NA,NA,NA,NA,NA,NA,NA,NA,NA,NA,NA,D_AF_r7_18m_2023,NA,rapeseed,4.42,NA,2014,9,51.01367042554204,11.644415941361151,51.009302829000035,11.637492610000038,51.01716262600007,11.653890349000052,536642.4637821629,Oilseed Rape,71-6-9,Sep,Jul,assigned,https://doi.org/10.1007/s10457-026-01498-4,9,7,2022-09-01,2023-07-01,9.357092846523631,14.37193313511935,53.58713519573212,1443.7512853458113,73.6027665729855,150,0.4535777063091223,0.8535958455140233,98.51531008178311,31.884527828483225,0.109497800469398,3.189088344573975,1.068639426976442,Dornburg field,322,160,519,71,2007,16,D_AF_r7_2023
2023,9,Dornburg_reduced,winter oilseedrape,D_AF_r7_24m,NA,422,dornburg1823,g/m2,24,Dornburg,51.011111,11.646111,NA,NA,poplar,reduced,NA,NA,NA,NA,NA,NA,NA,NA,NA,NA,NA,NA,NA,NA,NA,D_AF_r7_24m_2023,NA,rapeseed,4.22,NA,2014,9,51.01367042554204,11.644415941361151,51.009302829000035,11.637492610000038,51.01716262600007,11.653890349000052,536642.4637821629,Oilseed Rape,71-6-9,Sep,Jul,assigned,https://doi.org/10.1007/s10457-026-01498-4,9,7,2022-09-01,2023-07-01,9.357092846523631,14.37193313511935,53.58713519573212,1443.7512853458113,73.6027665729855,150,0.4535777063091223,0.8535958455140233,98.51531008178311,31.884527828483225,0.109497800469398,3.189088344573975,1.068639426976442,Dornburg field,322,160,519,71,2007,16,D_AF_r7_2023
2023,9,Dornburg_reduced,winter oilseedrape,D_AF_r8_1m,NA,171,dornburg1823,g/m2,1,Dornburg,51.011111,11.646111,NA,NA,poplar,reduced,NA,NA,NA,NA,NA,NA,NA,NA,NA,NA,NA,NA,NA,NA,NA,D_AF_r8_1m_2023,NA,rapeseed,1.71,NA,2014,9,51.01367042554204,11.644415941361151,51.009302829000035,11.637492610000038,51.01716262600007,11.653890349000052,536642.4637821629,Oilseed Rape,71-6-9,Sep,Jul,assigned,https://doi.org/10.1007/s10457-026-01498-4,9,7,2022-09-01,2023-07-01,9.357092846523631,14.37193313511935,53.58713519573212,1443.7512853458113,73.6027665729855,150,0.4535777063091223,0.8535958455140233,98.51531008178311,31.884527828483225,0.109497800469398,3.189088344573975,1.068639426976442,Dornburg field,322,160,519,71,2007,16,D_AF_r8_2023
2023,9,Dornburg_reduced,winter oilseedrape,D_AF_r8_4m,NA,347,dornburg1823,g/m2,4,Dornburg,51.011111,11.646111,NA,NA,poplar,reduced,NA,NA,NA,NA,NA,NA,NA,NA,NA,NA,NA,NA,NA,NA,NA,D_AF_r8_4m_2023,NA,rapeseed,3.47,NA,2014,9,51.01367042554204,11.644415941361151,51.009302829000035,11.637492610000038,51.01716262600007,11.653890349000052,536642.4637821629,Oilseed Rape,71-6-9,Sep,Jul,assigned,https://doi.org/10.1007/s10457-026-01498-4,9,7,2022-09-01,2023-07-01,9.357092846523631,14.37193313511935,53.58713519573212,1443.7512853458113,73.6027665729855,150,0.4535777063091223,0.8535958455140233,98.51531008178311,31.884527828483225,0.109497800469398,3.189088344573975,1.068639426976442,Dornburg field,322,160,519,71,2007,16,D_AF_r8_2023
2023,9,Dornburg_reduced,winter oilseedrape,D_AF_r8_18m,NA,441,dornburg1823,g/m2,18,Dornburg,51.011111,11.646111,NA,NA,poplar,reduced,NA,NA,NA,NA,NA,NA,NA,NA,NA,NA,NA,NA,NA,NA,NA,D_AF_r8_18m_2023,NA,rapeseed,4.41,NA,2014,9,51.01367042554204,11.644415941361151,51.009302829000035,11.637492610000038,51.01716262600007,11.653890349000052,536642.4637821629,Oilseed Rape,71-6-9,Sep,Jul,assigned,https://doi.org/10.1007/s10457-026-01498-4,9,7,2022-09-01,2023-07-01,9.357092846523631,14.37193313511935,53.58713519573212,1443.7512853458113,73.6027665729855,150,0.4535777063091223,0.8535958455140233,98.51531008178311,31.884527828483225,0.109497800469398,3.189088344573975,1.068639426976442,Dornburg field,322,160,519,71,2007,16,D_AF_r8_2023
2023,9,Dornburg_reduced,winter oilseedrape,D_AF_r8_24m,NA,468,dornburg1823,g/m2,24,Dornburg,51.011111,11.646111,NA,NA,poplar,reduced,NA,NA,NA,NA,NA,NA,NA,NA,NA,NA,NA,NA,NA,NA,NA,D_AF_r8_24m_2023,NA,rapeseed,4.68,NA,2014,9,51.01367042554204,11.644415941361151,51.009302829000035,11.637492610000038,51.01716262600007,11.653890349000052,536642.4637821629,Oilseed Rape,71-6-9,Sep,Jul,assigned,https://doi.org/10.1007/s10457-026-01498-4,9,7,2022-09-01,2023-07-01,9.357092846523631,14.37193313511935,53.58713519573212,1443.7512853458113,73.6027665729855,150,0.4535777063091223,0.8535958455140233,98.51531008178311,31.884527828483225,0.109497800469398,3.189088344573975,1.068639426976442,Dornburg field,322,160,519,71,2007,16,D_AF_r8_2023
2019,1,Vechta,silage maize,V_AF_r1_1m,NA,2002,dornburg1823,g/m2,1,Vechta,52.758056,8.534722,NA,NA,poplar,normal,NA,NA,NA,NA,NA,NA,NA,NA,NA,NA,NA,NA,NA,NA,NA,V_AF_r1_1m_2019,NA,maize,20.02,NA,2018,1,52.75816217094834,8.547502501373152,52.757203705000045,8.546659971000054,52.75914312400005,8.548231089000069,19211.74469628752,Sillage Maize,153–55−62,May,Sep,reported,https://doi.org/10.5194/egusphere-2026-1966,5,9,2019-05-01,2019-09-01,16.557575607299803,20.78298397064209,25.105864763259888,240.44457167953863,68.45905413715113,86,0.3273307443690495,0.6089231999141955,98.5011339275629,31.29261769090082,0.346258640289307,1.281426787376404,0.813842713832855,Vechta Field,111,606,284,153,2019,0,V_AF_r1_2019
2019,1,Vechta,silage maize,V_AF_r1_7m,NA,2252,dornburg1823,g/m2,7,Vechta,52.758056,8.534722,NA,NA,poplar,normal,NA,NA,NA,NA,NA,NA,NA,NA,NA,NA,NA,NA,NA,NA,NA,V_AF_r1_7m_2019,NA,maize,22.52,NA,2018,1,52.75816217094834,8.547502501373152,52.757203705000045,8.546659971000054,52.75914312400005,8.548231089000069,19211.74469628752,Sillage Maize,153–55−62,May,Sep,reported,https://doi.org/10.5194/egusphere-2026-1966,5,9,2019-05-01,2019-09-01,16.557575607299803,20.78298397064209,25.105864763259888,240.44457167953863,68.45905413715113,86,0.3273307443690495,0.6089231999141955,98.5011339275629,31.29261769090082,0.346258640289307,1.281426787376404,0.813842713832855,Vechta Field,111,606,284,153,2019,0,V_AF_r1_2019
2019,1,Vechta,silage maize,V_AF_r1_24m,NA,2760,dornburg1823,g/m2,24,Vechta,52.758056,8.534722,NA,NA,poplar,normal,NA,NA,NA,NA,NA,NA,NA,NA,NA,NA,NA,NA,NA,NA,NA,V_AF_r1_24m_2019,NA,maize,27.6,NA,2018,1,52.75816217094834,8.547502501373152,52.757203705000045,8.546659971000054,52.75914312400005,8.548231089000069,19211.74469628752,Sillage Maize,153–55−62,May,Sep,reported,https://doi.org/10.5194/egusphere-2026-1966,5,9,2019-05-01,2019-09-01,16.557575607299803,20.78298397064209,25.105864763259888,240.44457167953863,68.45905413715113,86,0.3273307443690495,0.6089231999141955,98.5011339275629,31.29261769090082,0.346258640289307,1.281426787376404,0.813842713832855,Vechta Field,111,606,284,153,2019,0,V_AF_r1_2019
2019,1,Vechta,silage maize,V_AF_r2_1m,NA,1977,dornburg1823,g/m2,1,Vechta,52.758056,8.534722,NA,NA,poplar,normal,NA,NA,NA,NA,NA,NA,NA,NA,NA,NA,NA,NA,NA,NA,NA,V_AF_r2_1m_2019,NA,maize,19.77,NA,2018,1,52.75816217094834,8.547502501373152,52.757203705000045,8.546659971000054,52.75914312400005,8.548231089000069,19211.74469628752,Sillage Maize,153–55−62,May,Sep,reported,https://doi.org/10.5194/egusphere-2026-1966,5,9,2019-05-01,2019-09-01,16.557575607299803,20.78298397064209,25.105864763259888,240.44457167953863,68.45905413715113,86,0.3273307443690495,0.6089231999141955,98.5011339275629,31.29261769090082,0.346258640289307,1.281426787376404,0.813842713832855,Vechta Field,111,606,284,153,2019,0,V_AF_r2_2019
2019,1,Vechta,silage maize,V_AF_r2_7m,NA,1790,dornburg1823,g/m2,7,Vechta,52.758056,8.534722,NA,NA,poplar,normal,NA,NA,NA,NA,NA,NA,NA,NA,NA,NA,NA,NA,NA,NA,NA,V_AF_r2_7m_2019,NA,maize,17.900000000000002,NA,2018,1,52.75816217094834,8.547502501373152,52.757203705000045,8.546659971000054,52.75914312400005,8.548231089000069,19211.74469628752,Sillage Maize,153–55−62,May,Sep,reported,https://doi.org/10.5194/egusphere-2026-1966,5,9,2019-05-01,2019-09-01,16.557575607299803,20.78298397064209,25.105864763259888,240.44457167953863,68.45905413715113,86,0.3273307443690495,0.6089231999141955,98.5011339275629,31.29261769090082,0.346258640289307,1.281426787376404,0.813842713832855,Vechta Field,111,606,284,153,2019,0,V_AF_r2_2019
2019,1,Vechta,silage maize,V_AF_r2_24m,NA,1573,dornburg1823,g/m2,24,Vechta,52.758056,8.534722,NA,NA,poplar,normal,NA,NA,NA,NA,NA,NA,NA,NA,NA,NA,NA,NA,NA,NA,NA,V_AF_r2_24m_2019,NA,maize,15.73,NA,2018,1,52.75816217094834,8.547502501373152,52.757203705000045,8.546659971000054,52.75914312400005,8.548231089000069,19211.74469628752,Sillage Maize,153–55−62,May,Sep,reported,https://doi.org/10.5194/egusphere-2026-1966,5,9,2019-05-01,2019-09-01,16.557575607299803,20.78298397064209,25.105864763259888,240.44457167953863,68.45905413715113,86,0.3273307443690495,0.6089231999141955,98.5011339275629,31.29261769090082,0.346258640289307,1.281426787376404,0.813842713832855,Vechta Field,111,606,284,153,2019,0,V_AF_r2_2019
2019,1,Vechta,silage maize,V_AF_r3_1m,NA,2933,dornburg1823,g/m2,1,Vechta,52.758056,8.534722,NA,NA,poplar,normal,NA,NA,NA,NA,NA,NA,NA,NA,NA,NA,NA,NA,NA,NA,NA,V_AF_r3_1m_2019,NA,maize,29.33,NA,2018,1,52.75816217094834,8.547502501373152,52.757203705000045,8.546659971000054,52.75914312400005,8.548231089000069,19211.74469628752,Sillage Maize,153–55−62,May,Sep,reported,https://doi.org/10.5194/egusphere-2026-1966,5,9,2019-05-01,2019-09-01,16.557575607299803,20.78298397064209,25.105864763259888,240.44457167953863,68.45905413715113,86,0.3273307443690495,0.6089231999141955,98.5011339275629,31.29261769090082,0.346258640289307,1.281426787376404,0.813842713832855,Vechta Field,111,606,284,153,2019,0,V_AF_r3_2019
2019,1,Vechta,silage maize,V_AF_r3_7m,NA,2459,dornburg1823,g/m2,7,Vechta,52.758056,8.534722,NA,NA,poplar,normal,NA,NA,NA,NA,NA,NA,NA,NA,NA,NA,NA,NA,NA,NA,NA,V_AF_r3_7m_2019,NA,maize,24.59,NA,2018,1,52.75816217094834,8.547502501373152,52.757203705000045,8.546659971000054,52.75914312400005,8.548231089000069,19211.74469628752,Sillage Maize,153–55−62,May,Sep,reported,https://doi.org/10.5194/egusphere-2026-1966,5,9,2019-05-01,2019-09-01,16.557575607299803,20.78298397064209,25.105864763259888,240.44457167953863,68.45905413715113,86,0.3273307443690495,0.6089231999141955,98.5011339275629,31.29261769090082,0.346258640289307,1.281426787376404,0.813842713832855,Vechta Field,111,606,284,153,2019,0,V_AF_r3_2019
2019,1,Vechta,silage maize,V_AF_r3_24m,NA,2527,dornburg1823,g/m2,24,Vechta,52.758056,8.534722,NA,NA,poplar,normal,NA,NA,NA,NA,NA,NA,NA,NA,NA,NA,NA,NA,NA,NA,NA,V_AF_r3_24m_2019,NA,maize,25.27,NA,2018,1,52.75816217094834,8.547502501373152,52.757203705000045,8.546659971000054,52.75914312400005,8.548231089000069,19211.74469628752,Sillage Maize,153–55−62,May,Sep,reported,https://doi.org/10.5194/egusphere-2026-1966,5,9,2019-05-01,2019-09-01,16.557575607299803,20.78298397064209,25.105864763259888,240.44457167953863,68.45905413715113,86,0.3273307443690495,0.6089231999141955,98.5011339275629,31.29261769090082,0.346258640289307,1.281426787376404,0.813842713832855,Vechta Field,111,606,284,153,2019,0,V_AF_r3_2019
2019,1,Vechta,silage maize,V_AF_r4_1m,NA,2011,dornburg1823,g/m2,1,Vechta,52.758056,8.534722,NA,NA,poplar,normal,NA,NA,NA,NA,NA,NA,NA,NA,NA,NA,NA,NA,NA,NA,NA,V_AF_r4_1m_2019,NA,maize,20.11,NA,2018,1,52.75816217094834,8.547502501373152,52.757203705000045,8.546659971000054,52.75914312400005,8.548231089000069,19211.74469628752,Sillage Maize,153–55−62,May,Sep,reported,https://doi.org/10.5194/egusphere-2026-1966,5,9,2019-05-01,2019-09-01,16.557575607299803,20.78298397064209,25.105864763259888,240.44457167953863,68.45905413715113,86,0.3273307443690495,0.6089231999141955,98.5011339275629,31.29261769090082,0.346258640289307,1.281426787376404,0.813842713832855,Vechta Field,111,606,284,153,2019,0,V_AF_r4_2019
2019,1,Vechta,silage maize,V_AF_r4_7m,NA,2226,dornburg1823,g/m2,7,Vechta,52.758056,8.534722,NA,NA,poplar,normal,NA,NA,NA,NA,NA,NA,NA,NA,NA,NA,NA,NA,NA,NA,NA,V_AF_r4_7m_2019,NA,maize,22.26,NA,2018,1,52.75816217094834,8.547502501373152,52.757203705000045,8.546659971000054,52.75914312400005,8.548231089000069,19211.74469628752,Sillage Maize,153–55−62,May,Sep,reported,https://doi.org/10.5194/egusphere-2026-1966,5,9,2019-05-01,2019-09-01,16.557575607299803,20.78298397064209,25.105864763259888,240.44457167953863,68.45905413715113,86,0.3273307443690495,0.6089231999141955,98.5011339275629,31.29261769090082,0.346258640289307,1.281426787376404,0.813842713832855,Vechta Field,111,606,284,153,2019,0,V_AF_r4_2019
2019,1,Vechta,silage maize,V_AF_r4_24m,NA,2602,dornburg1823,g/m2,24,Vechta,52.758056,8.534722,NA,NA,poplar,normal,NA,NA,NA,NA,NA,NA,NA,NA,NA,NA,NA,NA,NA,NA,NA,V_AF_r4_24m_2019,NA,maize,26.02,NA,2018,1,52.75816217094834,8.547502501373152,52.757203705000045,8.546659971000054,52.75914312400005,8.548231089000069,19211.74469628752,Sillage Maize,153–55−62,May,Sep,reported,https://doi.org/10.5194/egusphere-2026-1966,5,9,2019-05-01,2019-09-01,16.557575607299803,20.78298397064209,25.105864763259888,240.44457167953863,68.45905413715113,86,0.3273307443690495,0.6089231999141955,98.5011339275629,31.29261769090082,0.346258640289307,1.281426787376404,0.813842713832855,Vechta Field,111,606,284,153,2019,0,V_AF_r4_2019
2020,2,Vechta,winter rye,V_AF_r1_1m,NA,499,dornburg1823,g/m2,1,Vechta,52.758056,8.534722,NA,NA,poplar,normal,NA,NA,NA,NA,NA,NA,NA,NA,NA,NA,NA,NA,NA,NA,NA,V_AF_r1_1m_2020,NA,rye,4.99,NA,2018,2,52.75816217094834,8.547502501373152,52.757203705000045,8.546659971000054,52.75914312400005,8.548231089000069,19211.74469628752,Winter Rye,180-30-131,Oct,Aug,reported,https://doi.org/10.5194/egusphere-2026-1966,10,8,2019-10-01,2020-08-01,10.64463385668668,14.636716929349031,69.28825438022614,240.44457167953863,68.647494581517,83,0.324744743583699,0.6042267652851993,98.48748893896374,31.549865561558004,0.346258640289307,1.281426787376404,0.813842713832855,Vechta Field,111,606,284,180,2019,1,V_AF_r1_2020
2020,2,Vechta,winter rye,V_AF_r1_4m,NA,525,dornburg1823,g/m2,4,Vechta,52.758056,8.534722,NA,NA,poplar,normal,NA,NA,NA,NA,NA,NA,NA,NA,NA,NA,NA,NA,NA,NA,NA,V_AF_r1_4m_2020,NA,rye,5.25,NA,2018,2,52.75816217094834,8.547502501373152,52.757203705000045,8.546659971000054,52.75914312400005,8.548231089000069,19211.74469628752,Winter Rye,180-30-131,Oct,Aug,reported,https://doi.org/10.5194/egusphere-2026-1966,10,8,2019-10-01,2020-08-01,10.64463385668668,14.636716929349031,69.28825438022614,240.44457167953863,68.647494581517,83,0.324744743583699,0.6042267652851993,98.48748893896374,31.549865561558004,0.346258640289307,1.281426787376404,0.813842713832855,Vechta Field,111,606,284,180,2019,1,V_AF_r1_2020
2020,2,Vechta,winter rye,V_AF_r1_7m,NA,585,dornburg1823,g/m2,7,Vechta,52.758056,8.534722,NA,NA,poplar,normal,NA,NA,NA,NA,NA,NA,NA,NA,NA,NA,NA,NA,NA,NA,NA,V_AF_r1_7m_2020,NA,rye,5.8500000000000005,NA,2018,2,52.75816217094834,8.547502501373152,52.757203705000045,8.546659971000054,52.75914312400005,8.548231089000069,19211.74469628752,Winter Rye,180-30-131,Oct,Aug,reported,https://doi.org/10.5194/egusphere-2026-1966,10,8,2019-10-01,2020-08-01,10.64463385668668,14.636716929349031,69.28825438022614,240.44457167953863,68.647494581517,83,0.324744743583699,0.6042267652851993,98.48748893896374,31.549865561558004,0.346258640289307,1.281426787376404,0.813842713832855,Vechta Field,111,606,284,180,2019,1,V_AF_r1_2020
2020,2,Vechta,winter rye,V_AF_r1_24m,NA,515,dornburg1823,g/m2,24,Vechta,52.758056,8.534722,NA,NA,poplar,normal,NA,NA,NA,NA,NA,NA,NA,NA,NA,NA,NA,NA,NA,NA,NA,V_AF_r1_24m_2020,NA,rye,5.15,NA,2018,2,52.75816217094834,8.547502501373152,52.757203705000045,8.546659971000054,52.75914312400005,8.548231089000069,19211.74469628752,Winter Rye,180-30-131,Oct,Aug,reported,https://doi.org/10.5194/egusphere-2026-1966,10,8,2019-10-01,2020-08-01,10.64463385668668,14.636716929349031,69.28825438022614,240.44457167953863,68.647494581517,83,0.324744743583699,0.6042267652851993,98.48748893896374,31.549865561558004,0.346258640289307,1.281426787376404,0.813842713832855,Vechta Field,111,606,284,180,2019,1,V_AF_r1_2020
2020,2,Vechta,winter rye,V_AF_r2_1m,NA,375,dornburg1823,g/m2,1,Vechta,52.758056,8.534722,NA,NA,poplar,normal,NA,NA,NA,NA,NA,NA,NA,NA,NA,NA,NA,NA,NA,NA,NA,V_AF_r2_1m_2020,NA,rye,3.75,NA,2018,2,52.75816217094834,8.547502501373152,52.757203705000045,8.546659971000054,52.75914312400005,8.548231089000069,19211.74469628752,Winter Rye,180-30-131,Oct,Aug,reported,https://doi.org/10.5194/egusphere-2026-1966,10,8,2019-10-01,2020-08-01,10.64463385668668,14.636716929349031,69.28825438022614,240.44457167953863,68.647494581517,83,0.324744743583699,0.6042267652851993,98.48748893896374,31.549865561558004,0.346258640289307,1.281426787376404,0.813842713832855,Vechta Field,111,606,284,180,2019,1,V_AF_r2_2020
2020,2,Vechta,winter rye,V_AF_r2_7m,NA,438,dornburg1823,g/m2,7,Vechta,52.758056,8.534722,NA,NA,poplar,normal,NA,NA,NA,NA,NA,NA,NA,NA,NA,NA,NA,NA,NA,NA,NA,V_AF_r2_7m_2020,NA,rye,4.38,NA,2018,2,52.75816217094834,8.547502501373152,52.757203705000045,8.546659971000054,52.75914312400005,8.548231089000069,19211.74469628752,Winter Rye,180-30-131,Oct,Aug,reported,https://doi.org/10.5194/egusphere-2026-1966,10,8,2019-10-01,2020-08-01,10.64463385668668,14.636716929349031,69.28825438022614,240.44457167953863,68.647494581517,83,0.324744743583699,0.6042267652851993,98.48748893896374,31.549865561558004,0.346258640289307,1.281426787376404,0.813842713832855,Vechta Field,111,606,284,180,2019,1,V_AF_r2_2020
2020,2,Vechta,winter rye,V_AF_r2_24m,NA,507,dornburg1823,g/m2,24,Vechta,52.758056,8.534722,NA,NA,poplar,normal,NA,NA,NA,NA,NA,NA,NA,NA,NA,NA,NA,NA,NA,NA,NA,V_AF_r2_24m_2020,NA,rye,5.07,NA,2018,2,52.75816217094834,8.547502501373152,52.757203705000045,8.546659971000054,52.75914312400005,8.548231089000069,19211.74469628752,Winter Rye,180-30-131,Oct,Aug,reported,https://doi.org/10.5194/egusphere-2026-1966,10,8,2019-10-01,2020-08-01,10.64463385668668,14.636716929349031,69.28825438022614,240.44457167953863,68.647494581517,83,0.324744743583699,0.6042267652851993,98.48748893896374,31.549865561558004,0.346258640289307,1.281426787376404,0.813842713832855,Vechta Field,111,606,284,180,2019,1,V_AF_r2_2020
2020,2,Vechta,winter rye,V_AF_r3_1m,NA,452,dornburg1823,g/m2,1,Vechta,52.758056,8.534722,NA,NA,poplar,normal,NA,NA,NA,NA,NA,NA,NA,NA,NA,NA,NA,NA,NA,NA,NA,V_AF_r3_1m_2020,NA,rye,4.5200000000000005,NA,2018,2,52.75816217094834,8.547502501373152,52.757203705000045,8.546659971000054,52.75914312400005,8.548231089000069,19211.74469628752,Winter Rye,180-30-131,Oct,Aug,reported,https://doi.org/10.5194/egusphere-2026-1966,10,8,2019-10-01,2020-08-01,10.64463385668668,14.636716929349031,69.28825438022614,240.44457167953863,68.647494581517,83,0.324744743583699,0.6042267652851993,98.48748893896374,31.549865561558004,0.346258640289307,1.281426787376404,0.813842713832855,Vechta Field,111,606,284,180,2019,1,V_AF_r3_2020
2020,2,Vechta,winter rye,V_AF_r3_7m,NA,560,dornburg1823,g/m2,7,Vechta,52.758056,8.534722,NA,NA,poplar,normal,NA,NA,NA,NA,NA,NA,NA,NA,NA,NA,NA,NA,NA,NA,NA,V_AF_r3_7m_2020,NA,rye,5.6000000000000005,NA,2018,2,52.75816217094834,8.547502501373152,52.757203705000045,8.546659971000054,52.75914312400005,8.548231089000069,19211.74469628752,Winter Rye,180-30-131,Oct,Aug,reported,https://doi.org/10.5194/egusphere-2026-1966,10,8,2019-10-01,2020-08-01,10.64463385668668,14.636716929349031,69.28825438022614,240.44457167953863,68.647494581517,83,0.324744743583699,0.6042267652851993,98.48748893896374,31.549865561558004,0.346258640289307,1.281426787376404,0.813842713832855,Vechta Field,111,606,284,180,2019,1,V_AF_r3_2020
2020,2,Vechta,winter rye,V_AF_r3_24m,NA,579,dornburg1823,g/m2,24,Vechta,52.758056,8.534722,NA,NA,poplar,normal,NA,NA,NA,NA,NA,NA,NA,NA,NA,NA,NA,NA,NA,NA,NA,V_AF_r3_24m_2020,NA,rye,5.79,NA,2018,2,52.75816217094834,8.547502501373152,52.757203705000045,8.546659971000054,52.75914312400005,8.548231089000069,19211.74469628752,Winter Rye,180-30-131,Oct,Aug,reported,https://doi.org/10.5194/egusphere-2026-1966,10,8,2019-10-01,2020-08-01,10.64463385668668,14.636716929349031,69.28825438022614,240.44457167953863,68.647494581517,83,0.324744743583699,0.6042267652851993,98.48748893896374,31.549865561558004,0.346258640289307,1.281426787376404,0.813842713832855,Vechta Field,111,606,284,180,2019,1,V_AF_r3_2020
2020,2,Vechta,winter rye,V_AF_r4_1m,NA,518,dornburg1823,g/m2,1,Vechta,52.758056,8.534722,NA,NA,poplar,normal,NA,NA,NA,NA,NA,NA,NA,NA,NA,NA,NA,NA,NA,NA,NA,V_AF_r4_1m_2020,NA,rye,5.18,NA,2018,2,52.75816217094834,8.547502501373152,52.757203705000045,8.546659971000054,52.75914312400005,8.548231089000069,19211.74469628752,Winter Rye,180-30-131,Oct,Aug,reported,https://doi.org/10.5194/egusphere-2026-1966,10,8,2019-10-01,2020-08-01,10.64463385668668,14.636716929349031,69.28825438022614,240.44457167953863,68.647494581517,83,0.324744743583699,0.6042267652851993,98.48748893896374,31.549865561558004,0.346258640289307,1.281426787376404,0.813842713832855,Vechta Field,111,606,284,180,2019,1,V_AF_r4_2020
2020,2,Vechta,winter rye,V_AF_r4_7m,NA,541,dornburg1823,g/m2,7,Vechta,52.758056,8.534722,NA,NA,poplar,normal,NA,NA,NA,NA,NA,NA,NA,NA,NA,NA,NA,NA,NA,NA,NA,V_AF_r4_7m_2020,NA,rye,5.41,NA,2018,2,52.75816217094834,8.547502501373152,52.757203705000045,8.546659971000054,52.75914312400005,8.548231089000069,19211.74469628752,Winter Rye,180-30-131,Oct,Aug,reported,https://doi.org/10.5194/egusphere-2026-1966,10,8,2019-10-01,2020-08-01,10.64463385668668,14.636716929349031,69.28825438022614,240.44457167953863,68.647494581517,83,0.324744743583699,0.6042267652851993,98.48748893896374,31.549865561558004,0.346258640289307,1.281426787376404,0.813842713832855,Vechta Field,111,606,284,180,2019,1,V_AF_r4_2020
2020,2,Vechta,winter rye,V_AF_r4_24m,NA,585,dornburg1823,g/m2,24,Vechta,52.758056,8.534722,NA,NA,poplar,normal,NA,NA,NA,NA,NA,NA,NA,NA,NA,NA,NA,NA,NA,NA,NA,V_AF_r4_24m_2020,NA,rye,5.8500000000000005,NA,2018,2,52.75816217094834,8.547502501373152,52.757203705000045,8.546659971000054,52.75914312400005,8.548231089000069,19211.74469628752,Winter Rye,180-30-131,Oct,Aug,reported,https://doi.org/10.5194/egusphere-2026-1966,10,8,2019-10-01,2020-08-01,10.64463385668668,14.636716929349031,69.28825438022614,240.44457167953863,68.647494581517,83,0.324744743583699,0.6042267652851993,98.48748893896374,31.549865561558004,0.346258640289307,1.281426787376404,0.813842713832855,Vechta Field,111,606,284,180,2019,1,V_AF_r4_2020
2021,3,Vechta,potato,V_AF_r1_1m,NA,894.92,dornburg1823,g/m2,1,Vechta,52.758056,8.534722,NA,NA,poplar,normal,NA,NA,NA,NA,NA,NA,NA,NA,NA,NA,NA,NA,NA,NA,NA,V_AF_r1_1m_2021,NA,potato,8.9492,NA,2018,3,52.75816217094834,8.547502501373152,52.757203705000045,8.546659971000054,52.75914312400005,8.548231089000069,19211.74469628752,Potato,131-49-136,Apr,Oct,reported,https://doi.org/10.5194/egusphere-2026-1966,4,10,2021-04-01,2021-10-01,13.970023700169154,16.14396721976144,46.812559843063354,240.44457167953863,69.62038245380259,83,0.3112339363623947,0.5863674123995216,98.56135313886612,30.045141715385185,0.346258640289307,1.281426787376404,0.813842713832855,Vechta Field,111,606,284,131,2019,2,V_AF_r1_2021
2021,3,Vechta,potato,V_AF_r1_4m,NA,1219.5,dornburg1823,g/m2,4,Vechta,52.758056,8.534722,NA,NA,poplar,normal,NA,NA,NA,NA,NA,NA,NA,NA,NA,NA,NA,NA,NA,NA,NA,V_AF_r1_4m_2021,NA,potato,12.195,NA,2018,3,52.75816217094834,8.547502501373152,52.757203705000045,8.546659971000054,52.75914312400005,8.548231089000069,19211.74469628752,Potato,131-49-136,Apr,Oct,reported,https://doi.org/10.5194/egusphere-2026-1966,4,10,2021-04-01,2021-10-01,13.970023700169154,16.14396721976144,46.812559843063354,240.44457167953863,69.62038245380259,83,0.3112339363623947,0.5863674123995216,98.56135313886612,30.045141715385185,0.346258640289307,1.281426787376404,0.813842713832855,Vechta Field,111,606,284,131,2019,2,V_AF_r1_2021
2021,3,Vechta,potato,V_AF_r1_7m,NA,990.71,dornburg1823,g/m2,7,Vechta,52.758056,8.534722,NA,NA,poplar,normal,NA,NA,NA,NA,NA,NA,NA,NA,NA,NA,NA,NA,NA,NA,NA,V_AF_r1_7m_2021,NA,potato,9.9071,NA,2018,3,52.75816217094834,8.547502501373152,52.757203705000045,8.546659971000054,52.75914312400005,8.548231089000069,19211.74469628752,Potato,131-49-136,Apr,Oct,reported,https://doi.org/10.5194/egusphere-2026-1966,4,10,2021-04-01,2021-10-01,13.970023700169154,16.14396721976144,46.812559843063354,240.44457167953863,69.62038245380259,83,0.3112339363623947,0.5863674123995216,98.56135313886612,30.045141715385185,0.346258640289307,1.281426787376404,0.813842713832855,Vechta Field,111,606,284,131,2019,2,V_AF_r1_2021
2021,3,Vechta,potato,V_AF_r1_24m,NA,1005.12,dornburg1823,g/m2,24,Vechta,52.758056,8.534722,NA,NA,poplar,normal,NA,NA,NA,NA,NA,NA,NA,NA,NA,NA,NA,NA,NA,NA,NA,V_AF_r1_24m_2021,NA,potato,10.0512,NA,2018,3,52.75816217094834,8.547502501373152,52.757203705000045,8.546659971000054,52.75914312400005,8.548231089000069,19211.74469628752,Potato,131-49-136,Apr,Oct,reported,https://doi.org/10.5194/egusphere-2026-1966,4,10,2021-04-01,2021-10-01,13.970023700169154,16.14396721976144,46.812559843063354,240.44457167953863,69.62038245380259,83,0.3112339363623947,0.5863674123995216,98.56135313886612,30.045141715385185,0.346258640289307,1.281426787376404,0.813842713832855,Vechta Field,111,606,284,131,2019,2,V_AF_r1_2021
2021,3,Vechta,potato,V_AF_r2_1m,NA,1159,dornburg1823,g/m2,1,Vechta,52.758056,8.534722,NA,NA,poplar,normal,NA,NA,NA,NA,NA,NA,NA,NA,NA,NA,NA,NA,NA,NA,NA,V_AF_r2_1m_2021,NA,potato,11.59,NA,2018,3,52.75816217094834,8.547502501373152,52.757203705000045,8.546659971000054,52.75914312400005,8.548231089000069,19211.74469628752,Potato,131-49-136,Apr,Oct,reported,https://doi.org/10.5194/egusphere-2026-1966,4,10,2021-04-01,2021-10-01,13.970023700169154,16.14396721976144,46.812559843063354,240.44457167953863,69.62038245380259,83,0.3112339363623947,0.5863674123995216,98.56135313886612,30.045141715385185,0.346258640289307,1.281426787376404,0.813842713832855,Vechta Field,111,606,284,131,2019,2,V_AF_r2_2021
2021,3,Vechta,potato,V_AF_r2_4m,NA,1107.14,dornburg1823,g/m2,4,Vechta,52.758056,8.534722,NA,NA,poplar,normal,NA,NA,NA,NA,NA,NA,NA,NA,NA,NA,NA,NA,NA,NA,NA,V_AF_r2_4m_2021,NA,potato,11.0714,NA,2018,3,52.75816217094834,8.547502501373152,52.757203705000045,8.546659971000054,52.75914312400005,8.548231089000069,19211.74469628752,Potato,131-49-136,Apr,Oct,reported,https://doi.org/10.5194/egusphere-2026-1966,4,10,2021-04-01,2021-10-01,13.970023700169154,16.14396721976144,46.812559843063354,240.44457167953863,69.62038245380259,83,0.3112339363623947,0.5863674123995216,98.56135313886612,30.045141715385185,0.346258640289307,1.281426787376404,0.813842713832855,Vechta Field,111,606,284,131,2019,2,V_AF_r2_2021
2021,3,Vechta,potato,V_AF_r2_7m,NA,1021.26,dornburg1823,g/m2,7,Vechta,52.758056,8.534722,NA,NA,poplar,normal,NA,NA,NA,NA,NA,NA,NA,NA,NA,NA,NA,NA,NA,NA,NA,V_AF_r2_7m_2021,NA,potato,10.2126,NA,2018,3,52.75816217094834,8.547502501373152,52.757203705000045,8.546659971000054,52.75914312400005,8.548231089000069,19211.74469628752,Potato,131-49-136,Apr,Oct,reported,https://doi.org/10.5194/egusphere-2026-1966,4,10,2021-04-01,2021-10-01,13.970023700169154,16.14396721976144,46.812559843063354,240.44457167953863,69.62038245380259,83,0.3112339363623947,0.5863674123995216,98.56135313886612,30.045141715385185,0.346258640289307,1.281426787376404,0.813842713832855,Vechta Field,111,606,284,131,2019,2,V_AF_r2_2021
2021,3,Vechta,potato,V_AF_r2_24m,NA,1235.81,dornburg1823,g/m2,24,Vechta,52.758056,8.534722,NA,NA,poplar,normal,NA,NA,NA,NA,NA,NA,NA,NA,NA,NA,NA,NA,NA,NA,NA,V_AF_r2_24m_2021,NA,potato,12.3581,NA,2018,3,52.75816217094834,8.547502501373152,52.757203705000045,8.546659971000054,52.75914312400005,8.548231089000069,19211.74469628752,Potato,131-49-136,Apr,Oct,reported,https://doi.org/10.5194/egusphere-2026-1966,4,10,2021-04-01,2021-10-01,13.970023700169154,16.14396721976144,46.812559843063354,240.44457167953863,69.62038245380259,83,0.3112339363623947,0.5863674123995216,98.56135313886612,30.045141715385185,0.346258640289307,1.281426787376404,0.813842713832855,Vechta Field,111,606,284,131,2019,2,V_AF_r2_2021
2021,3,Vechta,potato,V_AF_r3_1m,NA,881.84,dornburg1823,g/m2,1,Vechta,52.758056,8.534722,NA,NA,poplar,normal,NA,NA,NA,NA,NA,NA,NA,NA,NA,NA,NA,NA,NA,NA,NA,V_AF_r3_1m_2021,NA,potato,8.8184,NA,2018,3,52.75816217094834,8.547502501373152,52.757203705000045,8.546659971000054,52.75914312400005,8.548231089000069,19211.74469628752,Potato,131-49-136,Apr,Oct,reported,https://doi.org/10.5194/egusphere-2026-1966,4,10,2021-04-01,2021-10-01,13.970023700169154,16.14396721976144,46.812559843063354,240.44457167953863,69.62038245380259,83,0.3112339363623947,0.5863674123995216,98.56135313886612,30.045141715385185,0.346258640289307,1.281426787376404,0.813842713832855,Vechta Field,111,606,284,131,2019,2,V_AF_r3_2021
2021,3,Vechta,potato,V_AF_r3_4m,NA,1201.96,dornburg1823,g/m2,4,Vechta,52.758056,8.534722,NA,NA,poplar,normal,NA,NA,NA,NA,NA,NA,NA,NA,NA,NA,NA,NA,NA,NA,NA,V_AF_r3_4m_2021,NA,potato,12.0196,NA,2018,3,52.75816217094834,8.547502501373152,52.757203705000045,8.546659971000054,52.75914312400005,8.548231089000069,19211.74469628752,Potato,131-49-136,Apr,Oct,reported,https://doi.org/10.5194/egusphere-2026-1966,4,10,2021-04-01,2021-10-01,13.970023700169154,16.14396721976144,46.812559843063354,240.44457167953863,69.62038245380259,83,0.3112339363623947,0.5863674123995216,98.56135313886612,30.045141715385185,0.346258640289307,1.281426787376404,0.813842713832855,Vechta Field,111,606,284,131,2019,2,V_AF_r3_2021
2021,3,Vechta,potato,V_AF_r3_7m,NA,1058.41,dornburg1823,g/m2,7,Vechta,52.758056,8.534722,NA,NA,poplar,normal,NA,NA,NA,NA,NA,NA,NA,NA,NA,NA,NA,NA,NA,NA,NA,V_AF_r3_7m_2021,NA,potato,10.5841,NA,2018,3,52.75816217094834,8.547502501373152,52.757203705000045,8.546659971000054,52.75914312400005,8.548231089000069,19211.74469628752,Potato,131-49-136,Apr,Oct,reported,https://doi.org/10.5194/egusphere-2026-1966,4,10,2021-04-01,2021-10-01,13.970023700169154,16.14396721976144,46.812559843063354,240.44457167953863,69.62038245380259,83,0.3112339363623947,0.5863674123995216,98.56135313886612,30.045141715385185,0.346258640289307,1.281426787376404,0.813842713832855,Vechta Field,111,606,284,131,2019,2,V_AF_r3_2021
2021,3,Vechta,potato,V_AF_r3_24m,NA,1165.93,dornburg1823,g/m2,24,Vechta,52.758056,8.534722,NA,NA,poplar,normal,NA,NA,NA,NA,NA,NA,NA,NA,NA,NA,NA,NA,NA,NA,NA,V_AF_r3_24m_2021,NA,potato,11.6593,NA,2018,3,52.75816217094834,8.547502501373152,52.757203705000045,8.546659971000054,52.75914312400005,8.548231089000069,19211.74469628752,Potato,131-49-136,Apr,Oct,reported,https://doi.org/10.5194/egusphere-2026-1966,4,10,2021-04-01,2021-10-01,13.970023700169154,16.14396721976144,46.812559843063354,240.44457167953863,69.62038245380259,83,0.3112339363623947,0.5863674123995216,98.56135313886612,30.045141715385185,0.346258640289307,1.281426787376404,0.813842713832855,Vechta Field,111,606,284,131,2019,2,V_AF_r3_2021
2021,3,Vechta,potato,V_AF_r4_1m,NA,848.82,dornburg1823,g/m2,1,Vechta,52.758056,8.534722,NA,NA,poplar,normal,NA,NA,NA,NA,NA,NA,NA,NA,NA,NA,NA,NA,NA,NA,NA,V_AF_r4_1m_2021,NA,potato,8.4882,NA,2018,3,52.75816217094834,8.547502501373152,52.757203705000045,8.546659971000054,52.75914312400005,8.548231089000069,19211.74469628752,Potato,131-49-136,Apr,Oct,reported,https://doi.org/10.5194/egusphere-2026-1966,4,10,2021-04-01,2021-10-01,13.970023700169154,16.14396721976144,46.812559843063354,240.44457167953863,69.62038245380259,83,0.3112339363623947,0.5863674123995216,98.56135313886612,30.045141715385185,0.346258640289307,1.281426787376404,0.813842713832855,Vechta Field,111,606,284,131,2019,2,V_AF_r4_2021
2021,3,Vechta,potato,V_AF_r4_4m,NA,1138.9,dornburg1823,g/m2,4,Vechta,52.758056,8.534722,NA,NA,poplar,normal,NA,NA,NA,NA,NA,NA,NA,NA,NA,NA,NA,NA,NA,NA,NA,V_AF_r4_4m_2021,NA,potato,11.389,NA,2018,3,52.75816217094834,8.547502501373152,52.757203705000045,8.546659971000054,52.75914312400005,8.548231089000069,19211.74469628752,Potato,131-49-136,Apr,Oct,reported,https://doi.org/10.5194/egusphere-2026-1966,4,10,2021-04-01,2021-10-01,13.970023700169154,16.14396721976144,46.812559843063354,240.44457167953863,69.62038245380259,83,0.3112339363623947,0.5863674123995216,98.56135313886612,30.045141715385185,0.346258640289307,1.281426787376404,0.813842713832855,Vechta Field,111,606,284,131,2019,2,V_AF_r4_2021
2021,3,Vechta,potato,V_AF_r4_7m,NA,1132.53,dornburg1823,g/m2,7,Vechta,52.758056,8.534722,NA,NA,poplar,normal,NA,NA,NA,NA,NA,NA,NA,NA,NA,NA,NA,NA,NA,NA,NA,V_AF_r4_7m_2021,NA,potato,11.3253,NA,2018,3,52.75816217094834,8.547502501373152,52.757203705000045,8.546659971000054,52.75914312400005,8.548231089000069,19211.74469628752,Potato,131-49-136,Apr,Oct,reported,https://doi.org/10.5194/egusphere-2026-1966,4,10,2021-04-01,2021-10-01,13.970023700169154,16.14396721976144,46.812559843063354,240.44457167953863,69.62038245380259,83,0.3112339363623947,0.5863674123995216,98.56135313886612,30.045141715385185,0.346258640289307,1.281426787376404,0.813842713832855,Vechta Field,111,606,284,131,2019,2,V_AF_r4_2021
2021,3,Vechta,potato,V_AF_r4_24m,NA,1132.9,dornburg1823,g/m2,24,Vechta,52.758056,8.534722,NA,NA,poplar,normal,NA,NA,NA,NA,NA,NA,NA,NA,NA,NA,NA,NA,NA,NA,NA,V_AF_r4_24m_2021,NA,potato,11.329,NA,2018,3,52.75816217094834,8.547502501373152,52.757203705000045,8.546659971000054,52.75914312400005,8.548231089000069,19211.74469628752,Potato,131-49-136,Apr,Oct,reported,https://doi.org/10.5194/egusphere-2026-1966,4,10,2021-04-01,2021-10-01,13.970023700169154,16.14396721976144,46.812559843063354,240.44457167953863,69.62038245380259,83,0.3112339363623947,0.5863674123995216,98.56135313886612,30.045141715385185,0.346258640289307,1.281426787376404,0.813842713832855,Vechta Field,111,606,284,131,2019,2,V_AF_r4_2021
2022,4,Vechta,winter rye,V_AF_r1_1m,NA,532,dornburg1823,g/m2,1,Vechta,52.758056,8.534722,NA,NA,poplar,normal,NA,NA,NA,NA,NA,NA,NA,NA,NA,NA,NA,NA,NA,NA,NA,V_AF_r1_1m_2022,NA,rye,5.32,NA,2018,4,52.75816217094834,8.547502501373152,52.757203705000045,8.546659971000054,52.75914312400005,8.548231089000069,19211.74469628752,Winter Rye,178-25-65,Nov,Jul,reported,https://doi.org/10.5194/egusphere-2026-1966,11,7,2021-11-01,2022-07-01,9.420202016830444,14.823323753145006,44.780726075172424,240.44457167953863,68.27552989551651,82,0.3284543590596489,0.6120226794794702,98.47855782729172,31.74720639384297,0.346258640289307,1.281426787376404,0.813842713832855,Vechta Field,111,606,284,178,2019,3,V_AF_r1_2022
2022,4,Vechta,winter rye,V_AF_r1_24m,NA,599,dornburg1823,g/m2,24,Vechta,52.758056,8.534722,NA,NA,poplar,normal,NA,NA,NA,NA,NA,NA,NA,NA,NA,NA,NA,NA,NA,NA,NA,V_AF_r1_24m_2022,NA,rye,5.99,NA,2018,4,52.75816217094834,8.547502501373152,52.757203705000045,8.546659971000054,52.75914312400005,8.548231089000069,19211.74469628752,Winter Rye,178-25-65,Nov,Jul,reported,https://doi.org/10.5194/egusphere-2026-1966,11,7,2021-11-01,2022-07-01,9.420202016830444,14.823323753145006,44.780726075172424,240.44457167953863,68.27552989551651,82,0.3284543590596489,0.6120226794794702,98.47855782729172,31.74720639384297,0.346258640289307,1.281426787376404,0.813842713832855,Vechta Field,111,606,284,178,2019,3,V_AF_r1_2022
2022,4,Vechta,winter rye,V_AF_r1_4m,NA,501,dornburg1823,g/m2,4,Vechta,52.758056,8.534722,NA,NA,poplar,normal,NA,NA,NA,NA,NA,NA,NA,NA,NA,NA,NA,NA,NA,NA,NA,V_AF_r1_4m_2022,NA,rye,5.01,NA,2018,4,52.75816217094834,8.547502501373152,52.757203705000045,8.546659971000054,52.75914312400005,8.548231089000069,19211.74469628752,Winter Rye,178-25-65,Nov,Jul,reported,https://doi.org/10.5194/egusphere-2026-1966,11,7,2021-11-01,2022-07-01,9.420202016830444,14.823323753145006,44.780726075172424,240.44457167953863,68.27552989551651,82,0.3284543590596489,0.6120226794794702,98.47855782729172,31.74720639384297,0.346258640289307,1.281426787376404,0.813842713832855,Vechta Field,111,606,284,178,2019,3,V_AF_r1_2022
2022,4,Vechta,winter rye,V_AF_r1_7m,NA,526,dornburg1823,g/m2,7,Vechta,52.758056,8.534722,NA,NA,poplar,normal,NA,NA,NA,NA,NA,NA,NA,NA,NA,NA,NA,NA,NA,NA,NA,V_AF_r1_7m_2022,NA,rye,5.26,NA,2018,4,52.75816217094834,8.547502501373152,52.757203705000045,8.546659971000054,52.75914312400005,8.548231089000069,19211.74469628752,Winter Rye,178-25-65,Nov,Jul,reported,https://doi.org/10.5194/egusphere-2026-1966,11,7,2021-11-01,2022-07-01,9.420202016830444,14.823323753145006,44.780726075172424,240.44457167953863,68.27552989551651,82,0.3284543590596489,0.6120226794794702,98.47855782729172,31.74720639384297,0.346258640289307,1.281426787376404,0.813842713832855,Vechta Field,111,606,284,178,2019,3,V_AF_r1_2022
2022,4,Vechta,winter rye,V_AF_r2_1m,NA,599,dornburg1823,g/m2,1,Vechta,52.758056,8.534722,NA,NA,poplar,normal,NA,NA,NA,NA,NA,NA,NA,NA,NA,NA,NA,NA,NA,NA,NA,V_AF_r2_1m_2022,NA,rye,5.99,NA,2018,4,52.75816217094834,8.547502501373152,52.757203705000045,8.546659971000054,52.75914312400005,8.548231089000069,19211.74469628752,Winter Rye,178-25-65,Nov,Jul,reported,https://doi.org/10.5194/egusphere-2026-1966,11,7,2021-11-01,2022-07-01,9.420202016830444,14.823323753145006,44.780726075172424,240.44457167953863,68.27552989551651,82,0.3284543590596489,0.6120226794794702,98.47855782729172,31.74720639384297,0.346258640289307,1.281426787376404,0.813842713832855,Vechta Field,111,606,284,178,2019,3,V_AF_r2_2022
2022,4,Vechta,winter rye,V_AF_r2_24m,NA,619,dornburg1823,g/m2,24,Vechta,52.758056,8.534722,NA,NA,poplar,normal,NA,NA,NA,NA,NA,NA,NA,NA,NA,NA,NA,NA,NA,NA,NA,V_AF_r2_24m_2022,NA,rye,6.19,NA,2018,4,52.75816217094834,8.547502501373152,52.757203705000045,8.546659971000054,52.75914312400005,8.548231089000069,19211.74469628752,Winter Rye,178-25-65,Nov,Jul,reported,https://doi.org/10.5194/egusphere-2026-1966,11,7,2021-11-01,2022-07-01,9.420202016830444,14.823323753145006,44.780726075172424,240.44457167953863,68.27552989551651,82,0.3284543590596489,0.6120226794794702,98.47855782729172,31.74720639384297,0.346258640289307,1.281426787376404,0.813842713832855,Vechta Field,111,606,284,178,2019,3,V_AF_r2_2022
2022,4,Vechta,winter rye,V_AF_r2_4m,NA,562,dornburg1823,g/m2,4,Vechta,52.758056,8.534722,NA,NA,poplar,normal,NA,NA,NA,NA,NA,NA,NA,NA,NA,NA,NA,NA,NA,NA,NA,V_AF_r2_4m_2022,NA,rye,5.62,NA,2018,4,52.75816217094834,8.547502501373152,52.757203705000045,8.546659971000054,52.75914312400005,8.548231089000069,19211.74469628752,Winter Rye,178-25-65,Nov,Jul,reported,https://doi.org/10.5194/egusphere-2026-1966,11,7,2021-11-01,2022-07-01,9.420202016830444,14.823323753145006,44.780726075172424,240.44457167953863,68.27552989551651,82,0.3284543590596489,0.6120226794794702,98.47855782729172,31.74720639384297,0.346258640289307,1.281426787376404,0.813842713832855,Vechta Field,111,606,284,178,2019,3,V_AF_r2_2022
2022,4,Vechta,winter rye,V_AF_r2_7m,NA,551,dornburg1823,g/m2,7,Vechta,52.758056,8.534722,NA,NA,poplar,normal,NA,NA,NA,NA,NA,NA,NA,NA,NA,NA,NA,NA,NA,NA,NA,V_AF_r2_7m_2022,NA,rye,5.51,NA,2018,4,52.75816217094834,8.547502501373152,52.757203705000045,8.546659971000054,52.75914312400005,8.548231089000069,19211.74469628752,Winter Rye,178-25-65,Nov,Jul,reported,https://doi.org/10.5194/egusphere-2026-1966,11,7,2021-11-01,2022-07-01,9.420202016830444,14.823323753145006,44.780726075172424,240.44457167953863,68.27552989551651,82,0.3284543590596489,0.6120226794794702,98.47855782729172,31.74720639384297,0.346258640289307,1.281426787376404,0.813842713832855,Vechta Field,111,606,284,178,2019,3,V_AF_r2_2022
2022,4,Vechta,winter rye,V_AF_r3_1m,NA,656,dornburg1823,g/m2,1,Vechta,52.758056,8.534722,NA,NA,poplar,normal,NA,NA,NA,NA,NA,NA,NA,NA,NA,NA,NA,NA,NA,NA,NA,V_AF_r3_1m_2022,NA,rye,6.5600000000000005,NA,2018,4,52.75816217094834,8.547502501373152,52.757203705000045,8.546659971000054,52.75914312400005,8.548231089000069,19211.74469628752,Winter Rye,178-25-65,Nov,Jul,reported,https://doi.org/10.5194/egusphere-2026-1966,11,7,2021-11-01,2022-07-01,9.420202016830444,14.823323753145006,44.780726075172424,240.44457167953863,68.27552989551651,82,0.3284543590596489,0.6120226794794702,98.47855782729172,31.74720639384297,0.346258640289307,1.281426787376404,0.813842713832855,Vechta Field,111,606,284,178,2019,3,V_AF_r3_2022
2022,4,Vechta,winter rye,V_AF_r3_24m,NA,755,dornburg1823,g/m2,24,Vechta,52.758056,8.534722,NA,NA,poplar,normal,NA,NA,NA,NA,NA,NA,NA,NA,NA,NA,NA,NA,NA,NA,NA,V_AF_r3_24m_2022,NA,rye,7.55,NA,2018,4,52.75816217094834,8.547502501373152,52.757203705000045,8.546659971000054,52.75914312400005,8.548231089000069,19211.74469628752,Winter Rye,178-25-65,Nov,Jul,reported,https://doi.org/10.5194/egusphere-2026-1966,11,7,2021-11-01,2022-07-01,9.420202016830444,14.823323753145006,44.780726075172424,240.44457167953863,68.27552989551651,82,0.3284543590596489,0.6120226794794702,98.47855782729172,31.74720639384297,0.346258640289307,1.281426787376404,0.813842713832855,Vechta Field,111,606,284,178,2019,3,V_AF_r3_2022
2022,4,Vechta,winter rye,V_AF_r3_4m,NA,651,dornburg1823,g/m2,4,Vechta,52.758056,8.534722,NA,NA,poplar,normal,NA,NA,NA,NA,NA,NA,NA,NA,NA,NA,NA,NA,NA,NA,NA,V_AF_r3_4m_2022,NA,rye,6.51,NA,2018,4,52.75816217094834,8.547502501373152,52.757203705000045,8.546659971000054,52.75914312400005,8.548231089000069,19211.74469628752,Winter Rye,178-25-65,Nov,Jul,reported,https://doi.org/10.5194/egusphere-2026-1966,11,7,2021-11-01,2022-07-01,9.420202016830444,14.823323753145006,44.780726075172424,240.44457167953863,68.27552989551651,82,0.3284543590596489,0.6120226794794702,98.47855782729172,31.74720639384297,0.346258640289307,1.281426787376404,0.813842713832855,Vechta Field,111,606,284,178,2019,3,V_AF_r3_2022
2022,4,Vechta,winter rye,V_AF_r3_7m,NA,679,dornburg1823,g/m2,7,Vechta,52.758056,8.534722,NA,NA,poplar,normal,NA,NA,NA,NA,NA,NA,NA,NA,NA,NA,NA,NA,NA,NA,NA,V_AF_r3_7m_2022,NA,rye,6.79,NA,2018,4,52.75816217094834,8.547502501373152,52.757203705000045,8.546659971000054,52.75914312400005,8.548231089000069,19211.74469628752,Winter Rye,178-25-65,Nov,Jul,reported,https://doi.org/10.5194/egusphere-2026-1966,11,7,2021-11-01,2022-07-01,9.420202016830444,14.823323753145006,44.780726075172424,240.44457167953863,68.27552989551651,82,0.3284543590596489,0.6120226794794702,98.47855782729172,31.74720639384297,0.346258640289307,1.281426787376404,0.813842713832855,Vechta Field,111,606,284,178,2019,3,V_AF_r3_2022
2022,4,Vechta,winter rye,V_AF_r4_1m,NA,521,dornburg1823,g/m2,1,Vechta,52.758056,8.534722,NA,NA,poplar,normal,NA,NA,NA,NA,NA,NA,NA,NA,NA,NA,NA,NA,NA,NA,NA,V_AF_r4_1m_2022,NA,rye,5.21,NA,2018,4,52.75816217094834,8.547502501373152,52.757203705000045,8.546659971000054,52.75914312400005,8.548231089000069,19211.74469628752,Winter Rye,178-25-65,Nov,Jul,reported,https://doi.org/10.5194/egusphere-2026-1966,11,7,2021-11-01,2022-07-01,9.420202016830444,14.823323753145006,44.780726075172424,240.44457167953863,68.27552989551651,82,0.3284543590596489,0.6120226794794702,98.47855782729172,31.74720639384297,0.346258640289307,1.281426787376404,0.813842713832855,Vechta Field,111,606,284,178,2019,3,V_AF_r4_2022
2022,4,Vechta,winter rye,V_AF_r4_24m,NA,741,dornburg1823,g/m2,24,Vechta,52.758056,8.534722,NA,NA,poplar,normal,NA,NA,NA,NA,NA,NA,NA,NA,NA,NA,NA,NA,NA,NA,NA,V_AF_r4_24m_2022,NA,rye,7.41,NA,2018,4,52.75816217094834,8.547502501373152,52.757203705000045,8.546659971000054,52.75914312400005,8.548231089000069,19211.74469628752,Winter Rye,178-25-65,Nov,Jul,reported,https://doi.org/10.5194/egusphere-2026-1966,11,7,2021-11-01,2022-07-01,9.420202016830444,14.823323753145006,44.780726075172424,240.44457167953863,68.27552989551651,82,0.3284543590596489,0.6120226794794702,98.47855782729172,31.74720639384297,0.346258640289307,1.281426787376404,0.813842713832855,Vechta Field,111,606,284,178,2019,3,V_AF_r4_2022
2022,4,Vechta,winter rye,V_AF_r4_4m,NA,645,dornburg1823,g/m2,4,Vechta,52.758056,8.534722,NA,NA,poplar,normal,NA,NA,NA,NA,NA,NA,NA,NA,NA,NA,NA,NA,NA,NA,NA,V_AF_r4_4m_2022,NA,rye,6.45,NA,2018,4,52.75816217094834,8.547502501373152,52.757203705000045,8.546659971000054,52.75914312400005,8.548231089000069,19211.74469628752,Winter Rye,178-25-65,Nov,Jul,reported,https://doi.org/10.5194/egusphere-2026-1966,11,7,2021-11-01,2022-07-01,9.420202016830444,14.823323753145006,44.780726075172424,240.44457167953863,68.27552989551651,82,0.3284543590596489,0.6120226794794702,98.47855782729172,31.74720639384297,0.346258640289307,1.281426787376404,0.813842713832855,Vechta Field,111,606,284,178,2019,3,V_AF_r4_2022
2022,4,Vechta,winter rye,V_AF_r4_7m,NA,662,dornburg1823,g/m2,7,Vechta,52.758056,8.534722,NA,NA,poplar,normal,NA,NA,NA,NA,NA,NA,NA,NA,NA,NA,NA,NA,NA,NA,NA,V_AF_r4_7m_2022,NA,rye,6.62,NA,2018,4,52.75816217094834,8.547502501373152,52.757203705000045,8.546659971000054,52.75914312400005,8.548231089000069,19211.74469628752,Winter Rye,178-25-65,Nov,Jul,reported,https://doi.org/10.5194/egusphere-2026-1966,11,7,2021-11-01,2022-07-01,9.420202016830444,14.823323753145006,44.780726075172424,240.44457167953863,68.27552989551651,82,0.3284543590596489,0.6120226794794702,98.47855782729172,31.74720639384297,0.346258640289307,1.281426787376404,0.813842713832855,Vechta Field,111,606,284,178,2019,3,V_AF_r4_2022
2023,9,Vechta,winter oilseedrape,V_AF_r1_1m,NA,215,dornburg1823,g/m2,1,Vechta,52.758056,8.534722,NA,NA,poplar,normal,NA,NA,NA,NA,NA,NA,NA,NA,NA,NA,NA,NA,NA,NA,NA,V_AF_r1_1m_2023,NA,rapeseed,2.15,NA,2018,5,52.75816217094834,8.547502501373152,52.757203705000045,8.546659971000054,52.75914312400005,8.548231089000069,19211.74469628752,Oilseed Rape,not reported,Sep,Jul,assigned,NA,9,7,2022-09-01,2023-07-01,10.04545458880338,14.19989811290394,71.55120301246643,240.44457167953863,68.22526346158081,91,0.3292332310158588,0.6126826718800586,98.4717848168857,31.884640187755707,0.346258640289307,1.281426787376404,0.813842713832855,Vechta Field,111,606,284,NA,2019,4,V_AF_r1_2023
2023,9,Vechta,winter oilseedrape,V_AF_r1_24m,NA,189,dornburg1823,g/m2,24,Vechta,52.758056,8.534722,NA,NA,poplar,normal,NA,NA,NA,NA,NA,NA,NA,NA,NA,NA,NA,NA,NA,NA,NA,V_AF_r1_24m_2023,NA,rapeseed,1.89,NA,2018,5,52.75816217094834,8.547502501373152,52.757203705000045,8.546659971000054,52.75914312400005,8.548231089000069,19211.74469628752,Oilseed Rape,not reported,Sep,Jul,assigned,NA,9,7,2022-09-01,2023-07-01,10.04545458880338,14.19989811290394,71.55120301246643,240.44457167953863,68.22526346158081,91,0.3292332310158588,0.6126826718800586,98.4717848168857,31.884640187755707,0.346258640289307,1.281426787376404,0.813842713832855,Vechta Field,111,606,284,NA,2019,4,V_AF_r1_2023
2023,9,Vechta,winter oilseedrape,V_AF_r1_4m,NA,278,dornburg1823,g/m2,4,Vechta,52.758056,8.534722,NA,NA,poplar,normal,NA,NA,NA,NA,NA,NA,NA,NA,NA,NA,NA,NA,NA,NA,NA,V_AF_r1_4m_2023,NA,rapeseed,2.78,NA,2018,5,52.75816217094834,8.547502501373152,52.757203705000045,8.546659971000054,52.75914312400005,8.548231089000069,19211.74469628752,Oilseed Rape,not reported,Sep,Jul,assigned,NA,9,7,2022-09-01,2023-07-01,10.04545458880338,14.19989811290394,71.55120301246643,240.44457167953863,68.22526346158081,91,0.3292332310158588,0.6126826718800586,98.4717848168857,31.884640187755707,0.346258640289307,1.281426787376404,0.813842713832855,Vechta Field,111,606,284,NA,2019,4,V_AF_r1_2023
2023,9,Vechta,winter oilseedrape,V_AF_r1_7m,NA,236,dornburg1823,g/m2,7,Vechta,52.758056,8.534722,NA,NA,poplar,normal,NA,NA,NA,NA,NA,NA,NA,NA,NA,NA,NA,NA,NA,NA,NA,V_AF_r1_7m_2023,NA,rapeseed,2.36,NA,2018,5,52.75816217094834,8.547502501373152,52.757203705000045,8.546659971000054,52.75914312400005,8.548231089000069,19211.74469628752,Oilseed Rape,not reported,Sep,Jul,assigned,NA,9,7,2022-09-01,2023-07-01,10.04545458880338,14.19989811290394,71.55120301246643,240.44457167953863,68.22526346158081,91,0.3292332310158588,0.6126826718800586,98.4717848168857,31.884640187755707,0.346258640289307,1.281426787376404,0.813842713832855,Vechta Field,111,606,284,NA,2019,4,V_AF_r1_2023
2023,9,Vechta,winter oilseedrape,V_AF_r2_1m,NA,277,dornburg1823,g/m2,1,Vechta,52.758056,8.534722,NA,NA,poplar,normal,NA,NA,NA,NA,NA,NA,NA,NA,NA,NA,NA,NA,NA,NA,NA,V_AF_r2_1m_2023,NA,rapeseed,2.77,NA,2018,5,52.75816217094834,8.547502501373152,52.757203705000045,8.546659971000054,52.75914312400005,8.548231089000069,19211.74469628752,Oilseed Rape,not reported,Sep,Jul,assigned,NA,9,7,2022-09-01,2023-07-01,10.04545458880338,14.19989811290394,71.55120301246643,240.44457167953863,68.22526346158081,91,0.3292332310158588,0.6126826718800586,98.4717848168857,31.884640187755707,0.346258640289307,1.281426787376404,0.813842713832855,Vechta Field,111,606,284,NA,2019,4,V_AF_r2_2023
2023,9,Vechta,winter oilseedrape,V_AF_r2_24m,NA,232,dornburg1823,g/m2,24,Vechta,52.758056,8.534722,NA,NA,poplar,normal,NA,NA,NA,NA,NA,NA,NA,NA,NA,NA,NA,NA,NA,NA,NA,V_AF_r2_24m_2023,NA,rapeseed,2.32,NA,2018,5,52.75816217094834,8.547502501373152,52.757203705000045,8.546659971000054,52.75914312400005,8.548231089000069,19211.74469628752,Oilseed Rape,not reported,Sep,Jul,assigned,NA,9,7,2022-09-01,2023-07-01,10.04545458880338,14.19989811290394,71.55120301246643,240.44457167953863,68.22526346158081,91,0.3292332310158588,0.6126826718800586,98.4717848168857,31.884640187755707,0.346258640289307,1.281426787376404,0.813842713832855,Vechta Field,111,606,284,NA,2019,4,V_AF_r2_2023
2023,9,Vechta,winter oilseedrape,V_AF_r2_4m,NA,293,dornburg1823,g/m2,4,Vechta,52.758056,8.534722,NA,NA,poplar,normal,NA,NA,NA,NA,NA,NA,NA,NA,NA,NA,NA,NA,NA,NA,NA,V_AF_r2_4m_2023,NA,rapeseed,2.93,NA,2018,5,52.75816217094834,8.547502501373152,52.757203705000045,8.546659971000054,52.75914312400005,8.548231089000069,19211.74469628752,Oilseed Rape,not reported,Sep,Jul,assigned,NA,9,7,2022-09-01,2023-07-01,10.04545458880338,14.19989811290394,71.55120301246643,240.44457167953863,68.22526346158081,91,0.3292332310158588,0.6126826718800586,98.4717848168857,31.884640187755707,0.346258640289307,1.281426787376404,0.813842713832855,Vechta Field,111,606,284,NA,2019,4,V_AF_r2_2023
2023,9,Vechta,winter oilseedrape,V_AF_r2_7m,NA,279,dornburg1823,g/m2,7,Vechta,52.758056,8.534722,NA,NA,poplar,normal,NA,NA,NA,NA,NA,NA,NA,NA,NA,NA,NA,NA,NA,NA,NA,V_AF_r2_7m_2023,NA,rapeseed,2.79,NA,2018,5,52.75816217094834,8.547502501373152,52.757203705000045,8.546659971000054,52.75914312400005,8.548231089000069,19211.74469628752,Oilseed Rape,not reported,Sep,Jul,assigned,NA,9,7,2022-09-01,2023-07-01,10.04545458880338,14.19989811290394,71.55120301246643,240.44457167953863,68.22526346158081,91,0.3292332310158588,0.6126826718800586,98.4717848168857,31.884640187755707,0.346258640289307,1.281426787376404,0.813842713832855,Vechta Field,111,606,284,NA,2019,4,V_AF_r2_2023
2023,9,Vechta,winter oilseedrape,V_AF_r3_1m,NA,283,dornburg1823,g/m2,1,Vechta,52.758056,8.534722,NA,NA,poplar,normal,NA,NA,NA,NA,NA,NA,NA,NA,NA,NA,NA,NA,NA,NA,NA,V_AF_r3_1m_2023,NA,rapeseed,2.83,NA,2018,5,52.75816217094834,8.547502501373152,52.757203705000045,8.546659971000054,52.75914312400005,8.548231089000069,19211.74469628752,Oilseed Rape,not reported,Sep,Jul,assigned,NA,9,7,2022-09-01,2023-07-01,10.04545458880338,14.19989811290394,71.55120301246643,240.44457167953863,68.22526346158081,91,0.3292332310158588,0.6126826718800586,98.4717848168857,31.884640187755707,0.346258640289307,1.281426787376404,0.813842713832855,Vechta Field,111,606,284,NA,2019,4,V_AF_r3_2023
2023,9,Vechta,winter oilseedrape,V_AF_r3_24m,NA,334,dornburg1823,g/m2,24,Vechta,52.758056,8.534722,NA,NA,poplar,normal,NA,NA,NA,NA,NA,NA,NA,NA,NA,NA,NA,NA,NA,NA,NA,V_AF_r3_24m_2023,NA,rapeseed,3.34,NA,2018,5,52.75816217094834,8.547502501373152,52.757203705000045,8.546659971000054,52.75914312400005,8.548231089000069,19211.74469628752,Oilseed Rape,not reported,Sep,Jul,assigned,NA,9,7,2022-09-01,2023-07-01,10.04545458880338,14.19989811290394,71.55120301246643,240.44457167953863,68.22526346158081,91,0.3292332310158588,0.6126826718800586,98.4717848168857,31.884640187755707,0.346258640289307,1.281426787376404,0.813842713832855,Vechta Field,111,606,284,NA,2019,4,V_AF_r3_2023
2023,9,Vechta,winter oilseedrape,V_AF_r3_4m,NA,363,dornburg1823,g/m2,4,Vechta,52.758056,8.534722,NA,NA,poplar,normal,NA,NA,NA,NA,NA,NA,NA,NA,NA,NA,NA,NA,NA,NA,NA,V_AF_r3_4m_2023,NA,rapeseed,3.63,NA,2018,5,52.75816217094834,8.547502501373152,52.757203705000045,8.546659971000054,52.75914312400005,8.548231089000069,19211.74469628752,Oilseed Rape,not reported,Sep,Jul,assigned,NA,9,7,2022-09-01,2023-07-01,10.04545458880338,14.19989811290394,71.55120301246643,240.44457167953863,68.22526346158081,91,0.3292332310158588,0.6126826718800586,98.4717848168857,31.884640187755707,0.346258640289307,1.281426787376404,0.813842713832855,Vechta Field,111,606,284,NA,2019,4,V_AF_r3_2023
2023,9,Vechta,winter oilseedrape,V_AF_r3_7m,NA,360,dornburg1823,g/m2,7,Vechta,52.758056,8.534722,NA,NA,poplar,normal,NA,NA,NA,NA,NA,NA,NA,NA,NA,NA,NA,NA,NA,NA,NA,V_AF_r3_7m_2023,NA,rapeseed,3.6,NA,2018,5,52.75816217094834,8.547502501373152,52.757203705000045,8.546659971000054,52.75914312400005,8.548231089000069,19211.74469628752,Oilseed Rape,not reported,Sep,Jul,assigned,NA,9,7,2022-09-01,2023-07-01,10.04545458880338,14.19989811290394,71.55120301246643,240.44457167953863,68.22526346158081,91,0.3292332310158588,0.6126826718800586,98.4717848168857,31.884640187755707,0.346258640289307,1.281426787376404,0.813842713832855,Vechta Field,111,606,284,NA,2019,4,V_AF_r3_2023
2023,9,Vechta,winter oilseedrape,V_AF_r4_1m,NA,89.1,dornburg1823,g/m2,1,Vechta,52.758056,8.534722,NA,NA,poplar,normal,NA,NA,NA,NA,NA,NA,NA,NA,NA,NA,NA,NA,NA,NA,NA,V_AF_r4_1m_2023,NA,rapeseed,0.891,NA,2018,5,52.75816217094834,8.547502501373152,52.757203705000045,8.546659971000054,52.75914312400005,8.548231089000069,19211.74469628752,Oilseed Rape,not reported,Sep,Jul,assigned,NA,9,7,2022-09-01,2023-07-01,10.04545458880338,14.19989811290394,71.55120301246643,240.44457167953863,68.22526346158081,91,0.3292332310158588,0.6126826718800586,98.4717848168857,31.884640187755707,0.346258640289307,1.281426787376404,0.813842713832855,Vechta Field,111,606,284,NA,2019,4,V_AF_r4_2023
2023,9,Vechta,winter oilseedrape,V_AF_r4_24m,NA,297,dornburg1823,g/m2,24,Vechta,52.758056,8.534722,NA,NA,poplar,normal,NA,NA,NA,NA,NA,NA,NA,NA,NA,NA,NA,NA,NA,NA,NA,V_AF_r4_24m_2023,NA,rapeseed,2.97,NA,2018,5,52.75816217094834,8.547502501373152,52.757203705000045,8.546659971000054,52.75914312400005,8.548231089000069,19211.74469628752,Oilseed Rape,not reported,Sep,Jul,assigned,NA,9,7,2022-09-01,2023-07-01,10.04545458880338,14.19989811290394,71.55120301246643,240.44457167953863,68.22526346158081,91,0.3292332310158588,0.6126826718800586,98.4717848168857,31.884640187755707,0.346258640289307,1.281426787376404,0.813842713832855,Vechta Field,111,606,284,NA,2019,4,V_AF_r4_2023
2023,9,Vechta,winter oilseedrape,V_AF_r4_4m,NA,227,dornburg1823,g/m2,4,Vechta,52.758056,8.534722,NA,NA,poplar,normal,NA,NA,NA,NA,NA,NA,NA,NA,NA,NA,NA,NA,NA,NA,NA,V_AF_r4_4m_2023,NA,rapeseed,2.27,NA,2018,5,52.75816217094834,8.547502501373152,52.757203705000045,8.546659971000054,52.75914312400005,8.548231089000069,19211.74469628752,Oilseed Rape,not reported,Sep,Jul,assigned,NA,9,7,2022-09-01,2023-07-01,10.04545458880338,14.19989811290394,71.55120301246643,240.44457167953863,68.22526346158081,91,0.3292332310158588,0.6126826718800586,98.4717848168857,31.884640187755707,0.346258640289307,1.281426787376404,0.813842713832855,Vechta Field,111,606,284,NA,2019,4,V_AF_r4_2023
2023,9,Vechta,winter oilseedrape,V_AF_r4_7m,NA,341,dornburg1823,g/m2,7,Vechta,52.758056,8.534722,NA,NA,poplar,normal,NA,NA,NA,NA,NA,NA,NA,NA,NA,NA,NA,NA,NA,NA,NA,V_AF_r4_7m_2023,NA,rapeseed,3.41,NA,2018,5,52.75816217094834,8.547502501373152,52.757203705000045,8.546659971000054,52.75914312400005,8.548231089000069,19211.74469628752,Oilseed Rape,not reported,Sep,Jul,assigned,NA,9,7,2022-09-01,2023-07-01,10.04545458880338,14.19989811290394,71.55120301246643,240.44457167953863,68.22526346158081,91,0.3292332310158588,0.6126826718800586,98.4717848168857,31.884640187755707,0.346258640289307,1.281426787376404,0.813842713832855,Vechta Field,111,606,284,NA,2019,4,V_AF_r4_2023
2016,NA,NA,winter barley,R_AF_r1_1m,194.43,301.79,reiffenhausen16,g/m2 per year,1,Reiffenhausen,51.666667,9.983333,NA,Eutric Cambisol,poplar,normal,NA,NA,NA,NA,NA,NA,NA,NA,NA,NA,NA,NA,NA,NA,NA,R_AF_r1_1m_2016,NA,barley,3.0179000000000005,1.9443,2015,1,51.39881616691941,9.987015448276214,51.39839682500008,9.98620678900005,51.399313859000074,9.987824314000022,5921.134533429651,Winter Barley,238-0-0,Sep,Jul,reported,https://doi.org/10.1007/s10457-019-00407-2,9,7,2015-09-01,2016-07-01,8.667667930776423,11.372256365689363,65.74230217933655,151.79373156338323,74.18059015513465,117,0.5249283860440412,0.907845827570492,98.37634919244768,34.607306965861355,1.751421213150024,1.751421213150024,1.751421213150024,Reiffenhausen Field,429,327,244,238,2011,5,R_AF_r1_2016
2017,NA,NA,rapeseed,R_AF_r1_1m,69.64,216.84,reiffenhausen16,g/m2 per year,1,Reiffenhausen,51.666667,9.983333,NA,Eutric Cambisol,poplar,normal,NA,NA,NA,NA,NA,NA,NA,NA,NA,NA,NA,NA,NA,NA,NA,R_AF_r1_1m_2017,NA,rapeseed,2.1684,0.6964,2015,2,51.39881616691941,9.987015448276214,51.39839682500008,9.98620678900005,51.399313859000074,9.987824314000022,5921.134533429651,Oilseed Rape,not reported,Sep,Jul,assigned,NA,9,7,2016-09-01,2017-07-01,8.249485980380665,11.973879684101451,69.13877129554749,151.79373156338323,74.18059015513465,117,0.5249283860440412,0.907845827570492,98.37634919244768,34.607306965861355,1.751421213150024,1.751421213150024,1.751421213150024,Reiffenhausen Field,429,327,244,NA,2011,6,R_AF_r1_2017
2016,NA,NA,winter barley,R_AF_r1_4m,307.96,623.51,reiffenhausen16,g/m2 per year,4,Reiffenhausen,51.666667,9.983333,NA,Eutric Cambisol,poplar,normal,NA,NA,NA,NA,NA,NA,NA,NA,NA,NA,NA,NA,NA,NA,NA,R_AF_r1_4m_2016,NA,barley,6.2351,3.0795999999999997,2015,1,51.39881616691941,9.987015448276214,51.39839682500008,9.98620678900005,51.399313859000074,9.987824314000022,5921.134533429651,Winter Barley,238-0-0,Sep,Jul,reported,https://doi.org/10.1007/s10457-019-00407-2,9,7,2015-09-01,2016-07-01,8.667667930776423,11.372256365689363,65.74230217933655,151.79373156338323,74.18059015513465,117,0.5249283860440412,0.907845827570492,98.37634919244768,34.607306965861355,1.751421213150024,1.751421213150024,1.751421213150024,Reiffenhausen Field,429,327,244,238,2011,5,R_AF_r1_2016
2017,NA,NA,rapeseed,R_AF_r1_4m,181.09,312.28,reiffenhausen16,g/m2 per year,4,Reiffenhausen,51.666667,9.983333,NA,Eutric Cambisol,poplar,normal,NA,NA,NA,NA,NA,NA,NA,NA,NA,NA,NA,NA,NA,NA,NA,R_AF_r1_4m_2017,NA,rapeseed,3.1228,1.8109,2015,2,51.39881616691941,9.987015448276214,51.39839682500008,9.98620678900005,51.399313859000074,9.987824314000022,5921.134533429651,Oilseed Rape,not reported,Sep,Jul,assigned,NA,9,7,2016-09-01,2017-07-01,8.249485980380665,11.973879684101451,69.13877129554749,151.79373156338323,74.18059015513465,117,0.5249283860440412,0.907845827570492,98.37634919244768,34.607306965861355,1.751421213150024,1.751421213150024,1.751421213150024,Reiffenhausen Field,429,327,244,NA,2011,6,R_AF_r1_2017
2016,NA,NA,winter barley,R_AF_r1_7m,325.65,659.27,reiffenhausen16,g/m2 per year,7,Reiffenhausen,51.666667,9.983333,NA,Eutric Cambisol,poplar,normal,NA,NA,NA,NA,NA,NA,NA,NA,NA,NA,NA,NA,NA,NA,NA,R_AF_r1_7m_2016,NA,barley,6.5927,3.2565,2015,1,51.39881616691941,9.987015448276214,51.39839682500008,9.98620678900005,51.399313859000074,9.987824314000022,5921.134533429651,Winter Barley,238-0-0,Sep,Jul,reported,https://doi.org/10.1007/s10457-019-00407-2,9,7,2015-09-01,2016-07-01,8.667667930776423,11.372256365689363,65.74230217933655,151.79373156338323,74.18059015513465,117,0.5249283860440412,0.907845827570492,98.37634919244768,34.607306965861355,1.751421213150024,1.751421213150024,1.751421213150024,Reiffenhausen Field,429,327,244,238,2011,5,R_AF_r1_2016
2017,NA,NA,rapeseed,R_AF_r1_7m,152.61,320.07,reiffenhausen16,g/m2 per year,7,Reiffenhausen,51.666667,9.983333,NA,Eutric Cambisol,poplar,normal,NA,NA,NA,NA,NA,NA,NA,NA,NA,NA,NA,NA,NA,NA,NA,R_AF_r1_7m_2017,NA,rapeseed,3.2007,1.5261000000000002,2015,2,51.39881616691941,9.987015448276214,51.39839682500008,9.98620678900005,51.399313859000074,9.987824314000022,5921.134533429651,Oilseed Rape,not reported,Sep,Jul,assigned,NA,9,7,2016-09-01,2017-07-01,8.249485980380665,11.973879684101451,69.13877129554749,151.79373156338323,74.18059015513465,117,0.5249283860440412,0.907845827570492,98.37634919244768,34.607306965861355,1.751421213150024,1.751421213150024,1.751421213150024,Reiffenhausen Field,429,327,244,NA,2011,6,R_AF_r1_2017
2016,NA,NA,winter barley,R_AF_r2_1m,244.79,328.76,reiffenhausen16,g/m2 per year,1,Reiffenhausen,51.666667,9.983333,NA,Eutric Cambisol,poplar,normal,NA,NA,NA,NA,NA,NA,NA,NA,NA,NA,NA,NA,NA,NA,NA,R_AF_r2_1m_2016,NA,barley,3.2876,2.4479,2015,1,51.39881616691941,9.987015448276214,51.39839682500008,9.98620678900005,51.399313859000074,9.987824314000022,5921.134533429651,Winter Barley,238-0-0,Sep,Jul,reported,https://doi.org/10.1007/s10457-019-00407-2,9,7,2015-09-01,2016-07-01,8.667667930776423,11.372256365689363,65.74230217933655,151.79373156338323,74.18059015513465,117,0.5249283860440412,0.907845827570492,98.37634919244768,34.607306965861355,1.751421213150024,1.751421213150024,1.751421213150024,Reiffenhausen Field,429,327,244,238,2011,5,R_AF_r2_2016
2017,NA,NA,rapeseed,R_AF_r2_1m,69.47,211.2,reiffenhausen16,g/m2 per year,1,Reiffenhausen,51.666667,9.983333,NA,Eutric Cambisol,poplar,normal,NA,NA,NA,NA,NA,NA,NA,NA,NA,NA,NA,NA,NA,NA,NA,R_AF_r2_1m_2017,NA,rapeseed,2.112,0.6947,2015,2,51.39881616691941,9.987015448276214,51.39839682500008,9.98620678900005,51.399313859000074,9.987824314000022,5921.134533429651,Oilseed Rape,not reported,Sep,Jul,assigned,NA,9,7,2016-09-01,2017-07-01,8.249485980380665,11.973879684101451,69.13877129554749,151.79373156338323,74.18059015513465,117,0.5249283860440412,0.907845827570492,98.37634919244768,34.607306965861355,1.751421213150024,1.751421213150024,1.751421213150024,Reiffenhausen Field,429,327,244,NA,2011,6,R_AF_r2_2017
2016,NA,NA,winter barley,R_AF_r2_4m,298.82,545.6,reiffenhausen16,g/m2 per year,4,Reiffenhausen,51.666667,9.983333,NA,Eutric Cambisol,poplar,normal,NA,NA,NA,NA,NA,NA,NA,NA,NA,NA,NA,NA,NA,NA,NA,R_AF_r2_4m_2016,NA,barley,5.456,2.9882,2015,1,51.39881616691941,9.987015448276214,51.39839682500008,9.98620678900005,51.399313859000074,9.987824314000022,5921.134533429651,Winter Barley,238-0-0,Sep,Jul,reported,https://doi.org/10.1007/s10457-019-00407-2,9,7,2015-09-01,2016-07-01,8.667667930776423,11.372256365689363,65.74230217933655,151.79373156338323,74.18059015513465,117,0.5249283860440412,0.907845827570492,98.37634919244768,34.607306965861355,1.751421213150024,1.751421213150024,1.751421213150024,Reiffenhausen Field,429,327,244,238,2011,5,R_AF_r2_2016
2017,NA,NA,rapeseed,R_AF_r2_4m,107.84,292.84,reiffenhausen16,g/m2 per year,4,Reiffenhausen,51.666667,9.983333,NA,Eutric Cambisol,poplar,normal,NA,NA,NA,NA,NA,NA,NA,NA,NA,NA,NA,NA,NA,NA,NA,R_AF_r2_4m_2017,NA,rapeseed,2.9284,1.0784,2015,2,51.39881616691941,9.987015448276214,51.39839682500008,9.98620678900005,51.399313859000074,9.987824314000022,5921.134533429651,Oilseed Rape,not reported,Sep,Jul,assigned,NA,9,7,2016-09-01,2017-07-01,8.249485980380665,11.973879684101451,69.13877129554749,151.79373156338323,74.18059015513465,117,0.5249283860440412,0.907845827570492,98.37634919244768,34.607306965861355,1.751421213150024,1.751421213150024,1.751421213150024,Reiffenhausen Field,429,327,244,NA,2011,6,R_AF_r2_2017
2016,NA,NA,winter barley,R_AF_r2_7m,258.69,580.76,reiffenhausen16,g/m2 per year,7,Reiffenhausen,51.666667,9.983333,NA,Eutric Cambisol,poplar,normal,NA,NA,NA,NA,NA,NA,NA,NA,NA,NA,NA,NA,NA,NA,NA,R_AF_r2_7m_2016,NA,barley,5.8076,2.5869,2015,1,51.39881616691941,9.987015448276214,51.39839682500008,9.98620678900005,51.399313859000074,9.987824314000022,5921.134533429651,Winter Barley,238-0-0,Sep,Jul,reported,https://doi.org/10.1007/s10457-019-00407-2,9,7,2015-09-01,2016-07-01,8.667667930776423,11.372256365689363,65.74230217933655,151.79373156338323,74.18059015513465,117,0.5249283860440412,0.907845827570492,98.37634919244768,34.607306965861355,1.751421213150024,1.751421213150024,1.751421213150024,Reiffenhausen Field,429,327,244,238,2011,5,R_AF_r2_2016
2017,NA,NA,rapeseed,R_AF_r2_7m,102.37,344.14,reiffenhausen16,g/m2 per year,7,Reiffenhausen,51.666667,9.983333,NA,Eutric Cambisol,poplar,normal,NA,NA,NA,NA,NA,NA,NA,NA,NA,NA,NA,NA,NA,NA,NA,R_AF_r2_7m_2017,NA,rapeseed,3.4414,1.0237,2015,2,51.39881616691941,9.987015448276214,51.39839682500008,9.98620678900005,51.399313859000074,9.987824314000022,5921.134533429651,Oilseed Rape,not reported,Sep,Jul,assigned,NA,9,7,2016-09-01,2017-07-01,8.249485980380665,11.973879684101451,69.13877129554749,151.79373156338323,74.18059015513465,117,0.5249283860440412,0.907845827570492,98.37634919244768,34.607306965861355,1.751421213150024,1.751421213150024,1.751421213150024,Reiffenhausen Field,429,327,244,NA,2011,6,R_AF_r2_2017
2016,NA,NA,winter barley,R_AF_r3_1m,239.94,289.16,reiffenhausen16,g/m2 per year,1,Reiffenhausen,51.666667,9.983333,NA,Eutric Cambisol,poplar,normal,NA,NA,NA,NA,NA,NA,NA,NA,NA,NA,NA,NA,NA,NA,NA,R_AF_r3_1m_2016,NA,barley,2.8916000000000004,2.3994,2015,1,51.39881616691941,9.987015448276214,51.39839682500008,9.98620678900005,51.399313859000074,9.987824314000022,5921.134533429651,Winter Barley,238-0-0,Sep,Jul,reported,https://doi.org/10.1007/s10457-019-00407-2,9,7,2015-09-01,2016-07-01,8.667667930776423,11.372256365689363,65.74230217933655,151.79373156338323,74.18059015513465,117,0.5249283860440412,0.907845827570492,98.37634919244768,34.607306965861355,1.751421213150024,1.751421213150024,1.751421213150024,Reiffenhausen Field,429,327,244,238,2011,5,R_AF_r3_2016
2017,NA,NA,rapeseed,R_AF_r3_1m,53.18,194.7,reiffenhausen16,g/m2 per year,1,Reiffenhausen,51.666667,9.983333,NA,Eutric Cambisol,poplar,normal,NA,NA,NA,NA,NA,NA,NA,NA,NA,NA,NA,NA,NA,NA,NA,R_AF_r3_1m_2017,NA,rapeseed,1.947,0.5318,2015,2,51.39881616691941,9.987015448276214,51.39839682500008,9.98620678900005,51.399313859000074,9.987824314000022,5921.134533429651,Oilseed Rape,not reported,Sep,Jul,assigned,NA,9,7,2016-09-01,2017-07-01,8.249485980380665,11.973879684101451,69.13877129554749,151.79373156338323,74.18059015513465,117,0.5249283860440412,0.907845827570492,98.37634919244768,34.607306965861355,1.751421213150024,1.751421213150024,1.751421213150024,Reiffenhausen Field,429,327,244,NA,2011,6,R_AF_r3_2017
2016,NA,NA,winter barley,R_AF_r3_4m,278.93,584.86,reiffenhausen16,g/m2 per year,4,Reiffenhausen,51.666667,9.983333,NA,Eutric Cambisol,poplar,normal,NA,NA,NA,NA,NA,NA,NA,NA,NA,NA,NA,NA,NA,NA,NA,R_AF_r3_4m_2016,NA,barley,5.8486,2.7893000000000003,2015,1,51.39881616691941,9.987015448276214,51.39839682500008,9.98620678900005,51.399313859000074,9.987824314000022,5921.134533429651,Winter Barley,238-0-0,Sep,Jul,reported,https://doi.org/10.1007/s10457-019-00407-2,9,7,2015-09-01,2016-07-01,8.667667930776423,11.372256365689363,65.74230217933655,151.79373156338323,74.18059015513465,117,0.5249283860440412,0.907845827570492,98.37634919244768,34.607306965861355,1.751421213150024,1.751421213150024,1.751421213150024,Reiffenhausen Field,429,327,244,238,2011,5,R_AF_r3_2016
2017,NA,NA,rapeseed,R_AF_r3_4m,161.21,304.68,reiffenhausen16,g/m2 per year,4,Reiffenhausen,51.666667,9.983333,NA,Eutric Cambisol,poplar,normal,NA,NA,NA,NA,NA,NA,NA,NA,NA,NA,NA,NA,NA,NA,NA,R_AF_r3_4m_2017,NA,rapeseed,3.0468,1.6121,2015,2,51.39881616691941,9.987015448276214,51.39839682500008,9.98620678900005,51.399313859000074,9.987824314000022,5921.134533429651,Oilseed Rape,not reported,Sep,Jul,assigned,NA,9,7,2016-09-01,2017-07-01,8.249485980380665,11.973879684101451,69.13877129554749,151.79373156338323,74.18059015513465,117,0.5249283860440412,0.907845827570492,98.37634919244768,34.607306965861355,1.751421213150024,1.751421213150024,1.751421213150024,Reiffenhausen Field,429,327,244,NA,2011,6,R_AF_r3_2017
2016,NA,NA,winter barley,R_AF_r3_7m,516.75,718.35,reiffenhausen16,g/m2 per year,7,Reiffenhausen,51.666667,9.983333,NA,Eutric Cambisol,poplar,normal,NA,NA,NA,NA,NA,NA,NA,NA,NA,NA,NA,NA,NA,NA,NA,R_AF_r3_7m_2016,NA,barley,7.1835,5.1675,2015,1,51.39881616691941,9.987015448276214,51.39839682500008,9.98620678900005,51.399313859000074,9.987824314000022,5921.134533429651,Winter Barley,238-0-0,Sep,Jul,reported,https://doi.org/10.1007/s10457-019-00407-2,9,7,2015-09-01,2016-07-01,8.667667930776423,11.372256365689363,65.74230217933655,151.79373156338323,74.18059015513465,117,0.5249283860440412,0.907845827570492,98.37634919244768,34.607306965861355,1.751421213150024,1.751421213150024,1.751421213150024,Reiffenhausen Field,429,327,244,238,2011,5,R_AF_r3_2016
2017,NA,NA,rapeseed,R_AF_r3_7m,109.93,287.45,reiffenhausen16,g/m2 per year,7,Reiffenhausen,51.666667,9.983333,NA,Eutric Cambisol,poplar,normal,NA,NA,NA,NA,NA,NA,NA,NA,NA,NA,NA,NA,NA,NA,NA,R_AF_r3_7m_2017,NA,rapeseed,2.8745,1.0993000000000002,2015,2,51.39881616691941,9.987015448276214,51.39839682500008,9.98620678900005,51.399313859000074,9.987824314000022,5921.134533429651,Oilseed Rape,not reported,Sep,Jul,assigned,NA,9,7,2016-09-01,2017-07-01,8.249485980380665,11.973879684101451,69.13877129554749,151.79373156338323,74.18059015513465,117,0.5249283860440412,0.907845827570492,98.37634919244768,34.607306965861355,1.751421213150024,1.751421213150024,1.751421213150024,Reiffenhausen Field,429,327,244,NA,2011,6,R_AF_r3_2017
2016,NA,NA,winter barley,R_AF_r4_1m,282.75,368.85,reiffenhausen16,g/m2 per year,1,Reiffenhausen,51.666667,9.983333,NA,Eutric Cambisol,poplar,normal,NA,NA,NA,NA,NA,NA,NA,NA,NA,NA,NA,NA,NA,NA,NA,R_AF_r4_1m_2016,NA,barley,3.6885,2.8275,2015,1,51.39881616691941,9.987015448276214,51.39839682500008,9.98620678900005,51.399313859000074,9.987824314000022,5921.134533429651,Winter Barley,238-0-0,Sep,Jul,reported,https://doi.org/10.1007/s10457-019-00407-2,9,7,2015-09-01,2016-07-01,8.667667930776423,11.372256365689363,65.74230217933655,151.79373156338323,74.18059015513465,117,0.5249283860440412,0.907845827570492,98.37634919244768,34.607306965861355,1.751421213150024,1.751421213150024,1.751421213150024,Reiffenhausen Field,429,327,244,238,2011,5,R_AF_r4_2016
2017,NA,NA,rapeseed,R_AF_r4_1m,31.25,154.85,reiffenhausen16,g/m2 per year,1,Reiffenhausen,51.666667,9.983333,NA,Eutric Cambisol,poplar,normal,NA,NA,NA,NA,NA,NA,NA,NA,NA,NA,NA,NA,NA,NA,NA,R_AF_r4_1m_2017,NA,rapeseed,1.5485,0.3125,2015,2,51.39881616691941,9.987015448276214,51.39839682500008,9.98620678900005,51.399313859000074,9.987824314000022,5921.134533429651,Oilseed Rape,not reported,Sep,Jul,assigned,NA,9,7,2016-09-01,2017-07-01,8.249485980380665,11.973879684101451,69.13877129554749,151.79373156338323,74.18059015513465,117,0.5249283860440412,0.907845827570492,98.37634919244768,34.607306965861355,1.751421213150024,1.751421213150024,1.751421213150024,Reiffenhausen Field,429,327,244,NA,2011,6,R_AF_r4_2017
2016,NA,NA,winter barley,R_AF_r4_4m,309.78,640.46,reiffenhausen16,g/m2 per year,4,Reiffenhausen,51.666667,9.983333,NA,Eutric Cambisol,poplar,normal,NA,NA,NA,NA,NA,NA,NA,NA,NA,NA,NA,NA,NA,NA,NA,R_AF_r4_4m_2016,NA,barley,6.4046,3.0978,2015,1,51.39881616691941,9.987015448276214,51.39839682500008,9.98620678900005,51.399313859000074,9.987824314000022,5921.134533429651,Winter Barley,238-0-0,Sep,Jul,reported,https://doi.org/10.1007/s10457-019-00407-2,9,7,2015-09-01,2016-07-01,8.667667930776423,11.372256365689363,65.74230217933655,151.79373156338323,74.18059015513465,117,0.5249283860440412,0.907845827570492,98.37634919244768,34.607306965861355,1.751421213150024,1.751421213150024,1.751421213150024,Reiffenhausen Field,429,327,244,238,2011,5,R_AF_r4_2016
2017,NA,NA,rapeseed,R_AF_r4_4m,63.2,272.45,reiffenhausen16,g/m2 per year,4,Reiffenhausen,51.666667,9.983333,NA,Eutric Cambisol,poplar,normal,NA,NA,NA,NA,NA,NA,NA,NA,NA,NA,NA,NA,NA,NA,NA,R_AF_r4_4m_2017,NA,rapeseed,2.7245,0.632,2015,2,51.39881616691941,9.987015448276214,51.39839682500008,9.98620678900005,51.399313859000074,9.987824314000022,5921.134533429651,Oilseed Rape,not reported,Sep,Jul,assigned,NA,9,7,2016-09-01,2017-07-01,8.249485980380665,11.973879684101451,69.13877129554749,151.79373156338323,74.18059015513465,117,0.5249283860440412,0.907845827570492,98.37634919244768,34.607306965861355,1.751421213150024,1.751421213150024,1.751421213150024,Reiffenhausen Field,429,327,244,NA,2011,6,R_AF_r4_2017
2016,NA,NA,winter barley,R_AF_r4_7m,425.91,766.1,reiffenhausen16,g/m2 per year,7,Reiffenhausen,51.666667,9.983333,NA,Eutric Cambisol,poplar,normal,NA,NA,NA,NA,NA,NA,NA,NA,NA,NA,NA,NA,NA,NA,NA,R_AF_r4_7m_2016,NA,barley,7.661,4.2591,2015,1,51.39881616691941,9.987015448276214,51.39839682500008,9.98620678900005,51.399313859000074,9.987824314000022,5921.134533429651,Winter Barley,238-0-0,Sep,Jul,reported,https://doi.org/10.1007/s10457-019-00407-2,9,7,2015-09-01,2016-07-01,8.667667930776423,11.372256365689363,65.74230217933655,151.79373156338323,74.18059015513465,117,0.5249283860440412,0.907845827570492,98.37634919244768,34.607306965861355,1.751421213150024,1.751421213150024,1.751421213150024,Reiffenhausen Field,429,327,244,238,2011,5,R_AF_r4_2016
2017,NA,NA,rapeseed,R_AF_r4_7m,105.12,310.27,reiffenhausen16,g/m2 per year,7,Reiffenhausen,51.666667,9.983333,NA,Eutric Cambisol,poplar,normal,NA,NA,NA,NA,NA,NA,NA,NA,NA,NA,NA,NA,NA,NA,NA,R_AF_r4_7m_2017,NA,rapeseed,3.1027,1.0512,2015,2,51.39881616691941,9.987015448276214,51.39839682500008,9.98620678900005,51.399313859000074,9.987824314000022,5921.134533429651,Oilseed Rape,not reported,Sep,Jul,assigned,NA,9,7,2016-09-01,2017-07-01,8.249485980380665,11.973879684101451,69.13877129554749,151.79373156338323,74.18059015513465,117,0.5249283860440412,0.907845827570492,98.37634919244768,34.607306965861355,1.751421213150024,1.751421213150024,1.751421213150024,Reiffenhausen Field,429,327,244,NA,2011,6,R_AF_r4_2017
2017,NA,NA,grass,M-AF-r1,NA,3.39729597,mariensee1719,t/ha,1,Mariensee,52.564495,9.464266,lee,Erd-Niedermoor,willow,normal,NA,NA,NA,NA,NA,NA,NA,NA,NA,NA,NA,NA,NA,NA,NA,M-AF-r1_1m_2017,NA,grass,3.39729597,NA,2015,2,52.564569690839285,9.463717869314513,52.56375530100007,9.459195357000056,52.566041350000035,9.466567155000064,70024.76051788621,Grassland,no fertilization,Jan,Dec,assigned,https://doi.org/10.1111/jac.12658,1,12,2017-01-01,2017-12-01,10.398322669789197,11.6455832918485,78.75049161911011,559.990482580775,70.295807583711,115,0.49445093021882935,0.8640936582090624,98.48809398127084,32.367534499527785,0.154853075742722,0.875915229320526,0.596613270895822,Mariensee Field,204,592,203,0,2008,9,M-AF-r1_2017
2017,NA,NA,grass,M-AF-r1,NA,3.22201886,mariensee1719,t/ha,4,Mariensee,52.564495,9.464266,lee,Erd-Niedermoor,willow,normal,NA,NA,NA,NA,NA,NA,NA,NA,NA,NA,NA,NA,NA,NA,NA,M-AF-r1_4m_2017,NA,grass,3.22201886,NA,2015,2,52.564569690839285,9.463717869314513,52.56375530100007,9.459195357000056,52.566041350000035,9.466567155000064,70024.76051788621,Grassland,no fertilization,Jan,Dec,assigned,https://doi.org/10.1111/jac.12658,1,12,2017-01-01,2017-12-01,10.398322669789197,11.6455832918485,78.75049161911011,559.990482580775,70.295807583711,115,0.49445093021882935,0.8640936582090624,98.48809398127084,32.367534499527785,0.154853075742722,0.875915229320526,0.596613270895822,Mariensee Field,204,592,203,0,2008,9,M-AF-r1_2017
2017,NA,NA,grass,M-AF-r1,NA,4.71496155,mariensee1719,t/ha,7,Mariensee,52.564495,9.464266,lee,Erd-Niedermoor,willow,normal,NA,NA,NA,NA,NA,NA,NA,NA,NA,NA,NA,NA,NA,NA,NA,M-AF-r1_7m_2017,NA,grass,4.71496155,NA,2015,2,52.564569690839285,9.463717869314513,52.56375530100007,9.459195357000056,52.566041350000035,9.466567155000064,70024.76051788621,Grassland,no fertilization,Jan,Dec,assigned,https://doi.org/10.1111/jac.12658,1,12,2017-01-01,2017-12-01,10.398322669789197,11.6455832918485,78.75049161911011,559.990482580775,70.295807583711,115,0.49445093021882935,0.8640936582090624,98.48809398127084,32.367534499527785,0.154853075742722,0.875915229320526,0.596613270895822,Mariensee Field,204,592,203,0,2008,9,M-AF-r1_2017
2017,NA,NA,grass,M-AF-r1,NA,3.95388689,mariensee1719,t/ha,24,Mariensee,52.564495,9.464266,lee,Erd-Niedermoor,willow,normal,NA,NA,NA,NA,NA,NA,NA,NA,NA,NA,NA,NA,NA,NA,NA,M-AF-r1_24m_2017,NA,grass,3.95388689,NA,2015,2,52.564569690839285,9.463717869314513,52.56375530100007,9.459195357000056,52.566041350000035,9.466567155000064,70024.76051788621,Grassland,no fertilization,Jan,Dec,assigned,https://doi.org/10.1111/jac.12658,1,12,2017-01-01,2017-12-01,10.398322669789197,11.6455832918485,78.75049161911011,559.990482580775,70.295807583711,115,0.49445093021882935,0.8640936582090624,98.48809398127084,32.367534499527785,0.154853075742722,0.875915229320526,0.596613270895822,Mariensee Field,204,592,203,0,2008,9,M-AF-r1_2017
2017,NA,NA,grass,M-AF-r2,NA,2.56744446,mariensee1719,t/ha,1,Mariensee,52.564495,9.464266,luv,Erd-Niedermoor,willow,normal,NA,NA,NA,NA,NA,NA,NA,NA,NA,NA,NA,NA,NA,NA,NA,M-AF-r2_1m_2017,NA,grass,2.56744446,NA,2015,2,52.564569690839285,9.463717869314513,52.56375530100007,9.459195357000056,52.566041350000035,9.466567155000064,70024.76051788621,Grassland,no fertilization,Jan,Dec,assigned,https://doi.org/10.1111/jac.12658,1,12,2017-01-01,2017-12-01,10.398322669789197,11.6455832918485,78.75049161911011,559.990482580775,70.295807583711,115,0.49445093021882935,0.8640936582090624,98.48809398127084,32.367534499527785,0.154853075742722,0.875915229320526,0.596613270895822,Mariensee Field,204,592,203,0,2008,9,M-AF-r2_2017
2017,NA,NA,grass,M-AF-r2,NA,6.98170262,mariensee1719,t/ha,4,Mariensee,52.564495,9.464266,luv,Erd-Niedermoor,willow,normal,NA,NA,NA,NA,NA,NA,NA,NA,NA,NA,NA,NA,NA,NA,NA,M-AF-r2_4m_2017,NA,grass,6.98170262,NA,2015,2,52.564569690839285,9.463717869314513,52.56375530100007,9.459195357000056,52.566041350000035,9.466567155000064,70024.76051788621,Grassland,no fertilization,Jan,Dec,assigned,https://doi.org/10.1111/jac.12658,1,12,2017-01-01,2017-12-01,10.398322669789197,11.6455832918485,78.75049161911011,559.990482580775,70.295807583711,115,0.49445093021882935,0.8640936582090624,98.48809398127084,32.367534499527785,0.154853075742722,0.875915229320526,0.596613270895822,Mariensee Field,204,592,203,0,2008,9,M-AF-r2_2017
2017,NA,NA,grass,M-AF-r2,NA,4.31498153,mariensee1719,t/ha,7,Mariensee,52.564495,9.464266,luv,Erd-Niedermoor,willow,normal,NA,NA,NA,NA,NA,NA,NA,NA,NA,NA,NA,NA,NA,NA,NA,M-AF-r2_7m_2017,NA,grass,4.31498153,NA,2015,2,52.564569690839285,9.463717869314513,52.56375530100007,9.459195357000056,52.566041350000035,9.466567155000064,70024.76051788621,Grassland,no fertilization,Jan,Dec,assigned,https://doi.org/10.1111/jac.12658,1,12,2017-01-01,2017-12-01,10.398322669789197,11.6455832918485,78.75049161911011,559.990482580775,70.295807583711,115,0.49445093021882935,0.8640936582090624,98.48809398127084,32.367534499527785,0.154853075742722,0.875915229320526,0.596613270895822,Mariensee Field,204,592,203,0,2008,9,M-AF-r2_2017
2017,NA,NA,grass,M-AF-r2,NA,3.8751469,mariensee1719,t/ha,24,Mariensee,52.564495,9.464266,luv,Erd-Niedermoor,willow,normal,NA,NA,NA,NA,NA,NA,NA,NA,NA,NA,NA,NA,NA,NA,NA,M-AF-r2_24m_2017,NA,grass,3.8751469,NA,2015,2,52.564569690839285,9.463717869314513,52.56375530100007,9.459195357000056,52.566041350000035,9.466567155000064,70024.76051788621,Grassland,no fertilization,Jan,Dec,assigned,https://doi.org/10.1111/jac.12658,1,12,2017-01-01,2017-12-01,10.398322669789197,11.6455832918485,78.75049161911011,559.990482580775,70.295807583711,115,0.49445093021882935,0.8640936582090624,98.48809398127084,32.367534499527785,0.154853075742722,0.875915229320526,0.596613270895822,Mariensee Field,204,592,203,0,2008,9,M-AF-r2_2017
2017,NA,NA,grass,M-AF-r3,NA,3.12260885,mariensee1719,t/ha,1,Mariensee,52.564495,9.464266,lee,Erd-Niedermoor,willow,normal,NA,NA,NA,NA,NA,NA,NA,NA,NA,NA,NA,NA,NA,NA,NA,M-AF-r3_1m_2017,NA,grass,3.12260885,NA,2015,2,52.564569690839285,9.463717869314513,52.56375530100007,9.459195357000056,52.566041350000035,9.466567155000064,70024.76051788621,Grassland,no fertilization,Jan,Dec,assigned,https://doi.org/10.1111/jac.12658,1,12,2017-01-01,2017-12-01,10.398322669789197,11.6455832918485,78.75049161911011,559.990482580775,70.295807583711,115,0.49445093021882935,0.8640936582090624,98.48809398127084,32.367534499527785,0.154853075742722,0.875915229320526,0.596613270895822,Mariensee Field,204,592,203,0,2008,9,M-AF-r3_2017
2017,NA,NA,grass,M-AF-r3,NA,3.52921544,mariensee1719,t/ha,4,Mariensee,52.564495,9.464266,lee,Erd-Niedermoor,willow,normal,NA,NA,NA,NA,NA,NA,NA,NA,NA,NA,NA,NA,NA,NA,NA,M-AF-r3_4m_2017,NA,grass,3.52921544,NA,2015,2,52.564569690839285,9.463717869314513,52.56375530100007,9.459195357000056,52.566041350000035,9.466567155000064,70024.76051788621,Grassland,no fertilization,Jan,Dec,assigned,https://doi.org/10.1111/jac.12658,1,12,2017-01-01,2017-12-01,10.398322669789197,11.6455832918485,78.75049161911011,559.990482580775,70.295807583711,115,0.49445093021882935,0.8640936582090624,98.48809398127084,32.367534499527785,0.154853075742722,0.875915229320526,0.596613270895822,Mariensee Field,204,592,203,0,2008,9,M-AF-r3_2017
2017,NA,NA,grass,M-AF-r3,NA,2.76459799,mariensee1719,t/ha,7,Mariensee,52.564495,9.464266,lee,Erd-Niedermoor,willow,normal,NA,NA,NA,NA,NA,NA,NA,NA,NA,NA,NA,NA,NA,NA,NA,M-AF-r3_7m_2017,NA,grass,2.76459799,NA,2015,2,52.564569690839285,9.463717869314513,52.56375530100007,9.459195357000056,52.566041350000035,9.466567155000064,70024.76051788621,Grassland,no fertilization,Jan,Dec,assigned,https://doi.org/10.1111/jac.12658,1,12,2017-01-01,2017-12-01,10.398322669789197,11.6455832918485,78.75049161911011,559.990482580775,70.295807583711,115,0.49445093021882935,0.8640936582090624,98.48809398127084,32.367534499527785,0.154853075742722,0.875915229320526,0.596613270895822,Mariensee Field,204,592,203,0,2008,9,M-AF-r3_2017
2017,NA,NA,grass,M-AF-r3,NA,2.21334462,mariensee1719,t/ha,24,Mariensee,52.564495,9.464266,lee,Erd-Niedermoor,willow,normal,NA,NA,NA,NA,NA,NA,NA,NA,NA,NA,NA,NA,NA,NA,NA,M-AF-r3_24m_2017,NA,grass,2.21334462,NA,2015,2,52.564569690839285,9.463717869314513,52.56375530100007,9.459195357000056,52.566041350000035,9.466567155000064,70024.76051788621,Grassland,no fertilization,Jan,Dec,assigned,https://doi.org/10.1111/jac.12658,1,12,2017-01-01,2017-12-01,10.398322669789197,11.6455832918485,78.75049161911011,559.990482580775,70.295807583711,115,0.49445093021882935,0.8640936582090624,98.48809398127084,32.367534499527785,0.154853075742722,0.875915229320526,0.596613270895822,Mariensee Field,204,592,203,0,2008,9,M-AF-r3_2017
2017,NA,NA,grass,M-AF-r4,NA,4.13645424,mariensee1719,t/ha,1,Mariensee,52.564495,9.464266,lee,Niedermoor-Gley,willow,normal,NA,NA,NA,NA,NA,NA,NA,NA,NA,NA,NA,NA,NA,NA,NA,M-AF-r4_1m_2017,NA,grass,4.13645424,NA,2015,2,52.564569690839285,9.463717869314513,52.56375530100007,9.459195357000056,52.566041350000035,9.466567155000064,70024.76051788621,Grassland,no fertilization,Jan,Dec,assigned,https://doi.org/10.1111/jac.12658,1,12,2017-01-01,2017-12-01,10.398322669789197,11.6455832918485,78.75049161911011,559.990482580775,70.295807583711,115,0.49445093021882935,0.8640936582090624,98.48809398127084,32.367534499527785,0.154853075742722,0.875915229320526,0.596613270895822,Mariensee Field,204,592,203,0,2008,9,M-AF-r4_2017
2017,NA,NA,grass,M-AF-r4,NA,3.10429657,mariensee1719,t/ha,4,Mariensee,52.564495,9.464266,lee,Niedermoor-Gley,willow,normal,NA,NA,NA,NA,NA,NA,NA,NA,NA,NA,NA,NA,NA,NA,NA,M-AF-r4_4m_2017,NA,grass,3.10429657,NA,2015,2,52.564569690839285,9.463717869314513,52.56375530100007,9.459195357000056,52.566041350000035,9.466567155000064,70024.76051788621,Grassland,no fertilization,Jan,Dec,assigned,https://doi.org/10.1111/jac.12658,1,12,2017-01-01,2017-12-01,10.398322669789197,11.6455832918485,78.75049161911011,559.990482580775,70.295807583711,115,0.49445093021882935,0.8640936582090624,98.48809398127084,32.367534499527785,0.154853075742722,0.875915229320526,0.596613270895822,Mariensee Field,204,592,203,0,2008,9,M-AF-r4_2017
2017,NA,NA,grass,M-AF-r4,NA,4.79427019,mariensee1719,t/ha,7,Mariensee,52.564495,9.464266,lee,Niedermoor-Gley,willow,normal,NA,NA,NA,NA,NA,NA,NA,NA,NA,NA,NA,NA,NA,NA,NA,M-AF-r4_7m_2017,NA,grass,4.79427019,NA,2015,2,52.564569690839285,9.463717869314513,52.56375530100007,9.459195357000056,52.566041350000035,9.466567155000064,70024.76051788621,Grassland,no fertilization,Jan,Dec,assigned,https://doi.org/10.1111/jac.12658,1,12,2017-01-01,2017-12-01,10.398322669789197,11.6455832918485,78.75049161911011,559.990482580775,70.295807583711,115,0.49445093021882935,0.8640936582090624,98.48809398127084,32.367534499527785,0.154853075742722,0.875915229320526,0.596613270895822,Mariensee Field,204,592,203,0,2008,9,M-AF-r4_2017
2017,NA,NA,grass,M-AF-r4,NA,2.99289966,mariensee1719,t/ha,24,Mariensee,52.564495,9.464266,lee,Niedermoor-Gley,willow,normal,NA,NA,NA,NA,NA,NA,NA,NA,NA,NA,NA,NA,NA,NA,NA,M-AF-r4_24m_2017,NA,grass,2.99289966,NA,2015,2,52.564569690839285,9.463717869314513,52.56375530100007,9.459195357000056,52.566041350000035,9.466567155000064,70024.76051788621,Grassland,no fertilization,Jan,Dec,assigned,https://doi.org/10.1111/jac.12658,1,12,2017-01-01,2017-12-01,10.398322669789197,11.6455832918485,78.75049161911011,559.990482580775,70.295807583711,115,0.49445093021882935,0.8640936582090624,98.48809398127084,32.367534499527785,0.154853075742722,0.875915229320526,0.596613270895822,Mariensee Field,204,592,203,0,2008,9,M-AF-r4_2017
2017,NA,NA,grass,M-AF-r5,NA,1.78567587,mariensee1719,t/ha,1,Mariensee,52.564495,9.464266,luv,Niedermoor-Gley,willow,normal,NA,NA,NA,NA,NA,NA,NA,NA,NA,NA,NA,NA,NA,NA,NA,M-AF-r5_1m_2017,NA,grass,1.78567587,NA,2015,2,52.564569690839285,9.463717869314513,52.56375530100007,9.459195357000056,52.566041350000035,9.466567155000064,70024.76051788621,Grassland,no fertilization,Jan,Dec,assigned,https://doi.org/10.1111/jac.12658,1,12,2017-01-01,2017-12-01,10.398322669789197,11.6455832918485,78.75049161911011,559.990482580775,70.295807583711,115,0.49445093021882935,0.8640936582090624,98.48809398127084,32.367534499527785,0.154853075742722,0.875915229320526,0.596613270895822,Mariensee Field,204,592,203,0,2008,9,M-AF-r5_2017
2017,NA,NA,grass,M-AF-r5,NA,2.84989904,mariensee1719,t/ha,4,Mariensee,52.564495,9.464266,luv,Niedermoor-Gley,willow,normal,NA,NA,NA,NA,NA,NA,NA,NA,NA,NA,NA,NA,NA,NA,NA,M-AF-r5_4m_2017,NA,grass,2.84989904,NA,2015,2,52.564569690839285,9.463717869314513,52.56375530100007,9.459195357000056,52.566041350000035,9.466567155000064,70024.76051788621,Grassland,no fertilization,Jan,Dec,assigned,https://doi.org/10.1111/jac.12658,1,12,2017-01-01,2017-12-01,10.398322669789197,11.6455832918485,78.75049161911011,559.990482580775,70.295807583711,115,0.49445093021882935,0.8640936582090624,98.48809398127084,32.367534499527785,0.154853075742722,0.875915229320526,0.596613270895822,Mariensee Field,204,592,203,0,2008,9,M-AF-r5_2017
2017,NA,NA,grass,M-AF-r5,NA,3.89318635,mariensee1719,t/ha,7,Mariensee,52.564495,9.464266,luv,Niedermoor-Gley,willow,normal,NA,NA,NA,NA,NA,NA,NA,NA,NA,NA,NA,NA,NA,NA,NA,M-AF-r5_7m_2017,NA,grass,3.89318635,NA,2015,2,52.564569690839285,9.463717869314513,52.56375530100007,9.459195357000056,52.566041350000035,9.466567155000064,70024.76051788621,Grassland,no fertilization,Jan,Dec,assigned,https://doi.org/10.1111/jac.12658,1,12,2017-01-01,2017-12-01,10.398322669789197,11.6455832918485,78.75049161911011,559.990482580775,70.295807583711,115,0.49445093021882935,0.8640936582090624,98.48809398127084,32.367534499527785,0.154853075742722,0.875915229320526,0.596613270895822,Mariensee Field,204,592,203,0,2008,9,M-AF-r5_2017
2017,NA,NA,grass,M-AF-r5,NA,2.42090195,mariensee1719,t/ha,24,Mariensee,52.564495,9.464266,luv,Niedermoor-Gley,willow,normal,NA,NA,NA,NA,NA,NA,NA,NA,NA,NA,NA,NA,NA,NA,NA,M-AF-r5_24m_2017,NA,grass,2.42090195,NA,2015,2,52.564569690839285,9.463717869314513,52.56375530100007,9.459195357000056,52.566041350000035,9.466567155000064,70024.76051788621,Grassland,no fertilization,Jan,Dec,assigned,https://doi.org/10.1111/jac.12658,1,12,2017-01-01,2017-12-01,10.398322669789197,11.6455832918485,78.75049161911011,559.990482580775,70.295807583711,115,0.49445093021882935,0.8640936582090624,98.48809398127084,32.367534499527785,0.154853075742722,0.875915229320526,0.596613270895822,Mariensee Field,204,592,203,0,2008,9,M-AF-r5_2017
2017,NA,NA,grass,M-AF-r6,NA,2.24332649,mariensee1719,t/ha,1,Mariensee,52.564495,9.464266,lee,Niedermoor-Gley,willow,normal,NA,NA,NA,NA,NA,NA,NA,NA,NA,NA,NA,NA,NA,NA,NA,M-AF-r6_1m_2017,NA,grass,2.24332649,NA,2015,2,52.564569690839285,9.463717869314513,52.56375530100007,9.459195357000056,52.566041350000035,9.466567155000064,70024.76051788621,Grassland,no fertilization,Jan,Dec,assigned,https://doi.org/10.1111/jac.12658,1,12,2017-01-01,2017-12-01,10.398322669789197,11.6455832918485,78.75049161911011,559.990482580775,70.295807583711,115,0.49445093021882935,0.8640936582090624,98.48809398127084,32.367534499527785,0.154853075742722,0.875915229320526,0.596613270895822,Mariensee Field,204,592,203,0,2008,9,M-AF-r6_2017
2017,NA,NA,grass,M-AF-r6,NA,2.47014565,mariensee1719,t/ha,4,Mariensee,52.564495,9.464266,lee,Niedermoor-Gley,willow,normal,NA,NA,NA,NA,NA,NA,NA,NA,NA,NA,NA,NA,NA,NA,NA,M-AF-r6_4m_2017,NA,grass,2.47014565,NA,2015,2,52.564569690839285,9.463717869314513,52.56375530100007,9.459195357000056,52.566041350000035,9.466567155000064,70024.76051788621,Grassland,no fertilization,Jan,Dec,assigned,https://doi.org/10.1111/jac.12658,1,12,2017-01-01,2017-12-01,10.398322669789197,11.6455832918485,78.75049161911011,559.990482580775,70.295807583711,115,0.49445093021882935,0.8640936582090624,98.48809398127084,32.367534499527785,0.154853075742722,0.875915229320526,0.596613270895822,Mariensee Field,204,592,203,0,2008,9,M-AF-r6_2017
2017,NA,NA,grass,M-AF-r6,NA,1.84663961,mariensee1719,t/ha,7,Mariensee,52.564495,9.464266,lee,Niedermoor-Gley,willow,normal,NA,NA,NA,NA,NA,NA,NA,NA,NA,NA,NA,NA,NA,NA,NA,M-AF-r6_7m_2017,NA,grass,1.84663961,NA,2015,2,52.564569690839285,9.463717869314513,52.56375530100007,9.459195357000056,52.566041350000035,9.466567155000064,70024.76051788621,Grassland,no fertilization,Jan,Dec,assigned,https://doi.org/10.1111/jac.12658,1,12,2017-01-01,2017-12-01,10.398322669789197,11.6455832918485,78.75049161911011,559.990482580775,70.295807583711,115,0.49445093021882935,0.8640936582090624,98.48809398127084,32.367534499527785,0.154853075742722,0.875915229320526,0.596613270895822,Mariensee Field,204,592,203,0,2008,9,M-AF-r6_2017
2017,NA,NA,grass,M-AF-r6,NA,2.50407107,mariensee1719,t/ha,24,Mariensee,52.564495,9.464266,lee,Niedermoor-Gley,willow,normal,NA,NA,NA,NA,NA,NA,NA,NA,NA,NA,NA,NA,NA,NA,NA,M-AF-r6_24m_2017,NA,grass,2.50407107,NA,2015,2,52.564569690839285,9.463717869314513,52.56375530100007,9.459195357000056,52.566041350000035,9.466567155000064,70024.76051788621,Grassland,no fertilization,Jan,Dec,assigned,https://doi.org/10.1111/jac.12658,1,12,2017-01-01,2017-12-01,10.398322669789197,11.6455832918485,78.75049161911011,559.990482580775,70.295807583711,115,0.49445093021882935,0.8640936582090624,98.48809398127084,32.367534499527785,0.154853075742722,0.875915229320526,0.596613270895822,Mariensee Field,204,592,203,0,2008,9,M-AF-r6_2017
2018,NA,NA,grass,M-AF-r1,NA,3.78228949,mariensee1719,t/ha,1,Mariensee,52.564495,9.464266,lee,Erd-Niedermoor,willow,normal,NA,NA,NA,NA,NA,NA,NA,NA,NA,NA,NA,NA,NA,NA,NA,M-AF-r1_1m_2018,NA,grass,3.78228949,NA,2015,3,52.564569690839285,9.463717869314513,52.56375530100007,9.459195357000056,52.566041350000035,9.466567155000064,70024.76051788621,Grassland,no fertilization,Jan,Dec,assigned,https://doi.org/10.1111/jac.12658,1,12,2018-01-01,2018-12-01,11.283582866191864,16.370429913202923,43.121190309524536,559.990482580775,71.05110038689108,86,0.49134334184872175,0.8451319330024615,98.5794721046148,30.43993064854884,0.154853075742722,0.875915229320526,0.596613270895822,Mariensee Field,204,592,203,0,2008,10,M-AF-r1_2018
2018,NA,NA,grass,M-AF-r1,NA,4.43791145,mariensee1719,t/ha,4,Mariensee,52.564495,9.464266,lee,Erd-Niedermoor,willow,normal,NA,NA,NA,NA,NA,NA,NA,NA,NA,NA,NA,NA,NA,NA,NA,M-AF-r1_4m_2018,NA,grass,4.43791145,NA,2015,3,52.564569690839285,9.463717869314513,52.56375530100007,9.459195357000056,52.566041350000035,9.466567155000064,70024.76051788621,Grassland,no fertilization,Jan,Dec,assigned,https://doi.org/10.1111/jac.12658,1,12,2018-01-01,2018-12-01,11.283582866191864,16.370429913202923,43.121190309524536,559.990482580775,71.05110038689108,86,0.49134334184872175,0.8451319330024615,98.5794721046148,30.43993064854884,0.154853075742722,0.875915229320526,0.596613270895822,Mariensee Field,204,592,203,0,2008,10,M-AF-r1_2018
2018,NA,NA,grass,M-AF-r1,NA,2.38602734,mariensee1719,t/ha,7,Mariensee,52.564495,9.464266,lee,Erd-Niedermoor,willow,normal,NA,NA,NA,NA,NA,NA,NA,NA,NA,NA,NA,NA,NA,NA,NA,M-AF-r1_7m_2018,NA,grass,2.38602734,NA,2015,3,52.564569690839285,9.463717869314513,52.56375530100007,9.459195357000056,52.566041350000035,9.466567155000064,70024.76051788621,Grassland,no fertilization,Jan,Dec,assigned,https://doi.org/10.1111/jac.12658,1,12,2018-01-01,2018-12-01,11.283582866191864,16.370429913202923,43.121190309524536,559.990482580775,71.05110038689108,86,0.49134334184872175,0.8451319330024615,98.5794721046148,30.43993064854884,0.154853075742722,0.875915229320526,0.596613270895822,Mariensee Field,204,592,203,0,2008,10,M-AF-r1_2018
2018,NA,NA,grass,M-AF-r1,NA,2.25231233,mariensee1719,t/ha,24,Mariensee,52.564495,9.464266,lee,Erd-Niedermoor,willow,normal,NA,NA,NA,NA,NA,NA,NA,NA,NA,NA,NA,NA,NA,NA,NA,M-AF-r1_24m_2018,NA,grass,2.25231233,NA,2015,3,52.564569690839285,9.463717869314513,52.56375530100007,9.459195357000056,52.566041350000035,9.466567155000064,70024.76051788621,Grassland,no fertilization,Jan,Dec,assigned,https://doi.org/10.1111/jac.12658,1,12,2018-01-01,2018-12-01,11.283582866191864,16.370429913202923,43.121190309524536,559.990482580775,71.05110038689108,86,0.49134334184872175,0.8451319330024615,98.5794721046148,30.43993064854884,0.154853075742722,0.875915229320526,0.596613270895822,Mariensee Field,204,592,203,0,2008,10,M-AF-r1_2018
2018,NA,NA,grass,M-AF-r2,NA,2.57090127,mariensee1719,t/ha,1,Mariensee,52.564495,9.464266,luv,Erd-Niedermoor,willow,normal,NA,NA,NA,NA,NA,NA,NA,NA,NA,NA,NA,NA,NA,NA,NA,M-AF-r2_1m_2018,NA,grass,2.57090127,NA,2015,3,52.564569690839285,9.463717869314513,52.56375530100007,9.459195357000056,52.566041350000035,9.466567155000064,70024.76051788621,Grassland,no fertilization,Jan,Dec,assigned,https://doi.org/10.1111/jac.12658,1,12,2018-01-01,2018-12-01,11.283582866191864,16.370429913202923,43.121190309524536,559.990482580775,71.05110038689108,86,0.49134334184872175,0.8451319330024615,98.5794721046148,30.43993064854884,0.154853075742722,0.875915229320526,0.596613270895822,Mariensee Field,204,592,203,0,2008,10,M-AF-r2_2018
2018,NA,NA,grass,M-AF-r2,NA,2.60191413,mariensee1719,t/ha,4,Mariensee,52.564495,9.464266,luv,Erd-Niedermoor,willow,normal,NA,NA,NA,NA,NA,NA,NA,NA,NA,NA,NA,NA,NA,NA,NA,M-AF-r2_4m_2018,NA,grass,2.60191413,NA,2015,3,52.564569690839285,9.463717869314513,52.56375530100007,9.459195357000056,52.566041350000035,9.466567155000064,70024.76051788621,Grassland,no fertilization,Jan,Dec,assigned,https://doi.org/10.1111/jac.12658,1,12,2018-01-01,2018-12-01,11.283582866191864,16.370429913202923,43.121190309524536,559.990482580775,71.05110038689108,86,0.49134334184872175,0.8451319330024615,98.5794721046148,30.43993064854884,0.154853075742722,0.875915229320526,0.596613270895822,Mariensee Field,204,592,203,0,2008,10,M-AF-r2_2018
2018,NA,NA,grass,M-AF-r2,NA,3.71745654,mariensee1719,t/ha,7,Mariensee,52.564495,9.464266,luv,Erd-Niedermoor,willow,normal,NA,NA,NA,NA,NA,NA,NA,NA,NA,NA,NA,NA,NA,NA,NA,M-AF-r2_7m_2018,NA,grass,3.71745654,NA,2015,3,52.564569690839285,9.463717869314513,52.56375530100007,9.459195357000056,52.566041350000035,9.466567155000064,70024.76051788621,Grassland,no fertilization,Jan,Dec,assigned,https://doi.org/10.1111/jac.12658,1,12,2018-01-01,2018-12-01,11.283582866191864,16.370429913202923,43.121190309524536,559.990482580775,71.05110038689108,86,0.49134334184872175,0.8451319330024615,98.5794721046148,30.43993064854884,0.154853075742722,0.875915229320526,0.596613270895822,Mariensee Field,204,592,203,0,2008,10,M-AF-r2_2018
2018,NA,NA,grass,M-AF-r2,NA,3.30634792,mariensee1719,t/ha,24,Mariensee,52.564495,9.464266,luv,Erd-Niedermoor,willow,normal,NA,NA,NA,NA,NA,NA,NA,NA,NA,NA,NA,NA,NA,NA,NA,M-AF-r2_24m_2018,NA,grass,3.30634792,NA,2015,3,52.564569690839285,9.463717869314513,52.56375530100007,9.459195357000056,52.566041350000035,9.466567155000064,70024.76051788621,Grassland,no fertilization,Jan,Dec,assigned,https://doi.org/10.1111/jac.12658,1,12,2018-01-01,2018-12-01,11.283582866191864,16.370429913202923,43.121190309524536,559.990482580775,71.05110038689108,86,0.49134334184872175,0.8451319330024615,98.5794721046148,30.43993064854884,0.154853075742722,0.875915229320526,0.596613270895822,Mariensee Field,204,592,203,0,2008,10,M-AF-r2_2018
2018,NA,NA,grass,M-AF-r3,NA,3.25700639,mariensee1719,t/ha,1,Mariensee,52.564495,9.464266,lee,Erd-Niedermoor,willow,normal,NA,NA,NA,NA,NA,NA,NA,NA,NA,NA,NA,NA,NA,NA,NA,M-AF-r3_1m_2018,NA,grass,3.25700639,NA,2015,3,52.564569690839285,9.463717869314513,52.56375530100007,9.459195357000056,52.566041350000035,9.466567155000064,70024.76051788621,Grassland,no fertilization,Jan,Dec,assigned,https://doi.org/10.1111/jac.12658,1,12,2018-01-01,2018-12-01,11.283582866191864,16.370429913202923,43.121190309524536,559.990482580775,71.05110038689108,86,0.49134334184872175,0.8451319330024615,98.5794721046148,30.43993064854884,0.154853075742722,0.875915229320526,0.596613270895822,Mariensee Field,204,592,203,0,2008,10,M-AF-r3_2018
2018,NA,NA,grass,M-AF-r3,NA,3.02393789,mariensee1719,t/ha,4,Mariensee,52.564495,9.464266,lee,Erd-Niedermoor,willow,normal,NA,NA,NA,NA,NA,NA,NA,NA,NA,NA,NA,NA,NA,NA,NA,M-AF-r3_4m_2018,NA,grass,3.02393789,NA,2015,3,52.564569690839285,9.463717869314513,52.56375530100007,9.459195357000056,52.566041350000035,9.466567155000064,70024.76051788621,Grassland,no fertilization,Jan,Dec,assigned,https://doi.org/10.1111/jac.12658,1,12,2018-01-01,2018-12-01,11.283582866191864,16.370429913202923,43.121190309524536,559.990482580775,71.05110038689108,86,0.49134334184872175,0.8451319330024615,98.5794721046148,30.43993064854884,0.154853075742722,0.875915229320526,0.596613270895822,Mariensee Field,204,592,203,0,2008,10,M-AF-r3_2018
2018,NA,NA,grass,M-AF-r3,NA,3.30271175,mariensee1719,t/ha,7,Mariensee,52.564495,9.464266,lee,Erd-Niedermoor,willow,normal,NA,NA,NA,NA,NA,NA,NA,NA,NA,NA,NA,NA,NA,NA,NA,M-AF-r3_7m_2018,NA,grass,3.30271175,NA,2015,3,52.564569690839285,9.463717869314513,52.56375530100007,9.459195357000056,52.566041350000035,9.466567155000064,70024.76051788621,Grassland,no fertilization,Jan,Dec,assigned,https://doi.org/10.1111/jac.12658,1,12,2018-01-01,2018-12-01,11.283582866191864,16.370429913202923,43.121190309524536,559.990482580775,71.05110038689108,86,0.49134334184872175,0.8451319330024615,98.5794721046148,30.43993064854884,0.154853075742722,0.875915229320526,0.596613270895822,Mariensee Field,204,592,203,0,2008,10,M-AF-r3_2018
2018,NA,NA,grass,M-AF-r3,NA,2.98199886,mariensee1719,t/ha,24,Mariensee,52.564495,9.464266,lee,Erd-Niedermoor,willow,normal,NA,NA,NA,NA,NA,NA,NA,NA,NA,NA,NA,NA,NA,NA,NA,M-AF-r3_24m_2018,NA,grass,2.98199886,NA,2015,3,52.564569690839285,9.463717869314513,52.56375530100007,9.459195357000056,52.566041350000035,9.466567155000064,70024.76051788621,Grassland,no fertilization,Jan,Dec,assigned,https://doi.org/10.1111/jac.12658,1,12,2018-01-01,2018-12-01,11.283582866191864,16.370429913202923,43.121190309524536,559.990482580775,71.05110038689108,86,0.49134334184872175,0.8451319330024615,98.5794721046148,30.43993064854884,0.154853075742722,0.875915229320526,0.596613270895822,Mariensee Field,204,592,203,0,2008,10,M-AF-r3_2018
2018,NA,NA,grass,M-AF-r4,NA,2.39925449,mariensee1719,t/ha,1,Mariensee,52.564495,9.464266,lee,Niedermoor-Gley,willow,normal,NA,NA,NA,NA,NA,NA,NA,NA,NA,NA,NA,NA,NA,NA,NA,M-AF-r4_1m_2018,NA,grass,2.39925449,NA,2015,3,52.564569690839285,9.463717869314513,52.56375530100007,9.459195357000056,52.566041350000035,9.466567155000064,70024.76051788621,Grassland,no fertilization,Jan,Dec,assigned,https://doi.org/10.1111/jac.12658,1,12,2018-01-01,2018-12-01,11.283582866191864,16.370429913202923,43.121190309524536,559.990482580775,71.05110038689108,86,0.49134334184872175,0.8451319330024615,98.5794721046148,30.43993064854884,0.154853075742722,0.875915229320526,0.596613270895822,Mariensee Field,204,592,203,0,2008,10,M-AF-r4_2018
2018,NA,NA,grass,M-AF-r4,NA,2.95234362,mariensee1719,t/ha,4,Mariensee,52.564495,9.464266,lee,Niedermoor-Gley,willow,normal,NA,NA,NA,NA,NA,NA,NA,NA,NA,NA,NA,NA,NA,NA,NA,M-AF-r4_4m_2018,NA,grass,2.95234362,NA,2015,3,52.564569690839285,9.463717869314513,52.56375530100007,9.459195357000056,52.566041350000035,9.466567155000064,70024.76051788621,Grassland,no fertilization,Jan,Dec,assigned,https://doi.org/10.1111/jac.12658,1,12,2018-01-01,2018-12-01,11.283582866191864,16.370429913202923,43.121190309524536,559.990482580775,71.05110038689108,86,0.49134334184872175,0.8451319330024615,98.5794721046148,30.43993064854884,0.154853075742722,0.875915229320526,0.596613270895822,Mariensee Field,204,592,203,0,2008,10,M-AF-r4_2018
2018,NA,NA,grass,M-AF-r4,NA,3.52118808,mariensee1719,t/ha,7,Mariensee,52.564495,9.464266,lee,Niedermoor-Gley,willow,normal,NA,NA,NA,NA,NA,NA,NA,NA,NA,NA,NA,NA,NA,NA,NA,M-AF-r4_7m_2018,NA,grass,3.52118808,NA,2015,3,52.564569690839285,9.463717869314513,52.56375530100007,9.459195357000056,52.566041350000035,9.466567155000064,70024.76051788621,Grassland,no fertilization,Jan,Dec,assigned,https://doi.org/10.1111/jac.12658,1,12,2018-01-01,2018-12-01,11.283582866191864,16.370429913202923,43.121190309524536,559.990482580775,71.05110038689108,86,0.49134334184872175,0.8451319330024615,98.5794721046148,30.43993064854884,0.154853075742722,0.875915229320526,0.596613270895822,Mariensee Field,204,592,203,0,2008,10,M-AF-r4_2018
2018,NA,NA,grass,M-AF-r4,NA,3.39026541,mariensee1719,t/ha,24,Mariensee,52.564495,9.464266,lee,Niedermoor-Gley,willow,normal,NA,NA,NA,NA,NA,NA,NA,NA,NA,NA,NA,NA,NA,NA,NA,M-AF-r4_24m_2018,NA,grass,3.39026541,NA,2015,3,52.564569690839285,9.463717869314513,52.56375530100007,9.459195357000056,52.566041350000035,9.466567155000064,70024.76051788621,Grassland,no fertilization,Jan,Dec,assigned,https://doi.org/10.1111/jac.12658,1,12,2018-01-01,2018-12-01,11.283582866191864,16.370429913202923,43.121190309524536,559.990482580775,71.05110038689108,86,0.49134334184872175,0.8451319330024615,98.5794721046148,30.43993064854884,0.154853075742722,0.875915229320526,0.596613270895822,Mariensee Field,204,592,203,0,2008,10,M-AF-r4_2018
2018,NA,NA,grass,M-AF-r5,NA,1.58728229,mariensee1719,t/ha,1,Mariensee,52.564495,9.464266,luv,Niedermoor-Gley,willow,normal,NA,NA,NA,NA,NA,NA,NA,NA,NA,NA,NA,NA,NA,NA,NA,M-AF-r5_1m_2018,NA,grass,1.58728229,NA,2015,3,52.564569690839285,9.463717869314513,52.56375530100007,9.459195357000056,52.566041350000035,9.466567155000064,70024.76051788621,Grassland,no fertilization,Jan,Dec,assigned,https://doi.org/10.1111/jac.12658,1,12,2018-01-01,2018-12-01,11.283582866191864,16.370429913202923,43.121190309524536,559.990482580775,71.05110038689108,86,0.49134334184872175,0.8451319330024615,98.5794721046148,30.43993064854884,0.154853075742722,0.875915229320526,0.596613270895822,Mariensee Field,204,592,203,0,2008,10,M-AF-r5_2018
2018,NA,NA,grass,M-AF-r5,NA,2.76188799,mariensee1719,t/ha,4,Mariensee,52.564495,9.464266,luv,Niedermoor-Gley,willow,normal,NA,NA,NA,NA,NA,NA,NA,NA,NA,NA,NA,NA,NA,NA,NA,M-AF-r5_4m_2018,NA,grass,2.76188799,NA,2015,3,52.564569690839285,9.463717869314513,52.56375530100007,9.459195357000056,52.566041350000035,9.466567155000064,70024.76051788621,Grassland,no fertilization,Jan,Dec,assigned,https://doi.org/10.1111/jac.12658,1,12,2018-01-01,2018-12-01,11.283582866191864,16.370429913202923,43.121190309524536,559.990482580775,71.05110038689108,86,0.49134334184872175,0.8451319330024615,98.5794721046148,30.43993064854884,0.154853075742722,0.875915229320526,0.596613270895822,Mariensee Field,204,592,203,0,2008,10,M-AF-r5_2018
2018,NA,NA,grass,M-AF-r5,NA,3.5354245,mariensee1719,t/ha,7,Mariensee,52.564495,9.464266,luv,Niedermoor-Gley,willow,normal,NA,NA,NA,NA,NA,NA,NA,NA,NA,NA,NA,NA,NA,NA,NA,M-AF-r5_7m_2018,NA,grass,3.5354245,NA,2015,3,52.564569690839285,9.463717869314513,52.56375530100007,9.459195357000056,52.566041350000035,9.466567155000064,70024.76051788621,Grassland,no fertilization,Jan,Dec,assigned,https://doi.org/10.1111/jac.12658,1,12,2018-01-01,2018-12-01,11.283582866191864,16.370429913202923,43.121190309524536,559.990482580775,71.05110038689108,86,0.49134334184872175,0.8451319330024615,98.5794721046148,30.43993064854884,0.154853075742722,0.875915229320526,0.596613270895822,Mariensee Field,204,592,203,0,2008,10,M-AF-r5_2018
2018,NA,NA,grass,M-AF-r5,NA,3.55912556,mariensee1719,t/ha,24,Mariensee,52.564495,9.464266,luv,Niedermoor-Gley,willow,normal,NA,NA,NA,NA,NA,NA,NA,NA,NA,NA,NA,NA,NA,NA,NA,M-AF-r5_24m_2018,NA,grass,3.55912556,NA,2015,3,52.564569690839285,9.463717869314513,52.56375530100007,9.459195357000056,52.566041350000035,9.466567155000064,70024.76051788621,Grassland,no fertilization,Jan,Dec,assigned,https://doi.org/10.1111/jac.12658,1,12,2018-01-01,2018-12-01,11.283582866191864,16.370429913202923,43.121190309524536,559.990482580775,71.05110038689108,86,0.49134334184872175,0.8451319330024615,98.5794721046148,30.43993064854884,0.154853075742722,0.875915229320526,0.596613270895822,Mariensee Field,204,592,203,0,2008,10,M-AF-r5_2018
2018,NA,NA,grass,M-AF-r6,NA,2.68288021,mariensee1719,t/ha,1,Mariensee,52.564495,9.464266,lee,Niedermoor-Gley,willow,normal,NA,NA,NA,NA,NA,NA,NA,NA,NA,NA,NA,NA,NA,NA,NA,M-AF-r6_1m_2018,NA,grass,2.68288021,NA,2015,3,52.564569690839285,9.463717869314513,52.56375530100007,9.459195357000056,52.566041350000035,9.466567155000064,70024.76051788621,Grassland,no fertilization,Jan,Dec,assigned,https://doi.org/10.1111/jac.12658,1,12,2018-01-01,2018-12-01,11.283582866191864,16.370429913202923,43.121190309524536,559.990482580775,71.05110038689108,86,0.49134334184872175,0.8451319330024615,98.5794721046148,30.43993064854884,0.154853075742722,0.875915229320526,0.596613270895822,Mariensee Field,204,592,203,0,2008,10,M-AF-r6_2018
2018,NA,NA,grass,M-AF-r6,NA,3.20725611,mariensee1719,t/ha,4,Mariensee,52.564495,9.464266,lee,Niedermoor-Gley,willow,normal,NA,NA,NA,NA,NA,NA,NA,NA,NA,NA,NA,NA,NA,NA,NA,M-AF-r6_4m_2018,NA,grass,3.20725611,NA,2015,3,52.564569690839285,9.463717869314513,52.56375530100007,9.459195357000056,52.566041350000035,9.466567155000064,70024.76051788621,Grassland,no fertilization,Jan,Dec,assigned,https://doi.org/10.1111/jac.12658,1,12,2018-01-01,2018-12-01,11.283582866191864,16.370429913202923,43.121190309524536,559.990482580775,71.05110038689108,86,0.49134334184872175,0.8451319330024615,98.5794721046148,30.43993064854884,0.154853075742722,0.875915229320526,0.596613270895822,Mariensee Field,204,592,203,0,2008,10,M-AF-r6_2018
2018,NA,NA,grass,M-AF-r6,NA,3.17768445,mariensee1719,t/ha,7,Mariensee,52.564495,9.464266,lee,Niedermoor-Gley,willow,normal,NA,NA,NA,NA,NA,NA,NA,NA,NA,NA,NA,NA,NA,NA,NA,M-AF-r6_7m_2018,NA,grass,3.17768445,NA,2015,3,52.564569690839285,9.463717869314513,52.56375530100007,9.459195357000056,52.566041350000035,9.466567155000064,70024.76051788621,Grassland,no fertilization,Jan,Dec,assigned,https://doi.org/10.1111/jac.12658,1,12,2018-01-01,2018-12-01,11.283582866191864,16.370429913202923,43.121190309524536,559.990482580775,71.05110038689108,86,0.49134334184872175,0.8451319330024615,98.5794721046148,30.43993064854884,0.154853075742722,0.875915229320526,0.596613270895822,Mariensee Field,204,592,203,0,2008,10,M-AF-r6_2018
2018,NA,NA,grass,M-AF-r6,NA,2.24069091,mariensee1719,t/ha,24,Mariensee,52.564495,9.464266,lee,Niedermoor-Gley,willow,normal,NA,NA,NA,NA,NA,NA,NA,NA,NA,NA,NA,NA,NA,NA,NA,M-AF-r6_24m_2018,NA,grass,2.24069091,NA,2015,3,52.564569690839285,9.463717869314513,52.56375530100007,9.459195357000056,52.566041350000035,9.466567155000064,70024.76051788621,Grassland,no fertilization,Jan,Dec,assigned,https://doi.org/10.1111/jac.12658,1,12,2018-01-01,2018-12-01,11.283582866191864,16.370429913202923,43.121190309524536,559.990482580775,71.05110038689108,86,0.49134334184872175,0.8451319330024615,98.5794721046148,30.43993064854884,0.154853075742722,0.875915229320526,0.596613270895822,Mariensee Field,204,592,203,0,2008,10,M-AF-r6_2018
2016,NA,Forst,winter wheat,F_AF_r1_1m,355.21,373.89,signal16,g/m2 per year,1,Forst,51.787,14.633,NA,NA,poplar,normal,NA,NA,NA,NA,NA,NA,NA,NA,NA,NA,NA,NA,NA,NA,NA,F_AF_r1_1m_2016,NA,wheat,3.7389,3.5521,2014,2,51.78833013563213,14.633153659844483,51.78473842600005,14.62865791400003,51.79227673100007,14.639644059000034,404667.2361396508,Winter Wheat,122-33.7 -51.6,Oct,Jul,assigned,https://doi.org/10.1038/s43247-023-00680-1,10,7,2015-10-01,2016-07-01,9.28695677742362,13.230000019073486,51.97152018547058,1129.8077248247514,71.970450793914,197,0.4882682010541409,0.9040015309140154,98.35900891811283,35.11523010783001,0,0.638450741767883,0.27035630600793,Forst Field,118,663,219,122,2010,6,F_AF_r1_2016
2016,NA,Forst,winter wheat,F_AF_r1_4m,943.41,582.9,signal16,g/m2 per year,4,Forst,51.787,14.633,NA,NA,poplar,normal,NA,NA,NA,NA,NA,NA,NA,NA,NA,NA,NA,NA,NA,NA,NA,F_AF_r1_4m_2016,NA,wheat,5.829,9.4341,2014,2,51.78833013563213,14.633153659844483,51.78473842600005,14.62865791400003,51.79227673100007,14.639644059000034,404667.2361396508,Winter Wheat,122-33.7 -51.6,Oct,Jul,assigned,https://doi.org/10.1038/s43247-023-00680-1,10,7,2015-10-01,2016-07-01,9.28695677742362,13.230000019073486,51.97152018547058,1129.8077248247514,71.970450793914,197,0.4882682010541409,0.9040015309140154,98.35900891811283,35.11523010783001,0,0.638450741767883,0.27035630600793,Forst Field,118,663,219,122,2010,6,F_AF_r1_2016
2016,NA,Forst,winter wheat,F_AF_r1_7m,906.04,705.86,signal16,g/m2 per year,7,Forst,51.787,14.633,NA,NA,poplar,normal,NA,NA,NA,NA,NA,NA,NA,NA,NA,NA,NA,NA,NA,NA,NA,F_AF_r1_7m_2016,NA,wheat,7.0586,9.0604,2014,2,51.78833013563213,14.633153659844483,51.78473842600005,14.62865791400003,51.79227673100007,14.639644059000034,404667.2361396508,Winter Wheat,122-33.7 -51.6,Oct,Jul,assigned,https://doi.org/10.1038/s43247-023-00680-1,10,7,2015-10-01,2016-07-01,9.28695677742362,13.230000019073486,51.97152018547058,1129.8077248247514,71.970450793914,197,0.4882682010541409,0.9040015309140154,98.35900891811283,35.11523010783001,0,0.638450741767883,0.27035630600793,Forst Field,118,663,219,122,2010,6,F_AF_r1_2016
2016,NA,Forst,winter wheat,F_AF_r2_1m,607.99,303.72,signal16,g/m2 per year,1,Forst,51.787,14.633,NA,NA,poplar,normal,NA,NA,NA,NA,NA,NA,NA,NA,NA,NA,NA,NA,NA,NA,NA,F_AF_r2_1m_2016,NA,wheat,3.0372000000000003,6.0799,2014,2,51.78833013563213,14.633153659844483,51.78473842600005,14.62865791400003,51.79227673100007,14.639644059000034,404667.2361396508,Winter Wheat,122-33.7 -51.6,Oct,Jul,assigned,https://doi.org/10.1038/s43247-023-00680-1,10,7,2015-10-01,2016-07-01,9.28695677742362,13.230000019073486,51.97152018547058,1129.8077248247514,71.970450793914,197,0.4882682010541409,0.9040015309140154,98.35900891811283,35.11523010783001,0,0.638450741767883,0.27035630600793,Forst Field,118,663,219,122,2010,6,F_AF_r2_2016
2016,NA,Forst,winter wheat,F_AF_r2_4m,921.09,590.39,signal16,g/m2 per year,4,Forst,51.787,14.633,NA,NA,poplar,normal,NA,NA,NA,NA,NA,NA,NA,NA,NA,NA,NA,NA,NA,NA,NA,F_AF_r2_4m_2016,NA,wheat,5.9039,9.2109,2014,2,51.78833013563213,14.633153659844483,51.78473842600005,14.62865791400003,51.79227673100007,14.639644059000034,404667.2361396508,Winter Wheat,122-33.7 -51.6,Oct,Jul,assigned,https://doi.org/10.1038/s43247-023-00680-1,10,7,2015-10-01,2016-07-01,9.28695677742362,13.230000019073486,51.97152018547058,1129.8077248247514,71.970450793914,197,0.4882682010541409,0.9040015309140154,98.35900891811283,35.11523010783001,0,0.638450741767883,0.27035630600793,Forst Field,118,663,219,122,2010,6,F_AF_r2_2016
2016,NA,Forst,winter wheat,F_AF_r2_7m,833.35,547.42,signal16,g/m2 per year,7,Forst,51.787,14.633,NA,NA,poplar,normal,NA,NA,NA,NA,NA,NA,NA,NA,NA,NA,NA,NA,NA,NA,NA,F_AF_r2_7m_2016,NA,wheat,5.4742,8.3335,2014,2,51.78833013563213,14.633153659844483,51.78473842600005,14.62865791400003,51.79227673100007,14.639644059000034,404667.2361396508,Winter Wheat,122-33.7 -51.6,Oct,Jul,assigned,https://doi.org/10.1038/s43247-023-00680-1,10,7,2015-10-01,2016-07-01,9.28695677742362,13.230000019073486,51.97152018547058,1129.8077248247514,71.970450793914,197,0.4882682010541409,0.9040015309140154,98.35900891811283,35.11523010783001,0,0.638450741767883,0.27035630600793,Forst Field,118,663,219,122,2010,6,F_AF_r2_2016
2016,NA,Forst,winter wheat,F_AF_r3_1m,675.91,364.17,signal16,g/m2 per year,1,Forst,51.787,14.633,NA,NA,poplar,normal,NA,NA,NA,NA,NA,NA,NA,NA,NA,NA,NA,NA,NA,NA,NA,F_AF_r3_1m_2016,NA,wheat,3.6417,6.7591,2014,2,51.78833013563213,14.633153659844483,51.78473842600005,14.62865791400003,51.79227673100007,14.639644059000034,404667.2361396508,Winter Wheat,122-33.7 -51.6,Oct,Jul,assigned,https://doi.org/10.1038/s43247-023-00680-1,10,7,2015-10-01,2016-07-01,9.28695677742362,13.230000019073486,51.97152018547058,1129.8077248247514,71.970450793914,197,0.4882682010541409,0.9040015309140154,98.35900891811283,35.11523010783001,0,0.638450741767883,0.27035630600793,Forst Field,118,663,219,122,2010,6,F_AF_r3_2016
2016,NA,Forst,winter wheat,F_AF_r3_4m,1016.53,633.06,signal16,g/m2 per year,4,Forst,51.787,14.633,NA,NA,poplar,normal,NA,NA,NA,NA,NA,NA,NA,NA,NA,NA,NA,NA,NA,NA,NA,F_AF_r3_4m_2016,NA,wheat,6.3306,10.1653,2014,2,51.78833013563213,14.633153659844483,51.78473842600005,14.62865791400003,51.79227673100007,14.639644059000034,404667.2361396508,Winter Wheat,122-33.7 -51.6,Oct,Jul,assigned,https://doi.org/10.1038/s43247-023-00680-1,10,7,2015-10-01,2016-07-01,9.28695677742362,13.230000019073486,51.97152018547058,1129.8077248247514,71.970450793914,197,0.4882682010541409,0.9040015309140154,98.35900891811283,35.11523010783001,0,0.638450741767883,0.27035630600793,Forst Field,118,663,219,122,2010,6,F_AF_r3_2016
2016,NA,Forst,winter wheat,F_AF_r3_7m,940.91,622.76,signal16,g/m2 per year,7,Forst,51.787,14.633,NA,NA,poplar,normal,NA,NA,NA,NA,NA,NA,NA,NA,NA,NA,NA,NA,NA,NA,NA,F_AF_r3_7m_2016,NA,wheat,6.2276,9.4091,2014,2,51.78833013563213,14.633153659844483,51.78473842600005,14.62865791400003,51.79227673100007,14.639644059000034,404667.2361396508,Winter Wheat,122-33.7 -51.6,Oct,Jul,assigned,https://doi.org/10.1038/s43247-023-00680-1,10,7,2015-10-01,2016-07-01,9.28695677742362,13.230000019073486,51.97152018547058,1129.8077248247514,71.970450793914,197,0.4882682010541409,0.9040015309140154,98.35900891811283,35.11523010783001,0,0.638450741767883,0.27035630600793,Forst Field,118,663,219,122,2010,6,F_AF_r3_2016
2016,NA,Forst,winter wheat,F_AF_r4_1m,536.73,252.24,signal16,g/m2 per year,1,Forst,51.787,14.633,NA,NA,poplar,normal,NA,NA,NA,NA,NA,NA,NA,NA,NA,NA,NA,NA,NA,NA,NA,F_AF_r4_1m_2016,NA,wheat,2.5224,5.3673,2014,2,51.78833013563213,14.633153659844483,51.78473842600005,14.62865791400003,51.79227673100007,14.639644059000034,404667.2361396508,Winter Wheat,122-33.7 -51.6,Oct,Jul,assigned,https://doi.org/10.1038/s43247-023-00680-1,10,7,2015-10-01,2016-07-01,9.28695677742362,13.230000019073486,51.97152018547058,1129.8077248247514,71.970450793914,197,0.4882682010541409,0.9040015309140154,98.35900891811283,35.11523010783001,0,0.638450741767883,0.27035630600793,Forst Field,118,663,219,122,2010,6,F_AF_r4_2016
2016,NA,Forst,winter wheat,F_AF_r4_4m,1055.25,718.07,signal16,g/m2 per year,4,Forst,51.787,14.633,NA,NA,poplar,normal,NA,NA,NA,NA,NA,NA,NA,NA,NA,NA,NA,NA,NA,NA,NA,F_AF_r4_4m_2016,NA,wheat,7.180700000000001,10.5525,2014,2,51.78833013563213,14.633153659844483,51.78473842600005,14.62865791400003,51.79227673100007,14.639644059000034,404667.2361396508,Winter Wheat,122-33.7 -51.6,Oct,Jul,assigned,https://doi.org/10.1038/s43247-023-00680-1,10,7,2015-10-01,2016-07-01,9.28695677742362,13.230000019073486,51.97152018547058,1129.8077248247514,71.970450793914,197,0.4882682010541409,0.9040015309140154,98.35900891811283,35.11523010783001,0,0.638450741767883,0.27035630600793,Forst Field,118,663,219,122,2010,6,F_AF_r4_2016
2016,NA,Forst,winter wheat,F_AF_r4_7m,856.07,569.63,signal16,g/m2 per year,7,Forst,51.787,14.633,NA,NA,poplar,normal,NA,NA,NA,NA,NA,NA,NA,NA,NA,NA,NA,NA,NA,NA,NA,F_AF_r4_7m_2016,NA,wheat,5.6963,8.5607,2014,2,51.78833013563213,14.633153659844483,51.78473842600005,14.62865791400003,51.79227673100007,14.639644059000034,404667.2361396508,Winter Wheat,122-33.7 -51.6,Oct,Jul,assigned,https://doi.org/10.1038/s43247-023-00680-1,10,7,2015-10-01,2016-07-01,9.28695677742362,13.230000019073486,51.97152018547058,1129.8077248247514,71.970450793914,197,0.4882682010541409,0.9040015309140154,98.35900891811283,35.11523010783001,0,0.638450741767883,0.27035630600793,Forst Field,118,663,219,122,2010,6,F_AF_r4_2016
2016,NA,Forst,winter wheat,F_AF_r1_24m,908.92,681.93,signal16,g/m2 per year,24,Forst,51.787,14.633,NA,NA,poplar,normal,NA,NA,NA,NA,NA,NA,NA,NA,NA,NA,NA,NA,NA,NA,NA,F_AF_r1_24m_2016,NA,wheat,6.819299999999999,9.0892,2014,2,51.78833013563213,14.633153659844483,51.78473842600005,14.62865791400003,51.79227673100007,14.639644059000034,404667.2361396508,Winter Wheat,122-33.7 -51.6,Oct,Jul,assigned,https://doi.org/10.1038/s43247-023-00680-1,10,7,2015-10-01,2016-07-01,9.28695677742362,13.230000019073486,51.97152018547058,1129.8077248247514,71.970450793914,197,0.4882682010541409,0.9040015309140154,98.35900891811283,35.11523010783001,0,0.638450741767883,0.27035630600793,Forst Field,118,663,219,122,2010,6,F_AF_r1_2016
2016,NA,Forst,winter wheat,F_AF_r2_24m,1057.72,740.62,signal16,g/m2 per year,24,Forst,51.787,14.633,NA,NA,poplar,normal,NA,NA,NA,NA,NA,NA,NA,NA,NA,NA,NA,NA,NA,NA,NA,F_AF_r2_24m_2016,NA,wheat,7.4062,10.5772,2014,2,51.78833013563213,14.633153659844483,51.78473842600005,14.62865791400003,51.79227673100007,14.639644059000034,404667.2361396508,Winter Wheat,122-33.7 -51.6,Oct,Jul,assigned,https://doi.org/10.1038/s43247-023-00680-1,10,7,2015-10-01,2016-07-01,9.28695677742362,13.230000019073486,51.97152018547058,1129.8077248247514,71.970450793914,197,0.4882682010541409,0.9040015309140154,98.35900891811283,35.11523010783001,0,0.638450741767883,0.27035630600793,Forst Field,118,663,219,122,2010,6,F_AF_r2_2016
2016,NA,Forst,winter wheat,F_AF_r3_24m,979.28,697.46,signal16,g/m2 per year,24,Forst,51.787,14.633,NA,NA,poplar,normal,NA,NA,NA,NA,NA,NA,NA,NA,NA,NA,NA,NA,NA,NA,NA,F_AF_r3_24m_2016,NA,wheat,6.974600000000001,9.7928,2014,2,51.78833013563213,14.633153659844483,51.78473842600005,14.62865791400003,51.79227673100007,14.639644059000034,404667.2361396508,Winter Wheat,122-33.7 -51.6,Oct,Jul,assigned,https://doi.org/10.1038/s43247-023-00680-1,10,7,2015-10-01,2016-07-01,9.28695677742362,13.230000019073486,51.97152018547058,1129.8077248247514,71.970450793914,197,0.4882682010541409,0.9040015309140154,98.35900891811283,35.11523010783001,0,0.638450741767883,0.27035630600793,Forst Field,118,663,219,122,2010,6,F_AF_r3_2016
2016,NA,Forst,winter wheat,F_AF_r4_24m,1022.35,787.85,signal16,g/m2 per year,24,Forst,51.787,14.633,NA,NA,poplar,normal,NA,NA,NA,NA,NA,NA,NA,NA,NA,NA,NA,NA,NA,NA,NA,F_AF_r4_24m_2016,NA,wheat,7.878500000000001,10.2235,2014,2,51.78833013563213,14.633153659844483,51.78473842600005,14.62865791400003,51.79227673100007,14.639644059000034,404667.2361396508,Winter Wheat,122-33.7 -51.6,Oct,Jul,assigned,https://doi.org/10.1038/s43247-023-00680-1,10,7,2015-10-01,2016-07-01,9.28695677742362,13.230000019073486,51.97152018547058,1129.8077248247514,71.970450793914,197,0.4882682010541409,0.9040015309140154,98.35900891811283,35.11523010783001,0,0.638450741767883,0.27035630600793,Forst Field,118,663,219,122,2010,6,F_AF_r4_2016
2017,NA,Forst,winter barley,F_AF_r1_1m,230.07,324.61,signal16,g/m2 per year,1,Forst,51.787,14.633,NA,NA,poplar,normal,NA,NA,NA,NA,NA,NA,NA,NA,NA,NA,NA,NA,NA,NA,NA,F_AF_r1_1m_2017,NA,barley,3.2461,2.3007,2014,3,51.78833013563213,14.633153659844483,51.78473842600005,14.62865791400003,51.79227673100007,14.639644059000034,404667.2361396508,Winter Barley,105 - 19.5 - 97.2,Sep,Jul,assigned,https://doi.org/10.1038/s43247-023-00680-1,9,7,2016-09-01,2017-07-01,9.088142611763692,13.518181887539953,55.171518206596375,1129.8077248247514,71.970450793914,197,0.4882682010541409,0.9040015309140154,98.35900891811283,35.11523010783001,0,0.638450741767883,0.27035630600793,Forst Field,118,663,219,105,2010,7,F_AF_r1_2017
2017,NA,Forst,winter barley,F_AF_r1_4m,205.99,321.91,signal16,g/m2 per year,4,Forst,51.787,14.633,NA,NA,poplar,normal,NA,NA,NA,NA,NA,NA,NA,NA,NA,NA,NA,NA,NA,NA,NA,F_AF_r1_4m_2017,NA,barley,3.2191000000000005,2.0599000000000003,2014,3,51.78833013563213,14.633153659844483,51.78473842600005,14.62865791400003,51.79227673100007,14.639644059000034,404667.2361396508,Winter Barley,105 - 19.5 - 97.2,Sep,Jul,assigned,https://doi.org/10.1038/s43247-023-00680-1,9,7,2016-09-01,2017-07-01,9.088142611763692,13.518181887539953,55.171518206596375,1129.8077248247514,71.970450793914,197,0.4882682010541409,0.9040015309140154,98.35900891811283,35.11523010783001,0,0.638450741767883,0.27035630600793,Forst Field,118,663,219,105,2010,7,F_AF_r1_2017
2017,NA,Forst,winter barley,F_AF_r1_7m,290,428.8,signal16,g/m2 per year,7,Forst,51.787,14.633,NA,NA,poplar,normal,NA,NA,NA,NA,NA,NA,NA,NA,NA,NA,NA,NA,NA,NA,NA,F_AF_r1_7m_2017,NA,barley,4.288,2.9,2014,3,51.78833013563213,14.633153659844483,51.78473842600005,14.62865791400003,51.79227673100007,14.639644059000034,404667.2361396508,Winter Barley,105 - 19.5 - 97.2,Sep,Jul,assigned,https://doi.org/10.1038/s43247-023-00680-1,9,7,2016-09-01,2017-07-01,9.088142611763692,13.518181887539953,55.171518206596375,1129.8077248247514,71.970450793914,197,0.4882682010541409,0.9040015309140154,98.35900891811283,35.11523010783001,0,0.638450741767883,0.27035630600793,Forst Field,118,663,219,105,2010,7,F_AF_r1_2017
2017,NA,Forst,winter barley,F_AF_r2_1m,267.78,313.03,signal16,g/m2 per year,1,Forst,51.787,14.633,NA,NA,poplar,normal,NA,NA,NA,NA,NA,NA,NA,NA,NA,NA,NA,NA,NA,NA,NA,F_AF_r2_1m_2017,NA,barley,3.1302999999999996,2.6778,2014,3,51.78833013563213,14.633153659844483,51.78473842600005,14.62865791400003,51.79227673100007,14.639644059000034,404667.2361396508,Winter Barley,105 - 19.5 - 97.2,Sep,Jul,assigned,https://doi.org/10.1038/s43247-023-00680-1,9,7,2016-09-01,2017-07-01,9.088142611763692,13.518181887539953,55.171518206596375,1129.8077248247514,71.970450793914,197,0.4882682010541409,0.9040015309140154,98.35900891811283,35.11523010783001,0,0.638450741767883,0.27035630600793,Forst Field,118,663,219,105,2010,7,F_AF_r2_2017
2017,NA,Forst,winter barley,F_AF_r2_4m,272.57,409.38,signal16,g/m2 per year,4,Forst,51.787,14.633,NA,NA,poplar,normal,NA,NA,NA,NA,NA,NA,NA,NA,NA,NA,NA,NA,NA,NA,NA,F_AF_r2_4m_2017,NA,barley,4.0938,2.7257,2014,3,51.78833013563213,14.633153659844483,51.78473842600005,14.62865791400003,51.79227673100007,14.639644059000034,404667.2361396508,Winter Barley,105 - 19.5 - 97.2,Sep,Jul,assigned,https://doi.org/10.1038/s43247-023-00680-1,9,7,2016-09-01,2017-07-01,9.088142611763692,13.518181887539953,55.171518206596375,1129.8077248247514,71.970450793914,197,0.4882682010541409,0.9040015309140154,98.35900891811283,35.11523010783001,0,0.638450741767883,0.27035630600793,Forst Field,118,663,219,105,2010,7,F_AF_r2_2017
2017,NA,Forst,winter barley,F_AF_r2_7m,303.98,461.92,signal16,g/m2 per year,7,Forst,51.787,14.633,NA,NA,poplar,normal,NA,NA,NA,NA,NA,NA,NA,NA,NA,NA,NA,NA,NA,NA,NA,F_AF_r2_7m_2017,NA,barley,4.6192,3.0398,2014,3,51.78833013563213,14.633153659844483,51.78473842600005,14.62865791400003,51.79227673100007,14.639644059000034,404667.2361396508,Winter Barley,105 - 19.5 - 97.2,Sep,Jul,assigned,https://doi.org/10.1038/s43247-023-00680-1,9,7,2016-09-01,2017-07-01,9.088142611763692,13.518181887539953,55.171518206596375,1129.8077248247514,71.970450793914,197,0.4882682010541409,0.9040015309140154,98.35900891811283,35.11523010783001,0,0.638450741767883,0.27035630600793,Forst Field,118,663,219,105,2010,7,F_AF_r2_2017
2017,NA,Forst,winter barley,F_AF_r3_1m,239.19,301.76,signal16,g/m2 per year,1,Forst,51.787,14.633,NA,NA,poplar,normal,NA,NA,NA,NA,NA,NA,NA,NA,NA,NA,NA,NA,NA,NA,NA,F_AF_r3_1m_2017,NA,barley,3.0176,2.3919,2014,3,51.78833013563213,14.633153659844483,51.78473842600005,14.62865791400003,51.79227673100007,14.639644059000034,404667.2361396508,Winter Barley,105 - 19.5 - 97.2,Sep,Jul,assigned,https://doi.org/10.1038/s43247-023-00680-1,9,7,2016-09-01,2017-07-01,9.088142611763692,13.518181887539953,55.171518206596375,1129.8077248247514,71.970450793914,197,0.4882682010541409,0.9040015309140154,98.35900891811283,35.11523010783001,0,0.638450741767883,0.27035630600793,Forst Field,118,663,219,105,2010,7,F_AF_r3_2017
2017,NA,Forst,winter barley,F_AF_r3_4m,397.71,532.17,signal16,g/m2 per year,4,Forst,51.787,14.633,NA,NA,poplar,normal,NA,NA,NA,NA,NA,NA,NA,NA,NA,NA,NA,NA,NA,NA,NA,F_AF_r3_4m_2017,NA,barley,5.3217,3.9771,2014,3,51.78833013563213,14.633153659844483,51.78473842600005,14.62865791400003,51.79227673100007,14.639644059000034,404667.2361396508,Winter Barley,105 - 19.5 - 97.2,Sep,Jul,assigned,https://doi.org/10.1038/s43247-023-00680-1,9,7,2016-09-01,2017-07-01,9.088142611763692,13.518181887539953,55.171518206596375,1129.8077248247514,71.970450793914,197,0.4882682010541409,0.9040015309140154,98.35900891811283,35.11523010783001,0,0.638450741767883,0.27035630600793,Forst Field,118,663,219,105,2010,7,F_AF_r3_2017
2017,NA,Forst,winter barley,F_AF_r3_7m,390.37,584.72,signal16,g/m2 per year,7,Forst,51.787,14.633,NA,NA,poplar,normal,NA,NA,NA,NA,NA,NA,NA,NA,NA,NA,NA,NA,NA,NA,NA,F_AF_r3_7m_2017,NA,barley,5.8472,3.9037,2014,3,51.78833013563213,14.633153659844483,51.78473842600005,14.62865791400003,51.79227673100007,14.639644059000034,404667.2361396508,Winter Barley,105 - 19.5 - 97.2,Sep,Jul,assigned,https://doi.org/10.1038/s43247-023-00680-1,9,7,2016-09-01,2017-07-01,9.088142611763692,13.518181887539953,55.171518206596375,1129.8077248247514,71.970450793914,197,0.4882682010541409,0.9040015309140154,98.35900891811283,35.11523010783001,0,0.638450741767883,0.27035630600793,Forst Field,118,663,219,105,2010,7,F_AF_r3_2017
2017,NA,Forst,winter barley,F_AF_r4_1m,266.02,267.85,signal16,g/m2 per year,1,Forst,51.787,14.633,NA,NA,poplar,normal,NA,NA,NA,NA,NA,NA,NA,NA,NA,NA,NA,NA,NA,NA,NA,F_AF_r4_1m_2017,NA,barley,2.6785,2.6601999999999997,2014,3,51.78833013563213,14.633153659844483,51.78473842600005,14.62865791400003,51.79227673100007,14.639644059000034,404667.2361396508,Winter Barley,105 - 19.5 - 97.2,Sep,Jul,assigned,https://doi.org/10.1038/s43247-023-00680-1,9,7,2016-09-01,2017-07-01,9.088142611763692,13.518181887539953,55.171518206596375,1129.8077248247514,71.970450793914,197,0.4882682010541409,0.9040015309140154,98.35900891811283,35.11523010783001,0,0.638450741767883,0.27035630600793,Forst Field,118,663,219,105,2010,7,F_AF_r4_2017
2017,NA,Forst,winter barley,F_AF_r4_4m,251.53,400.91,signal16,g/m2 per year,4,Forst,51.787,14.633,NA,NA,poplar,normal,NA,NA,NA,NA,NA,NA,NA,NA,NA,NA,NA,NA,NA,NA,NA,F_AF_r4_4m_2017,NA,barley,4.0091,2.5153,2014,3,51.78833013563213,14.633153659844483,51.78473842600005,14.62865791400003,51.79227673100007,14.639644059000034,404667.2361396508,Winter Barley,105 - 19.5 - 97.2,Sep,Jul,assigned,https://doi.org/10.1038/s43247-023-00680-1,9,7,2016-09-01,2017-07-01,9.088142611763692,13.518181887539953,55.171518206596375,1129.8077248247514,71.970450793914,197,0.4882682010541409,0.9040015309140154,98.35900891811283,35.11523010783001,0,0.638450741767883,0.27035630600793,Forst Field,118,663,219,105,2010,7,F_AF_r4_2017
2017,NA,Forst,winter barley,F_AF_r4_7m,261.5,378.76,signal16,g/m2 per year,7,Forst,51.787,14.633,NA,NA,poplar,normal,NA,NA,NA,NA,NA,NA,NA,NA,NA,NA,NA,NA,NA,NA,NA,F_AF_r4_7m_2017,NA,barley,3.7876,2.615,2014,3,51.78833013563213,14.633153659844483,51.78473842600005,14.62865791400003,51.79227673100007,14.639644059000034,404667.2361396508,Winter Barley,105 - 19.5 - 97.2,Sep,Jul,assigned,https://doi.org/10.1038/s43247-023-00680-1,9,7,2016-09-01,2017-07-01,9.088142611763692,13.518181887539953,55.171518206596375,1129.8077248247514,71.970450793914,197,0.4882682010541409,0.9040015309140154,98.35900891811283,35.11523010783001,0,0.638450741767883,0.27035630600793,Forst Field,118,663,219,105,2010,7,F_AF_r4_2017
2017,NA,Forst,winter barley,F_AF_r1_24m,338.19,540.8,signal16,g/m2 per year,24,Forst,51.787,14.633,NA,NA,poplar,normal,NA,NA,NA,NA,NA,NA,NA,NA,NA,NA,NA,NA,NA,NA,NA,F_AF_r1_24m_2017,NA,barley,5.4079999999999995,3.3819,2014,3,51.78833013563213,14.633153659844483,51.78473842600005,14.62865791400003,51.79227673100007,14.639644059000034,404667.2361396508,Winter Barley,105 - 19.5 - 97.2,Sep,Jul,assigned,https://doi.org/10.1038/s43247-023-00680-1,9,7,2016-09-01,2017-07-01,9.088142611763692,13.518181887539953,55.171518206596375,1129.8077248247514,71.970450793914,197,0.4882682010541409,0.9040015309140154,98.35900891811283,35.11523010783001,0,0.638450741767883,0.27035630600793,Forst Field,118,663,219,105,2010,7,F_AF_r1_2017
2017,NA,Forst,winter barley,F_AF_r2_24m,396.97,612.97,signal16,g/m2 per year,24,Forst,51.787,14.633,NA,NA,poplar,normal,NA,NA,NA,NA,NA,NA,NA,NA,NA,NA,NA,NA,NA,NA,NA,F_AF_r2_24m_2017,NA,barley,6.129700000000001,3.969700000000001,2014,3,51.78833013563213,14.633153659844483,51.78473842600005,14.62865791400003,51.79227673100007,14.639644059000034,404667.2361396508,Winter Barley,105 - 19.5 - 97.2,Sep,Jul,assigned,https://doi.org/10.1038/s43247-023-00680-1,9,7,2016-09-01,2017-07-01,9.088142611763692,13.518181887539953,55.171518206596375,1129.8077248247514,71.970450793914,197,0.4882682010541409,0.9040015309140154,98.35900891811283,35.11523010783001,0,0.638450741767883,0.27035630600793,Forst Field,118,663,219,105,2010,7,F_AF_r2_2017
2017,NA,Forst,winter barley,F_AF_r3_24m,532.35,699.22,signal16,g/m2 per year,24,Forst,51.787,14.633,NA,NA,poplar,normal,NA,NA,NA,NA,NA,NA,NA,NA,NA,NA,NA,NA,NA,NA,NA,F_AF_r3_24m_2017,NA,barley,6.9922,5.3235,2014,3,51.78833013563213,14.633153659844483,51.78473842600005,14.62865791400003,51.79227673100007,14.639644059000034,404667.2361396508,Winter Barley,105 - 19.5 - 97.2,Sep,Jul,assigned,https://doi.org/10.1038/s43247-023-00680-1,9,7,2016-09-01,2017-07-01,9.088142611763692,13.518181887539953,55.171518206596375,1129.8077248247514,71.970450793914,197,0.4882682010541409,0.9040015309140154,98.35900891811283,35.11523010783001,0,0.638450741767883,0.27035630600793,Forst Field,118,663,219,105,2010,7,F_AF_r3_2017
2017,NA,Forst,winter barley,F_AF_r4_24m,414.75,625.42,signal16,g/m2 per year,24,Forst,51.787,14.633,NA,NA,poplar,normal,NA,NA,NA,NA,NA,NA,NA,NA,NA,NA,NA,NA,NA,NA,NA,F_AF_r4_24m_2017,NA,barley,6.2542,4.1475,2014,3,51.78833013563213,14.633153659844483,51.78473842600005,14.62865791400003,51.79227673100007,14.639644059000034,404667.2361396508,Winter Barley,105 - 19.5 - 97.2,Sep,Jul,assigned,https://doi.org/10.1038/s43247-023-00680-1,9,7,2016-09-01,2017-07-01,9.088142611763692,13.518181887539953,55.171518206596375,1129.8077248247514,71.970450793914,197,0.4882682010541409,0.9040015309140154,98.35900891811283,35.11523010783001,0,0.638450741767883,0.27035630600793,Forst Field,118,663,219,105,2010,7,F_AF_r4_2017
2019,NA,NA,barley,F_AF_r1_1m,1.34272501165864,2.13894258496908,forst1920,t/ha,1,Forst,51.7882520901203,14.6333886519977,NA,NA,poplar,normal,NA,NA,NA,NA,NA,NA,NA,NA,NA,NA,NA,NA,NA,NA,NA,F_AF_r1_1m_2019,NA,barley,2.13894258496908,1.34272501165864,2014,5,51.78833013563213,14.633153659844483,51.78473842600005,14.62865791400003,51.79227673100007,14.639644059000034,404667.2361396508,Summer Barley,42-8-27,Mar,Jul,assigned,https://doi.org/10.1371/journal.pone.0246919,3,7,2019-03-01,2019-07-01,14.54000005722046,22.979999923706053,19.245055437088013,1129.8077248247514,71.89607158363333,130,0.45540874391063146,0.822514905459353,98.68533491300109,28.3494256113891,0,0.638450741767883,0.27035630600793,Forst Field,118,663,219,42,2010,9,F_AF_r1_2019
2019,NA,NA,barley,F_AF_r1_4m,2.0789211121458,3.27456277031061,forst1920,t/ha,4,Forst,51.7882502583897,14.6334353611272,NA,NA,poplar,normal,NA,NA,NA,NA,NA,NA,NA,NA,NA,NA,NA,NA,NA,NA,NA,F_AF_r1_4m_2019,NA,barley,3.27456277031061,2.0789211121458,2014,5,51.78833013563213,14.633153659844483,51.78473842600005,14.62865791400003,51.79227673100007,14.639644059000034,404667.2361396508,Summer Barley,42-8-27,Mar,Jul,assigned,https://doi.org/10.1371/journal.pone.0246919,3,7,2019-03-01,2019-07-01,14.54000005722046,22.979999923706053,19.245055437088013,1129.8077248247514,71.89607158363333,130,0.45540874391063146,0.822514905459353,98.68533491300109,28.3494256113891,0,0.638450741767883,0.27035630600793,Forst Field,118,663,219,42,2010,9,F_AF_r1_2019
2019,NA,NA,barley,F_AF_r1_7m,2.43959060402685,3.7168100993997,forst1920,t/ha,7,Forst,51.7882484266592,14.6334756591997,NA,NA,poplar,normal,NA,NA,NA,NA,NA,NA,NA,NA,NA,NA,NA,NA,NA,NA,NA,F_AF_r1_7m_2019,NA,barley,3.7168100993997,2.43959060402685,2014,5,51.78833013563213,14.633153659844483,51.78473842600005,14.62865791400003,51.79227673100007,14.639644059000034,404667.2361396508,Summer Barley,42-8-27,Mar,Jul,assigned,https://doi.org/10.1371/journal.pone.0246919,3,7,2019-03-01,2019-07-01,14.54000005722046,22.979999923706053,19.245055437088013,1129.8077248247514,71.89607158363333,130,0.45540874391063146,0.822514905459353,98.68533491300109,28.3494256113891,0,0.638450741767883,0.27035630600793,Forst Field,118,663,219,42,2010,9,F_AF_r1_2019
2019,NA,NA,barley,F_AF_r1_24m,2.67849223946785,3.87266620797425,forst1920,t/ha,24,Forst,51.7882465949286,14.6336954668678,NA,NA,poplar,normal,NA,NA,NA,NA,NA,NA,NA,NA,NA,NA,NA,NA,NA,NA,NA,F_AF_r1_24m_2019,NA,barley,3.87266620797425,2.67849223946785,2014,5,51.78833013563213,14.633153659844483,51.78473842600005,14.62865791400003,51.79227673100007,14.639644059000034,404667.2361396508,Summer Barley,42-8-27,Mar,Jul,assigned,https://doi.org/10.1371/journal.pone.0246919,3,7,2019-03-01,2019-07-01,14.54000005722046,22.979999923706053,19.245055437088013,1129.8077248247514,71.89607158363333,130,0.45540874391063146,0.822514905459353,98.68533491300109,28.3494256113891,0,0.638450741767883,0.27035630600793,Forst Field,118,663,219,42,2010,9,F_AF_r1_2019
2019,NA,NA,barley,F_AF_r2_1m,1.59253822971314,2.09347129399924,forst1920,t/ha,1,Forst,51.7877300469086,14.633389567863,NA,NA,poplar,normal,NA,NA,NA,NA,NA,NA,NA,NA,NA,NA,NA,NA,NA,NA,NA,F_AF_r2_1m_2019,NA,barley,2.09347129399924,1.59253822971314,2014,5,51.78833013563213,14.633153659844483,51.78473842600005,14.62865791400003,51.79227673100007,14.639644059000034,404667.2361396508,Summer Barley,42-8-27,Mar,Jul,assigned,https://doi.org/10.1371/journal.pone.0246919,3,7,2019-03-01,2019-07-01,14.54000005722046,22.979999923706053,19.245055437088013,1129.8077248247514,71.89607158363333,130,0.45540874391063146,0.822514905459353,98.68533491300109,28.3494256113891,0,0.638450741767883,0.27035630600793,Forst Field,118,663,219,42,2010,9,F_AF_r2_2019
2019,NA,NA,barley,F_AF_r2_4m,2.7211611030479,4.35991484900151,forst1920,t/ha,4,Forst,51.7877300469086,14.6334298659355,NA,NA,poplar,normal,NA,NA,NA,NA,NA,NA,NA,NA,NA,NA,NA,NA,NA,NA,NA,F_AF_r2_4m_2019,NA,barley,4.35991484900151,2.7211611030479,2014,5,51.78833013563213,14.633153659844483,51.78473842600005,14.62865791400003,51.79227673100007,14.639644059000034,404667.2361396508,Summer Barley,42-8-27,Mar,Jul,assigned,https://doi.org/10.1371/journal.pone.0246919,3,7,2019-03-01,2019-07-01,14.54000005722046,22.979999923706053,19.245055437088013,1129.8077248247514,71.89607158363333,130,0.45540874391063146,0.822514905459353,98.68533491300109,28.3494256113891,0,0.638450741767883,0.27035630600793,Forst Field,118,663,219,42,2010,9,F_AF_r2_2019
2019,NA,NA,barley,F_AF_r2_7m,3.18771359484148,4.78223815787103,forst1920,t/ha,7,Forst,51.7877300469086,14.6334719957385,NA,NA,poplar,normal,NA,NA,NA,NA,NA,NA,NA,NA,NA,NA,NA,NA,NA,NA,NA,F_AF_r2_7m_2019,NA,barley,4.78223815787103,3.18771359484148,2014,5,51.78833013563213,14.633153659844483,51.78473842600005,14.62865791400003,51.79227673100007,14.639644059000034,404667.2361396508,Summer Barley,42-8-27,Mar,Jul,assigned,https://doi.org/10.1371/journal.pone.0246919,3,7,2019-03-01,2019-07-01,14.54000005722046,22.979999923706053,19.245055437088013,1129.8077248247514,71.89607158363333,130,0.45540874391063146,0.822514905459353,98.68533491300109,28.3494256113891,0,0.638450741767883,0.27035630600793,Forst Field,118,663,219,42,2010,9,F_AF_r2_2019
2019,NA,NA,barley,F_AF_r2_24m,2.53739967897271,4.38068861952765,forst1920,t/ha,24,Forst,51.7877300469086,14.6336918034066,NA,NA,poplar,normal,NA,NA,NA,NA,NA,NA,NA,NA,NA,NA,NA,NA,NA,NA,NA,F_AF_r2_24m_2019,NA,barley,4.38068861952765,2.53739967897271,2014,5,51.78833013563213,14.633153659844483,51.78473842600005,14.62865791400003,51.79227673100007,14.639644059000034,404667.2361396508,Summer Barley,42-8-27,Mar,Jul,assigned,https://doi.org/10.1371/journal.pone.0246919,3,7,2019-03-01,2019-07-01,14.54000005722046,22.979999923706053,19.245055437088013,1129.8077248247514,71.89607158363333,130,0.45540874391063146,0.822514905459353,98.68533491300109,28.3494256113891,0,0.638450741767883,0.27035630600793,Forst Field,118,663,219,42,2010,9,F_AF_r2_2019
2019,NA,NA,barley,F_AF_r3_1m,3.62794147582697,5.30059490300494,forst1920,t/ha,1,Forst,51.7866639797184,14.6339830485668,NA,NA,poplar,normal,NA,NA,NA,NA,NA,NA,NA,NA,NA,NA,NA,NA,NA,NA,NA,F_AF_r3_1m_2019,NA,barley,5.30059490300494,3.62794147582697,2014,5,51.78833013563213,14.633153659844483,51.78473842600005,14.62865791400003,51.79227673100007,14.639644059000034,404667.2361396508,Summer Barley,42-8-27,Mar,Jul,assigned,https://doi.org/10.1371/journal.pone.0246919,3,7,2019-03-01,2019-07-01,14.54000005722046,22.979999923706053,19.245055437088013,1129.8077248247514,71.89607158363333,130,0.45540874391063146,0.822514905459353,98.68533491300109,28.3494256113891,0,0.638450741767883,0.27035630600793,Forst Field,118,663,219,42,2010,9,F_AF_r3_2019
2019,NA,NA,barley,F_AF_r3_4m,3.25280921584479,4.41722614156136,forst1920,t/ha,4,Forst,51.7866639797184,14.6339427504944,NA,NA,poplar,normal,NA,NA,NA,NA,NA,NA,NA,NA,NA,NA,NA,NA,NA,NA,NA,F_AF_r3_4m_2019,NA,barley,4.41722614156136,3.25280921584479,2014,5,51.78833013563213,14.633153659844483,51.78473842600005,14.62865791400003,51.79227673100007,14.639644059000034,404667.2361396508,Summer Barley,42-8-27,Mar,Jul,assigned,https://doi.org/10.1371/journal.pone.0246919,3,7,2019-03-01,2019-07-01,14.54000005722046,22.979999923706053,19.245055437088013,1129.8077248247514,71.89607158363333,130,0.45540874391063146,0.822514905459353,98.68533491300109,28.3494256113891,0,0.638450741767883,0.27035630600793,Forst Field,118,663,219,42,2010,9,F_AF_r3_2019
2019,NA,NA,barley,F_AF_r3_7m,3.22587354409318,4.38534020683567,forst1920,t/ha,7,Forst,51.7866639797184,14.6339024524219,NA,NA,poplar,normal,NA,NA,NA,NA,NA,NA,NA,NA,NA,NA,NA,NA,NA,NA,NA,F_AF_r3_7m_2019,NA,barley,4.38534020683567,3.22587354409318,2014,5,51.78833013563213,14.633153659844483,51.78473842600005,14.62865791400003,51.79227673100007,14.639644059000034,404667.2361396508,Summer Barley,42-8-27,Mar,Jul,assigned,https://doi.org/10.1371/journal.pone.0246919,3,7,2019-03-01,2019-07-01,14.54000005722046,22.979999923706053,19.245055437088013,1129.8077248247514,71.89607158363333,130,0.45540874391063146,0.822514905459353,98.68533491300109,28.3494256113891,0,0.638450741767883,0.27035630600793,Forst Field,118,663,219,42,2010,9,F_AF_r3_2019
2019,NA,NA,barley,F_AF_r3_24m,2.64172062904718,3.21911037939963,forst1920,t/ha,24,Forst,51.7866639797184,14.6336863082149,NA,NA,poplar,normal,NA,NA,NA,NA,NA,NA,NA,NA,NA,NA,NA,NA,NA,NA,NA,F_AF_r3_24m_2019,NA,barley,3.21911037939963,2.64172062904718,2014,5,51.78833013563213,14.633153659844483,51.78473842600005,14.62865791400003,51.79227673100007,14.639644059000034,404667.2361396508,Summer Barley,42-8-27,Mar,Jul,assigned,https://doi.org/10.1371/journal.pone.0246919,3,7,2019-03-01,2019-07-01,14.54000005722046,22.979999923706053,19.245055437088013,1129.8077248247514,71.89607158363333,130,0.45540874391063146,0.822514905459353,98.68533491300109,28.3494256113891,0,0.638450741767883,0.27035630600793,Forst Field,118,663,219,42,2010,9,F_AF_r3_2019
2019,NA,NA,barley,F_AF_r4_1m,3.139507995966,4.06511290075947,forst1920,t/ha,1,Forst,51.7860155470975,14.633986712028,NA,NA,poplar,normal,NA,NA,NA,NA,NA,NA,NA,NA,NA,NA,NA,NA,NA,NA,NA,F_AF_r4_1m_2019,NA,barley,4.06511290075947,3.139507995966,2014,5,51.78833013563213,14.633153659844483,51.78473842600005,14.62865791400003,51.79227673100007,14.639644059000034,404667.2361396508,Summer Barley,42-8-27,Mar,Jul,assigned,https://doi.org/10.1371/journal.pone.0246919,3,7,2019-03-01,2019-07-01,14.54000005722046,22.979999923706053,19.245055437088013,1129.8077248247514,71.89607158363333,130,0.45540874391063146,0.822514905459353,98.68533491300109,28.3494256113891,0,0.638450741767883,0.27035630600793,Forst Field,118,663,219,42,2010,9,F_AF_r4_2019
2019,NA,NA,barley,F_AF_r4_4m,2.98588091685881,3.50582895592729,forst1920,t/ha,4,Forst,51.7860155470975,14.6339427504944,NA,NA,poplar,normal,NA,NA,NA,NA,NA,NA,NA,NA,NA,NA,NA,NA,NA,NA,NA,F_AF_r4_4m_2019,NA,barley,3.50582895592729,2.98588091685881,2014,5,51.78833013563213,14.633153659844483,51.78473842600005,14.62865791400003,51.79227673100007,14.639644059000034,404667.2361396508,Summer Barley,42-8-27,Mar,Jul,assigned,https://doi.org/10.1371/journal.pone.0246919,3,7,2019-03-01,2019-07-01,14.54000005722046,22.979999923706053,19.245055437088013,1129.8077248247514,71.89607158363333,130,0.45540874391063146,0.822514905459353,98.68533491300109,28.3494256113891,0,0.638450741767883,0.27035630600793,Forst Field,118,663,219,42,2010,9,F_AF_r4_2019
2019,NA,NA,barley,F_AF_r4_7m,2.81146408839779,3.82219125583467,forst1920,t/ha,7,Forst,51.7860155470975,14.6338987889607,NA,NA,poplar,normal,NA,NA,NA,NA,NA,NA,NA,NA,NA,NA,NA,NA,NA,NA,NA,F_AF_r4_7m_2019,NA,barley,3.82219125583467,2.81146408839779,2014,5,51.78833013563213,14.633153659844483,51.78473842600005,14.62865791400003,51.79227673100007,14.639644059000034,404667.2361396508,Summer Barley,42-8-27,Mar,Jul,assigned,https://doi.org/10.1371/journal.pone.0246919,3,7,2019-03-01,2019-07-01,14.54000005722046,22.979999923706053,19.245055437088013,1129.8077248247514,71.89607158363333,130,0.45540874391063146,0.822514905459353,98.68533491300109,28.3494256113891,0,0.638450741767883,0.27035630600793,Forst Field,118,663,219,42,2010,9,F_AF_r4_2019
2019,NA,NA,barley,F_AF_r4_24m,1.74382752510337,2.67068718242911,forst1920,t/ha,24,Forst,51.7860155470975,14.6336936351372,NA,NA,poplar,normal,NA,NA,NA,NA,NA,NA,NA,NA,NA,NA,NA,NA,NA,NA,NA,F_AF_r4_24m_2019,NA,barley,2.67068718242911,1.74382752510337,2014,5,51.78833013563213,14.633153659844483,51.78473842600005,14.62865791400003,51.79227673100007,14.639644059000034,404667.2361396508,Summer Barley,42-8-27,Mar,Jul,assigned,https://doi.org/10.1371/journal.pone.0246919,3,7,2019-03-01,2019-07-01,14.54000005722046,22.979999923706053,19.245055437088013,1129.8077248247514,71.89607158363333,130,0.45540874391063146,0.822514905459353,98.68533491300109,28.3494256113891,0,0.638450741767883,0.27035630600793,Forst Field,118,663,219,42,2010,9,F_AF_r4_2019
2020,NA,NA,bristle oat,F_AF_r1_1m,2.05973815048061,1.07760055478502,forst1920,t/ha,1,Forst,51.7882520901203,14.6333886519977,NA,NA,poplar,normal,NA,NA,NA,NA,NA,NA,NA,NA,NA,NA,NA,NA,NA,NA,NA,F_AF_r1_1m_2020,NA,oat,1.07760055478502,2.05973815048061,2014,6,51.78833013563213,14.633153659844483,51.78473842600005,14.62865791400003,51.79227673100007,14.639644059000034,404667.2361396508,Summer Oat,not reported,Mar,Jul,assigned,NA,3,7,2020-03-01,2020-07-01,13.100000095367433,23.020000076293947,17.652459025382996,1129.8077248247514,71.93496886018137,122,0.4570959975005131,0.8222335445674084,98.70440153163923,27.961801395447175,0,0.638450741767883,0.27035630600793,Forst Field,118,663,219,NA,2010,10,F_AF_r1_2020
2020,NA,NA,bristle oat,F_AF_r1_4m,2.87022912157624,1.31289021640594,forst1920,t/ha,4,Forst,51.7882502583897,14.6334353611272,NA,NA,poplar,normal,NA,NA,NA,NA,NA,NA,NA,NA,NA,NA,NA,NA,NA,NA,NA,F_AF_r1_4m_2020,NA,oat,1.31289021640594,2.87022912157624,2014,6,51.78833013563213,14.633153659844483,51.78473842600005,14.62865791400003,51.79227673100007,14.639644059000034,404667.2361396508,Summer Oat,not reported,Mar,Jul,assigned,NA,3,7,2020-03-01,2020-07-01,13.100000095367433,23.020000076293947,17.652459025382996,1129.8077248247514,71.93496886018137,122,0.4570959975005131,0.8222335445674084,98.70440153163923,27.961801395447175,0,0.638450741767883,0.27035630600793,Forst Field,118,663,219,NA,2010,10,F_AF_r1_2020
2020,NA,NA,bristle oat,F_AF_r1_7m,3.51232391220181,1.78572268641147,forst1920,t/ha,7,Forst,51.7882484266592,14.6334756591997,NA,NA,poplar,normal,NA,NA,NA,NA,NA,NA,NA,NA,NA,NA,NA,NA,NA,NA,NA,F_AF_r1_7m_2020,NA,oat,1.78572268641147,3.51232391220181,2014,6,51.78833013563213,14.633153659844483,51.78473842600005,14.62865791400003,51.79227673100007,14.639644059000034,404667.2361396508,Summer Oat,not reported,Mar,Jul,assigned,NA,3,7,2020-03-01,2020-07-01,13.100000095367433,23.020000076293947,17.652459025382996,1129.8077248247514,71.93496886018137,122,0.4570959975005131,0.8222335445674084,98.70440153163923,27.961801395447175,0,0.638450741767883,0.27035630600793,Forst Field,118,663,219,NA,2010,10,F_AF_r1_2020
2020,NA,NA,bristle oat,F_AF_r1_24m,3.58618072714437,2.06343082822964,forst1920,t/ha,24,Forst,51.7882465949286,14.6336954668678,NA,NA,poplar,normal,NA,NA,NA,NA,NA,NA,NA,NA,NA,NA,NA,NA,NA,NA,NA,F_AF_r1_24m_2020,NA,oat,2.06343082822964,3.58618072714437,2014,6,51.78833013563213,14.633153659844483,51.78473842600005,14.62865791400003,51.79227673100007,14.639644059000034,404667.2361396508,Summer Oat,not reported,Mar,Jul,assigned,NA,3,7,2020-03-01,2020-07-01,13.100000095367433,23.020000076293947,17.652459025382996,1129.8077248247514,71.93496886018137,122,0.4570959975005131,0.8222335445674084,98.70440153163923,27.961801395447175,0,0.638450741767883,0.27035630600793,Forst Field,118,663,219,NA,2010,10,F_AF_r1_2020
2020,NA,NA,bristle oat,F_AF_r2_1m,1.9026711409396,1.0078978552167,forst1920,t/ha,1,Forst,51.7877300469086,14.633389567863,NA,NA,poplar,normal,NA,NA,NA,NA,NA,NA,NA,NA,NA,NA,NA,NA,NA,NA,NA,F_AF_r2_1m_2020,NA,oat,1.0078978552167,1.9026711409396,2014,6,51.78833013563213,14.633153659844483,51.78473842600005,14.62865791400003,51.79227673100007,14.639644059000034,404667.2361396508,Summer Oat,not reported,Mar,Jul,assigned,NA,3,7,2020-03-01,2020-07-01,13.100000095367433,23.020000076293947,17.652459025382996,1129.8077248247514,71.93496886018137,122,0.4570959975005131,0.8222335445674084,98.70440153163923,27.961801395447175,0,0.638450741767883,0.27035630600793,Forst Field,118,663,219,NA,2010,10,F_AF_r2_2020
2020,NA,NA,bristle oat,F_AF_r2_4m,4.34275039328789,1.68377643239449,forst1920,t/ha,4,Forst,51.7877300469086,14.6334298659355,NA,NA,poplar,normal,NA,NA,NA,NA,NA,NA,NA,NA,NA,NA,NA,NA,NA,NA,NA,F_AF_r2_4m_2020,NA,oat,1.68377643239449,4.34275039328789,2014,6,51.78833013563213,14.633153659844483,51.78473842600005,14.62865791400003,51.79227673100007,14.639644059000034,404667.2361396508,Summer Oat,not reported,Mar,Jul,assigned,NA,3,7,2020-03-01,2020-07-01,13.100000095367433,23.020000076293947,17.652459025382996,1129.8077248247514,71.93496886018137,122,0.4570959975005131,0.8222335445674084,98.70440153163923,27.961801395447175,0,0.638450741767883,0.27035630600793,Forst Field,118,663,219,NA,2010,10,F_AF_r2_2020
2020,NA,NA,bristle oat,F_AF_r2_7m,4.72728120516499,1.7942780227176,forst1920,t/ha,7,Forst,51.7877300469086,14.6334719957385,NA,NA,poplar,normal,NA,NA,NA,NA,NA,NA,NA,NA,NA,NA,NA,NA,NA,NA,NA,F_AF_r2_7m_2020,NA,oat,1.7942780227176,4.72728120516499,2014,6,51.78833013563213,14.633153659844483,51.78473842600005,14.62865791400003,51.79227673100007,14.639644059000034,404667.2361396508,Summer Oat,not reported,Mar,Jul,assigned,NA,3,7,2020-03-01,2020-07-01,13.100000095367433,23.020000076293947,17.652459025382996,1129.8077248247514,71.93496886018137,122,0.4570959975005131,0.8222335445674084,98.70440153163923,27.961801395447175,0,0.638450741767883,0.27035630600793,Forst Field,118,663,219,NA,2010,10,F_AF_r2_2020
2020,NA,NA,bristle oat,F_AF_r2_24m,3.07562574730969,1.83637226677634,forst1920,t/ha,24,Forst,51.7877300469086,14.6336918034066,NA,NA,poplar,normal,NA,NA,NA,NA,NA,NA,NA,NA,NA,NA,NA,NA,NA,NA,NA,F_AF_r2_24m_2020,NA,oat,1.83637226677634,3.07562574730969,2014,6,51.78833013563213,14.633153659844483,51.78473842600005,14.62865791400003,51.79227673100007,14.639644059000034,404667.2361396508,Summer Oat,not reported,Mar,Jul,assigned,NA,3,7,2020-03-01,2020-07-01,13.100000095367433,23.020000076293947,17.652459025382996,1129.8077248247514,71.93496886018137,122,0.4570959975005131,0.8222335445674084,98.70440153163923,27.961801395447175,0,0.638450741767883,0.27035630600793,Forst Field,118,663,219,NA,2010,10,F_AF_r2_2020
2020,NA,NA,bristle oat,F_AF_r3_1m,1.51987148102815,0.711279195628643,forst1920,t/ha,1,Forst,51.7866639797184,14.6339830485668,NA,NA,poplar,normal,NA,NA,NA,NA,NA,NA,NA,NA,NA,NA,NA,NA,NA,NA,NA,F_AF_r3_1m_2020,NA,oat,0.711279195628643,1.51987148102815,2014,6,51.78833013563213,14.633153659844483,51.78473842600005,14.62865791400003,51.79227673100007,14.639644059000034,404667.2361396508,Summer Oat,not reported,Mar,Jul,assigned,NA,3,7,2020-03-01,2020-07-01,13.100000095367433,23.020000076293947,17.652459025382996,1129.8077248247514,71.93496886018137,122,0.4570959975005131,0.8222335445674084,98.70440153163923,27.961801395447175,0,0.638450741767883,0.27035630600793,Forst Field,118,663,219,NA,2010,10,F_AF_r3_2020
2020,NA,NA,bristle oat,F_AF_r3_4m,3.43168986083499,1.76365944756031,forst1920,t/ha,4,Forst,51.7866639797184,14.6339427504944,NA,NA,poplar,normal,NA,NA,NA,NA,NA,NA,NA,NA,NA,NA,NA,NA,NA,NA,NA,F_AF_r3_4m_2020,NA,oat,1.76365944756031,3.43168986083499,2014,6,51.78833013563213,14.633153659844483,51.78473842600005,14.62865791400003,51.79227673100007,14.639644059000034,404667.2361396508,Summer Oat,not reported,Mar,Jul,assigned,NA,3,7,2020-03-01,2020-07-01,13.100000095367433,23.020000076293947,17.652459025382996,1129.8077248247514,71.93496886018137,122,0.4570959975005131,0.8222335445674084,98.70440153163923,27.961801395447175,0,0.638450741767883,0.27035630600793,Forst Field,118,663,219,NA,2010,10,F_AF_r3_2020
2020,NA,NA,bristle oat,F_AF_r3_7m,3.17519943019943,1.71408316378433,forst1920,t/ha,7,Forst,51.7866639797184,14.6339024524219,NA,NA,poplar,normal,NA,NA,NA,NA,NA,NA,NA,NA,NA,NA,NA,NA,NA,NA,NA,F_AF_r3_7m_2020,NA,oat,1.71408316378433,3.17519943019943,2014,6,51.78833013563213,14.633153659844483,51.78473842600005,14.62865791400003,51.79227673100007,14.639644059000034,404667.2361396508,Summer Oat,not reported,Mar,Jul,assigned,NA,3,7,2020-03-01,2020-07-01,13.100000095367433,23.020000076293947,17.652459025382996,1129.8077248247514,71.93496886018137,122,0.4570959975005131,0.8222335445674084,98.70440153163923,27.961801395447175,0,0.638450741767883,0.27035630600793,Forst Field,118,663,219,NA,2010,10,F_AF_r3_2020
2020,NA,NA,bristle oat,F_AF_r3_24m,4.86200851393189,2.38116741234003,forst1920,t/ha,24,Forst,51.7866639797184,14.6336863082149,NA,NA,poplar,normal,NA,NA,NA,NA,NA,NA,NA,NA,NA,NA,NA,NA,NA,NA,NA,F_AF_r3_24m_2020,NA,oat,2.38116741234003,4.86200851393189,2014,6,51.78833013563213,14.633153659844483,51.78473842600005,14.62865791400003,51.79227673100007,14.639644059000034,404667.2361396508,Summer Oat,not reported,Mar,Jul,assigned,NA,3,7,2020-03-01,2020-07-01,13.100000095367433,23.020000076293947,17.652459025382996,1129.8077248247514,71.93496886018137,122,0.4570959975005131,0.8222335445674084,98.70440153163923,27.961801395447175,0,0.638450741767883,0.27035630600793,Forst Field,118,663,219,NA,2010,10,F_AF_r3_2020
2020,NA,NA,bristle oat,F_AF_r4_1m,0.877778846153846,0.425474916753098,forst1920,t/ha,1,Forst,51.7860155470975,14.633986712028,NA,NA,poplar,normal,NA,NA,NA,NA,NA,NA,NA,NA,NA,NA,NA,NA,NA,NA,NA,F_AF_r4_1m_2020,NA,oat,0.425474916753098,0.877778846153846,2014,6,51.78833013563213,14.633153659844483,51.78473842600005,14.62865791400003,51.79227673100007,14.639644059000034,404667.2361396508,Summer Oat,not reported,Mar,Jul,assigned,NA,3,7,2020-03-01,2020-07-01,13.100000095367433,23.020000076293947,17.652459025382996,1129.8077248247514,71.93496886018137,122,0.4570959975005131,0.8222335445674084,98.70440153163923,27.961801395447175,0,0.638450741767883,0.27035630600793,Forst Field,118,663,219,NA,2010,10,F_AF_r4_2020
2020,NA,NA,bristle oat,F_AF_r4_4m,2.18925679423184,1.26083189361814,forst1920,t/ha,4,Forst,51.7860155470975,14.6339427504944,NA,NA,poplar,normal,NA,NA,NA,NA,NA,NA,NA,NA,NA,NA,NA,NA,NA,NA,NA,F_AF_r4_4m_2020,NA,oat,1.26083189361814,2.18925679423184,2014,6,51.78833013563213,14.633153659844483,51.78473842600005,14.62865791400003,51.79227673100007,14.639644059000034,404667.2361396508,Summer Oat,not reported,Mar,Jul,assigned,NA,3,7,2020-03-01,2020-07-01,13.100000095367433,23.020000076293947,17.652459025382996,1129.8077248247514,71.93496886018137,122,0.4570959975005131,0.8222335445674084,98.70440153163923,27.961801395447175,0,0.638450741767883,0.27035630600793,Forst Field,118,663,219,NA,2010,10,F_AF_r4_2020
2020,NA,NA,bristle oat,F_AF_r4_7m,2.29542233209724,1.2502215731694999,forst1920,t/ha,7,Forst,51.7860155470975,14.6338987889607,NA,NA,poplar,normal,NA,NA,NA,NA,NA,NA,NA,NA,NA,NA,NA,NA,NA,NA,NA,F_AF_r4_7m_2020,NA,oat,1.2502215731694999,2.29542233209724,2014,6,51.78833013563213,14.633153659844483,51.78473842600005,14.62865791400003,51.79227673100007,14.639644059000034,404667.2361396508,Summer Oat,not reported,Mar,Jul,assigned,NA,3,7,2020-03-01,2020-07-01,13.100000095367433,23.020000076293947,17.652459025382996,1129.8077248247514,71.93496886018137,122,0.4570959975005131,0.8222335445674084,98.70440153163923,27.961801395447175,0,0.638450741767883,0.27035630600793,Forst Field,118,663,219,NA,2010,10,F_AF_r4_2020
2020,NA,NA,bristle oat,F_AF_r4_24m,3.22811881188119,1.77704084674027,forst1920,t/ha,24,Forst,51.7860155470975,14.6336936351372,NA,NA,poplar,normal,NA,NA,NA,NA,NA,NA,NA,NA,NA,NA,NA,NA,NA,NA,NA,F_AF_r4_24m_2020,NA,oat,1.77704084674027,3.22811881188119,2014,6,51.78833013563213,14.633153659844483,51.78473842600005,14.62865791400003,51.79227673100007,14.639644059000034,404667.2361396508,Summer Oat,not reported,Mar,Jul,assigned,NA,3,7,2020-03-01,2020-07-01,13.100000095367433,23.020000076293947,17.652459025382996,1129.8077248247514,71.93496886018137,122,0.4570959975005131,0.8222335445674084,98.70440153163923,27.961801395447175,0,0.638450741767883,0.27035630600793,Forst Field,118,663,219,NA,2010,10,F_AF_r4_2020
2021,NA,NA,wheat,1a-i,1225,324,gladbacherhof21,g/m2,4.5,Gladbacherhof,50.3966093294129,8.2525293122673,NA,NA,mixed,normal,1,1,A,4.4,low,0.36,down,high,3.24,Slopping slopes,9.9226522446,North West,no,446873.2238,5582996.064,1a-i_4.5m_2021,NA,wheat,3.24,12.25,2019,2,50.397516060664785,8.252963414092118,50.39596819800005,8.251203970000063,50.39956418700007,8.25473699400004,32700.065850709012,Winter Wheat,no fertilization,Oct,Jul,assigned,https://doi.org/10.1007/s10457-023-00871-x,10,7,2020-10-01,2021-07-01,8.707720732688903,12.27540056705475,54.2024382352829,472.33154038650457,66.81635613464485,158,0.5605900135418238,0.9590927925831696,98.1773115546328,38.759170901197415,1.427382946014404,2.495357990264893,2.019402384757996,Gladbacherhof Field,252,180,567,0,2020,1,1a-i_2021
2021,NA,NA,wheat,1a-I,1860,442,gladbacherhof21,g/m2,4.5,Gladbacherhof,50.3966255323632,8.2526962265835,NA,NA,mixed,normal,2,1,A,7,high,0.76,up,high,4.42,Slopping slopes,7.0325961113,North West,no,446885.1052,5582997.746,1a-I_4.5m_2021,NA,wheat,4.42,18.6,2019,2,50.397516060664785,8.252963414092118,50.39596819800005,8.251203970000063,50.39956418700007,8.25473699400004,32700.065850709012,Winter Wheat,no fertilization,Oct,Jul,assigned,https://doi.org/10.1007/s10457-023-00871-x,10,7,2020-10-01,2021-07-01,8.707720732688903,12.27540056705475,54.2024382352829,472.33154038650457,66.81635613464485,158,0.5605900135418238,0.9590927925831696,98.1773115546328,38.759170901197415,1.427382946014404,2.495357990264893,2.019402384757996,Gladbacherhof Field,252,180,567,0,2020,1,1a-I_2021
2021,NA,NA,wheat,1a-ii,1097,289,gladbacherhof21,g/m2,9,Gladbacherhof,50.396603253245,8.25246671942872,NA,NA,mixed,normal,3,1,A,4.7,low,0.68,down,high,2.89,Strongly slopping slopes,12.292032242,North West,no,446868.7682,5582995.433,1a-ii_9m_2021,NA,wheat,2.89,10.97,2019,2,50.397516060664785,8.252963414092118,50.39596819800005,8.251203970000063,50.39956418700007,8.25473699400004,32700.065850709012,Winter Wheat,no fertilization,Oct,Jul,assigned,https://doi.org/10.1007/s10457-023-00871-x,10,7,2020-10-01,2021-07-01,8.707720732688903,12.27540056705475,54.2024382352829,472.33154038650457,66.81635613464485,158,0.5605900135418238,0.9590927925831696,98.1773115546328,38.759170901197415,1.427382946014404,2.495357990264893,2.019402384757996,Gladbacherhof Field,252,180,567,0,2020,1,1a-ii_2021
2021,NA,NA,wheat,1a-II,1966,487,gladbacherhof21,g/m2,9,Gladbacherhof,50.3966316084078,8.25275881948206,NA,NA,mixed,normal,4,1,A,6.9,high,0.73,up,high,4.87,Sloppy slopes,5.8294825554,North West,no,446889.5608,5582998.377,1a-II_9m_2021,NA,wheat,4.87,19.66,2019,2,50.397516060664785,8.252963414092118,50.39596819800005,8.251203970000063,50.39956418700007,8.25473699400004,32700.065850709012,Winter Wheat,no fertilization,Oct,Jul,assigned,https://doi.org/10.1007/s10457-023-00871-x,10,7,2020-10-01,2021-07-01,8.707720732688903,12.27540056705475,54.2024382352829,472.33154038650457,66.81635613464485,158,0.5605900135418238,0.9590927925831696,98.1773115546328,38.759170901197415,1.427382946014404,2.495357990264893,2.019402384757996,Gladbacherhof Field,252,180,567,0,2020,1,1a-II_2021
2021,NA,NA,wheat,1a-iv,668,169,gladbacherhof21,g/m2,1,Gladbacherhof,50.3966140552981,8.25257799559751,NA,NA,mixed,normal,5,1,A,5,low,0.58,down,high,1.69,Strongly slopping slopes,10.82151413,North West,no,446876.6892,5582996.555,1a-iv_1m_2021,NA,wheat,1.69,6.68,2019,2,50.397516060664785,8.252963414092118,50.39596819800005,8.251203970000063,50.39956418700007,8.25473699400004,32700.065850709012,Winter Wheat,no fertilization,Oct,Jul,assigned,https://doi.org/10.1007/s10457-023-00871-x,10,7,2020-10-01,2021-07-01,8.707720732688903,12.27540056705475,54.2024382352829,472.33154038650457,66.81635613464485,158,0.5605900135418238,0.9590927925831696,98.1773115546328,38.759170901197415,1.427382946014404,2.495357990264893,2.019402384757996,Gladbacherhof Field,252,180,567,0,2020,1,1a-iv_2021
2021,NA,NA,wheat,1a-IV,1732,437,gladbacherhof21,g/m2,1,Gladbacherhof,50.3966208065274,8.25264754322926,NA,NA,mixed,normal,6,1,A,6.5,high,0.76,up,high,4.37,Slopping slopes,8.2679233551,North West,no,446881.6398,5582997.256,1a-IV_1m_2021,NA,wheat,4.37,17.32,2019,2,50.397516060664785,8.252963414092118,50.39596819800005,8.251203970000063,50.39956418700007,8.25473699400004,32700.065850709012,Winter Wheat,no fertilization,Oct,Jul,assigned,https://doi.org/10.1007/s10457-023-00871-x,10,7,2020-10-01,2021-07-01,8.707720732688903,12.27540056705475,54.2024382352829,472.33154038650457,66.81635613464485,158,0.5605900135418238,0.9590927925831696,98.1773115546328,38.759170901197415,1.427382946014404,2.495357990264893,2.019402384757996,Gladbacherhof Field,252,180,567,0,2020,1,1a-IV_2021
2021,NA,NA,wheat,1b-i,1568,445,gladbacherhof21,g/m2,4.5,Gladbacherhof,50.3968516903462,8.2524717319202,NA,NA,mixed,normal,7,1,B,5.1,low,0.75,down,high,4.45,Strongly slopping slopes,12.879422188,South West,yes,446869.4022,5583023.053,1b-i_4.5m_2021,NA,wheat,4.45,15.68,2019,2,50.397516060664785,8.252963414092118,50.39596819800005,8.251203970000063,50.39956418700007,8.25473699400004,32700.065850709012,Winter Wheat,no fertilization,Oct,Jul,assigned,https://doi.org/10.1007/s10457-023-00871-x,10,7,2020-10-01,2021-07-01,8.707720732688903,12.27540056705475,54.2024382352829,472.33154038650457,66.81635613464485,158,0.5605900135418238,0.9590927925831696,98.1773115546328,38.759170901197415,1.427382946014404,2.495357990264893,2.019402384757996,Gladbacherhof Field,252,180,567,0,2020,1,1b-i_2021
2021,NA,NA,wheat,1b-I,1658,463,gladbacherhof21,g/m2,4.5,Gladbacherhof,50.3968678935685,8.25263864702176,NA,NA,mixed,normal,8,1,B,5.7,low,0.8,up,high,4.63,Slopping slopes,8.6905508041,South West,yes,446881.2836,5583024.736,1b-I_4.5m_2021,NA,wheat,4.63,16.580000000000002,2019,2,50.397516060664785,8.252963414092118,50.39596819800005,8.251203970000063,50.39956418700007,8.25473699400004,32700.065850709012,Winter Wheat,no fertilization,Oct,Jul,assigned,https://doi.org/10.1007/s10457-023-00871-x,10,7,2020-10-01,2021-07-01,8.707720732688903,12.27540056705475,54.2024382352829,472.33154038650457,66.81635613464485,158,0.5605900135418238,0.9590927925831696,98.1773115546328,38.759170901197415,1.427382946014404,2.495357990264893,2.019402384757996,Gladbacherhof Field,252,180,567,0,2020,1,1b-I_2021
2021,NA,NA,wheat,1b-ii,1561,365,gladbacherhof21,g/m2,9,Gladbacherhof,50.3968456140762,8.25240913878711,NA,NA,mixed,normal,9,1,B,4.9,low,0.72,down,high,3.65,Strongly slopping slopes,11.34209919,South West,yes,446864.9466,5583022.422,1b-ii_9m_2021,NA,wheat,3.65,15.61,2019,2,50.397516060664785,8.252963414092118,50.39596819800005,8.251203970000063,50.39956418700007,8.25473699400004,32700.065850709012,Winter Wheat,no fertilization,Oct,Jul,assigned,https://doi.org/10.1007/s10457-023-00871-x,10,7,2020-10-01,2021-07-01,8.707720732688903,12.27540056705475,54.2024382352829,472.33154038650457,66.81635613464485,158,0.5605900135418238,0.9590927925831696,98.1773115546328,38.759170901197415,1.427382946014404,2.495357990264893,2.019402384757996,Gladbacherhof Field,252,180,567,0,2020,1,1b-ii_2021
2021,NA,NA,wheat,1b-II,1604,459,gladbacherhof21,g/m2,9,Gladbacherhof,50.3968739697153,8.25270124021484,NA,NA,mixed,normal,10,1,B,6.3,high,0.79,up,high,4.59,Slopping slopes,7.4271550179,South West,yes,446885.7392,5583025.367,1b-II_9m_2021,NA,wheat,4.59,16.04,2019,2,50.397516060664785,8.252963414092118,50.39596819800005,8.251203970000063,50.39956418700007,8.25473699400004,32700.065850709012,Winter Wheat,no fertilization,Oct,Jul,assigned,https://doi.org/10.1007/s10457-023-00871-x,10,7,2020-10-01,2021-07-01,8.707720732688903,12.27540056705475,54.2024382352829,472.33154038650457,66.81635613464485,158,0.5605900135418238,0.9590927925831696,98.1773115546328,38.759170901197415,1.427382946014404,2.495357990264893,2.019402384757996,Gladbacherhof Field,252,180,567,0,2020,1,1b-II_2021
2021,NA,NA,wheat,1b-iv,920,224,gladbacherhof21,g/m2,1,Gladbacherhof,50.3968564163107,8.25252041547947,NA,NA,mixed,normal,11,1,B,5.2,low,0.66,down,high,2.24,Slopping slopes,9.7462282181,South West,yes,446872.8676,5583023.544,1b-iv_1m_2021,NA,wheat,2.24,9.2,2019,2,50.397516060664785,8.252963414092118,50.39596819800005,8.251203970000063,50.39956418700007,8.25473699400004,32700.065850709012,Winter Wheat,no fertilization,Oct,Jul,assigned,https://doi.org/10.1007/s10457-023-00871-x,10,7,2020-10-01,2021-07-01,8.707720732688903,12.27540056705475,54.2024382352829,472.33154038650457,66.81635613464485,158,0.5605900135418238,0.9590927925831696,98.1773115546328,38.759170901197415,1.427382946014404,2.495357990264893,2.019402384757996,Gladbacherhof Field,252,180,567,0,2020,1,1b-iv_2021
2021,NA,NA,wheat,1b-IV,1613,407,gladbacherhof21,g/m2,1,Gladbacherhof,50.3968631676534,8.25258996343846,NA,NA,mixed,normal,12,1,B,5.5,low,0.8,up,high,4.07,Strongly slopping slopes,10.50985527,South West,yes,446877.8182,5583024.245,1b-IV_1m_2021,NA,wheat,4.07,16.13,2019,2,50.397516060664785,8.252963414092118,50.39596819800005,8.251203970000063,50.39956418700007,8.25473699400004,32700.065850709012,Winter Wheat,no fertilization,Oct,Jul,assigned,https://doi.org/10.1007/s10457-023-00871-x,10,7,2020-10-01,2021-07-01,8.707720732688903,12.27540056705475,54.2024382352829,472.33154038650457,66.81635613464485,158,0.5605900135418238,0.9590927925831696,98.1773115546328,38.759170901197415,1.427382946014404,2.495357990264893,2.019402384757996,Gladbacherhof Field,252,180,567,0,2020,1,1b-IV_2021
2021,NA,NA,wheat,1c-i,1793,477,gladbacherhof21,g/m2,4.5,Gladbacherhof,50.3973092896658,8.25236301080292,NA,NA,mixed,normal,13,1,C,7.2,high,0.79,down,high,4.77,Slopping slopes,7.5970125198,South West,yes,446862.1865,5583074.012,1c-i_4.5m_2021,NA,wheat,4.7700000000000005,17.93,2019,2,50.397516060664785,8.252963414092118,50.39596819800005,8.251203970000063,50.39956418700007,8.25473699400004,32700.065850709012,Winter Wheat,no fertilization,Oct,Jul,assigned,https://doi.org/10.1007/s10457-023-00871-x,10,7,2020-10-01,2021-07-01,8.707720732688903,12.27540056705475,54.2024382352829,472.33154038650457,66.81635613464485,158,0.5605900135418238,0.9590927925831696,98.1773115546328,38.759170901197415,1.427382946014404,2.495357990264893,2.019402384757996,Gladbacherhof Field,252,180,567,0,2020,1,1c-i_2021
2021,NA,NA,wheat,1c-I,2044,534,gladbacherhof21,g/m2,4.5,Gladbacherhof,50.3973254931872,8.25252992743837,NA,NA,mixed,normal,14,1,C,6.4,high,0.69,up,high,5.34,Strongly slopping slopes,10.449841499,South West,yes,446874.0679,5583075.694,1c-I_4.5m_2021,NA,wheat,5.34,20.44,2019,2,50.397516060664785,8.252963414092118,50.39596819800005,8.251203970000063,50.39956418700007,8.25473699400004,32700.065850709012,Winter Wheat,no fertilization,Oct,Jul,assigned,https://doi.org/10.1007/s10457-023-00871-x,10,7,2020-10-01,2021-07-01,8.707720732688903,12.27540056705475,54.2024382352829,472.33154038650457,66.81635613464485,158,0.5605900135418238,0.9590927925831696,98.1773115546328,38.759170901197415,1.427382946014404,2.495357990264893,2.019402384757996,Gladbacherhof Field,252,180,567,0,2020,1,1c-I_2021
2021,NA,NA,wheat,1c-ii,1474,319,gladbacherhof21,g/m2,9,Gladbacherhof,50.3973032132836,8.25230041709461,NA,NA,mixed,normal,15,1,C,7.2,high,0.78,down,high,3.19,Gentle slopes,4.9682736397,South West,no,446857.7309,5583073.381,1c-ii_9m_2021,NA,wheat,3.19,14.74,2019,2,50.397516060664785,8.252963414092118,50.39596819800005,8.251203970000063,50.39956418700007,8.25473699400004,32700.065850709012,Winter Wheat,no fertilization,Oct,Jul,assigned,https://doi.org/10.1007/s10457-023-00871-x,10,7,2020-10-01,2021-07-01,8.707720732688903,12.27540056705475,54.2024382352829,472.33154038650457,66.81635613464485,158,0.5605900135418238,0.9590927925831696,98.1773115546328,38.759170901197415,1.427382946014404,2.495357990264893,2.019402384757996,Gladbacherhof Field,252,180,567,0,2020,1,1c-ii_2021
2021,NA,NA,wheat,1c-II,1428,380,gladbacherhof21,g/m2,9,Gladbacherhof,50.3973315694461,8.25259252120666,NA,NA,mixed,normal,16,1,C,6.1,high,0.63,up,high,3.8,Strongly slopping slopes,10.032913208,South West,no,446878.5235,5583076.325,1c-II_9m_2021,NA,wheat,3.8,14.28,2019,2,50.397516060664785,8.252963414092118,50.39596819800005,8.251203970000063,50.39956418700007,8.25473699400004,32700.065850709012,Winter Wheat,no fertilization,Oct,Jul,assigned,https://doi.org/10.1007/s10457-023-00871-x,10,7,2020-10-01,2021-07-01,8.707720732688903,12.27540056705475,54.2024382352829,472.33154038650457,66.81635613464485,158,0.5605900135418238,0.9590927925831696,98.1773115546328,38.759170901197415,1.427382946014404,2.495357990264893,2.019402384757996,Gladbacherhof Field,252,180,567,0,2020,1,1c-II_2021
2021,NA,NA,wheat,1c-iv,960,229,gladbacherhof21,g/m2,1,Gladbacherhof,50.3973140157176,8.25241169480957,NA,NA,mixed,normal,17,1,C,7,high,0.74,down,high,2.29,Slopping slopes,9.3353948593,South West,yes,446865.6519,5583074.502,1c-iv_1m_2021,NA,wheat,2.29,9.6,2019,2,50.397516060664785,8.252963414092118,50.39596819800005,8.251203970000063,50.39956418700007,8.25473699400004,32700.065850709012,Winter Wheat,no fertilization,Oct,Jul,assigned,https://doi.org/10.1007/s10457-023-00871-x,10,7,2020-10-01,2021-07-01,8.707720732688903,12.27540056705475,54.2024382352829,472.33154038650457,66.81635613464485,158,0.5605900135418238,0.9590927925831696,98.1773115546328,38.759170901197415,1.427382946014404,2.495357990264893,2.019402384757996,Gladbacherhof Field,252,180,567,0,2020,1,1c-iv_2021
2021,NA,NA,wheat,1c-IV,1850,487,gladbacherhof21,g/m2,1,Gladbacherhof,50.3973207671848,8.25248124340768,NA,NA,mixed,normal,18,1,C,6.7,high,0.78,up,high,4.87,Slopping slopes,9.2474184036,South West,yes,446870.6025,5583075.203,1c-IV_1m_2021,NA,wheat,4.87,18.5,2019,2,50.397516060664785,8.252963414092118,50.39596819800005,8.251203970000063,50.39956418700007,8.25473699400004,32700.065850709012,Winter Wheat,no fertilization,Oct,Jul,assigned,https://doi.org/10.1007/s10457-023-00871-x,10,7,2020-10-01,2021-07-01,8.707720732688903,12.27540056705475,54.2024382352829,472.33154038650457,66.81635613464485,158,0.5605900135418238,0.9590927925831696,98.1773115546328,38.759170901197415,1.427382946014404,2.495357990264893,2.019402384757996,Gladbacherhof Field,252,180,567,0,2020,1,1c-IV_2021
2021,NA,NA,wheat,1d-i,1785,424,gladbacherhof21,g/m2,4.5,Gladbacherhof,50.3975538596328,8.25230490284226,NA,NA,mixed,normal,19,1,D,4.8,low,0.48,down,high,4.24,Strongly slopping slopes,11.146220207,South West,yes,446858.33,5583101.247,1d-i_4.5m_2021,NA,wheat,4.24,17.85,2019,2,50.397516060664785,8.252963414092118,50.39596819800005,8.251203970000063,50.39956418700007,8.25473699400004,32700.065850709012,Winter Wheat,no fertilization,Oct,Jul,assigned,https://doi.org/10.1007/s10457-023-00871-x,10,7,2020-10-01,2021-07-01,8.707720732688903,12.27540056705475,54.2024382352829,472.33154038650457,66.81635613464485,158,0.5605900135418238,0.9590927925831696,98.1773115546328,38.759170901197415,1.427382946014404,2.495357990264893,2.019402384757996,Gladbacherhof Field,252,180,567,0,2020,1,1d-i_2021
2021,NA,NA,wheat,1d-I,1436,400,gladbacherhof21,g/m2,4.5,Gladbacherhof,50.3975700631916,8.25247182032666,NA,NA,mixed,normal,20,1,D,5,low,0.59,up,high,4,Slopping slopes,9.7968797684,South West,no,446870.2114,5583102.929,1d-I_4.5m_2021,NA,wheat,4,14.36,2019,2,50.397516060664785,8.252963414092118,50.39596819800005,8.251203970000063,50.39956418700007,8.25473699400004,32700.065850709012,Winter Wheat,no fertilization,Oct,Jul,assigned,https://doi.org/10.1007/s10457-023-00871-x,10,7,2020-10-01,2021-07-01,8.707720732688903,12.27540056705475,54.2024382352829,472.33154038650457,66.81635613464485,158,0.5605900135418238,0.9590927925831696,98.1773115546328,38.759170901197415,1.427382946014404,2.495357990264893,2.019402384757996,Gladbacherhof Field,252,180,567,0,2020,1,1d-I_2021
2021,NA,NA,wheat,1d-ii,1619,344,gladbacherhof21,g/m2,9,Gladbacherhof,50.3975477832367,8.2522423088156,NA,NA,mixed,normal,21,1,D,4.9,low,0.51,down,high,3.44,Strongly slopping slopes,10.594946861,South West,yes,446853.8744,5583100.616,1d-ii_9m_2021,NA,wheat,3.44,16.19,2019,2,50.397516060664785,8.252963414092118,50.39596819800005,8.251203970000063,50.39956418700007,8.25473699400004,32700.065850709012,Winter Wheat,no fertilization,Oct,Jul,assigned,https://doi.org/10.1007/s10457-023-00871-x,10,7,2020-10-01,2021-07-01,8.707720732688903,12.27540056705475,54.2024382352829,472.33154038650457,66.81635613464485,158,0.5605900135418238,0.9590927925831696,98.1773115546328,38.759170901197415,1.427382946014404,2.495357990264893,2.019402384757996,Gladbacherhof Field,252,180,567,0,2020,1,1d-ii_2021
2021,NA,NA,wheat,1d-II,933,230,gladbacherhof21,g/m2,9,Gladbacherhof,50.3975761394645,8.2525344144133,NA,NA,mixed,normal,22,1,D,5.4,low,0.43,up,high,2.3,Slopping slopes,7.2200212479,South West,no,446874.667,5583103.56,1d-II_9m_2021,NA,wheat,2.3000000000000003,9.33,2019,2,50.397516060664785,8.252963414092118,50.39596819800005,8.251203970000063,50.39956418700007,8.25473699400004,32700.065850709012,Winter Wheat,no fertilization,Oct,Jul,assigned,https://doi.org/10.1007/s10457-023-00871-x,10,7,2020-10-01,2021-07-01,8.707720732688903,12.27540056705475,54.2024382352829,472.33154038650457,66.81635613464485,158,0.5605900135418238,0.9590927925831696,98.1773115546328,38.759170901197415,1.427382946014404,2.495357990264893,2.019402384757996,Gladbacherhof Field,252,180,567,0,2020,1,1d-II_2021
2021,NA,NA,wheat,1d-iv,1341,277,gladbacherhof21,g/m2,1,Gladbacherhof,50.3975585856955,8.25235358709653,NA,NA,mixed,normal,23,1,D,4.9,low,0.45,down,high,2.77,Slopping slopes,9.9778690338,South West,no,446861.7954,5583101.738,1d-iv_1m_2021,NA,wheat,2.77,13.41,2019,2,50.397516060664785,8.252963414092118,50.39596819800005,8.251203970000063,50.39956418700007,8.25473699400004,32700.065850709012,Winter Wheat,no fertilization,Oct,Jul,assigned,https://doi.org/10.1007/s10457-023-00871-x,10,7,2020-10-01,2021-07-01,8.707720732688903,12.27540056705475,54.2024382352829,472.33154038650457,66.81635613464485,158,0.5605900135418238,0.9590927925831696,98.1773115546328,38.759170901197415,1.427382946014404,2.495357990264893,2.019402384757996,Gladbacherhof Field,252,180,567,0,2020,1,1d-iv_2021
2021,NA,NA,wheat,1d-IV,1986,522,gladbacherhof21,g/m2,1,Gladbacherhof,50.3975653371783,8.25242313604836,NA,NA,mixed,normal,24,1,D,4.9,low,0.62,up,high,5.22,Slopping slopes,9.8409442902,South West,no,446866.746,5583102.439,1d-IV_1m_2021,NA,wheat,5.22,19.86,2019,2,50.397516060664785,8.252963414092118,50.39596819800005,8.251203970000063,50.39956418700007,8.25473699400004,32700.065850709012,Winter Wheat,no fertilization,Oct,Jul,assigned,https://doi.org/10.1007/s10457-023-00871-x,10,7,2020-10-01,2021-07-01,8.707720732688903,12.27540056705475,54.2024382352829,472.33154038650457,66.81635613464485,158,0.5605900135418238,0.9590927925831696,98.1773115546328,38.759170901197415,1.427382946014404,2.495357990264893,2.019402384757996,Gladbacherhof Field,252,180,567,0,2020,1,1d-IV_2021
2021,NA,NA,wheat,2a-i,2015,573,gladbacherhof21,g/m2,4.5,Gladbacherhof,50.3967856916059,8.25278597605444,NA,NA,mixed,normal,25,2,A,7.1,high,0.8,down,high,5.73,Gentle slopes,4.9334936142,North West,no,446891.6631,5583015.49,2a-i_4.5m_2021,NA,wheat,5.73,20.15,2019,2,50.397516060664785,8.252963414092118,50.39596819800005,8.251203970000063,50.39956418700007,8.25473699400004,32700.065850709012,Winter Wheat,no fertilization,Oct,Jul,assigned,https://doi.org/10.1007/s10457-023-00871-x,10,7,2020-10-01,2021-07-01,8.707720732688903,12.27540056705475,54.2024382352829,472.33154038650457,66.81635613464485,158,0.5605900135418238,0.9590927925831696,98.1773115546328,38.759170901197415,1.427382946014404,2.495357990264893,2.019402384757996,Gladbacherhof Field,252,180,567,0,2020,1,2a-i_2021
2021,NA,NA,wheat,2a-I,1617,413,gladbacherhof21,g/m2,4.5,Gladbacherhof,50.3968018993872,8.25295288984599,NA,NA,mixed,normal,26,2,A,6.8,high,0.79,up,high,4.13,Sloppy slopes,5.3696322441,South West,no,446903.5445,5583017.173,2a-I_4.5m_2021,NA,wheat,4.13,16.17,2019,2,50.397516060664785,8.252963414092118,50.39596819800005,8.251203970000063,50.39956418700007,8.25473699400004,32700.065850709012,Winter Wheat,no fertilization,Oct,Jul,assigned,https://doi.org/10.1007/s10457-023-00871-x,10,7,2020-10-01,2021-07-01,8.707720732688903,12.27540056705475,54.2024382352829,472.33154038650457,66.81635613464485,158,0.5605900135418238,0.9590927925831696,98.1773115546328,38.759170901197415,1.427382946014404,2.495357990264893,2.019402384757996,Gladbacherhof Field,252,180,567,0,2020,1,2a-I_2021
2021,NA,NA,wheat,2a-ii,1398,353,gladbacherhof21,g/m2,9,Gladbacherhof,50.3967796136263,8.2527233834126,NA,NA,mixed,normal,27,2,A,6.4,high,0.77,down,high,3.53,Sloppy slopes,6.8026909828,North West,no,446887.2076,5583014.859,2a-ii_9m_2021,NA,wheat,3.53,13.98,2019,2,50.397516060664785,8.252963414092118,50.39596819800005,8.251203970000063,50.39956418700007,8.25473699400004,32700.065850709012,Winter Wheat,no fertilization,Oct,Jul,assigned,https://doi.org/10.1007/s10457-023-00871-x,10,7,2020-10-01,2021-07-01,8.707720732688903,12.27540056705475,54.2024382352829,472.33154038650457,66.81635613464485,158,0.5605900135418238,0.9590927925831696,98.1773115546328,38.759170901197415,1.427382946014404,2.495357990264893,2.019402384757996,Gladbacherhof Field,252,180,567,0,2020,1,2a-ii_2021
2021,NA,NA,wheat,2a-II,1787,399,gladbacherhof21,g/m2,9,Gladbacherhof,50.3968079772435,8.25301548254782,NA,NA,mixed,normal,28,2,A,6.7,high,0.8,up,high,3.99,Gentle slopes,4.6336450577,North West,no,446908,5583017.804,2a-II_9m_2021,NA,wheat,3.99,17.87,2019,2,50.397516060664785,8.252963414092118,50.39596819800005,8.251203970000063,50.39956418700007,8.25473699400004,32700.065850709012,Winter Wheat,no fertilization,Oct,Jul,assigned,https://doi.org/10.1007/s10457-023-00871-x,10,7,2020-10-01,2021-07-01,8.707720732688903,12.27540056705475,54.2024382352829,472.33154038650457,66.81635613464485,158,0.5605900135418238,0.9590927925831696,98.1773115546328,38.759170901197415,1.427382946014404,2.495357990264893,2.019402384757996,Gladbacherhof Field,252,180,567,0,2020,1,2a-II_2021
2021,NA,NA,wheat,2a-iv,1647,431,gladbacherhof21,g/m2,1,Gladbacherhof,50.3967904189001,8.25283465923162,NA,NA,mixed,normal,29,2,A,7,high,0.77,down,high,4.31,Gentle slopes,4.4181203842,North West,no,446895.1285,5583015.981,2a-iv_1m_2021,NA,wheat,4.3100000000000005,16.47,2019,2,50.397516060664785,8.252963414092118,50.39596819800005,8.251203970000063,50.39956418700007,8.25473699400004,32700.065850709012,Winter Wheat,no fertilization,Oct,Jul,assigned,https://doi.org/10.1007/s10457-023-00871-x,10,7,2020-10-01,2021-07-01,8.707720732688903,12.27540056705475,54.2024382352829,472.33154038650457,66.81635613464485,158,0.5605900135418238,0.9590927925831696,98.1773115546328,38.759170901197415,1.427382946014404,2.495357990264893,2.019402384757996,Gladbacherhof Field,252,180,567,0,2020,1,2a-iv_2021
2021,NA,NA,wheat,2a-IV,1702,438,gladbacherhof21,g/m2,1,Gladbacherhof,50.3967971721423,8.25290420664476,NA,NA,mixed,normal,30,2,A,6.9,high,0.79,up,high,4.38,Sloppy slopes,5.274725914,South West,no,446900.0791,5583016.682,2a-IV_1m_2021,NA,wheat,4.38,17.02,2019,2,50.397516060664785,8.252963414092118,50.39596819800005,8.251203970000063,50.39956418700007,8.25473699400004,32700.065850709012,Winter Wheat,no fertilization,Oct,Jul,assigned,https://doi.org/10.1007/s10457-023-00871-x,10,7,2020-10-01,2021-07-01,8.707720732688903,12.27540056705475,54.2024382352829,472.33154038650457,66.81635613464485,158,0.5605900135418238,0.9590927925831696,98.1773115546328,38.759170901197415,1.427382946014404,2.495357990264893,2.019402384757996,Gladbacherhof Field,252,180,567,0,2020,1,2a-IV_2021
2021,NA,NA,wheat,2b-i,1643,464,gladbacherhof21,g/m2,4.5,Gladbacherhof,50.397146496395,8.25269979698202,NA,NA,mixed,normal,31,2,B,6.5,high,0.68,down,high,4.64,Sloppy slopes,6.5327391624,South West,no,446885.9412,5583055.67,2b-i_4.5m_2021,NA,wheat,4.64,16.43,2019,2,50.397516060664785,8.252963414092118,50.39596819800005,8.251203970000063,50.39956418700007,8.25473699400004,32700.065850709012,Winter Wheat,no fertilization,Oct,Jul,assigned,https://doi.org/10.1007/s10457-023-00871-x,10,7,2020-10-01,2021-07-01,8.707720732688903,12.27540056705475,54.2024382352829,472.33154038650457,66.81635613464485,158,0.5605900135418238,0.9590927925831696,98.1773115546328,38.759170901197415,1.427382946014404,2.495357990264893,2.019402384757996,Gladbacherhof Field,252,180,567,0,2020,1,2b-i_2021
2021,NA,NA,wheat,2b-I,1005,232,gladbacherhof21,g/m2,4.5,Gladbacherhof,50.3971627400075,8.25286670351404,NA,NA,mixed,normal,32,2,B,5.5,low,0.79,up,high,2.32,Slopping slopes,8.0487632751,South West,no,446897.822,5583057.357,2b-I_4.5m_2021,NA,wheat,2.32,10.05,2019,2,50.397516060664785,8.252963414092118,50.39596819800005,8.251203970000063,50.39956418700007,8.25473699400004,32700.065850709012,Winter Wheat,no fertilization,Oct,Jul,assigned,https://doi.org/10.1007/s10457-023-00871-x,10,7,2020-10-01,2021-07-01,8.707720732688903,12.27540056705475,54.2024382352829,472.33154038650457,66.81635613464485,158,0.5605900135418238,0.9590927925831696,98.1773115546328,38.759170901197415,1.427382946014404,2.495357990264893,2.019402384757996,Gladbacherhof Field,252,180,567,0,2020,1,2b-I_2021
2021,NA,NA,wheat,2b-ii,1149,295,gladbacherhof21,g/m2,9,Gladbacherhof,50.3971404049787,8.25263720706257,NA,NA,mixed,normal,33,2,B,6.6,high,0.75,down,high,2.95,Slopping slopes,7.2249846458,South West,no,446881.4858,5583055.037,2b-ii_9m_2021,NA,wheat,2.95,11.49,2019,2,50.397516060664785,8.252963414092118,50.39596819800005,8.251203970000063,50.39956418700007,8.25473699400004,32700.065850709012,Winter Wheat,no fertilization,Oct,Jul,assigned,https://doi.org/10.1007/s10457-023-00871-x,10,7,2020-10-01,2021-07-01,8.707720732688903,12.27540056705475,54.2024382352829,472.33154038650457,66.81635613464485,158,0.5605900135418238,0.9590927925831696,98.1773115546328,38.759170901197415,1.427382946014404,2.495357990264893,2.019402384757996,Gladbacherhof Field,252,180,567,0,2020,1,2b-ii_2021
2021,NA,NA,wheat,2b-II,959,263,gladbacherhof21,g/m2,9,Gladbacherhof,50.3971688313005,8.25292929349362,NA,NA,mixed,normal,34,2,B,5.7,low,0.69,up,high,2.63,Slopping slopes,8.3633432388,South West,no,446902.2773,5583057.99,2b-II_9m_2021,NA,wheat,2.63,9.59,2019,2,50.397516060664785,8.252963414092118,50.39596819800005,8.251203970000063,50.39956418700007,8.25473699400004,32700.065850709012,Winter Wheat,no fertilization,Oct,Jul,assigned,https://doi.org/10.1007/s10457-023-00871-x,10,7,2020-10-01,2021-07-01,8.707720732688903,12.27540056705475,54.2024382352829,472.33154038650457,66.81635613464485,158,0.5605900135418238,0.9590927925831696,98.1773115546328,38.759170901197415,1.427382946014404,2.495357990264893,2.019402384757996,Gladbacherhof Field,252,180,567,0,2020,1,2b-II_2021
2021,NA,NA,wheat,2b-iv,801,207,gladbacherhof21,g/m2,1,Gladbacherhof,50.39715123414,8.25274847804182,NA,NA,mixed,normal,35,2,B,6.4,high,0.68,down,high,2.07,Slopping slopes,8.0941877365,South West,no,446889.4064,5583056.162,2b-iv_1m_2021,NA,wheat,2.07,8.01,2019,2,50.397516060664785,8.252963414092118,50.39596819800005,8.251203970000063,50.39956418700007,8.25473699400004,32700.065850709012,Winter Wheat,no fertilization,Oct,Jul,assigned,https://doi.org/10.1007/s10457-023-00871-x,10,7,2020-10-01,2021-07-01,8.707720732688903,12.27540056705475,54.2024382352829,472.33154038650457,66.81635613464485,158,0.5605900135418238,0.9590927925831696,98.1773115546328,38.759170901197415,1.427382946014404,2.495357990264893,2.019402384757996,Gladbacherhof Field,252,180,567,0,2020,1,2b-iv_2021
2021,NA,NA,wheat,2b-IV,1066,253,gladbacherhof21,g/m2,1,Gladbacherhof,50.3971580023119,8.25281802243016,NA,NA,mixed,normal,36,2,B,5.7,low,0.74,up,high,2.53,Slopping slopes,7.5918841362,South West,no,446894.3567,5583056.865,2b-IV_1m_2021,NA,wheat,2.53,10.66,2019,2,50.397516060664785,8.252963414092118,50.39596819800005,8.251203970000063,50.39956418700007,8.25473699400004,32700.065850709012,Winter Wheat,no fertilization,Oct,Jul,assigned,https://doi.org/10.1007/s10457-023-00871-x,10,7,2020-10-01,2021-07-01,8.707720732688903,12.27540056705475,54.2024382352829,472.33154038650457,66.81635613464485,158,0.5605900135418238,0.9590927925831696,98.1773115546328,38.759170901197415,1.427382946014404,2.495357990264893,2.019402384757996,Gladbacherhof Field,252,180,567,0,2020,1,2b-IV_2021
2021,NA,NA,wheat,2c-i,1150,304,gladbacherhof21,g/m2,4.5,Gladbacherhof,50.3976604381305,8.25257757359603,NA,NA,mixed,normal,37,2,C,5.2,low,0.53,down,high,3.04,Sloppy slopes,5.8291611671,North West,no,446877.8287,5583112.903,2c-i_4.5m_2021,NA,wheat,3.04,11.5,2019,2,50.397516060664785,8.252963414092118,50.39596819800005,8.251203970000063,50.39956418700007,8.25473699400004,32700.065850709012,Winter Wheat,no fertilization,Oct,Jul,assigned,https://doi.org/10.1007/s10457-023-00871-x,10,7,2020-10-01,2021-07-01,8.707720732688903,12.27540056705475,54.2024382352829,472.33154038650457,66.81635613464485,158,0.5605900135418238,0.9590927925831696,98.1773115546328,38.759170901197415,1.427382946014404,2.495357990264893,2.019402384757996,Gladbacherhof Field,252,180,567,0,2020,1,2c-i_2021
2021,NA,NA,wheat,2c-I,1539,380,gladbacherhof21,g/m2,4.5,Gladbacherhof,50.3976765888069,8.25274450400232,NA,NA,mixed,normal,38,2,C,5.3,low,0.72,up,high,3.8,Sloppy slopes,6.2027616501,North West,no,446889.711,5583114.579,2c-I_4.5m_2021,NA,wheat,3.8,15.39,2019,2,50.397516060664785,8.252963414092118,50.39596819800005,8.251203970000063,50.39956418700007,8.25473699400004,32700.065850709012,Winter Wheat,no fertilization,Oct,Jul,assigned,https://doi.org/10.1007/s10457-023-00871-x,10,7,2020-10-01,2021-07-01,8.707720732688903,12.27540056705475,54.2024382352829,472.33154038650457,66.81635613464485,158,0.5605900135418238,0.9590927925831696,98.1773115546328,38.759170901197415,1.427382946014404,2.495357990264893,2.019402384757996,Gladbacherhof Field,252,180,567,0,2020,1,2c-I_2021
2021,NA,NA,wheat,2c-ii,684,178,gladbacherhof21,g/m2,9,Gladbacherhof,50.3976543815652,8.25251497472356,NA,NA,mixed,normal,39,2,C,5.3,low,0.5,down,high,1.78,Sloppy slopes,5.7660284042,North West,no,446873.3728,5583112.274,2c-ii_9m_2021,NA,wheat,1.78,6.84,2019,2,50.397516060664785,8.252963414092118,50.39596819800005,8.251203970000063,50.39956418700007,8.25473699400004,32700.065850709012,Winter Wheat,no fertilization,Oct,Jul,assigned,https://doi.org/10.1007/s10457-023-00871-x,10,7,2020-10-01,2021-07-01,8.707720732688903,12.27540056705475,54.2024382352829,472.33154038650457,66.81635613464485,158,0.5605900135418238,0.9590927925831696,98.1773115546328,38.759170901197415,1.427382946014404,2.495357990264893,2.019402384757996,Gladbacherhof Field,252,180,567,0,2020,1,2c-ii_2021
2021,NA,NA,wheat,2c-II,1312,301,gladbacherhof21,g/m2,9,Gladbacherhof,50.397682645249,8.25280710293459,NA,NA,mixed,normal,40,2,C,5.4,low,0.77,up,high,3.01,Sloppy slopes,6.7103219032,North West,no,446894.1668,5583115.208,2c-II_9m_2021,NA,wheat,3.01,13.12,2019,2,50.397516060664785,8.252963414092118,50.39596819800005,8.251203970000063,50.39956418700007,8.25473699400004,32700.065850709012,Winter Wheat,no fertilization,Oct,Jul,assigned,https://doi.org/10.1007/s10457-023-00871-x,10,7,2020-10-01,2021-07-01,8.707720732688903,12.27540056705475,54.2024382352829,472.33154038650457,66.81635613464485,158,0.5605900135418238,0.9590927925831696,98.1773115546328,38.759170901197415,1.427382946014404,2.495357990264893,2.019402384757996,Gladbacherhof Field,252,180,567,0,2020,1,2c-II_2021
2021,NA,NA,wheat,2c-iv,689,171,gladbacherhof21,g/m2,1,Gladbacherhof,50.3976651487691,8.25262626161922,NA,NA,mixed,normal,41,2,C,5.3,low,0.21,down,high,1.71,Sloppy slopes,5.1566553116,North West,no,446881.2943,5583113.392,2c-iv_1m_2021,NA,wheat,1.71,6.890000000000001,2019,2,50.397516060664785,8.252963414092118,50.39596819800005,8.251203970000063,50.39956418700007,8.25473699400004,32700.065850709012,Winter Wheat,no fertilization,Oct,Jul,assigned,https://doi.org/10.1007/s10457-023-00871-x,10,7,2020-10-01,2021-07-01,8.707720732688903,12.27540056705475,54.2024382352829,472.33154038650457,66.81635613464485,158,0.5605900135418238,0.9590927925831696,98.1773115546328,38.759170901197415,1.427382946014404,2.495357990264893,2.019402384757996,Gladbacherhof Field,252,180,567,0,2020,1,2c-iv_2021
2021,NA,NA,wheat,2c-IV,974,286,gladbacherhof21,g/m2,1,Gladbacherhof,50.3976718782177,8.25269581595518,NA,NA,mixed,normal,42,2,C,5.3,low,0.7,up,high,2.86,Sloppy slopes,6.6776509285,North West,no,446886.2453,5583114.09,2c-IV_1m_2021,NA,wheat,2.86,9.74,2019,2,50.397516060664785,8.252963414092118,50.39596819800005,8.251203970000063,50.39956418700007,8.25473699400004,32700.065850709012,Winter Wheat,no fertilization,Oct,Jul,assigned,https://doi.org/10.1007/s10457-023-00871-x,10,7,2020-10-01,2021-07-01,8.707720732688903,12.27540056705475,54.2024382352829,472.33154038650457,66.81635613464485,158,0.5605900135418238,0.9590927925831696,98.1773115546328,38.759170901197415,1.427382946014404,2.495357990264893,2.019402384757996,Gladbacherhof Field,252,180,567,0,2020,1,2c-IV_2021
2021,NA,NA,wheat,2d-i,1714,421,gladbacherhof21,g/m2,4.5,Gladbacherhof,50.3984768247409,8.2523840582029,NA,NA,mixed,normal,43,2,D,7.6,high,0.76,down,high,4.21,Sloppy slopes,6.7371616364,South West,no,446864.9876,5583203.815,2d-i_4.5m_2021,NA,wheat,4.21,17.14,2019,2,50.397516060664785,8.252963414092118,50.39596819800005,8.251203970000063,50.39956418700007,8.25473699400004,32700.065850709012,Winter Wheat,no fertilization,Oct,Jul,assigned,https://doi.org/10.1007/s10457-023-00871-x,10,7,2020-10-01,2021-07-01,8.707720732688903,12.27540056705475,54.2024382352829,472.33154038650457,66.81635613464485,158,0.5605900135418238,0.9590927925831696,98.1773115546328,38.759170901197415,1.427382946014404,2.495357990264893,2.019402384757996,Gladbacherhof Field,252,180,567,0,2020,1,2d-i_2021
2021,NA,NA,wheat,2d-I,1377,302,gladbacherhof21,g/m2,4.5,Gladbacherhof,50.3984930331197,8.25255097778394,NA,NA,mixed,normal,44,2,D,7.8,high,0.8,up,high,3.02,Sloppy slopes,5.893784523,South West,no,446876.869,5583205.498,2d-I_4.5m_2021,NA,wheat,3.02,13.77,2019,2,50.397516060664785,8.252963414092118,50.39596819800005,8.251203970000063,50.39956418700007,8.25473699400004,32700.065850709012,Winter Wheat,no fertilization,Oct,Jul,assigned,https://doi.org/10.1007/s10457-023-00871-x,10,7,2020-10-01,2021-07-01,8.707720732688903,12.27540056705475,54.2024382352829,472.33154038650457,66.81635613464485,158,0.5605900135418238,0.9590927925831696,98.1773115546328,38.759170901197415,1.427382946014404,2.495357990264893,2.019402384757996,Gladbacherhof Field,252,180,567,0,2020,1,2d-I_2021
2021,NA,NA,wheat,2d-ii,1070,250,gladbacherhof21,g/m2,9,Gladbacherhof,50.3984707465372,8.25232146339001,NA,NA,mixed,normal,45,2,D,7.6,high,0.73,down,high,2.5,Slopping slopes,8.1404848099,South West,no,446860.5321,5583203.184,2d-ii_9m_2021,NA,wheat,2.5,10.7,2019,2,50.397516060664785,8.252963414092118,50.39596819800005,8.251203970000063,50.39956418700007,8.25473699400004,32700.065850709012,Winter Wheat,no fertilization,Oct,Jul,assigned,https://doi.org/10.1007/s10457-023-00871-x,10,7,2020-10-01,2021-07-01,8.707720732688903,12.27540056705475,54.2024382352829,472.33154038650457,66.81635613464485,158,0.5605900135418238,0.9590927925831696,98.1773115546328,38.759170901197415,1.427382946014404,2.495357990264893,2.019402384757996,Gladbacherhof Field,252,180,567,0,2020,1,2d-ii_2021
2021,NA,NA,wheat,2d-II,1040,226,gladbacherhof21,g/m2,9,Gladbacherhof,50.3984991112002,8.25261357265683,NA,NA,mixed,normal,46,2,D,7.7,high,0.78,up,high,2.26,Gentle slopes,4.993522644,South West,no,446881.3245,5583206.129,2d-II_9m_2021,NA,wheat,2.26,10.4,2019,2,50.397516060664785,8.252963414092118,50.39596819800005,8.251203970000063,50.39956418700007,8.25473699400004,32700.065850709012,Winter Wheat,no fertilization,Oct,Jul,assigned,https://doi.org/10.1007/s10457-023-00871-x,10,7,2020-10-01,2021-07-01,8.707720732688903,12.27540056705475,54.2024382352829,472.33154038650457,66.81635613464485,158,0.5605900135418238,0.9590927925831696,98.1773115546328,38.759170901197415,1.427382946014404,2.495357990264893,2.019402384757996,Gladbacherhof Field,252,180,567,0,2020,1,2d-II_2021
2021,NA,NA,wheat,2d-iv,953,212,gladbacherhof21,g/m2,1,Gladbacherhof,50.3984815522094,8.25243274306868,NA,NA,mixed,normal,47,2,D,7.5,high,0.76,down,high,2.12,Slopping slopes,7.7656784058,South West,no,446868.453,5583204.306,2d-iv_1m_2021,NA,wheat,2.12,9.53,2019,2,50.397516060664785,8.252963414092118,50.39596819800005,8.251203970000063,50.39956418700007,8.25473699400004,32700.065850709012,Winter Wheat,no fertilization,Oct,Jul,assigned,https://doi.org/10.1007/s10457-023-00871-x,10,7,2020-10-01,2021-07-01,8.707720732688903,12.27540056705475,54.2024382352829,472.33154038650457,66.81635613464485,158,0.5605900135418238,0.9590927925831696,98.1773115546328,38.759170901197415,1.427382946014404,2.495357990264893,2.019402384757996,Gladbacherhof Field,252,180,567,0,2020,1,2d-iv_2021
2021,NA,NA,wheat,2d-IV,1355,303,gladbacherhof21,g/m2,1,Gladbacherhof,50.3984883057006,8.25250229289411,NA,NA,mixed,normal,48,2,D,7.7,high,0.75,up,high,3.03,Sloppy slopes,6.9241886139,South West,no,446873.4036,5583205.007,2d-IV_1m_2021,NA,wheat,3.03,13.55,2019,2,50.397516060664785,8.252963414092118,50.39596819800005,8.251203970000063,50.39956418700007,8.25473699400004,32700.065850709012,Winter Wheat,no fertilization,Oct,Jul,assigned,https://doi.org/10.1007/s10457-023-00871-x,10,7,2020-10-01,2021-07-01,8.707720732688903,12.27540056705475,54.2024382352829,472.33154038650457,66.81635613464485,158,0.5605900135418238,0.9590927925831696,98.1773115546328,38.759170901197415,1.427382946014404,2.495357990264893,2.019402384757996,Gladbacherhof Field,252,180,567,0,2020,1,2d-IV_2021
2021,NA,NA,wheat,3a-i,1238,287,gladbacherhof21,g/m2,4.5,Gladbacherhof,50.3971014284988,8.25300887506313,NA,NA,mixed,normal,49,3,A,6.1,high,0.69,down,high,2.87,Sloppy slopes,6.6241893768,South West,no,446907.8582,5583050.438,3a-i_4.5m_2021,NA,wheat,2.87,12.38,2019,2,50.397516060664785,8.252963414092118,50.39596819800005,8.251203970000063,50.39956418700007,8.25473699400004,32700.065850709012,Winter Wheat,no fertilization,Oct,Jul,assigned,https://doi.org/10.1007/s10457-023-00871-x,10,7,2020-10-01,2021-07-01,8.707720732688903,12.27540056705475,54.2024382352829,472.33154038650457,66.81635613464485,158,0.5605900135418238,0.9590927925831696,98.1773115546328,38.759170901197415,1.427382946014404,2.495357990264893,2.019402384757996,Gladbacherhof Field,252,180,567,0,2020,1,3a-i_2021
2021,NA,NA,wheat,3a-I,956,185,gladbacherhof21,g/m2,4.5,Gladbacherhof,50.397117563666,8.25317580718405,NA,NA,mixed,normal,50,3,A,5.3,low,0.67,up,high,1.85,Slopping slopes,8.4402580261,South West,no,446919.7407,5583052.113,3a-I_4.5m_2021,NA,wheat,1.85,9.56,2019,2,50.397516060664785,8.252963414092118,50.39596819800005,8.251203970000063,50.39956418700007,8.25473699400004,32700.065850709012,Winter Wheat,no fertilization,Oct,Jul,assigned,https://doi.org/10.1007/s10457-023-00871-x,10,7,2020-10-01,2021-07-01,8.707720732688903,12.27540056705475,54.2024382352829,472.33154038650457,66.81635613464485,158,0.5605900135418238,0.9590927925831696,98.1773115546328,38.759170901197415,1.427382946014404,2.495357990264893,2.019402384757996,Gladbacherhof Field,252,180,567,0,2020,1,3a-I_2021
2021,NA,NA,wheat,3a-ii,1500,354,gladbacherhof21,g/m2,9,Gladbacherhof,50.3970953777495,8.25294627554766,NA,NA,mixed,normal,51,3,A,6.2,high,0.79,down,high,3.54,Sloppy slopes,6.6813931465,South West,no,446903.4022,5583049.81,3a-ii_9m_2021,NA,wheat,3.54,15,2019,2,50.397516060664785,8.252963414092118,50.39596819800005,8.251203970000063,50.39956418700007,8.25473699400004,32700.065850709012,Winter Wheat,no fertilization,Oct,Jul,assigned,https://doi.org/10.1007/s10457-023-00871-x,10,7,2020-10-01,2021-07-01,8.707720732688903,12.27540056705475,54.2024382352829,472.33154038650457,66.81635613464485,158,0.5605900135418238,0.9590927925831696,98.1773115546328,38.759170901197415,1.427382946014404,2.495357990264893,2.019402384757996,Gladbacherhof Field,252,180,567,0,2020,1,3a-ii_2021
2021,NA,NA,wheat,3a-II,564,164,gladbacherhof21,g/m2,9,Gladbacherhof,50.3971236142921,8.25323840675925,NA,NA,mixed,normal,52,3,A,4.8,low,0.64,up,high,1.64,Sloppy slopes,6.5451874733,South West,no,446924.1967,5583052.741,3a-II_9m_2021,NA,wheat,1.64,5.64,2019,2,50.397516060664785,8.252963414092118,50.39596819800005,8.251203970000063,50.39956418700007,8.25473699400004,32700.065850709012,Winter Wheat,no fertilization,Oct,Jul,assigned,https://doi.org/10.1007/s10457-023-00871-x,10,7,2020-10-01,2021-07-01,8.707720732688903,12.27540056705475,54.2024382352829,472.33154038650457,66.81635613464485,158,0.5605900135418238,0.9590927925831696,98.1773115546328,38.759170901197415,1.427382946014404,2.495357990264893,2.019402384757996,Gladbacherhof Field,252,180,567,0,2020,1,3a-II_2021
2021,NA,NA,wheat,3a-iv,801,162,gladbacherhof21,g/m2,1,Gladbacherhof,50.397106134614,8.25305756358643,NA,NA,mixed,normal,53,3,A,6,high,0.56,down,high,1.62,Slopping slopes,8.3262939453,South West,no,446911.3239,5583050.927,3a-iv_1m_2021,NA,wheat,1.62,8.01,2019,2,50.397516060664785,8.252963414092118,50.39596819800005,8.251203970000063,50.39956418700007,8.25473699400004,32700.065850709012,Winter Wheat,no fertilization,Oct,Jul,assigned,https://doi.org/10.1007/s10457-023-00871-x,10,7,2020-10-01,2021-07-01,8.707720732688903,12.27540056705475,54.2024382352829,472.33154038650457,66.81635613464485,158,0.5605900135418238,0.9590927925831696,98.1773115546328,38.759170901197415,1.427382946014404,2.495357990264893,2.019402384757996,Gladbacherhof Field,252,180,567,0,2020,1,3a-iv_2021
2021,NA,NA,wheat,3a-IV,1340,266,gladbacherhof21,g/m2,1,Gladbacherhof,50.3971128576003,8.25312711863681,NA,NA,mixed,normal,54,3,A,5.6,low,0.81,up,high,2.66,Slopping slopes,7.7467684746,South West,no,446916.275,5583051.625,3a-IV_1m_2021,NA,wheat,2.66,13.4,2019,2,50.397516060664785,8.252963414092118,50.39596819800005,8.251203970000063,50.39956418700007,8.25473699400004,32700.065850709012,Winter Wheat,no fertilization,Oct,Jul,assigned,https://doi.org/10.1007/s10457-023-00871-x,10,7,2020-10-01,2021-07-01,8.707720732688903,12.27540056705475,54.2024382352829,472.33154038650457,66.81635613464485,158,0.5605900135418238,0.9590927925831696,98.1773115546328,38.759170901197415,1.427382946014404,2.495357990264893,2.019402384757996,Gladbacherhof Field,252,180,567,0,2020,1,3a-IV_2021
2021,NA,NA,wheat,3b-i,1433,442,gladbacherhof21,g/m2,4.5,Gladbacherhof,50.397552379627,8.25290219451235,NA,NA,mixed,normal,55,3,B,4.8,low,0.71,down,high,4.42,Gentle slopes,4.6108398438,North West,no,446900.7798,5583100.656,3b-i_4.5m_2021,NA,wheat,4.42,14.33,2019,2,50.397516060664785,8.252963414092118,50.39596819800005,8.251203970000063,50.39956418700007,8.25473699400004,32700.065850709012,Winter Wheat,no fertilization,Oct,Jul,assigned,https://doi.org/10.1007/s10457-023-00871-x,10,7,2020-10-01,2021-07-01,8.707720732688903,12.27540056705475,54.2024382352829,472.33154038650457,66.81635613464485,158,0.5605900135418238,0.9590927925831696,98.1773115546328,38.759170901197415,1.427382946014404,2.495357990264893,2.019402384757996,Gladbacherhof Field,252,180,567,0,2020,1,3b-i_2021
2021,NA,NA,wheat,3b-I,1590,475,gladbacherhof21,g/m2,4.5,Gladbacherhof,50.3975685149226,8.2530691281847,NA,NA,mixed,normal,56,3,B,6,high,0.71,up,high,4.75,Sloppy slopes,5.1864433289,North West,no,446912.6623,5583102.331,3b-I_4.5m_2021,NA,wheat,4.75,15.9,2019,2,50.397516060664785,8.252963414092118,50.39596819800005,8.251203970000063,50.39956418700007,8.25473699400004,32700.065850709012,Winter Wheat,no fertilization,Oct,Jul,assigned,https://doi.org/10.1007/s10457-023-00871-x,10,7,2020-10-01,2021-07-01,8.707720732688903,12.27540056705475,54.2024382352829,472.33154038650457,66.81635613464485,158,0.5605900135418238,0.9590927925831696,98.1773115546328,38.759170901197415,1.427382946014404,2.495357990264893,2.019402384757996,Gladbacherhof Field,252,180,567,0,2020,1,3b-I_2021
2021,NA,NA,wheat,3b-ii,1478,447,gladbacherhof21,g/m2,9,Gladbacherhof,50.3975463288295,8.2528395944151,NA,NA,mixed,normal,57,3,B,4.9,low,0.75,down,high,4.47,Sloppy slopes,5.9445948601,South West,no,446896.3238,5583100.028,3b-ii_9m_2021,NA,wheat,4.47,14.78,2019,2,50.397516060664785,8.252963414092118,50.39596819800005,8.251203970000063,50.39956418700007,8.25473699400004,32700.065850709012,Winter Wheat,no fertilization,Oct,Jul,assigned,https://doi.org/10.1007/s10457-023-00871-x,10,7,2020-10-01,2021-07-01,8.707720732688903,12.27540056705475,54.2024382352829,472.33154038650457,66.81635613464485,158,0.5605900135418238,0.9590927925831696,98.1773115546328,38.759170901197415,1.427382946014404,2.495357990264893,2.019402384757996,Gladbacherhof Field,252,180,567,0,2020,1,3b-ii_2021
2021,NA,NA,wheat,3b-II,1423,369,gladbacherhof21,g/m2,9,Gladbacherhof,50.3975745655969,8.2531317283417,NA,NA,mixed,normal,58,3,B,6.2,high,0.75,up,high,3.69,Sloppy slopes,5.2812728882,North West,no,446917.1182,5583102.959,3b-II_9m_2021,NA,wheat,3.69,14.23,2019,2,50.397516060664785,8.252963414092118,50.39596819800005,8.251203970000063,50.39956418700007,8.25473699400004,32700.065850709012,Winter Wheat,no fertilization,Oct,Jul,assigned,https://doi.org/10.1007/s10457-023-00871-x,10,7,2020-10-01,2021-07-01,8.707720732688903,12.27540056705475,54.2024382352829,472.33154038650457,66.81635613464485,158,0.5605900135418238,0.9590927925831696,98.1773115546328,38.759170901197415,1.427382946014404,2.495357990264893,2.019402384757996,Gladbacherhof Field,252,180,567,0,2020,1,3b-II_2021
2021,NA,NA,wheat,3b-iv,915,255,gladbacherhof21,g/m2,1,Gladbacherhof,50.3975570857796,8.25295088348815,NA,NA,mixed,normal,59,3,B,5.2,low,0.69,down,high,2.55,Sloppy slopes,5.165251255,North West,no,446904.2455,5583101.144,3b-iv_1m_2021,NA,wheat,2.5500000000000003,9.15,2019,2,50.397516060664785,8.252963414092118,50.39596819800005,8.251203970000063,50.39956418700007,8.25473699400004,32700.065850709012,Winter Wheat,no fertilization,Oct,Jul,assigned,https://doi.org/10.1007/s10457-023-00871-x,10,7,2020-10-01,2021-07-01,8.707720732688903,12.27540056705475,54.2024382352829,472.33154038650457,66.81635613464485,158,0.5605900135418238,0.9590927925831696,98.1773115546328,38.759170901197415,1.427382946014404,2.495357990264893,2.019402384757996,Gladbacherhof Field,252,180,567,0,2020,1,3b-iv_2021
2021,NA,NA,wheat,3b-IV,1576,473,gladbacherhof21,g/m2,1,Gladbacherhof,50.3975638088194,8.25302043918497,NA,NA,mixed,normal,60,3,B,5.7,low,0.76,up,high,4.73,Gentle slopes,4.2274727821,North West,no,446909.1966,5583101.842,3b-IV_1m_2021,NA,wheat,4.73,15.76,2019,2,50.397516060664785,8.252963414092118,50.39596819800005,8.251203970000063,50.39956418700007,8.25473699400004,32700.065850709012,Winter Wheat,no fertilization,Oct,Jul,assigned,https://doi.org/10.1007/s10457-023-00871-x,10,7,2020-10-01,2021-07-01,8.707720732688903,12.27540056705475,54.2024382352829,472.33154038650457,66.81635613464485,158,0.5605900135418238,0.9590927925831696,98.1773115546328,38.759170901197415,1.427382946014404,2.495357990264893,2.019402384757996,Gladbacherhof Field,252,180,567,0,2020,1,3b-IV_2021
2021,NA,NA,wheat,3c-i,1513,401,gladbacherhof21,g/m2,4.5,Gladbacherhof,50.3977911528783,8.25284570779616,NA,NA,mixed,normal,61,3,C,6.4,high,0.72,down,high,4.01,Slopping slopes,8.4232902527,North West,no,446897.0318,5583127.245,3c-i_4.5m_2021,NA,wheat,4.01,15.13,2019,2,50.397516060664785,8.252963414092118,50.39596819800005,8.251203970000063,50.39956418700007,8.25473699400004,32700.065850709012,Winter Wheat,no fertilization,Oct,Jul,assigned,https://doi.org/10.1007/s10457-023-00871-x,10,7,2020-10-01,2021-07-01,8.707720732688903,12.27540056705475,54.2024382352829,472.33154038650457,66.81635613464485,158,0.5605900135418238,0.9590927925831696,98.1773115546328,38.759170901197415,1.427382946014404,2.495357990264893,2.019402384757996,Gladbacherhof Field,252,180,567,0,2020,1,3c-i_2021
2021,NA,NA,wheat,3c-I,1859,542,gladbacherhof21,g/m2,4.5,Gladbacherhof,50.3978072880412,8.25301264233746,NA,NA,mixed,normal,62,3,C,7.6,high,0.76,up,high,5.42,Slopping slopes,7.4524078369,North West,no,446908.9144,5583128.92,3c-I_4.5m_2021,NA,wheat,5.42,18.59,2019,2,50.397516060664785,8.252963414092118,50.39596819800005,8.251203970000063,50.39956418700007,8.25473699400004,32700.065850709012,Winter Wheat,no fertilization,Oct,Jul,assigned,https://doi.org/10.1007/s10457-023-00871-x,10,7,2020-10-01,2021-07-01,8.707720732688903,12.27540056705475,54.2024382352829,472.33154038650457,66.81635613464485,158,0.5605900135418238,0.9590927925831696,98.1773115546328,38.759170901197415,1.427382946014404,2.495357990264893,2.019402384757996,Gladbacherhof Field,252,180,567,0,2020,1,3c-I_2021
2021,NA,NA,wheat,3c-ii,1129,324,gladbacherhof21,g/m2,9,Gladbacherhof,50.3977851021305,8.25278310737304,NA,NA,mixed,normal,63,3,C,6.3,high,0.7,down,high,3.24,Slopping slopes,7.8226380348,North West,no,446892.5759,5583126.617,3c-ii_9m_2021,NA,wheat,3.24,11.29,2019,2,50.397516060664785,8.252963414092118,50.39596819800005,8.251203970000063,50.39956418700007,8.25473699400004,32700.065850709012,Winter Wheat,no fertilization,Oct,Jul,assigned,https://doi.org/10.1007/s10457-023-00871-x,10,7,2020-10-01,2021-07-01,8.707720732688903,12.27540056705475,54.2024382352829,472.33154038650457,66.81635613464485,158,0.5605900135418238,0.9590927925831696,98.1773115546328,38.759170901197415,1.427382946014404,2.495357990264893,2.019402384757996,Gladbacherhof Field,252,180,567,0,2020,1,3c-ii_2021
2021,NA,NA,wheat,3c-II,1712,509,gladbacherhof21,g/m2,9,Gladbacherhof,50.3978133386657,8.25307524282033,NA,NA,mixed,normal,64,3,C,7.8,high,0.77,up,high,5.09,Slopping slopes,7.3376908302,North West,no,446913.3703,5583129.548,3c-II_9m_2021,NA,wheat,5.09,17.12,2019,2,50.397516060664785,8.252963414092118,50.39596819800005,8.251203970000063,50.39956418700007,8.25473699400004,32700.065850709012,Winter Wheat,no fertilization,Oct,Jul,assigned,https://doi.org/10.1007/s10457-023-00871-x,10,7,2020-10-01,2021-07-01,8.707720732688903,12.27540056705475,54.2024382352829,472.33154038650457,66.81635613464485,158,0.5605900135418238,0.9590927925831696,98.1773115546328,38.759170901197415,1.427382946014404,2.495357990264893,2.019402384757996,Gladbacherhof Field,252,180,567,0,2020,1,3c-II_2021
2021,NA,NA,wheat,3c-iv,1157,333,gladbacherhof21,g/m2,1,Gladbacherhof,50.3977958589922,8.2528943970254,NA,NA,mixed,normal,65,3,C,6.6,high,0.56,down,high,3.33,Slopping slopes,7.4346146584,North West,no,446900.4976,5583127.734,3c-iv_1m_2021,NA,wheat,3.33,11.57,2019,2,50.397516060664785,8.252963414092118,50.39596819800005,8.251203970000063,50.39956418700007,8.25473699400004,32700.065850709012,Winter Wheat,no fertilization,Oct,Jul,assigned,https://doi.org/10.1007/s10457-023-00871-x,10,7,2020-10-01,2021-07-01,8.707720732688903,12.27540056705475,54.2024382352829,472.33154038650457,66.81635613464485,158,0.5605900135418238,0.9590927925831696,98.1773115546328,38.759170901197415,1.427382946014404,2.495357990264893,2.019402384757996,Gladbacherhof Field,252,180,567,0,2020,1,3c-iv_2021
2021,NA,NA,wheat,3c-IV,1639,454,gladbacherhof21,g/m2,1,Gladbacherhof,50.3978025819767,8.25296395308428,NA,NA,mixed,normal,66,3,C,7.3,high,0.8,up,high,4.54,Slopping slopes,7.4957613945,North West,no,446905.4486,5583128.432,3c-IV_1m_2021,NA,wheat,4.54,16.39,2019,2,50.397516060664785,8.252963414092118,50.39596819800005,8.251203970000063,50.39956418700007,8.25473699400004,32700.065850709012,Winter Wheat,no fertilization,Oct,Jul,assigned,https://doi.org/10.1007/s10457-023-00871-x,10,7,2020-10-01,2021-07-01,8.707720732688903,12.27540056705475,54.2024382352829,472.33154038650457,66.81635613464485,158,0.5605900135418238,0.9590927925831696,98.1773115546328,38.759170901197415,1.427382946014404,2.495357990264893,2.019402384757996,Gladbacherhof Field,252,180,567,0,2020,1,3c-IV_2021
2021,NA,NA,wheat,3d-i,1708,512,gladbacherhof21,g/m2,4.5,Gladbacherhof,50.3982413136674,8.25273921393104,NA,NA,mixed,normal,67,3,D,5.8,low,0.75,down,high,5.12,Slopping slopes,7.1334562302,South West,no,446889.966,5583177.375,3d-i_4.5m_2021,NA,wheat,5.12,17.080000000000002,2019,2,50.397516060664785,8.252963414092118,50.39596819800005,8.251203970000063,50.39956418700007,8.25473699400004,32700.065850709012,Winter Wheat,no fertilization,Oct,Jul,assigned,https://doi.org/10.1007/s10457-023-00871-x,10,7,2020-10-01,2021-07-01,8.707720732688903,12.27540056705475,54.2024382352829,472.33154038650457,66.81635613464485,158,0.5605900135418238,0.9590927925831696,98.1773115546328,38.759170901197415,1.427382946014404,2.495357990264893,2.019402384757996,Gladbacherhof Field,252,180,567,0,2020,1,3d-i_2021
2021,NA,NA,wheat,3d-I,1447,442,gladbacherhof21,g/m2,4.5,Gladbacherhof,50.3982574488023,8.2529061500581,NA,NA,mixed,normal,68,3,D,6.4,high,0.75,up,high,4.42,Sloppy slopes,6.6617670059,South West,no,446901.8486,5583179.05,3d-I_4.5m_2021,NA,wheat,4.42,14.47,2019,2,50.397516060664785,8.252963414092118,50.39596819800005,8.251203970000063,50.39956418700007,8.25473699400004,32700.065850709012,Winter Wheat,no fertilization,Oct,Jul,assigned,https://doi.org/10.1007/s10457-023-00871-x,10,7,2020-10-01,2021-07-01,8.707720732688903,12.27540056705475,54.2024382352829,472.33154038650457,66.81635613464485,158,0.5605900135418238,0.9590927925831696,98.1773115546328,38.759170901197415,1.427382946014404,2.495357990264893,2.019402384757996,Gladbacherhof Field,252,180,567,0,2020,1,3d-I_2021
2021,NA,NA,wheat,3d-ii,1450,430,gladbacherhof21,g/m2,9,Gladbacherhof,50.3982352629302,8.25267661291326,NA,NA,mixed,normal,69,3,D,6,high,0.77,down,high,4.3,Slopping slopes,7.1351776123,South West,no,446885.5101,5583176.747,3d-ii_9m_2021,NA,wheat,4.3,14.5,2019,2,50.397516060664785,8.252963414092118,50.39596819800005,8.251203970000063,50.39956418700007,8.25473699400004,32700.065850709012,Winter Wheat,no fertilization,Oct,Jul,assigned,https://doi.org/10.1007/s10457-023-00871-x,10,7,2020-10-01,2021-07-01,8.707720732688903,12.27540056705475,54.2024382352829,472.33154038650457,66.81635613464485,158,0.5605900135418238,0.9590927925831696,98.1773115546328,38.759170901197415,1.427382946014404,2.495357990264893,2.019402384757996,Gladbacherhof Field,252,180,567,0,2020,1,3d-ii_2021
2021,NA,NA,wheat,3d-II,1499,350,gladbacherhof21,g/m2,9,Gladbacherhof,50.3982634994162,8.25296875113562,NA,NA,mixed,normal,70,3,D,6.3,high,0.76,up,high,3.5,Sloppy slopes,5.9090247154,South West,no,446906.3045,5583179.678,3d-II_9m_2021,NA,wheat,3.5,14.99,2019,2,50.397516060664785,8.252963414092118,50.39596819800005,8.251203970000063,50.39956418700007,8.25473699400004,32700.065850709012,Winter Wheat,no fertilization,Oct,Jul,assigned,https://doi.org/10.1007/s10457-023-00871-x,10,7,2020-10-01,2021-07-01,8.707720732688903,12.27540056705475,54.2024382352829,472.33154038650457,66.81635613464485,158,0.5605900135418238,0.9590927925831696,98.1773115546328,38.759170901197415,1.427382946014404,2.495357990264893,2.019402384757996,Gladbacherhof Field,252,180,567,0,2020,1,3d-II_2021
2021,NA,NA,wheat,3d-iv,863,232,gladbacherhof21,g/m2,1,Gladbacherhof,50.3982460197731,8.25278790362279,NA,NA,mixed,normal,71,3,D,6,low,0.78,down,high,2.32,Sloppy slopes,6.2449259758,South West,no,446893.4318,5583177.864,3d-iv_1m_2021,NA,wheat,2.32,8.63,2019,2,50.397516060664785,8.252963414092118,50.39596819800005,8.251203970000063,50.39956418700007,8.25473699400004,32700.065850709012,Winter Wheat,no fertilization,Oct,Jul,assigned,https://doi.org/10.1007/s10457-023-00871-x,10,7,2020-10-01,2021-07-01,8.707720732688903,12.27540056705475,54.2024382352829,472.33154038650457,66.81635613464485,158,0.5605900135418238,0.9590927925831696,98.1773115546328,38.759170901197415,1.427382946014404,2.495357990264893,2.019402384757996,Gladbacherhof Field,252,180,567,0,2020,1,3d-iv_2021
2021,NA,NA,wheat,3d-IV,1747,487,gladbacherhof21,g/m2,1,Gladbacherhof,50.398252742746,8.25285746034241,NA,NA,mixed,normal,72,3,D,6.2,high,0.74,up,high,4.87,Sloppy slopes,6.5069413185,South West,no,446898.3828,5583178.561,3d-IV_1m_2021,NA,wheat,4.87,17.47,2019,2,50.397516060664785,8.252963414092118,50.39596819800005,8.251203970000063,50.39956418700007,8.25473699400004,32700.065850709012,Winter Wheat,no fertilization,Oct,Jul,assigned,https://doi.org/10.1007/s10457-023-00871-x,10,7,2020-10-01,2021-07-01,8.707720732688903,12.27540056705475,54.2024382352829,472.33154038650457,66.81635613464485,158,0.5605900135418238,0.9590927925831696,98.1773115546328,38.759170901197415,1.427382946014404,2.495357990264893,2.019402384757996,Gladbacherhof Field,252,180,567,0,2020,1,3d-IV_2021
2021,NA,NA,wheat,4a-i,2068,338,gladbacherhof21,g/m2,4.5,Gladbacherhof,50.396995516034,8.25333260916784,NA,NA,mixed,normal,73,4,A,6.2,high,0.75,down,low,3.38,Sloppy slopes,6.1800556183,South West,no,446930.749,5583038.431,4a-i_4.5m_2021,NA,wheat,3.38,20.68,2019,2,50.397516060664785,8.252963414092118,50.39596819800005,8.251203970000063,50.39956418700007,8.25473699400004,32700.065850709012,Winter Wheat,no fertilization,Oct,Jul,assigned,https://doi.org/10.1007/s10457-023-00871-x,10,7,2020-10-01,2021-07-01,8.707720732688903,12.27540056705475,54.2024382352829,472.33154038650457,66.81635613464485,158,0.5605900135418238,0.9590927925831696,98.1773115546328,38.759170901197415,1.427382946014404,2.495357990264893,2.019402384757996,Gladbacherhof Field,252,180,567,0,2020,1,4a-i_2021
2021,NA,NA,wheat,4a-I,2454,643,gladbacherhof21,g/m2,4.5,Gladbacherhof,50.3970117040282,8.25349952840422,NA,NA,mixed,normal,74,4,A,6,high,0.78,up,low,6.43,Sloppy slopes,5.5858755112,South West,yes,446942.6307,5583040.111,4a-I_4.5m_2021,NA,wheat,6.43,24.54,2019,2,50.397516060664785,8.252963414092118,50.39596819800005,8.251203970000063,50.39956418700007,8.25473699400004,32700.065850709012,Winter Wheat,no fertilization,Oct,Jul,assigned,https://doi.org/10.1007/s10457-023-00871-x,10,7,2020-10-01,2021-07-01,8.707720732688903,12.27540056705475,54.2024382352829,472.33154038650457,66.81635613464485,158,0.5605900135418238,0.9590927925831696,98.1773115546328,38.759170901197415,1.427382946014404,2.495357990264893,2.019402384757996,Gladbacherhof Field,252,180,567,0,2020,1,4a-I_2021
2021,NA,NA,wheat,4a-ii,1480,363,gladbacherhof21,g/m2,9,Gladbacherhof,50.3969894454746,8.25327001448416,NA,NA,mixed,normal,75,4,A,6.3,high,0.75,down,low,3.63,Slopping slopes,7.5885968208,South West,no,446926.2933,5583037.8,4a-ii_9m_2021,NA,wheat,3.63,14.8,2019,2,50.397516060664785,8.252963414092118,50.39596819800005,8.251203970000063,50.39956418700007,8.25473699400004,32700.065850709012,Winter Wheat,no fertilization,Oct,Jul,assigned,https://doi.org/10.1007/s10457-023-00871-x,10,7,2020-10-01,2021-07-01,8.707720732688903,12.27540056705475,54.2024382352829,472.33154038650457,66.81635613464485,158,0.5605900135418238,0.9590927925831696,98.1773115546328,38.759170901197415,1.427382946014404,2.495357990264893,2.019402384757996,Gladbacherhof Field,252,180,567,0,2020,1,4a-ii_2021
2021,NA,NA,wheat,4a-II,1449,226,gladbacherhof21,g/m2,9,Gladbacherhof,50.3970177744644,8.25356212314783,NA,NA,mixed,normal,76,4,A,6,low,0.8,up,low,2.26,Sloppy slopes,5.3702216148,South West,yes,446947.0863,5583040.742,4a-II_9m_2021,NA,wheat,2.26,14.49,2019,2,50.397516060664785,8.252963414092118,50.39596819800005,8.251203970000063,50.39956418700007,8.25473699400004,32700.065850709012,Winter Wheat,no fertilization,Oct,Jul,assigned,https://doi.org/10.1007/s10457-023-00871-x,10,7,2020-10-01,2021-07-01,8.707720732688903,12.27540056705475,54.2024382352829,472.33154038650457,66.81635613464485,158,0.5605900135418238,0.9590927925831696,98.1773115546328,38.759170901197415,1.427382946014404,2.495357990264893,2.019402384757996,Gladbacherhof Field,252,180,567,0,2020,1,4a-II_2021
2021,NA,NA,wheat,4a-iv,1511,343,gladbacherhof21,g/m2,1,Gladbacherhof,50.397000237557,8.25338129393311,NA,NA,mixed,normal,77,4,A,5.9,low,0.76,down,low,3.43,Slopping slopes,8.4078998566,South West,no,446934.2145,5583038.921,4a-iv_1m_2021,NA,wheat,3.43,15.11,2019,2,50.397516060664785,8.252963414092118,50.39596819800005,8.251203970000063,50.39956418700007,8.25473699400004,32700.065850709012,Winter Wheat,no fertilization,Oct,Jul,assigned,https://doi.org/10.1007/s10457-023-00871-x,10,7,2020-10-01,2021-07-01,8.707720732688903,12.27540056705475,54.2024382352829,472.33154038650457,66.81635613464485,158,0.5605900135418238,0.9590927925831696,98.1773115546328,38.759170901197415,1.427382946014404,2.495357990264893,2.019402384757996,Gladbacherhof Field,252,180,567,0,2020,1,4a-iv_2021
2021,NA,NA,wheat,4a-IV,2451,496,gladbacherhof21,g/m2,1,Gladbacherhof,50.3970069825546,8.25345084361494,NA,NA,mixed,normal,78,4,A,5.9,low,0.77,up,low,4.96,Sloppy slopes,6.275616169,South West,no,446939.1652,5583039.621,4a-IV_1m_2021,NA,wheat,4.96,24.51,2019,2,50.397516060664785,8.252963414092118,50.39596819800005,8.251203970000063,50.39956418700007,8.25473699400004,32700.065850709012,Winter Wheat,no fertilization,Oct,Jul,assigned,https://doi.org/10.1007/s10457-023-00871-x,10,7,2020-10-01,2021-07-01,8.707720732688903,12.27540056705475,54.2024382352829,472.33154038650457,66.81635613464485,158,0.5605900135418238,0.9590927925831696,98.1773115546328,38.759170901197415,1.427382946014404,2.495357990264893,2.019402384757996,Gladbacherhof Field,252,180,567,0,2020,1,4a-IV_2021
2021,NA,NA,wheat,4b-i,1363,439,gladbacherhof21,g/m2,4.5,Gladbacherhof,50.3973414342752,8.25325050232231,NA,NA,mixed,normal,79,4,B,6,high,0.61,down,low,4.39,Sloppy slopes,5.5060625076,South West,no,446925.2996,5583076.952,4b-i_4.5m_2021,NA,wheat,4.39,13.63,2019,2,50.397516060664785,8.252963414092118,50.39596819800005,8.251203970000063,50.39956418700007,8.25473699400004,32700.065850709012,Winter Wheat,no fertilization,Oct,Jul,assigned,https://doi.org/10.1007/s10457-023-00871-x,10,7,2020-10-01,2021-07-01,8.707720732688903,12.27540056705475,54.2024382352829,472.33154038650457,66.81635613464485,158,0.5605900135418238,0.9590927925831696,98.1773115546328,38.759170901197415,1.427382946014404,2.495357990264893,2.019402384757996,Gladbacherhof Field,252,180,567,0,2020,1,4b-i_2021
2021,NA,NA,wheat,4b-I,1857,530,gladbacherhof21,g/m2,4.5,Gladbacherhof,50.3973576226929,8.25341742267145,NA,NA,mixed,normal,80,4,B,6.1,high,0.77,up,low,5.3,Gentle slopes,4.5610332489,South West,no,446937.1813,5583078.633,4b-I_4.5m_2021,NA,wheat,5.3,18.57,2019,2,50.397516060664785,8.252963414092118,50.39596819800005,8.251203970000063,50.39956418700007,8.25473699400004,32700.065850709012,Winter Wheat,no fertilization,Oct,Jul,assigned,https://doi.org/10.1007/s10457-023-00871-x,10,7,2020-10-01,2021-07-01,8.707720732688903,12.27540056705475,54.2024382352829,472.33154038650457,66.81635613464485,158,0.5605900135418238,0.9590927925831696,98.1773115546328,38.759170901197415,1.427382946014404,2.495357990264893,2.019402384757996,Gladbacherhof Field,252,180,567,0,2020,1,4b-I_2021
2021,NA,NA,wheat,4b-ii,1377,389,gladbacherhof21,g/m2,9,Gladbacherhof,50.397335363557,8.25318790722135,NA,NA,mixed,normal,81,4,B,5.9,low,0.72,down,low,3.89,Sloppy slopes,6.3804626465,South West,no,446920.8439,5583076.322,4b-ii_9m_2021,NA,wheat,3.89,13.77,2019,2,50.397516060664785,8.252963414092118,50.39596819800005,8.251203970000063,50.39956418700007,8.25473699400004,32700.065850709012,Winter Wheat,no fertilization,Oct,Jul,assigned,https://doi.org/10.1007/s10457-023-00871-x,10,7,2020-10-01,2021-07-01,8.707720732688903,12.27540056705475,54.2024382352829,472.33154038650457,66.81635613464485,158,0.5605900135418238,0.9590927925831696,98.1773115546328,38.759170901197415,1.427382946014404,2.495357990264893,2.019402384757996,Gladbacherhof Field,252,180,567,0,2020,1,4b-ii_2021
2021,NA,NA,wheat,4b-II,1569,446,gladbacherhof21,g/m2,9,Gladbacherhof,50.3973636932879,8.25348001783235,NA,NA,mixed,normal,82,4,B,6.3,high,0.77,up,low,4.46,Sloppy slopes,6.0087003708,South West,no,446941.6369,5583079.263,4b-II_9m_2021,NA,wheat,4.46,15.69,2019,2,50.397516060664785,8.252963414092118,50.39596819800005,8.251203970000063,50.39956418700007,8.25473699400004,32700.065850709012,Winter Wheat,no fertilization,Oct,Jul,assigned,https://doi.org/10.1007/s10457-023-00871-x,10,7,2020-10-01,2021-07-01,8.707720732688903,12.27540056705475,54.2024382352829,472.33154038650457,66.81635613464485,158,0.5605900135418238,0.9590927925831696,98.1773115546328,38.759170901197415,1.427382946014404,2.495357990264893,2.019402384757996,Gladbacherhof Field,252,180,567,0,2020,1,4b-II_2021
2021,NA,NA,wheat,4b-iv,883,245,gladbacherhof21,g/m2,1,Gladbacherhof,50.3973461559217,8.25329918741214,NA,NA,mixed,normal,83,4,B,6,low,0.55,down,low,2.45,Sloppy slopes,5.0071902275,South West,no,446928.7651,5583077.442,4b-iv_1m_2021,NA,wheat,2.45,8.83,2019,2,50.397516060664785,8.252963414092118,50.39596819800005,8.251203970000063,50.39956418700007,8.25473699400004,32700.065850709012,Winter Wheat,no fertilization,Oct,Jul,assigned,https://doi.org/10.1007/s10457-023-00871-x,10,7,2020-10-01,2021-07-01,8.707720732688903,12.27540056705475,54.2024382352829,472.33154038650457,66.81635613464485,158,0.5605900135418238,0.9590927925831696,98.1773115546328,38.759170901197415,1.427382946014404,2.495357990264893,2.019402384757996,Gladbacherhof Field,252,180,567,0,2020,1,4b-iv_2021
2021,NA,NA,wheat,4b-IV,1775,489,gladbacherhof21,g/m2,1,Gladbacherhof,50.3973529010958,8.25336873755761,NA,NA,mixed,normal,84,4,B,6,high,0.77,up,low,4.89,Gentle slopes,3.9095711708,South West,no,446933.7158,5583078.143,4b-IV_1m_2021,NA,wheat,4.89,17.75,2019,2,50.397516060664785,8.252963414092118,50.39596819800005,8.251203970000063,50.39956418700007,8.25473699400004,32700.065850709012,Winter Wheat,no fertilization,Oct,Jul,assigned,https://doi.org/10.1007/s10457-023-00871-x,10,7,2020-10-01,2021-07-01,8.707720732688903,12.27540056705475,54.2024382352829,472.33154038650457,66.81635613464485,158,0.5605900135418238,0.9590927925831696,98.1773115546328,38.759170901197415,1.427382946014404,2.495357990264893,2.019402384757996,Gladbacherhof Field,252,180,567,0,2020,1,4b-IV_2021
2021,NA,NA,wheat,4c-i,1541,458,gladbacherhof21,g/m2,4.5,Gladbacherhof,50.3974742326662,8.2532189798838,NA,NA,mixed,normal,85,4,C,6,high,0.72,down,low,4.58,Gentle slopes,4.449160099,South West,no,446923.2075,5583091.74,4c-i_4.5m_2021,NA,wheat,4.58,15.41,2019,2,50.397516060664785,8.252963414092118,50.39596819800005,8.251203970000063,50.39956418700007,8.25473699400004,32700.065850709012,Winter Wheat,no fertilization,Oct,Jul,assigned,https://doi.org/10.1007/s10457-023-00871-x,10,7,2020-10-01,2021-07-01,8.707720732688903,12.27540056705475,54.2024382352829,472.33154038650457,66.81635613464485,158,0.5605900135418238,0.9590927925831696,98.1773115546328,38.759170901197415,1.427382946014404,2.495357990264893,2.019402384757996,Gladbacherhof Field,252,180,567,0,2020,1,4c-i_2021
2021,NA,NA,wheat,4c-I,1546,408,gladbacherhof21,g/m2,4.5,Gladbacherhof,50.3974904212982,8.25338590064788,NA,NA,mixed,normal,86,4,C,6.4,high,0.76,up,low,4.08,Gentle slopes,3.7912368774,South West,no,446935.0891,5583093.421,4c-I_4.5m_2021,NA,wheat,4.08,15.46,2019,2,50.397516060664785,8.252963414092118,50.39596819800005,8.251203970000063,50.39956418700007,8.25473699400004,32700.065850709012,Winter Wheat,no fertilization,Oct,Jul,assigned,https://doi.org/10.1007/s10457-023-00871-x,10,7,2020-10-01,2021-07-01,8.707720732688903,12.27540056705475,54.2024382352829,472.33154038650457,66.81635613464485,158,0.5605900135418238,0.9590927925831696,98.1773115546328,38.759170901197415,1.427382946014404,2.495357990264893,2.019402384757996,Gladbacherhof Field,252,180,567,0,2020,1,4c-I_2021
2021,NA,NA,wheat,4c-ii,1398,402,gladbacherhof21,g/m2,9,Gladbacherhof,50.3974681618677,8.25315638462723,NA,NA,mixed,normal,87,4,C,6.1,high,0.7,down,low,4.02,Sloppy slopes,5.1027035713,South West,no,446918.7518,5583091.11,4c-ii_9m_2021,NA,wheat,4.0200000000000005,13.98,2019,2,50.397516060664785,8.252963414092118,50.39596819800005,8.251203970000063,50.39956418700007,8.25473699400004,32700.065850709012,Winter Wheat,no fertilization,Oct,Jul,assigned,https://doi.org/10.1007/s10457-023-00871-x,10,7,2020-10-01,2021-07-01,8.707720732688903,12.27540056705475,54.2024382352829,472.33154038650457,66.81635613464485,158,0.5605900135418238,0.9590927925831696,98.1773115546328,38.759170901197415,1.427382946014404,2.495357990264893,2.019402384757996,Gladbacherhof Field,252,180,567,0,2020,1,4c-ii_2021
2021,NA,NA,wheat,4c-II,1426,369,gladbacherhof21,g/m2,9,Gladbacherhof,50.3974964919735,8.25344849596437,NA,NA,mixed,normal,88,4,C,6.6,high,0.59,up,low,3.69,Gentle slopes,3.0477311611,North West,no,446939.5448,5583094.052,4c-II_9m_2021,NA,wheat,3.69,14.26,2019,2,50.397516060664785,8.252963414092118,50.39596819800005,8.251203970000063,50.39956418700007,8.25473699400004,32700.065850709012,Winter Wheat,no fertilization,Oct,Jul,assigned,https://doi.org/10.1007/s10457-023-00871-x,10,7,2020-10-01,2021-07-01,8.707720732688903,12.27540056705475,54.2024382352829,472.33154038650457,66.81635613464485,158,0.5605900135418238,0.9590927925831696,98.1773115546328,38.759170901197415,1.427382946014404,2.495357990264893,2.019402384757996,Gladbacherhof Field,252,180,567,0,2020,1,4c-II_2021
2021,NA,NA,wheat,4c-iv,763,218,gladbacherhof21,g/m2,1,Gladbacherhof,50.3974789543753,8.25326766509465,NA,NA,mixed,normal,89,4,C,6.1,high,0.48,down,low,2.18,Gentle slopes,3.6369748116,South West,no,446926.6729,5583092.231,4c-iv_1m_2021,NA,wheat,2.18,7.63,2019,2,50.397516060664785,8.252963414092118,50.39596819800005,8.251203970000063,50.39956418700007,8.25473699400004,32700.065850709012,Winter Wheat,no fertilization,Oct,Jul,assigned,https://doi.org/10.1007/s10457-023-00871-x,10,7,2020-10-01,2021-07-01,8.707720732688903,12.27540056705475,54.2024382352829,472.33154038650457,66.81635613464485,158,0.5605900135418238,0.9590927925831696,98.1773115546328,38.759170901197415,1.427382946014404,2.495357990264893,2.019402384757996,Gladbacherhof Field,252,180,567,0,2020,1,4c-iv_2021
2021,NA,NA,wheat,4c-IV,1659,428,gladbacherhof21,g/m2,1,Gladbacherhof,50.3974856996386,8.25333721541301,NA,NA,mixed,normal,90,4,C,6.3,high,0.77,up,low,4.28,Slightly inclined plains,2.4531898499,North West,no,446931.6237,5583092.931,4c-IV_1m_2021,NA,wheat,4.28,16.59,2019,2,50.397516060664785,8.252963414092118,50.39596819800005,8.251203970000063,50.39956418700007,8.25473699400004,32700.065850709012,Winter Wheat,no fertilization,Oct,Jul,assigned,https://doi.org/10.1007/s10457-023-00871-x,10,7,2020-10-01,2021-07-01,8.707720732688903,12.27540056705475,54.2024382352829,472.33154038650457,66.81635613464485,158,0.5605900135418238,0.9590927925831696,98.1773115546328,38.759170901197415,1.427382946014404,2.495357990264893,2.019402384757996,Gladbacherhof Field,252,180,567,0,2020,1,4c-IV_2021
2021,NA,NA,wheat,4d-i,2316,300,gladbacherhof21,g/m2,4.5,Gladbacherhof,50.3979256736905,8.2531118214884,NA,NA,mixed,normal,91,4,D,7.9,high,0.76,down,low,3,Sloppy slopes,5.0114717484,South West,no,446916.0955,5583142.013,4d-i_4.5m_2021,NA,wheat,3,23.16,2019,2,50.397516060664785,8.252963414092118,50.39596819800005,8.251203970000063,50.39956418700007,8.25473699400004,32700.065850709012,Winter Wheat,no fertilization,Oct,Jul,assigned,https://doi.org/10.1007/s10457-023-00871-x,10,7,2020-10-01,2021-07-01,8.707720732688903,12.27540056705475,54.2024382352829,472.33154038650457,66.81635613464485,158,0.5605900135418238,0.9590927925831696,98.1773115546328,38.759170901197415,1.427382946014404,2.495357990264893,2.019402384757996,Gladbacherhof Field,252,180,567,0,2020,1,4d-i_2021
2021,NA,NA,wheat,4d-I,2184,264,gladbacherhof21,g/m2,4.5,Gladbacherhof,50.3979418623477,8.25327874382993,NA,NA,mixed,normal,92,4,D,7.1,high,0.77,up,low,2.64,Gentle slopes,4.5069313049,South West,no,446927.9772,5583143.694,4d-I_4.5m_2021,NA,wheat,2.64,21.84,2019,2,50.397516060664785,8.252963414092118,50.39596819800005,8.251203970000063,50.39956418700007,8.25473699400004,32700.065850709012,Winter Wheat,no fertilization,Oct,Jul,assigned,https://doi.org/10.1007/s10457-023-00871-x,10,7,2020-10-01,2021-07-01,8.707720732688903,12.27540056705475,54.2024382352829,472.33154038650457,66.81635613464485,158,0.5605900135418238,0.9590927925831696,98.1773115546328,38.759170901197415,1.427382946014404,2.495357990264893,2.019402384757996,Gladbacherhof Field,252,180,567,0,2020,1,4d-I_2021
2021,NA,NA,wheat,4d-ii,2754,421,gladbacherhof21,g/m2,9,Gladbacherhof,50.3979196028825,8.25304922564029,NA,NA,mixed,normal,93,4,D,7.9,high,0.67,down,low,4.21,Sloppy slopes,5.0578713417,North West,no,446911.6399,5583141.383,4d-ii_9m_2021,NA,wheat,4.21,27.54,2019,2,50.397516060664785,8.252963414092118,50.39596819800005,8.251203970000063,50.39956418700007,8.25473699400004,32700.065850709012,Winter Wheat,no fertilization,Oct,Jul,assigned,https://doi.org/10.1007/s10457-023-00871-x,10,7,2020-10-01,2021-07-01,8.707720732688903,12.27540056705475,54.2024382352829,472.33154038650457,66.81635613464485,158,0.5605900135418238,0.9590927925831696,98.1773115546328,38.759170901197415,1.427382946014404,2.495357990264893,2.019402384757996,Gladbacherhof Field,252,180,567,0,2020,1,4d-ii_2021
2021,NA,NA,wheat,4d-II,2804,475,gladbacherhof21,g/m2,9,Gladbacherhof,50.3979479330325,8.25334133973797,NA,NA,mixed,normal,94,4,D,6.9,high,0.78,up,low,4.75,Gentle slopes,4.5007476807,South West,no,446932.4329,5583144.324,4d-II_9m_2021,NA,wheat,4.75,28.04,2019,2,50.397516060664785,8.252963414092118,50.39596819800005,8.251203970000063,50.39956418700007,8.25473699400004,32700.065850709012,Winter Wheat,no fertilization,Oct,Jul,assigned,https://doi.org/10.1007/s10457-023-00871-x,10,7,2020-10-01,2021-07-01,8.707720732688903,12.27540056705475,54.2024382352829,472.33154038650457,66.81635613464485,158,0.5605900135418238,0.9590927925831696,98.1773115546328,38.759170901197415,1.427382946014404,2.495357990264893,2.019402384757996,Gladbacherhof Field,252,180,567,0,2020,1,4d-II_2021
2021,NA,NA,wheat,4d-iv,1430,293,gladbacherhof21,g/m2,1,Gladbacherhof,50.3979303954069,8.25316050715934,NA,NA,mixed,normal,95,4,D,7.7,high,0.8,down,low,2.93,Sloppy slopes,5.6766133308,South West,no,446919.561,5583142.503,4d-iv_1m_2021,NA,wheat,2.93,14.3,2019,2,50.397516060664785,8.252963414092118,50.39596819800005,8.251203970000063,50.39956418700007,8.25473699400004,32700.065850709012,Winter Wheat,no fertilization,Oct,Jul,assigned,https://doi.org/10.1007/s10457-023-00871-x,10,7,2020-10-01,2021-07-01,8.707720732688903,12.27540056705475,54.2024382352829,472.33154038650457,66.81635613464485,158,0.5605900135418238,0.9590927925831696,98.1773115546328,38.759170901197415,1.427382946014404,2.495357990264893,2.019402384757996,Gladbacherhof Field,252,180,567,0,2020,1,4d-iv_2021
2021,NA,NA,wheat,4d-IV,1926,449,gladbacherhof21,g/m2,1,Gladbacherhof,50.3979371406807,8.25323005813498,NA,NA,mixed,normal,96,4,D,7.3,high,0.78,up,low,4.49,Gentle slopes,4.9528894424,South West,no,446924.5117,5583143.203,4d-IV_1m_2021,NA,wheat,4.49,19.26,2019,2,50.397516060664785,8.252963414092118,50.39596819800005,8.251203970000063,50.39956418700007,8.25473699400004,32700.065850709012,Winter Wheat,no fertilization,Oct,Jul,assigned,https://doi.org/10.1007/s10457-023-00871-x,10,7,2020-10-01,2021-07-01,8.707720732688903,12.27540056705475,54.2024382352829,472.33154038650457,66.81635613464485,158,0.5605900135418238,0.9590927925831696,98.1773115546328,38.759170901197415,1.427382946014404,2.495357990264893,2.019402384757996,Gladbacherhof Field,252,180,567,0,2020,1,4d-IV_2021
2021,NA,NA,wheat,5a-i,1247,317,gladbacherhof21,g/m2,4.5,Gladbacherhof,50.3970908002958,8.25360775486831,NA,NA,mixed,normal,97,5,A,5.7,low,0.79,down,high,3.17,Sloppy slopes,5.0262541771,South West,yes,446950.4111,5583048.829,5a-i_4.5m_2021,NA,wheat,3.17,12.47,2019,2,50.397516060664785,8.252963414092118,50.39596819800005,8.251203970000063,50.39956418700007,8.25473699400004,32700.065850709012,Winter Wheat,no fertilization,Oct,Jul,assigned,https://doi.org/10.1007/s10457-023-00871-x,10,7,2020-10-01,2021-07-01,8.707720732688903,12.27540056705475,54.2024382352829,472.33154038650457,66.81635613464485,158,0.5605900135418238,0.9590927925831696,98.1773115546328,38.759170901197415,1.427382946014404,2.495357990264893,2.019402384757996,Gladbacherhof Field,252,180,567,0,2020,1,5a-i_2021
2021,NA,NA,wheat,5a-I,1403,307,gladbacherhof21,g/m2,4.5,Gladbacherhof,50.3971070011329,8.25377467139405,NA,NA,mixed,normal,98,5,A,5.7,low,0.68,up,high,3.07,Sloppy slopes,5.7974977493,South West,yes,446962.2925,5583050.511,5a-I_4.5m_2021,NA,wheat,3.0700000000000003,14.03,2019,2,50.397516060664785,8.252963414092118,50.39596819800005,8.251203970000063,50.39956418700007,8.25473699400004,32700.065850709012,Winter Wheat,no fertilization,Oct,Jul,assigned,https://doi.org/10.1007/s10457-023-00871-x,10,7,2020-10-01,2021-07-01,8.707720732688903,12.27540056705475,54.2024382352829,472.33154038650457,66.81635613464485,158,0.5605900135418238,0.9590927925831696,98.1773115546328,38.759170901197415,1.427382946014404,2.495357990264893,2.019402384757996,Gladbacherhof Field,252,180,567,0,2020,1,5a-I_2021
2021,NA,NA,wheat,5a-ii,1211,278,gladbacherhof21,g/m2,9,Gladbacherhof,50.3970847249203,8.25354516120114,NA,NA,mixed,normal,99,5,A,5.6,low,0.77,down,high,2.78,Sloppy slopes,5.3280601501,South West,no,446945.9555,5583048.198,5a-ii_9m_2021,NA,wheat,2.78,12.11,2019,2,50.397516060664785,8.252963414092118,50.39596819800005,8.251203970000063,50.39956418700007,8.25473699400004,32700.065850709012,Winter Wheat,no fertilization,Oct,Jul,assigned,https://doi.org/10.1007/s10457-023-00871-x,10,7,2020-10-01,2021-07-01,8.707720732688903,12.27540056705475,54.2024382352829,472.33154038650457,66.81635613464485,158,0.5605900135418238,0.9590927925831696,98.1773115546328,38.759170901197415,1.427382946014404,2.495357990264893,2.019402384757996,Gladbacherhof Field,252,180,567,0,2020,1,5a-ii_2021
2021,NA,NA,wheat,5a-II,1129,246,gladbacherhof21,g/m2,9,Gladbacherhof,50.3971130763851,8.25383726512119,NA,NA,mixed,normal,100,5,A,5.9,low,0.74,up,high,2.46,Sloppy slopes,6.0095415115,South West,yes,446966.7481,5583051.142,5a-II_9m_2021,NA,wheat,2.46,11.29,2019,2,50.397516060664785,8.252963414092118,50.39596819800005,8.251203970000063,50.39956418700007,8.25473699400004,32700.065850709012,Winter Wheat,no fertilization,Oct,Jul,assigned,https://doi.org/10.1007/s10457-023-00871-x,10,7,2020-10-01,2021-07-01,8.707720732688903,12.27540056705475,54.2024382352829,472.33154038650457,66.81635613464485,158,0.5605900135418238,0.9590927925831696,98.1773115546328,38.759170901197415,1.427382946014404,2.495357990264893,2.019402384757996,Gladbacherhof Field,252,180,567,0,2020,1,5a-II_2021
2021,NA,NA,wheat,5a-iv,1292,267,gladbacherhof21,g/m2,1,Gladbacherhof,50.3970955255646,8.25365643884297,NA,NA,mixed,normal,101,5,A,5.7,low,0.76,down,high,2.67,Sloppy slopes,6.4860844612,South West,yes,446953.8765,5583049.32,5a-iv_1m_2021,NA,wheat,2.67,12.92,2019,2,50.397516060664785,8.252963414092118,50.39596819800005,8.251203970000063,50.39956418700007,8.25473699400004,32700.065850709012,Winter Wheat,no fertilization,Oct,Jul,assigned,https://doi.org/10.1007/s10457-023-00871-x,10,7,2020-10-01,2021-07-01,8.707720732688903,12.27540056705475,54.2024382352829,472.33154038650457,66.81635613464485,158,0.5605900135418238,0.9590927925831696,98.1773115546328,38.759170901197415,1.427382946014404,2.495357990264893,2.019402384757996,Gladbacherhof Field,252,180,567,0,2020,1,5a-iv_2021
2021,NA,NA,wheat,5a-IV,1768,440,gladbacherhof21,g/m2,1,Gladbacherhof,50.3971022759134,8.25372598739537,NA,NA,mixed,normal,102,5,A,5.7,low,0.86,up,high,4.4,Sloppy slopes,6.3258452415,South West,yes,446958.8271,5583050.021,5a-IV_1m_2021,NA,wheat,4.4,17.68,2019,2,50.397516060664785,8.252963414092118,50.39596819800005,8.251203970000063,50.39956418700007,8.25473699400004,32700.065850709012,Winter Wheat,no fertilization,Oct,Jul,assigned,https://doi.org/10.1007/s10457-023-00871-x,10,7,2020-10-01,2021-07-01,8.707720732688903,12.27540056705475,54.2024382352829,472.33154038650457,66.81635613464485,158,0.5605900135418238,0.9590927925831696,98.1773115546328,38.759170901197415,1.427382946014404,2.495357990264893,2.019402384757996,Gladbacherhof Field,252,180,567,0,2020,1,5a-IV_2021
2021,NA,NA,wheat,5b-i,792,204,gladbacherhof21,g/m2,4.5,Gladbacherhof,50.3972241996195,8.25357606570783,NA,NA,mixed,normal,103,5,B,5.5,low,0.64,down,high,2.04,Sloppy slopes,5.8130187988,South West,no,446948.3077,5583063.684,5b-i_4.5m_2021,NA,wheat,2.04,7.92,2019,2,50.397516060664785,8.252963414092118,50.39596819800005,8.251203970000063,50.39956418700007,8.25473699400004,32700.065850709012,Winter Wheat,no fertilization,Oct,Jul,assigned,https://doi.org/10.1007/s10457-023-00871-x,10,7,2020-10-01,2021-07-01,8.707720732688903,12.27540056705475,54.2024382352829,472.33154038650457,66.81635613464485,158,0.5605900135418238,0.9590927925831696,98.1773115546328,38.759170901197415,1.427382946014404,2.495357990264893,2.019402384757996,Gladbacherhof Field,252,180,567,0,2020,1,5b-i_2021
2021,NA,NA,wheat,5b-I,1793,335,gladbacherhof21,g/m2,4.5,Gladbacherhof,50.3972404010751,8.2537429825545,NA,NA,mixed,normal,104,5,B,6.2,high,0.79,up,high,3.35,Gentle slopes,4.6109166145,South West,no,446960.1892,5583065.367,5b-I_4.5m_2021,NA,wheat,3.35,17.93,2019,2,50.397516060664785,8.252963414092118,50.39596819800005,8.251203970000063,50.39956418700007,8.25473699400004,32700.065850709012,Winter Wheat,no fertilization,Oct,Jul,assigned,https://doi.org/10.1007/s10457-023-00871-x,10,7,2020-10-01,2021-07-01,8.707720732688903,12.27540056705475,54.2024382352829,472.33154038650457,66.81635613464485,158,0.5605900135418238,0.9590927925831696,98.1773115546328,38.759170901197415,1.427382946014404,2.495357990264893,2.019402384757996,Gladbacherhof Field,252,180,567,0,2020,1,5b-I_2021
2021,NA,NA,wheat,5b-ii,1012,168,gladbacherhof21,g/m2,9,Gladbacherhof,50.397218124012,8.25351347192031,NA,NA,mixed,normal,105,5,B,5.5,low,0.73,down,high,1.68,Sloppy slopes,6.8417282104,South West,no,446943.8521,5583063.053,5b-ii_9m_2021,NA,wheat,1.68,10.12,2019,2,50.397516060664785,8.252963414092118,50.39596819800005,8.251203970000063,50.39956418700007,8.25473699400004,32700.065850709012,Winter Wheat,no fertilization,Oct,Jul,assigned,https://doi.org/10.1007/s10457-023-00871-x,10,7,2020-10-01,2021-07-01,8.707720732688903,12.27540056705475,54.2024382352829,472.33154038650457,66.81635613464485,158,0.5605900135418238,0.9590927925831696,98.1773115546328,38.759170901197415,1.427382946014404,2.495357990264893,2.019402384757996,Gladbacherhof Field,252,180,567,0,2020,1,5b-ii_2021
2021,NA,NA,wheat,5b-II,1619,349,gladbacherhof21,g/m2,9,Gladbacherhof,50.3972464765593,8.25380557640199,NA,NA,mixed,normal,106,5,B,6.2,high,0.7,up,high,3.49,Sloppy slopes,5.7393260002,South West,no,446964.6447,5583065.998,5b-II_9m_2021,NA,wheat,3.49,16.19,2019,2,50.397516060664785,8.252963414092118,50.39596819800005,8.251203970000063,50.39956418700007,8.25473699400004,32700.065850709012,Winter Wheat,no fertilization,Oct,Jul,assigned,https://doi.org/10.1007/s10457-023-00871-x,10,7,2020-10-01,2021-07-01,8.707720732688903,12.27540056705475,54.2024382352829,472.33154038650457,66.81635613464485,158,0.5605900135418238,0.9590927925831696,98.1773115546328,38.759170901197415,1.427382946014404,2.495357990264893,2.019402384757996,Gladbacherhof Field,252,180,567,0,2020,1,5b-II_2021
2021,NA,NA,wheat,5b-iv,592,154,gladbacherhof21,g/m2,1,Gladbacherhof,50.3972289250687,8.25362474977609,NA,NA,mixed,normal,107,5,B,5.7,low,0.65,down,high,1.54,Sloppy slopes,5.3492102623,South West,no,446951.7731,5583064.175,5b-iv_1m_2021,NA,wheat,1.54,5.92,2019,2,50.397516060664785,8.252963414092118,50.39596819800005,8.251203970000063,50.39956418700007,8.25473699400004,32700.065850709012,Winter Wheat,no fertilization,Oct,Jul,assigned,https://doi.org/10.1007/s10457-023-00871-x,10,7,2020-10-01,2021-07-01,8.707720732688903,12.27540056705475,54.2024382352829,472.33154038650457,66.81635613464485,158,0.5605900135418238,0.9590927925831696,98.1773115546328,38.759170901197415,1.427382946014404,2.495357990264893,2.019402384757996,Gladbacherhof Field,252,180,567,0,2020,1,5b-iv_2021
2021,NA,NA,wheat,5b-IV,1139,263,gladbacherhof21,g/m2,1,Gladbacherhof,50.3972356756752,8.25369429846221,NA,NA,mixed,normal,108,5,B,6,high,0.72,up,high,2.63,Sloppy slopes,6.1692166328,South West,no,446956.7237,5583064.876,5b-IV_1m_2021,NA,wheat,2.63,11.39,2019,2,50.397516060664785,8.252963414092118,50.39596819800005,8.251203970000063,50.39956418700007,8.25473699400004,32700.065850709012,Winter Wheat,no fertilization,Oct,Jul,assigned,https://doi.org/10.1007/s10457-023-00871-x,10,7,2020-10-01,2021-07-01,8.707720732688903,12.27540056705475,54.2024382352829,472.33154038650457,66.81635613464485,158,0.5605900135418238,0.9590927925831696,98.1773115546328,38.759170901197415,1.427382946014404,2.495357990264893,2.019402384757996,Gladbacherhof Field,252,180,567,0,2020,1,5b-IV_2021
2021,NA,NA,wheat,5c-i,1431,438,gladbacherhof21,g/m2,4.5,Gladbacherhof,50.3974665967394,8.25351847936835,NA,NA,mixed,normal,109,5,C,6.6,high,0.73,down,high,4.38,Gentle slopes,3.7957911491,North West,no,446944.4854,5583090.678,5c-i_4.5m_2021,NA,wheat,4.38,14.31,2019,2,50.397516060664785,8.252963414092118,50.39596819800005,8.251203970000063,50.39956418700007,8.25473699400004,32700.065850709012,Winter Wheat,no fertilization,Oct,Jul,assigned,https://doi.org/10.1007/s10457-023-00871-x,10,7,2020-10-01,2021-07-01,8.707720732688903,12.27540056705475,54.2024382352829,472.33154038650457,66.81635613464485,158,0.5605900135418238,0.9590927925831696,98.1773115546328,38.759170901197415,1.427382946014404,2.495357990264893,2.019402384757996,Gladbacherhof Field,252,180,567,0,2020,1,5c-i_2021
2021,NA,NA,wheat,5c-I,1565,356,gladbacherhof21,g/m2,4.5,Gladbacherhof,50.3974827988987,8.25368539689806,NA,NA,mixed,normal,110,5,C,7.4,high,0.73,up,high,3.56,Slightly inclined plains,2.7370471954,North West,no,446956.3668,5583092.36,5c-I_4.5m_2021,NA,wheat,3.56,15.65,2019,2,50.397516060664785,8.252963414092118,50.39596819800005,8.251203970000063,50.39956418700007,8.25473699400004,32700.065850709012,Winter Wheat,no fertilization,Oct,Jul,assigned,https://doi.org/10.1007/s10457-023-00871-x,10,7,2020-10-01,2021-07-01,8.707720732688903,12.27540056705475,54.2024382352829,472.33154038650457,66.81635613464485,158,0.5605900135418238,0.9590927925831696,98.1773115546328,38.759170901197415,1.427382946014404,2.495357990264893,2.019402384757996,Gladbacherhof Field,252,180,567,0,2020,1,5c-I_2021
2021,NA,NA,wheat,5c-ii,1328,375,gladbacherhof21,g/m2,9,Gladbacherhof,50.3974605208681,8.25345588532469,NA,NA,mixed,normal,111,5,C,6.4,high,0.75,down,high,3.75,Gentle slopes,3.3788115978,North West,no,446940.0298,5583090.047,5c-ii_9m_2021,NA,wheat,3.75,13.28,2019,2,50.397516060664785,8.252963414092118,50.39596819800005,8.251203970000063,50.39956418700007,8.25473699400004,32700.065850709012,Winter Wheat,no fertilization,Oct,Jul,assigned,https://doi.org/10.1007/s10457-023-00871-x,10,7,2020-10-01,2021-07-01,8.707720732688903,12.27540056705475,54.2024382352829,472.33154038650457,66.81635613464485,158,0.5605900135418238,0.9590927925831696,98.1773115546328,38.759170901197415,1.427382946014404,2.495357990264893,2.019402384757996,Gladbacherhof Field,252,180,567,0,2020,1,5c-ii_2021
2021,NA,NA,wheat,5c-II,1435,348,gladbacherhof21,g/m2,9,Gladbacherhof,50.3974888746467,8.25374799100169,NA,NA,mixed,normal,112,5,C,7.3,high,0.81,up,high,3.48,Gentle slopes,3.4677584171,North West,no,446960.8224,5583092.991,5c-II_9m_2021,NA,wheat,3.48,14.35,2019,2,50.397516060664785,8.252963414092118,50.39596819800005,8.251203970000063,50.39956418700007,8.25473699400004,32700.065850709012,Winter Wheat,no fertilization,Oct,Jul,assigned,https://doi.org/10.1007/s10457-023-00871-x,10,7,2020-10-01,2021-07-01,8.707720732688903,12.27540056705475,54.2024382352829,472.33154038650457,66.81635613464485,158,0.5605900135418238,0.9590927925831696,98.1773115546328,38.759170901197415,1.427382946014404,2.495357990264893,2.019402384757996,Gladbacherhof Field,252,180,567,0,2020,1,5c-II_2021
2021,NA,NA,wheat,5c-iv,1111,278,gladbacherhof21,g/m2,1,Gladbacherhof,50.3974713223939,8.25356716363583,NA,NA,mixed,normal,113,5,C,6.9,high,0.66,down,high,2.78,Gentle slopes,3.3275299072,North West,no,446947.9508,5583091.168,5c-iv_1m_2021,NA,wheat,2.78,11.11,2019,2,50.397516060664785,8.252963414092118,50.39596819800005,8.251203970000063,50.39956418700007,8.25473699400004,32700.065850709012,Winter Wheat,no fertilization,Oct,Jul,assigned,https://doi.org/10.1007/s10457-023-00871-x,10,7,2020-10-01,2021-07-01,8.707720732688903,12.27540056705475,54.2024382352829,472.33154038650457,66.81635613464485,158,0.5605900135418238,0.9590927925831696,98.1773115546328,38.759170901197415,1.427382946014404,2.495357990264893,2.019402384757996,Gladbacherhof Field,252,180,567,0,2020,1,5c-iv_2021
2021,NA,NA,wheat,5c-IV,1522,356,gladbacherhof21,g/m2,1,Gladbacherhof,50.3974780732936,8.25363671260655,NA,NA,mixed,normal,114,5,C,7.2,high,0.67,up,high,3.56,Slightly inclined plains,2.7584030628,North West,no,446952.9014,5583091.869,5c-IV_1m_2021,NA,wheat,3.56,15.22,2019,2,50.397516060664785,8.252963414092118,50.39596819800005,8.251203970000063,50.39956418700007,8.25473699400004,32700.065850709012,Winter Wheat,no fertilization,Oct,Jul,assigned,https://doi.org/10.1007/s10457-023-00871-x,10,7,2020-10-01,2021-07-01,8.707720732688903,12.27540056705475,54.2024382352829,472.33154038650457,66.81635613464485,158,0.5605900135418238,0.9590927925831696,98.1773115546328,38.759170901197415,1.427382946014404,2.495357990264893,2.019402384757996,Gladbacherhof Field,252,180,567,0,2020,1,5c-IV_2021
2021,NA,NA,wheat,5d-i,1349,379,gladbacherhof21,g/m2,4.5,Gladbacherhof,50.397708751644,8.25346094962505,NA,NA,mixed,normal,115,5,D,6.5,high,0.75,down,high,3.79,Sloppy slopes,6.8034920692,North West,no,446940.6669,5583117.644,5d-i_4.5m_2021,NA,wheat,3.79,13.49,2019,2,50.397516060664785,8.252963414092118,50.39596819800005,8.251203970000063,50.39956418700007,8.25473699400004,32700.065850709012,Winter Wheat,no fertilization,Oct,Jul,assigned,https://doi.org/10.1007/s10457-023-00871-x,10,7,2020-10-01,2021-07-01,8.707720732688903,12.27540056705475,54.2024382352829,472.33154038650457,66.81635613464485,158,0.5605900135418238,0.9590927925831696,98.1773115546328,38.759170901197415,1.427382946014404,2.495357990264893,2.019402384757996,Gladbacherhof Field,252,180,567,0,2020,1,5d-i_2021
2021,NA,NA,wheat,5d-I,1545,421,gladbacherhof21,g/m2,4.5,Gladbacherhof,50.3977249539352,8.25362786797274,NA,NA,mixed,normal,116,5,D,6.4,high,0.77,up,high,4.21,Sloppy slopes,5.1039915085,North West,no,446952.5483,5583119.326,5d-I_4.5m_2021,NA,wheat,4.21,15.45,2019,2,50.397516060664785,8.252963414092118,50.39596819800005,8.251203970000063,50.39956418700007,8.25473699400004,32700.065850709012,Winter Wheat,no fertilization,Oct,Jul,assigned,https://doi.org/10.1007/s10457-023-00871-x,10,7,2020-10-01,2021-07-01,8.707720732688903,12.27540056705475,54.2024382352829,472.33154038650457,66.81635613464485,158,0.5605900135418238,0.9590927925831696,98.1773115546328,38.759170901197415,1.427382946014404,2.495357990264893,2.019402384757996,Gladbacherhof Field,252,180,567,0,2020,1,5d-I_2021
2021,NA,NA,wheat,5d-ii,1390,390,gladbacherhof21,g/m2,9,Gladbacherhof,50.3977026757231,8.25339835527465,NA,NA,mixed,normal,117,5,D,6.7,high,0.7,down,high,3.9,Slopping slopes,7.3812255859,North West,no,446936.2113,5583117.013,5d-ii_9m_2021,NA,wheat,3.9,13.9,2019,2,50.397516060664785,8.252963414092118,50.39596819800005,8.251203970000063,50.39956418700007,8.25473699400004,32700.065850709012,Winter Wheat,no fertilization,Oct,Jul,assigned,https://doi.org/10.1007/s10457-023-00871-x,10,7,2020-10-01,2021-07-01,8.707720732688903,12.27540056705475,54.2024382352829,472.33154038650457,66.81635613464485,158,0.5605900135418238,0.9590927925831696,98.1773115546328,38.759170901197415,1.427382946014404,2.495357990264893,2.019402384757996,Gladbacherhof Field,252,180,567,0,2020,1,5d-ii_2021
2021,NA,NA,wheat,5d-II,965,202,gladbacherhof21,g/m2,9,Gladbacherhof,50.3977310297328,8.25369046238311,NA,NA,mixed,normal,118,5,D,6.3,high,0.84,up,high,2.02,Sloppy slopes,6.1897435188,North West,no,446957.0039,5583119.957,5d-II_9m_2021,NA,wheat,2.02,9.65,2019,2,50.397516060664785,8.252963414092118,50.39596819800005,8.251203970000063,50.39956418700007,8.25473699400004,32700.065850709012,Winter Wheat,no fertilization,Oct,Jul,assigned,https://doi.org/10.1007/s10457-023-00871-x,10,7,2020-10-01,2021-07-01,8.707720732688903,12.27540056705475,54.2024382352829,472.33154038650457,66.81635613464485,158,0.5605900135418238,0.9590927925831696,98.1773115546328,38.759170901197415,1.427382946014404,2.495357990264893,2.019402384757996,Gladbacherhof Field,252,180,567,0,2020,1,5d-II_2021
2021,NA,NA,wheat,5d-iv,860,207,gladbacherhof21,g/m2,1,Gladbacherhof,50.397713477337,8.25350963413111,NA,NA,mixed,normal,119,5,D,6.5,high,0.75,down,high,2.07,Sloppy slopes,5.6366872787,North West,no,446944.1323,5583118.135,5d-iv_1m_2021,NA,wheat,2.07,8.6,2019,2,50.397516060664785,8.252963414092118,50.39596819800005,8.251203970000063,50.39956418700007,8.25473699400004,32700.065850709012,Winter Wheat,no fertilization,Oct,Jul,assigned,https://doi.org/10.1007/s10457-023-00871-x,10,7,2020-10-01,2021-07-01,8.707720732688903,12.27540056705475,54.2024382352829,472.33154038650457,66.81635613464485,158,0.5605900135418238,0.9590927925831696,98.1773115546328,38.759170901197415,1.427382946014404,2.495357990264893,2.019402384757996,Gladbacherhof Field,252,180,567,0,2020,1,5d-iv_2021
2021,NA,NA,wheat,5d-IV,1509,408,gladbacherhof21,g/m2,1,Gladbacherhof,50.3977202282916,8.25357918344265,NA,NA,mixed,normal,120,5,D,6.5,high,0.74,up,high,4.08,Sloppy slopes,6.030444622,North West,no,446949.0829,5583118.836,5d-IV_1m_2021,NA,wheat,4.08,15.09,2019,2,50.397516060664785,8.252963414092118,50.39596819800005,8.251203970000063,50.39956418700007,8.25473699400004,32700.065850709012,Winter Wheat,no fertilization,Oct,Jul,assigned,https://doi.org/10.1007/s10457-023-00871-x,10,7,2020-10-01,2021-07-01,8.707720732688903,12.27540056705475,54.2024382352829,472.33154038650457,66.81635613464485,158,0.5605900135418238,0.9590927925831696,98.1773115546328,38.759170901197415,1.427382946014404,2.495357990264893,2.019402384757996,Gladbacherhof Field,252,180,567,0,2020,1,5d-IV_2021
2021,NA,NA,wheat,6a-i,770,225,gladbacherhof21,g/m2,4.5,Gladbacherhof,50.3971879290928,8.25388432146402,NA,NA,mixed,normal,121,6,A,6.1,high,0.74,down,low,2.25,Sloppy slopes,5.2594299316,South West,yes,446970.1761,5583059.432,6a-i_4.5m_2021,NA,wheat,2.25,7.7,2019,2,50.397516060664785,8.252963414092118,50.39596819800005,8.251203970000063,50.39956418700007,8.25473699400004,32700.065850709012,Winter Wheat,no fertilization,Oct,Jul,assigned,https://doi.org/10.1007/s10457-023-00871-x,10,7,2020-10-01,2021-07-01,8.707720732688903,12.27540056705475,54.2024382352829,472.33154038650457,66.81635613464485,158,0.5605900135418238,0.9590927925831696,98.1773115546328,38.759170901197415,1.427382946014404,2.495357990264893,2.019402384757996,Gladbacherhof Field,252,180,567,0,2020,1,6a-i_2021
2021,NA,NA,wheat,6a-I,1641,398,gladbacherhof21,g/m2,4.5,Gladbacherhof,50.3972039512281,8.25405128054583,NA,NA,mixed,normal,122,6,A,6.7,high,0.74,up,low,3.98,Slopping slopes,7.2323374748000004,South West,yes,446982.0604,5583061.094,6a-I_4.5m_2021,NA,wheat,3.98,16.41,2019,2,50.397516060664785,8.252963414092118,50.39596819800005,8.251203970000063,50.39956418700007,8.25473699400004,32700.065850709012,Winter Wheat,no fertilization,Oct,Jul,assigned,https://doi.org/10.1007/s10457-023-00871-x,10,7,2020-10-01,2021-07-01,8.707720732688903,12.27540056705475,54.2024382352829,472.33154038650457,66.81635613464485,158,0.5605900135418238,0.9590927925831696,98.1773115546328,38.759170901197415,1.427382946014404,2.495357990264893,2.019402384757996,Gladbacherhof Field,252,180,567,0,2020,1,6a-I_2021
2021,NA,NA,wheat,6a-ii,597,162,gladbacherhof21,g/m2,9,Gladbacherhof,50.3971819207303,8.25382171183801,NA,NA,mixed,normal,123,6,A,5.9,low,0.66,down,low,1.62,Sloppy slopes,6.3854556084,South West,yes,446965.7195,5583058.808,6a-ii_9m_2021,NA,wheat,1.62,5.97,2019,2,50.397516060664785,8.252963414092118,50.39596819800005,8.251203970000063,50.39956418700007,8.25473699400004,32700.065850709012,Winter Wheat,no fertilization,Oct,Jul,assigned,https://doi.org/10.1007/s10457-023-00871-x,10,7,2020-10-01,2021-07-01,8.707720732688903,12.27540056705475,54.2024382352829,472.33154038650457,66.81635613464485,158,0.5605900135418238,0.9590927925831696,98.1773115546328,38.759170901197415,1.427382946014404,2.495357990264893,2.019402384757996,Gladbacherhof Field,252,180,567,0,2020,1,6a-ii_2021
2021,NA,NA,wheat,6a-II,1449,375,gladbacherhof21,g/m2,9,Gladbacherhof,50.3972099594672,8.25411389023118,NA,NA,mixed,normal,124,6,A,6.9,high,0.8,up,low,3.75,Gentle slopes,4.4192633629,South West,yes,446986.517,5583061.717,6a-II_9m_2021,NA,wheat,3.75,14.49,2019,2,50.397516060664785,8.252963414092118,50.39596819800005,8.251203970000063,50.39956418700007,8.25473699400004,32700.065850709012,Winter Wheat,no fertilization,Oct,Jul,assigned,https://doi.org/10.1007/s10457-023-00871-x,10,7,2020-10-01,2021-07-01,8.707720732688903,12.27540056705475,54.2024382352829,472.33154038650457,66.81635613464485,158,0.5605900135418238,0.9590927925831696,98.1773115546328,38.759170901197415,1.427382946014404,2.495357990264893,2.019402384757996,Gladbacherhof Field,252,180,567,0,2020,1,6a-II_2021
2021,NA,NA,wheat,6a-iv,828,209,gladbacherhof21,g/m2,1,Gladbacherhof,50.3971926022403,8.25393301785099,NA,NA,mixed,normal,125,6,A,6.4,high,0.64,down,low,2.09,Sloppy slopes,6.11911726,South West,yes,446973.6423,5583059.916,6a-iv_1m_2021,NA,wheat,2.09,8.28,2019,2,50.397516060664785,8.252963414092118,50.39596819800005,8.251203970000063,50.39956418700007,8.25473699400004,32700.065850709012,Winter Wheat,no fertilization,Oct,Jul,assigned,https://doi.org/10.1007/s10457-023-00871-x,10,7,2020-10-01,2021-07-01,8.707720732688903,12.27540056705475,54.2024382352829,472.33154038650457,66.81635613464485,158,0.5605900135418238,0.9590927925831696,98.1773115546328,38.759170901197415,1.427382946014404,2.495357990264893,2.019402384757996,Gladbacherhof Field,252,180,567,0,2020,1,6a-iv_2021
2021,NA,NA,wheat,6a-IV,1762,503,gladbacherhof21,g/m2,1,Gladbacherhof,50.39719927813,8.25400258413508,NA,NA,mixed,normal,126,6,A,6.5,high,0.77,up,low,5.03,Sloppy slopes,5.9618401527,South West,yes,446978.5941,5583060.609,6a-IV_1m_2021,NA,wheat,5.03,17.62,2019,2,50.397516060664785,8.252963414092118,50.39596819800005,8.251203970000063,50.39956418700007,8.25473699400004,32700.065850709012,Winter Wheat,no fertilization,Oct,Jul,assigned,https://doi.org/10.1007/s10457-023-00871-x,10,7,2020-10-01,2021-07-01,8.707720732688903,12.27540056705475,54.2024382352829,472.33154038650457,66.81635613464485,158,0.5605900135418238,0.9590927925831696,98.1773115546328,38.759170901197415,1.427382946014404,2.495357990264893,2.019402384757996,Gladbacherhof Field,252,180,567,0,2020,1,6a-IV_2021
2021,NA,NA,wheat,6b-i,1910,330,gladbacherhof21,g/m2,4.5,Gladbacherhof,50.3973219569337,8.25385284208252,NA,NA,mixed,normal,127,6,B,6.7,high,0.74,down,low,3.3,Sloppy slopes,5.2792339325,South West,no,446968.0883,5583074.357,6b-i_4.5m_2021,NA,wheat,3.3000000000000003,19.1,2019,2,50.397516060664785,8.252963414092118,50.39596819800005,8.251203970000063,50.39956418700007,8.25473699400004,32700.065850709012,Winter Wheat,no fertilization,Oct,Jul,assigned,https://doi.org/10.1007/s10457-023-00871-x,10,7,2020-10-01,2021-07-01,8.707720732688903,12.27540056705475,54.2024382352829,472.33154038650457,66.81635613464485,158,0.5605900135418238,0.9590927925831696,98.1773115546328,38.759170901197415,1.427382946014404,2.495357990264893,2.019402384757996,Gladbacherhof Field,252,180,567,0,2020,1,6b-i_2021
2021,NA,NA,wheat,6b-I,1735,389,gladbacherhof21,g/m2,4.5,Gladbacherhof,50.3973379791701,8.25401980161083,NA,NA,mixed,normal,128,6,B,7.4,high,0.8,up,low,3.89,Gentle slopes,3.9549505711,South West,no,446979.9726,5583076.019,6b-I_4.5m_2021,NA,wheat,3.89,17.35,2019,2,50.397516060664785,8.252963414092118,50.39596819800005,8.251203970000063,50.39956418700007,8.25473699400004,32700.065850709012,Winter Wheat,no fertilization,Oct,Jul,assigned,https://doi.org/10.1007/s10457-023-00871-x,10,7,2020-10-01,2021-07-01,8.707720732688903,12.27540056705475,54.2024382352829,472.33154038650457,66.81635613464485,158,0.5605900135418238,0.9590927925831696,98.1773115546328,38.759170901197415,1.427382946014404,2.495357990264893,2.019402384757996,Gladbacherhof Field,252,180,567,0,2020,1,6b-I_2021
2021,NA,NA,wheat,6b-ii,1106,300,gladbacherhof21,g/m2,9,Gladbacherhof,50.3973159485334,8.25379023228907,NA,NA,mixed,normal,129,6,B,6.6,high,0.78,down,low,3,Sloppy slopes,5.4057016373,South West,no,446963.6317,5583073.733,6b-ii_9m_2021,NA,wheat,3,11.06,2019,2,50.397516060664785,8.252963414092118,50.39596819800005,8.251203970000063,50.39956418700007,8.25473699400004,32700.065850709012,Winter Wheat,no fertilization,Oct,Jul,assigned,https://doi.org/10.1007/s10457-023-00871-x,10,7,2020-10-01,2021-07-01,8.707720732688903,12.27540056705475,54.2024382352829,472.33154038650457,66.81635613464485,158,0.5605900135418238,0.9590927925831696,98.1773115546328,38.759170901197415,1.427382946014404,2.495357990264893,2.019402384757996,Gladbacherhof Field,252,180,567,0,2020,1,6b-ii_2021
2021,NA,NA,wheat,6b-II,1325,242,gladbacherhof21,g/m2,9,Gladbacherhof,50.397343987447,8.25408241146361,NA,NA,mixed,normal,130,6,B,7.4,high,0.81,up,low,2.42,Gentle slopes,3.0287671089,South West,no,446984.4292,5583076.642,6b-II_9m_2021,NA,wheat,2.42,13.25,2019,2,50.397516060664785,8.252963414092118,50.39596819800005,8.251203970000063,50.39956418700007,8.25473699400004,32700.065850709012,Winter Wheat,no fertilization,Oct,Jul,assigned,https://doi.org/10.1007/s10457-023-00871-x,10,7,2020-10-01,2021-07-01,8.707720732688903,12.27540056705475,54.2024382352829,472.33154038650457,66.81635613464485,158,0.5605900135418238,0.9590927925831696,98.1773115546328,38.759170901197415,1.427382946014404,2.495357990264893,2.019402384757996,Gladbacherhof Field,252,180,567,0,2020,1,6b-II_2021
2021,NA,NA,wheat,6b-iv,1474,330,gladbacherhof21,g/m2,1,Gladbacherhof,50.3973266301107,8.25390153859972,NA,NA,mixed,normal,131,6,B,7.1,high,0.74,down,low,3.3,Sloppy slopes,5.1687679291,South West,no,446971.5545,5583074.841,6b-iv_1m_2021,NA,wheat,3.3000000000000003,14.74,2019,2,50.397516060664785,8.252963414092118,50.39596819800005,8.251203970000063,50.39956418700007,8.25473699400004,32700.065850709012,Winter Wheat,no fertilization,Oct,Jul,assigned,https://doi.org/10.1007/s10457-023-00871-x,10,7,2020-10-01,2021-07-01,8.707720732688903,12.27540056705475,54.2024382352829,472.33154038650457,66.81635613464485,158,0.5605900135418238,0.9590927925831696,98.1773115546328,38.759170901197415,1.427382946014404,2.495357990264893,2.019402384757996,Gladbacherhof Field,252,180,567,0,2020,1,6b-iv_2021
2021,NA,NA,wheat,6b-IV,1652,431,gladbacherhof21,g/m2,1,Gladbacherhof,50.3973333060425,8.25397110506985,NA,NA,mixed,normal,132,6,B,7.3,high,0.79,up,low,4.31,Sloppy slopes,5.1987614632,South West,no,446976.5063,5583075.534,6b-IV_1m_2021,NA,wheat,4.3100000000000005,16.52,2019,2,50.397516060664785,8.252963414092118,50.39596819800005,8.251203970000063,50.39956418700007,8.25473699400004,32700.065850709012,Winter Wheat,no fertilization,Oct,Jul,assigned,https://doi.org/10.1007/s10457-023-00871-x,10,7,2020-10-01,2021-07-01,8.707720732688903,12.27540056705475,54.2024382352829,472.33154038650457,66.81635613464485,158,0.5605900135418238,0.9590927925831696,98.1773115546328,38.759170901197415,1.427382946014404,2.495357990264893,2.019402384757996,Gladbacherhof Field,252,180,567,0,2020,1,6b-IV_2021
2021,NA,NA,wheat,6c-i,1449,366,gladbacherhof21,g/m2,4.5,Gladbacherhof,50.3974563617994,8.25382127374511,NA,NA,mixed,normal,133,6,C,7.4,high,0.74,down,low,3.66,Gentle slopes,3.2420599461,North West,no,446965.9946,5583089.324,6c-i_4.5m_2021,NA,wheat,3.66,14.49,2019,2,50.397516060664785,8.252963414092118,50.39596819800005,8.251203970000063,50.39956418700007,8.25473699400004,32700.065850709012,Winter Wheat,no fertilization,Oct,Jul,assigned,https://doi.org/10.1007/s10457-023-00871-x,10,7,2020-10-01,2021-07-01,8.707720732688903,12.27540056705475,54.2024382352829,472.33154038650457,66.81635613464485,158,0.5605900135418238,0.9590927925831696,98.1773115546328,38.759170901197415,1.427382946014404,2.495357990264893,2.019402384757996,Gladbacherhof Field,252,180,567,0,2020,1,6c-i_2021
2021,NA,NA,wheat,6c-I,1608,522,gladbacherhof21,g/m2,4.5,Gladbacherhof,50.3974723844067,8.25398823365783,NA,NA,mixed,normal,134,6,C,7.8,high,0.79,up,low,5.22,Slightly inclined plains,2.8075406551,North West,no,446977.8788,5583090.986,6c-I_4.5m_2021,NA,wheat,5.22,16.080000000000002,2019,2,50.397516060664785,8.252963414092118,50.39596819800005,8.251203970000063,50.39956418700007,8.25473699400004,32700.065850709012,Winter Wheat,no fertilization,Oct,Jul,assigned,https://doi.org/10.1007/s10457-023-00871-x,10,7,2020-10-01,2021-07-01,8.707720732688903,12.27540056705475,54.2024382352829,472.33154038650457,66.81635613464485,158,0.5605900135418238,0.9590927925831696,98.1773115546328,38.759170901197415,1.427382946014404,2.495357990264893,2.019402384757996,Gladbacherhof Field,252,180,567,0,2020,1,6c-I_2021
2021,NA,NA,wheat,6c-ii,1189,244,gladbacherhof21,g/m2,9,Gladbacherhof,50.39745035326,8.25375866380751,NA,NA,mixed,normal,135,6,C,7.3,high,0.73,down,low,2.44,Gentle slopes,3.5804159641,South West,no,446961.538,5583088.7,6c-ii_9m_2021,NA,wheat,2.44,11.89,2019,2,50.397516060664785,8.252963414092118,50.39596819800005,8.251203970000063,50.39956418700007,8.25473699400004,32700.065850709012,Winter Wheat,no fertilization,Oct,Jul,assigned,https://doi.org/10.1007/s10457-023-00871-x,10,7,2020-10-01,2021-07-01,8.707720732688903,12.27540056705475,54.2024382352829,472.33154038650457,66.81635613464485,158,0.5605900135418238,0.9590927925831696,98.1773115546328,38.759170901197415,1.427382946014404,2.495357990264893,2.019402384757996,Gladbacherhof Field,252,180,567,0,2020,1,6c-ii_2021
2021,NA,NA,wheat,6c-II,1689,373,gladbacherhof21,g/m2,9,Gladbacherhof,50.3974783928228,8.25405084365477,NA,NA,mixed,normal,136,6,C,7.4,high,0.83,up,low,3.73,Slightly inclined plains,2.988171339,North West,no,446982.3354,5583091.61,6c-II_9m_2021,NA,wheat,3.73,16.89,2019,2,50.397516060664785,8.252963414092118,50.39596819800005,8.251203970000063,50.39956418700007,8.25473699400004,32700.065850709012,Winter Wheat,no fertilization,Oct,Jul,assigned,https://doi.org/10.1007/s10457-023-00871-x,10,7,2020-10-01,2021-07-01,8.707720732688903,12.27540056705475,54.2024382352829,472.33154038650457,66.81635613464485,158,0.5605900135418238,0.9590927925831696,98.1773115546328,38.759170901197415,1.427382946014404,2.495357990264893,2.019402384757996,Gladbacherhof Field,252,180,567,0,2020,1,6c-II_2021
2021,NA,NA,wheat,6c-iv,1290,287,gladbacherhof21,g/m2,1,Gladbacherhof,50.3974610350846,8.25386997037443,NA,NA,mixed,normal,137,6,C,7.5,high,0.63,down,low,2.87,Gentle slopes,4.6921234131,South West,no,446969.4608,5583089.809,6c-iv_1m_2021,NA,wheat,2.87,12.9,2019,2,50.397516060664785,8.252963414092118,50.39596819800005,8.251203970000063,50.39956418700007,8.25473699400004,32700.065850709012,Winter Wheat,no fertilization,Oct,Jul,assigned,https://doi.org/10.1007/s10457-023-00871-x,10,7,2020-10-01,2021-07-01,8.707720732688903,12.27540056705475,54.2024382352829,472.33154038650457,66.81635613464485,158,0.5605900135418238,0.9590927925831696,98.1773115546328,38.759170901197415,1.427382946014404,2.495357990264893,2.019402384757996,Gladbacherhof Field,252,180,567,0,2020,1,6c-iv_2021
2021,NA,NA,wheat,6c-IV,1734,433,gladbacherhof21,g/m2,1,Gladbacherhof,50.3974677111709,8.25393953700473,NA,NA,mixed,normal,138,6,C,7.8,high,0.7,up,low,4.33,Gentle slopes,3.9356796741,North West,no,446974.4126,5583090.501,6c-IV_1m_2021,NA,wheat,4.33,17.34,2019,2,50.397516060664785,8.252963414092118,50.39596819800005,8.251203970000063,50.39956418700007,8.25473699400004,32700.065850709012,Winter Wheat,no fertilization,Oct,Jul,assigned,https://doi.org/10.1007/s10457-023-00871-x,10,7,2020-10-01,2021-07-01,8.707720732688903,12.27540056705475,54.2024382352829,472.33154038650457,66.81635613464485,158,0.5605900135418238,0.9590927925831696,98.1773115546328,38.759170901197415,1.427382946014404,2.495357990264893,2.019402384757996,Gladbacherhof Field,252,180,567,0,2020,1,6c-IV_2021
2021,NA,NA,wheat,6d-i,1354,407,gladbacherhof21,g/m2,4.5,Gladbacherhof,50.3975925985834,8.2537892738446,NA,NA,mixed,normal,139,6,D,6,high,0.77,down,low,4.07,Gentle slopes,3.5889735222,North West,no,446963.8722,5583104.495,6d-i_4.5m_2021,NA,wheat,4.07,13.54,2019,2,50.397516060664785,8.252963414092118,50.39596819800005,8.251203970000063,50.39956418700007,8.25473699400004,32700.065850709012,Winter Wheat,no fertilization,Oct,Jul,assigned,https://doi.org/10.1007/s10457-023-00871-x,10,7,2020-10-01,2021-07-01,8.707720732688903,12.27540056705475,54.2024382352829,472.33154038650457,66.81635613464485,158,0.5605900135418238,0.9590927925831696,98.1773115546328,38.759170901197415,1.427382946014404,2.495357990264893,2.019402384757996,Gladbacherhof Field,252,180,567,0,2020,1,6d-i_2021
2021,NA,NA,wheat,6d-I,1402,357,gladbacherhof21,g/m2,4.5,Gladbacherhof,50.3976086215081,8.25395623416074,NA,NA,mixed,normal,140,6,D,7,high,0.79,up,low,3.57,Gentle slopes,3.7178142071,North West,no,446975.7565,5583106.157,6d-I_4.5m_2021,NA,wheat,3.5700000000000003,14.02,2019,2,50.397516060664785,8.252963414092118,50.39596819800005,8.251203970000063,50.39956418700007,8.25473699400004,32700.065850709012,Winter Wheat,no fertilization,Oct,Jul,assigned,https://doi.org/10.1007/s10457-023-00871-x,10,7,2020-10-01,2021-07-01,8.707720732688903,12.27540056705475,54.2024382352829,472.33154038650457,66.81635613464485,158,0.5605900135418238,0.9590927925831696,98.1773115546328,38.759170901197415,1.427382946014404,2.495357990264893,2.019402384757996,Gladbacherhof Field,252,180,567,0,2020,1,6d-I_2021
2021,NA,NA,wheat,6d-ii,1305,332,gladbacherhof21,g/m2,9,Gladbacherhof,50.3975865899249,8.25372666375573,NA,NA,mixed,normal,141,6,D,6.5,high,0.75,down,low,3.32,Gentle slopes,4.1290616989,North West,no,446959.4156,5583103.871,6d-ii_9m_2021,NA,wheat,3.3200000000000003,13.05,2019,2,50.397516060664785,8.252963414092118,50.39596819800005,8.251203970000063,50.39956418700007,8.25473699400004,32700.065850709012,Winter Wheat,no fertilization,Oct,Jul,assigned,https://doi.org/10.1007/s10457-023-00871-x,10,7,2020-10-01,2021-07-01,8.707720732688903,12.27540056705475,54.2024382352829,472.33154038650457,66.81635613464485,158,0.5605900135418238,0.9590927925831696,98.1773115546328,38.759170901197415,1.427382946014404,2.495357990264893,2.019402384757996,Gladbacherhof Field,252,180,567,0,2020,1,6d-ii_2021
2021,NA,NA,wheat,6d-II,1440,358,gladbacherhof21,g/m2,9,Gladbacherhof,50.3976146300432,8.25401884430896,NA,NA,mixed,normal,142,6,D,7.1,high,0.77,up,low,3.58,Gentle slopes,3.5875041485,North West,no,446980.2131,5583106.781,6d-II_9m_2021,NA,wheat,3.58,14.4,2019,2,50.397516060664785,8.252963414092118,50.39596819800005,8.251203970000063,50.39956418700007,8.25473699400004,32700.065850709012,Winter Wheat,no fertilization,Oct,Jul,assigned,https://doi.org/10.1007/s10457-023-00871-x,10,7,2020-10-01,2021-07-01,8.707720732688903,12.27540056705475,54.2024382352829,472.33154038650457,66.81635613464485,158,0.5605900135418238,0.9590927925831696,98.1773115546328,38.759170901197415,1.427382946014404,2.495357990264893,2.019402384757996,Gladbacherhof Field,252,180,567,0,2020,1,6d-II_2021
2021,NA,NA,wheat,6d-iv,1147,294,gladbacherhof21,g/m2,1,Gladbacherhof,50.3975972719611,8.25383797059159,NA,NA,mixed,normal,143,6,D,6,low,0.76,down,low,2.94,Gentle slopes,4.1881189346,North West,no,446967.3385,5583104.98,6d-iv_1m_2021,NA,wheat,2.94,11.47,2019,2,50.397516060664785,8.252963414092118,50.39596819800005,8.251203970000063,50.39956418700007,8.25473699400004,32700.065850709012,Winter Wheat,no fertilization,Oct,Jul,assigned,https://doi.org/10.1007/s10457-023-00871-x,10,7,2020-10-01,2021-07-01,8.707720732688903,12.27540056705475,54.2024382352829,472.33154038650457,66.81635613464485,158,0.5605900135418238,0.9590927925831696,98.1773115546328,38.759170901197415,1.427382946014404,2.495357990264893,2.019402384757996,Gladbacherhof Field,252,180,567,0,2020,1,6d-iv_2021
2021,NA,NA,wheat,6d-IV,1781,431,gladbacherhof21,g/m2,1,Gladbacherhof,50.3976039481798,8.25390753738998,NA,NA,mixed,normal,144,6,D,6.6,high,0.8,up,low,4.31,Gentle slopes,4.0946826935,North West,no,446972.2903,5583105.672,6d-IV_1m_2021,NA,wheat,4.3100000000000005,17.81,2019,2,50.397516060664785,8.252963414092118,50.39596819800005,8.251203970000063,50.39956418700007,8.25473699400004,32700.065850709012,Winter Wheat,no fertilization,Oct,Jul,assigned,https://doi.org/10.1007/s10457-023-00871-x,10,7,2020-10-01,2021-07-01,8.707720732688903,12.27540056705475,54.2024382352829,472.33154038650457,66.81635613464485,158,0.5605900135418238,0.9590927925831696,98.1773115546328,38.759170901197415,1.427382946014404,2.495357990264893,2.019402384757996,Gladbacherhof Field,252,180,567,0,2020,1,6d-IV_2021
2016,NA,NA,wp,Ih_1_7,NA,1.415925925925926,koch25,t/ha,7,IhingerHof,48.74490478175978,8.90982707000781,NA,NA,hedge,normal,NA,NA,NA,NA,NA,NA,NA,NA,NA,NA,NA,NA,NA,NA,NA,Ih_1_7m_2016,1,pea,1.415925925925926,NA,2016,0,48.745054396321954,8.90991289509535,48.743878865000056,8.907892014000026,48.74621680300004,8.912102256000026,57623.731970452245,Winter Pea,not reported,Oct,Jul,assigned,NA,10,7,2015-10-01,2016-07-01,8.31741703748703,12.904638290405272,70.66987085342407,404.0403649358389,69.07789856557035,183,0.5431103269483843,0.9909433407711666,98.0175244767969,42.14855064803264,1.238634705543518,2.709020853042603,1.774113277594249,Ihinger Hof Field,345,177,478,NA,2008,8,Ih_1_2016
2016,NA,NA,wp,Ih_1_12,NA,1.1261764705882351,koch25,t/ha,12,IhingerHof,48.74490478175978,8.90982707000781,NA,NA,hedge,normal,NA,NA,NA,NA,NA,NA,NA,NA,NA,NA,NA,NA,NA,NA,NA,Ih_1_12m_2016,1,pea,1.1261764705882351,NA,2016,0,48.745054396321954,8.90991289509535,48.743878865000056,8.907892014000026,48.74621680300004,8.912102256000026,57623.731970452245,Winter Pea,not reported,Oct,Jul,assigned,NA,10,7,2015-10-01,2016-07-01,8.31741703748703,12.904638290405272,70.66987085342407,404.0403649358389,69.07789856557035,183,0.5431103269483843,0.9909433407711666,98.0175244767969,42.14855064803264,1.238634705543518,2.709020853042603,1.774113277594249,Ihinger Hof Field,345,177,478,NA,2008,8,Ih_1_2016
2016,NA,NA,wp,Ih_1_18,NA,1.1612083333333334,koch25,t/ha,18,IhingerHof,48.74490478175978,8.90982707000781,NA,NA,hedge,normal,NA,NA,NA,NA,NA,NA,NA,NA,NA,NA,NA,NA,NA,NA,NA,Ih_1_18m_2016,1,pea,1.1612083333333334,NA,2016,0,48.745054396321954,8.90991289509535,48.743878865000056,8.907892014000026,48.74621680300004,8.912102256000026,57623.731970452245,Winter Pea,not reported,Oct,Jul,assigned,NA,10,7,2015-10-01,2016-07-01,8.31741703748703,12.904638290405272,70.66987085342407,404.0403649358389,69.07789856557035,183,0.5431103269483843,0.9909433407711666,98.0175244767969,42.14855064803264,1.238634705543518,2.709020853042603,1.774113277594249,Ihinger Hof Field,345,177,478,NA,2008,8,Ih_1_2016
2016,NA,NA,wp,Ih_1_24,NA,1.4018333333333333,koch25,t/ha,24,IhingerHof,48.74490478175978,8.90982707000781,NA,NA,hedge,normal,NA,NA,NA,NA,NA,NA,NA,NA,NA,NA,NA,NA,NA,NA,NA,Ih_1_24m_2016,1,pea,1.4018333333333333,NA,2016,0,48.745054396321954,8.90991289509535,48.743878865000056,8.907892014000026,48.74621680300004,8.912102256000026,57623.731970452245,Winter Pea,not reported,Oct,Jul,assigned,NA,10,7,2015-10-01,2016-07-01,8.31741703748703,12.904638290405272,70.66987085342407,404.0403649358389,69.07789856557035,183,0.5431103269483843,0.9909433407711666,98.0175244767969,42.14855064803264,1.238634705543518,2.709020853042603,1.774113277594249,Ihinger Hof Field,345,177,478,NA,2008,8,Ih_1_2016
2016,NA,NA,wp,Ih_2_4,NA,1.8476785714285715,koch25,t/ha,4,IhingerHof,48.74490478175978,8.90982707000781,NA,NA,walnut,normal,NA,NA,NA,NA,NA,NA,NA,NA,NA,NA,NA,NA,NA,NA,NA,Ih_2_4m_2016,1,pea,1.8476785714285715,NA,2016,0,48.745054396321954,8.90991289509535,48.743878865000056,8.907892014000026,48.74621680300004,8.912102256000026,57623.731970452245,Winter Pea,not reported,Oct,Jul,assigned,NA,10,7,2015-10-01,2016-07-01,8.31741703748703,12.904638290405272,70.66987085342407,404.0403649358389,69.07789856557035,183,0.5431103269483843,0.9909433407711666,98.0175244767969,42.14855064803264,1.238634705543518,2.709020853042603,1.774113277594249,Ihinger Hof Field,345,177,478,NA,2008,8,Ih_2_2016
2016,NA,NA,wp,Ih_2_7,NA,0.5313,koch25,t/ha,7,IhingerHof,48.74490478175978,8.90982707000781,NA,NA,walnut,normal,NA,NA,NA,NA,NA,NA,NA,NA,NA,NA,NA,NA,NA,NA,NA,Ih_2_7m_2016,1,pea,0.5313,NA,2016,0,48.745054396321954,8.90991289509535,48.743878865000056,8.907892014000026,48.74621680300004,8.912102256000026,57623.731970452245,Winter Pea,not reported,Oct,Jul,assigned,NA,10,7,2015-10-01,2016-07-01,8.31741703748703,12.904638290405272,70.66987085342407,404.0403649358389,69.07789856557035,183,0.5431103269483843,0.9909433407711666,98.0175244767969,42.14855064803264,1.238634705543518,2.709020853042603,1.774113277594249,Ihinger Hof Field,345,177,478,NA,2008,8,Ih_2_2016
2016,NA,NA,wp,Ih_2_12,NA,1.7809142857142857,koch25,t/ha,12,IhingerHof,48.74490478175978,8.90982707000781,NA,NA,walnut,normal,NA,NA,NA,NA,NA,NA,NA,NA,NA,NA,NA,NA,NA,NA,NA,Ih_2_12m_2016,1,pea,1.7809142857142857,NA,2016,0,48.745054396321954,8.90991289509535,48.743878865000056,8.907892014000026,48.74621680300004,8.912102256000026,57623.731970452245,Winter Pea,not reported,Oct,Jul,assigned,NA,10,7,2015-10-01,2016-07-01,8.31741703748703,12.904638290405272,70.66987085342407,404.0403649358389,69.07789856557035,183,0.5431103269483843,0.9909433407711666,98.0175244767969,42.14855064803264,1.238634705543518,2.709020853042603,1.774113277594249,Ihinger Hof Field,345,177,478,NA,2008,8,Ih_2_2016
2016,NA,NA,wp,Ih_2_18,NA,1.701878787878788,koch25,t/ha,18,IhingerHof,48.74490478175978,8.90982707000781,NA,NA,walnut,normal,NA,NA,NA,NA,NA,NA,NA,NA,NA,NA,NA,NA,NA,NA,NA,Ih_2_18m_2016,1,pea,1.701878787878788,NA,2016,0,48.745054396321954,8.90991289509535,48.743878865000056,8.907892014000026,48.74621680300004,8.912102256000026,57623.731970452245,Winter Pea,not reported,Oct,Jul,assigned,NA,10,7,2015-10-01,2016-07-01,8.31741703748703,12.904638290405272,70.66987085342407,404.0403649358389,69.07789856557035,183,0.5431103269483843,0.9909433407711666,98.0175244767969,42.14855064803264,1.238634705543518,2.709020853042603,1.774113277594249,Ihinger Hof Field,345,177,478,NA,2008,8,Ih_2_2016
2016,NA,NA,wp,Ih_2_24,NA,2.082133333333333,koch25,t/ha,24,IhingerHof,48.74490478175978,8.90982707000781,NA,NA,walnut,normal,NA,NA,NA,NA,NA,NA,NA,NA,NA,NA,NA,NA,NA,NA,NA,Ih_2_24m_2016,1,pea,2.082133333333333,NA,2016,0,48.745054396321954,8.90991289509535,48.743878865000056,8.907892014000026,48.74621680300004,8.912102256000026,57623.731970452245,Winter Pea,not reported,Oct,Jul,assigned,NA,10,7,2015-10-01,2016-07-01,8.31741703748703,12.904638290405272,70.66987085342407,404.0403649358389,69.07789856557035,183,0.5431103269483843,0.9909433407711666,98.0175244767969,42.14855064803264,1.238634705543518,2.709020853042603,1.774113277594249,Ihinger Hof Field,345,177,478,NA,2008,8,Ih_2_2016
2016,NA,NA,wp,Ih_3_4,NA,3.234608695652174,koch25,t/ha,4,IhingerHof,48.74490478175978,8.90982707000781,NA,NA,willow,normal,NA,NA,NA,NA,NA,NA,NA,NA,NA,NA,NA,NA,NA,NA,NA,Ih_3_4m_2016,1,pea,3.234608695652174,NA,2016,0,48.745054396321954,8.90991289509535,48.743878865000056,8.907892014000026,48.74621680300004,8.912102256000026,57623.731970452245,Winter Pea,not reported,Oct,Jul,assigned,NA,10,7,2015-10-01,2016-07-01,8.31741703748703,12.904638290405272,70.66987085342407,404.0403649358389,69.07789856557035,183,0.5431103269483843,0.9909433407711666,98.0175244767969,42.14855064803264,1.238634705543518,2.709020853042603,1.774113277594249,Ihinger Hof Field,345,177,478,NA,2008,8,Ih_3_2016
2016,NA,NA,wp,Ih_3_12,NA,3.117382978723404,koch25,t/ha,12,IhingerHof,48.74490478175978,8.90982707000781,NA,NA,willow,normal,NA,NA,NA,NA,NA,NA,NA,NA,NA,NA,NA,NA,NA,NA,NA,Ih_3_12m_2016,1,pea,3.117382978723404,NA,2016,0,48.745054396321954,8.90991289509535,48.743878865000056,8.907892014000026,48.74621680300004,8.912102256000026,57623.731970452245,Winter Pea,not reported,Oct,Jul,assigned,NA,10,7,2015-10-01,2016-07-01,8.31741703748703,12.904638290405272,70.66987085342407,404.0403649358389,69.07789856557035,183,0.5431103269483843,0.9909433407711666,98.0175244767969,42.14855064803264,1.238634705543518,2.709020853042603,1.774113277594249,Ihinger Hof Field,345,177,478,NA,2008,8,Ih_3_2016
2016,NA,NA,wp,Ih_3_18,NA,3.3533260869565216,koch25,t/ha,18,IhingerHof,48.74490478175978,8.90982707000781,NA,NA,willow,normal,NA,NA,NA,NA,NA,NA,NA,NA,NA,NA,NA,NA,NA,NA,NA,Ih_3_18m_2016,1,pea,3.3533260869565216,NA,2016,0,48.745054396321954,8.90991289509535,48.743878865000056,8.907892014000026,48.74621680300004,8.912102256000026,57623.731970452245,Winter Pea,not reported,Oct,Jul,assigned,NA,10,7,2015-10-01,2016-07-01,8.31741703748703,12.904638290405272,70.66987085342407,404.0403649358389,69.07789856557035,183,0.5431103269483843,0.9909433407711666,98.0175244767969,42.14855064803264,1.238634705543518,2.709020853042603,1.774113277594249,Ihinger Hof Field,345,177,478,NA,2008,8,Ih_3_2016
2016,NA,NA,wp,Ih_3_24,NA,3.3016041666666665,koch25,t/ha,24,IhingerHof,48.74490478175978,8.90982707000781,NA,NA,willow,normal,NA,NA,NA,NA,NA,NA,NA,NA,NA,NA,NA,NA,NA,NA,NA,Ih_3_24m_2016,1,pea,3.3016041666666665,NA,2016,0,48.745054396321954,8.90991289509535,48.743878865000056,8.907892014000026,48.74621680300004,8.912102256000026,57623.731970452245,Winter Pea,not reported,Oct,Jul,assigned,NA,10,7,2015-10-01,2016-07-01,8.31741703748703,12.904638290405272,70.66987085342407,404.0403649358389,69.07789856557035,183,0.5431103269483843,0.9909433407711666,98.0175244767969,42.14855064803264,1.238634705543518,2.709020853042603,1.774113277594249,Ihinger Hof Field,345,177,478,NA,2008,8,Ih_3_2016
2016,NA,NA,wp,Ih_4_4,NA,1.2800806451612905,koch25,t/ha,4,IhingerHof,48.74490478175978,8.90982707000781,NA,NA,hedge,normal,NA,NA,NA,NA,NA,NA,NA,NA,NA,NA,NA,NA,NA,NA,NA,Ih_4_4m_2016,1,pea,1.2800806451612905,NA,2016,0,48.745054396321954,8.90991289509535,48.743878865000056,8.907892014000026,48.74621680300004,8.912102256000026,57623.731970452245,Winter Pea,not reported,Oct,Jul,assigned,NA,10,7,2015-10-01,2016-07-01,8.31741703748703,12.904638290405272,70.66987085342407,404.0403649358389,69.07789856557035,183,0.5431103269483843,0.9909433407711666,98.0175244767969,42.14855064803264,1.238634705543518,2.709020853042603,1.774113277594249,Ihinger Hof Field,345,177,478,NA,2008,8,Ih_4_2016
2016,NA,NA,wp,Ih_4_7,NA,0.903,koch25,t/ha,7,IhingerHof,48.74490478175978,8.90982707000781,NA,NA,hedge,normal,NA,NA,NA,NA,NA,NA,NA,NA,NA,NA,NA,NA,NA,NA,NA,Ih_4_7m_2016,1,pea,0.903,NA,2016,0,48.745054396321954,8.90991289509535,48.743878865000056,8.907892014000026,48.74621680300004,8.912102256000026,57623.731970452245,Winter Pea,not reported,Oct,Jul,assigned,NA,10,7,2015-10-01,2016-07-01,8.31741703748703,12.904638290405272,70.66987085342407,404.0403649358389,69.07789856557035,183,0.5431103269483843,0.9909433407711666,98.0175244767969,42.14855064803264,1.238634705543518,2.709020853042603,1.774113277594249,Ihinger Hof Field,345,177,478,NA,2008,8,Ih_4_2016
2016,NA,NA,wp,Ih_4_12,NA,1.3382121212121212,koch25,t/ha,12,IhingerHof,48.74490478175978,8.90982707000781,NA,NA,hedge,normal,NA,NA,NA,NA,NA,NA,NA,NA,NA,NA,NA,NA,NA,NA,NA,Ih_4_12m_2016,1,pea,1.3382121212121212,NA,2016,0,48.745054396321954,8.90991289509535,48.743878865000056,8.907892014000026,48.74621680300004,8.912102256000026,57623.731970452245,Winter Pea,not reported,Oct,Jul,assigned,NA,10,7,2015-10-01,2016-07-01,8.31741703748703,12.904638290405272,70.66987085342407,404.0403649358389,69.07789856557035,183,0.5431103269483843,0.9909433407711666,98.0175244767969,42.14855064803264,1.238634705543518,2.709020853042603,1.774113277594249,Ihinger Hof Field,345,177,478,NA,2008,8,Ih_4_2016
2016,NA,NA,wp,Ih_4_18,NA,1.2819444444444443,koch25,t/ha,18,IhingerHof,48.74490478175978,8.90982707000781,NA,NA,hedge,normal,NA,NA,NA,NA,NA,NA,NA,NA,NA,NA,NA,NA,NA,NA,NA,Ih_4_18m_2016,1,pea,1.2819444444444443,NA,2016,0,48.745054396321954,8.90991289509535,48.743878865000056,8.907892014000026,48.74621680300004,8.912102256000026,57623.731970452245,Winter Pea,not reported,Oct,Jul,assigned,NA,10,7,2015-10-01,2016-07-01,8.31741703748703,12.904638290405272,70.66987085342407,404.0403649358389,69.07789856557035,183,0.5431103269483843,0.9909433407711666,98.0175244767969,42.14855064803264,1.238634705543518,2.709020853042603,1.774113277594249,Ihinger Hof Field,345,177,478,NA,2008,8,Ih_4_2016
2016,NA,NA,wp,Ih_4_24,NA,1.6637142857142857,koch25,t/ha,24,IhingerHof,48.74490478175978,8.90982707000781,NA,NA,hedge,normal,NA,NA,NA,NA,NA,NA,NA,NA,NA,NA,NA,NA,NA,NA,NA,Ih_4_24m_2016,1,pea,1.6637142857142857,NA,2016,0,48.745054396321954,8.90991289509535,48.743878865000056,8.907892014000026,48.74621680300004,8.912102256000026,57623.731970452245,Winter Pea,not reported,Oct,Jul,assigned,NA,10,7,2015-10-01,2016-07-01,8.31741703748703,12.904638290405272,70.66987085342407,404.0403649358389,69.07789856557035,183,0.5431103269483843,0.9909433407711666,98.0175244767969,42.14855064803264,1.238634705543518,2.709020853042603,1.774113277594249,Ihinger Hof Field,345,177,478,NA,2008,8,Ih_4_2016
2016,NA,NA,wp,Ih_5_4,NA,2.356512195121951,koch25,t/ha,4,IhingerHof,48.74490478175978,8.90982707000781,NA,NA,walnut,normal,NA,NA,NA,NA,NA,NA,NA,NA,NA,NA,NA,NA,NA,NA,NA,Ih_5_4m_2016,1,pea,2.356512195121951,NA,2016,0,48.745054396321954,8.90991289509535,48.743878865000056,8.907892014000026,48.74621680300004,8.912102256000026,57623.731970452245,Winter Pea,not reported,Oct,Jul,assigned,NA,10,7,2015-10-01,2016-07-01,8.31741703748703,12.904638290405272,70.66987085342407,404.0403649358389,69.07789856557035,183,0.5431103269483843,0.9909433407711666,98.0175244767969,42.14855064803264,1.238634705543518,2.709020853042603,1.774113277594249,Ihinger Hof Field,345,177,478,NA,2008,8,Ih_5_2016
2016,NA,NA,wp,Ih_5_7,NA,3.7935,koch25,t/ha,7,IhingerHof,48.74490478175978,8.90982707000781,NA,NA,walnut,normal,NA,NA,NA,NA,NA,NA,NA,NA,NA,NA,NA,NA,NA,NA,NA,Ih_5_7m_2016,1,pea,3.7935,NA,2016,0,48.745054396321954,8.90991289509535,48.743878865000056,8.907892014000026,48.74621680300004,8.912102256000026,57623.731970452245,Winter Pea,not reported,Oct,Jul,assigned,NA,10,7,2015-10-01,2016-07-01,8.31741703748703,12.904638290405272,70.66987085342407,404.0403649358389,69.07789856557035,183,0.5431103269483843,0.9909433407711666,98.0175244767969,42.14855064803264,1.238634705543518,2.709020853042603,1.774113277594249,Ihinger Hof Field,345,177,478,NA,2008,8,Ih_5_2016
2016,NA,NA,wp,Ih_5_12,NA,2.2576666666666667,koch25,t/ha,12,IhingerHof,48.74490478175978,8.90982707000781,NA,NA,walnut,normal,NA,NA,NA,NA,NA,NA,NA,NA,NA,NA,NA,NA,NA,NA,NA,Ih_5_12m_2016,1,pea,2.2576666666666667,NA,2016,0,48.745054396321954,8.90991289509535,48.743878865000056,8.907892014000026,48.74621680300004,8.912102256000026,57623.731970452245,Winter Pea,not reported,Oct,Jul,assigned,NA,10,7,2015-10-01,2016-07-01,8.31741703748703,12.904638290405272,70.66987085342407,404.0403649358389,69.07789856557035,183,0.5431103269483843,0.9909433407711666,98.0175244767969,42.14855064803264,1.238634705543518,2.709020853042603,1.774113277594249,Ihinger Hof Field,345,177,478,NA,2008,8,Ih_5_2016
2016,NA,NA,wp,Ih_5_18,NA,2.554111111111111,koch25,t/ha,18,IhingerHof,48.74490478175978,8.90982707000781,NA,NA,walnut,normal,NA,NA,NA,NA,NA,NA,NA,NA,NA,NA,NA,NA,NA,NA,NA,Ih_5_18m_2016,1,pea,2.554111111111111,NA,2016,0,48.745054396321954,8.90991289509535,48.743878865000056,8.907892014000026,48.74621680300004,8.912102256000026,57623.731970452245,Winter Pea,not reported,Oct,Jul,assigned,NA,10,7,2015-10-01,2016-07-01,8.31741703748703,12.904638290405272,70.66987085342407,404.0403649358389,69.07789856557035,183,0.5431103269483843,0.9909433407711666,98.0175244767969,42.14855064803264,1.238634705543518,2.709020853042603,1.774113277594249,Ihinger Hof Field,345,177,478,NA,2008,8,Ih_5_2016
2016,NA,NA,wp,Ih_5_24,NA,2.740655172413793,koch25,t/ha,24,IhingerHof,48.74490478175978,8.90982707000781,NA,NA,walnut,normal,NA,NA,NA,NA,NA,NA,NA,NA,NA,NA,NA,NA,NA,NA,NA,Ih_5_24m_2016,1,pea,2.740655172413793,NA,2016,0,48.745054396321954,8.90991289509535,48.743878865000056,8.907892014000026,48.74621680300004,8.912102256000026,57623.731970452245,Winter Pea,not reported,Oct,Jul,assigned,NA,10,7,2015-10-01,2016-07-01,8.31741703748703,12.904638290405272,70.66987085342407,404.0403649358389,69.07789856557035,183,0.5431103269483843,0.9909433407711666,98.0175244767969,42.14855064803264,1.238634705543518,2.709020853042603,1.774113277594249,Ihinger Hof Field,345,177,478,NA,2008,8,Ih_5_2016
2016,NA,NA,wp,Ih_6_4,NA,3.549051282051282,koch25,t/ha,4,IhingerHof,48.74490478175978,8.90982707000781,NA,NA,willow,normal,NA,NA,NA,NA,NA,NA,NA,NA,NA,NA,NA,NA,NA,NA,NA,Ih_6_4m_2016,1,pea,3.549051282051282,NA,2016,0,48.745054396321954,8.90991289509535,48.743878865000056,8.907892014000026,48.74621680300004,8.912102256000026,57623.731970452245,Winter Pea,not reported,Oct,Jul,assigned,NA,10,7,2015-10-01,2016-07-01,8.31741703748703,12.904638290405272,70.66987085342407,404.0403649358389,69.07789856557035,183,0.5431103269483843,0.9909433407711666,98.0175244767969,42.14855064803264,1.238634705543518,2.709020853042603,1.774113277594249,Ihinger Hof Field,345,177,478,NA,2008,8,Ih_6_2016
2016,NA,NA,wp,Ih_6_7,NA,0.899,koch25,t/ha,7,IhingerHof,48.74490478175978,8.90982707000781,NA,NA,willow,normal,NA,NA,NA,NA,NA,NA,NA,NA,NA,NA,NA,NA,NA,NA,NA,Ih_6_7m_2016,1,pea,0.899,NA,2016,0,48.745054396321954,8.90991289509535,48.743878865000056,8.907892014000026,48.74621680300004,8.912102256000026,57623.731970452245,Winter Pea,not reported,Oct,Jul,assigned,NA,10,7,2015-10-01,2016-07-01,8.31741703748703,12.904638290405272,70.66987085342407,404.0403649358389,69.07789856557035,183,0.5431103269483843,0.9909433407711666,98.0175244767969,42.14855064803264,1.238634705543518,2.709020853042603,1.774113277594249,Ihinger Hof Field,345,177,478,NA,2008,8,Ih_6_2016
2016,NA,NA,wp,Ih_6_12,NA,2.726492753623188,koch25,t/ha,12,IhingerHof,48.74490478175978,8.90982707000781,NA,NA,willow,normal,NA,NA,NA,NA,NA,NA,NA,NA,NA,NA,NA,NA,NA,NA,NA,Ih_6_12m_2016,1,pea,2.726492753623188,NA,2016,0,48.745054396321954,8.90991289509535,48.743878865000056,8.907892014000026,48.74621680300004,8.912102256000026,57623.731970452245,Winter Pea,not reported,Oct,Jul,assigned,NA,10,7,2015-10-01,2016-07-01,8.31741703748703,12.904638290405272,70.66987085342407,404.0403649358389,69.07789856557035,183,0.5431103269483843,0.9909433407711666,98.0175244767969,42.14855064803264,1.238634705543518,2.709020853042603,1.774113277594249,Ihinger Hof Field,345,177,478,NA,2008,8,Ih_6_2016
2016,NA,NA,wp,Ih_6_18,NA,3.270142857142857,koch25,t/ha,18,IhingerHof,48.74490478175978,8.90982707000781,NA,NA,willow,normal,NA,NA,NA,NA,NA,NA,NA,NA,NA,NA,NA,NA,NA,NA,NA,Ih_6_18m_2016,1,pea,3.270142857142857,NA,2016,0,48.745054396321954,8.90991289509535,48.743878865000056,8.907892014000026,48.74621680300004,8.912102256000026,57623.731970452245,Winter Pea,not reported,Oct,Jul,assigned,NA,10,7,2015-10-01,2016-07-01,8.31741703748703,12.904638290405272,70.66987085342407,404.0403649358389,69.07789856557035,183,0.5431103269483843,0.9909433407711666,98.0175244767969,42.14855064803264,1.238634705543518,2.709020853042603,1.774113277594249,Ihinger Hof Field,345,177,478,NA,2008,8,Ih_6_2016
2016,NA,NA,wp,Ih_6_24,NA,3.224,koch25,t/ha,24,IhingerHof,48.74490478175978,8.90982707000781,NA,NA,willow,normal,NA,NA,NA,NA,NA,NA,NA,NA,NA,NA,NA,NA,NA,NA,NA,Ih_6_24m_2016,1,pea,3.224,NA,2016,0,48.745054396321954,8.90991289509535,48.743878865000056,8.907892014000026,48.74621680300004,8.912102256000026,57623.731970452245,Winter Pea,not reported,Oct,Jul,assigned,NA,10,7,2015-10-01,2016-07-01,8.31741703748703,12.904638290405272,70.66987085342407,404.0403649358389,69.07789856557035,183,0.5431103269483843,0.9909433407711666,98.0175244767969,42.14855064803264,1.238634705543518,2.709020853042603,1.774113277594249,Ihinger Hof Field,345,177,478,NA,2008,8,Ih_6_2016
2016,NA,NA,wp,Ih_7_7,NA,3.0056,koch25,t/ha,7,IhingerHof,48.74490478175978,8.90982707000781,NA,NA,hedge,normal,NA,NA,NA,NA,NA,NA,NA,NA,NA,NA,NA,NA,NA,NA,NA,Ih_7_7m_2016,2,pea,3.0056,NA,2016,0,48.745054396321954,8.90991289509535,48.743878865000056,8.907892014000026,48.74621680300004,8.912102256000026,57623.731970452245,Winter Pea,not reported,Oct,Jul,assigned,NA,10,7,2015-10-01,2016-07-01,8.31741703748703,12.904638290405272,70.66987085342407,404.0403649358389,69.07789856557035,183,0.5431103269483843,0.9909433407711666,98.0175244767969,42.14855064803264,1.238634705543518,2.709020853042603,1.774113277594249,Ihinger Hof Field,345,177,478,NA,2008,8,Ih_7_2016
2016,NA,NA,wp,Ih_7_12,NA,2.943766666666667,koch25,t/ha,12,IhingerHof,48.74490478175978,8.90982707000781,NA,NA,hedge,normal,NA,NA,NA,NA,NA,NA,NA,NA,NA,NA,NA,NA,NA,NA,NA,Ih_7_12m_2016,2,pea,2.943766666666667,NA,2016,0,48.745054396321954,8.90991289509535,48.743878865000056,8.907892014000026,48.74621680300004,8.912102256000026,57623.731970452245,Winter Pea,not reported,Oct,Jul,assigned,NA,10,7,2015-10-01,2016-07-01,8.31741703748703,12.904638290405272,70.66987085342407,404.0403649358389,69.07789856557035,183,0.5431103269483843,0.9909433407711666,98.0175244767969,42.14855064803264,1.238634705543518,2.709020853042603,1.774113277594249,Ihinger Hof Field,345,177,478,NA,2008,8,Ih_7_2016
2016,NA,NA,wp,Ih_7_18,NA,3.51375,koch25,t/ha,18,IhingerHof,48.74490478175978,8.90982707000781,NA,NA,hedge,normal,NA,NA,NA,NA,NA,NA,NA,NA,NA,NA,NA,NA,NA,NA,NA,Ih_7_18m_2016,2,pea,3.51375,NA,2016,0,48.745054396321954,8.90991289509535,48.743878865000056,8.907892014000026,48.74621680300004,8.912102256000026,57623.731970452245,Winter Pea,not reported,Oct,Jul,assigned,NA,10,7,2015-10-01,2016-07-01,8.31741703748703,12.904638290405272,70.66987085342407,404.0403649358389,69.07789856557035,183,0.5431103269483843,0.9909433407711666,98.0175244767969,42.14855064803264,1.238634705543518,2.709020853042603,1.774113277594249,Ihinger Hof Field,345,177,478,NA,2008,8,Ih_7_2016
2016,NA,NA,wp,Ih_7_24,NA,2.041121951219512,koch25,t/ha,24,IhingerHof,48.74490478175978,8.90982707000781,NA,NA,hedge,normal,NA,NA,NA,NA,NA,NA,NA,NA,NA,NA,NA,NA,NA,NA,NA,Ih_7_24m_2016,2,pea,2.041121951219512,NA,2016,0,48.745054396321954,8.90991289509535,48.743878865000056,8.907892014000026,48.74621680300004,8.912102256000026,57623.731970452245,Winter Pea,not reported,Oct,Jul,assigned,NA,10,7,2015-10-01,2016-07-01,8.31741703748703,12.904638290405272,70.66987085342407,404.0403649358389,69.07789856557035,183,0.5431103269483843,0.9909433407711666,98.0175244767969,42.14855064803264,1.238634705543518,2.709020853042603,1.774113277594249,Ihinger Hof Field,345,177,478,NA,2008,8,Ih_7_2016
2016,NA,NA,wp,Ih_8_4,NA,1.90524,koch25,t/ha,4,IhingerHof,48.74490478175978,8.90982707000781,NA,NA,willow,normal,NA,NA,NA,NA,NA,NA,NA,NA,NA,NA,NA,NA,NA,NA,NA,Ih_8_4m_2016,2,pea,1.90524,NA,2016,0,48.745054396321954,8.90991289509535,48.743878865000056,8.907892014000026,48.74621680300004,8.912102256000026,57623.731970452245,Winter Pea,not reported,Oct,Jul,assigned,NA,10,7,2015-10-01,2016-07-01,8.31741703748703,12.904638290405272,70.66987085342407,404.0403649358389,69.07789856557035,183,0.5431103269483843,0.9909433407711666,98.0175244767969,42.14855064803264,1.238634705543518,2.709020853042603,1.774113277594249,Ihinger Hof Field,345,177,478,NA,2008,8,Ih_8_2016
2016,NA,NA,wp,Ih_8_7,NA,2.6986666666666665,koch25,t/ha,7,IhingerHof,48.74490478175978,8.90982707000781,NA,NA,willow,normal,NA,NA,NA,NA,NA,NA,NA,NA,NA,NA,NA,NA,NA,NA,NA,Ih_8_7m_2016,2,pea,2.6986666666666665,NA,2016,0,48.745054396321954,8.90991289509535,48.743878865000056,8.907892014000026,48.74621680300004,8.912102256000026,57623.731970452245,Winter Pea,not reported,Oct,Jul,assigned,NA,10,7,2015-10-01,2016-07-01,8.31741703748703,12.904638290405272,70.66987085342407,404.0403649358389,69.07789856557035,183,0.5431103269483843,0.9909433407711666,98.0175244767969,42.14855064803264,1.238634705543518,2.709020853042603,1.774113277594249,Ihinger Hof Field,345,177,478,NA,2008,8,Ih_8_2016
2016,NA,NA,wp,Ih_8_12,NA,3.6560681818181817,koch25,t/ha,12,IhingerHof,48.74490478175978,8.90982707000781,NA,NA,willow,normal,NA,NA,NA,NA,NA,NA,NA,NA,NA,NA,NA,NA,NA,NA,NA,Ih_8_12m_2016,2,pea,3.6560681818181817,NA,2016,0,48.745054396321954,8.90991289509535,48.743878865000056,8.907892014000026,48.74621680300004,8.912102256000026,57623.731970452245,Winter Pea,not reported,Oct,Jul,assigned,NA,10,7,2015-10-01,2016-07-01,8.31741703748703,12.904638290405272,70.66987085342407,404.0403649358389,69.07789856557035,183,0.5431103269483843,0.9909433407711666,98.0175244767969,42.14855064803264,1.238634705543518,2.709020853042603,1.774113277594249,Ihinger Hof Field,345,177,478,NA,2008,8,Ih_8_2016
2016,NA,NA,wp,Ih_8_18,NA,3.4681190476190475,koch25,t/ha,18,IhingerHof,48.74490478175978,8.90982707000781,NA,NA,willow,normal,NA,NA,NA,NA,NA,NA,NA,NA,NA,NA,NA,NA,NA,NA,NA,Ih_8_18m_2016,2,pea,3.4681190476190475,NA,2016,0,48.745054396321954,8.90991289509535,48.743878865000056,8.907892014000026,48.74621680300004,8.912102256000026,57623.731970452245,Winter Pea,not reported,Oct,Jul,assigned,NA,10,7,2015-10-01,2016-07-01,8.31741703748703,12.904638290405272,70.66987085342407,404.0403649358389,69.07789856557035,183,0.5431103269483843,0.9909433407711666,98.0175244767969,42.14855064803264,1.238634705543518,2.709020853042603,1.774113277594249,Ihinger Hof Field,345,177,478,NA,2008,8,Ih_8_2016
2016,NA,NA,wp,Ih_8_24,NA,3.05616,koch25,t/ha,24,IhingerHof,48.74490478175978,8.90982707000781,NA,NA,willow,normal,NA,NA,NA,NA,NA,NA,NA,NA,NA,NA,NA,NA,NA,NA,NA,Ih_8_24m_2016,2,pea,3.05616,NA,2016,0,48.745054396321954,8.90991289509535,48.743878865000056,8.907892014000026,48.74621680300004,8.912102256000026,57623.731970452245,Winter Pea,not reported,Oct,Jul,assigned,NA,10,7,2015-10-01,2016-07-01,8.31741703748703,12.904638290405272,70.66987085342407,404.0403649358389,69.07789856557035,183,0.5431103269483843,0.9909433407711666,98.0175244767969,42.14855064803264,1.238634705543518,2.709020853042603,1.774113277594249,Ihinger Hof Field,345,177,478,NA,2008,8,Ih_8_2016
2016,NA,NA,wp,Ih_9_4,NA,0.6527894736842106,koch25,t/ha,4,IhingerHof,48.74490478175978,8.90982707000781,NA,NA,walnut,normal,NA,NA,NA,NA,NA,NA,NA,NA,NA,NA,NA,NA,NA,NA,NA,Ih_9_4m_2016,2,pea,0.6527894736842106,NA,2016,0,48.745054396321954,8.90991289509535,48.743878865000056,8.907892014000026,48.74621680300004,8.912102256000026,57623.731970452245,Winter Pea,not reported,Oct,Jul,assigned,NA,10,7,2015-10-01,2016-07-01,8.31741703748703,12.904638290405272,70.66987085342407,404.0403649358389,69.07789856557035,183,0.5431103269483843,0.9909433407711666,98.0175244767969,42.14855064803264,1.238634705543518,2.709020853042603,1.774113277594249,Ihinger Hof Field,345,177,478,NA,2008,8,Ih_9_2016
2016,NA,NA,wp,Ih_9_7,NA,0.1915,koch25,t/ha,7,IhingerHof,48.74490478175978,8.90982707000781,NA,NA,walnut,normal,NA,NA,NA,NA,NA,NA,NA,NA,NA,NA,NA,NA,NA,NA,NA,Ih_9_7m_2016,2,pea,0.1915,NA,2016,0,48.745054396321954,8.90991289509535,48.743878865000056,8.907892014000026,48.74621680300004,8.912102256000026,57623.731970452245,Winter Pea,not reported,Oct,Jul,assigned,NA,10,7,2015-10-01,2016-07-01,8.31741703748703,12.904638290405272,70.66987085342407,404.0403649358389,69.07789856557035,183,0.5431103269483843,0.9909433407711666,98.0175244767969,42.14855064803264,1.238634705543518,2.709020853042603,1.774113277594249,Ihinger Hof Field,345,177,478,NA,2008,8,Ih_9_2016
2016,NA,NA,wp,Ih_9_12,NA,0.6440370370370371,koch25,t/ha,12,IhingerHof,48.74490478175978,8.90982707000781,NA,NA,walnut,normal,NA,NA,NA,NA,NA,NA,NA,NA,NA,NA,NA,NA,NA,NA,NA,Ih_9_12m_2016,2,pea,0.6440370370370371,NA,2016,0,48.745054396321954,8.90991289509535,48.743878865000056,8.907892014000026,48.74621680300004,8.912102256000026,57623.731970452245,Winter Pea,not reported,Oct,Jul,assigned,NA,10,7,2015-10-01,2016-07-01,8.31741703748703,12.904638290405272,70.66987085342407,404.0403649358389,69.07789856557035,183,0.5431103269483843,0.9909433407711666,98.0175244767969,42.14855064803264,1.238634705543518,2.709020853042603,1.774113277594249,Ihinger Hof Field,345,177,478,NA,2008,8,Ih_9_2016
2016,NA,NA,wp,Ih_9_18,NA,1.265941176470588,koch25,t/ha,18,IhingerHof,48.74490478175978,8.90982707000781,NA,NA,walnut,normal,NA,NA,NA,NA,NA,NA,NA,NA,NA,NA,NA,NA,NA,NA,NA,Ih_9_18m_2016,2,pea,1.265941176470588,NA,2016,0,48.745054396321954,8.90991289509535,48.743878865000056,8.907892014000026,48.74621680300004,8.912102256000026,57623.731970452245,Winter Pea,not reported,Oct,Jul,assigned,NA,10,7,2015-10-01,2016-07-01,8.31741703748703,12.904638290405272,70.66987085342407,404.0403649358389,69.07789856557035,183,0.5431103269483843,0.9909433407711666,98.0175244767969,42.14855064803264,1.238634705543518,2.709020853042603,1.774113277594249,Ihinger Hof Field,345,177,478,NA,2008,8,Ih_9_2016
2016,NA,NA,wp,Ih_9_24,NA,0.4660909090909091,koch25,t/ha,24,IhingerHof,48.74490478175978,8.90982707000781,NA,NA,walnut,normal,NA,NA,NA,NA,NA,NA,NA,NA,NA,NA,NA,NA,NA,NA,NA,Ih_9_24m_2016,2,pea,0.4660909090909091,NA,2016,0,48.745054396321954,8.90991289509535,48.743878865000056,8.907892014000026,48.74621680300004,8.912102256000026,57623.731970452245,Winter Pea,not reported,Oct,Jul,assigned,NA,10,7,2015-10-01,2016-07-01,8.31741703748703,12.904638290405272,70.66987085342407,404.0403649358389,69.07789856557035,183,0.5431103269483843,0.9909433407711666,98.0175244767969,42.14855064803264,1.238634705543518,2.709020853042603,1.774113277594249,Ihinger Hof Field,345,177,478,NA,2008,8,Ih_9_2016
2016,NA,NA,wp,Ih_10_24,NA,1.2712,koch25,t/ha,24,IhingerHof,48.74490478175978,8.90982707000781,NA,NA,walnut,normal,NA,NA,NA,NA,NA,NA,NA,NA,NA,NA,NA,NA,NA,NA,NA,Ih_10_24m_2016,2,pea,1.2712,NA,2016,0,48.745054396321954,8.90991289509535,48.743878865000056,8.907892014000026,48.74621680300004,8.912102256000026,57623.731970452245,Winter Pea,not reported,Oct,Jul,assigned,NA,10,7,2015-10-01,2016-07-01,8.31741703748703,12.904638290405272,70.66987085342407,404.0403649358389,69.07789856557035,183,0.5431103269483843,0.9909433407711666,98.0175244767969,42.14855064803264,1.238634705543518,2.709020853042603,1.774113277594249,Ihinger Hof Field,345,177,478,NA,2008,8,Ih_10_2016
2016,NA,NA,wp,Ih_11_4,NA,3.4528157894736844,koch25,t/ha,4,IhingerHof,48.74490478175978,8.90982707000781,NA,NA,willow,normal,NA,NA,NA,NA,NA,NA,NA,NA,NA,NA,NA,NA,NA,NA,NA,Ih_11_4m_2016,2,pea,3.4528157894736844,NA,2016,0,48.745054396321954,8.90991289509535,48.743878865000056,8.907892014000026,48.74621680300004,8.912102256000026,57623.731970452245,Winter Pea,not reported,Oct,Jul,assigned,NA,10,7,2015-10-01,2016-07-01,8.31741703748703,12.904638290405272,70.66987085342407,404.0403649358389,69.07789856557035,183,0.5431103269483843,0.9909433407711666,98.0175244767969,42.14855064803264,1.238634705543518,2.709020853042603,1.774113277594249,Ihinger Hof Field,345,177,478,NA,2008,8,Ih_11_2016
2016,NA,NA,wp,Ih_11_7,NA,4.649076923076923,koch25,t/ha,7,IhingerHof,48.74490478175978,8.90982707000781,NA,NA,willow,normal,NA,NA,NA,NA,NA,NA,NA,NA,NA,NA,NA,NA,NA,NA,NA,Ih_11_7m_2016,2,pea,4.649076923076923,NA,2016,0,48.745054396321954,8.90991289509535,48.743878865000056,8.907892014000026,48.74621680300004,8.912102256000026,57623.731970452245,Winter Pea,not reported,Oct,Jul,assigned,NA,10,7,2015-10-01,2016-07-01,8.31741703748703,12.904638290405272,70.66987085342407,404.0403649358389,69.07789856557035,183,0.5431103269483843,0.9909433407711666,98.0175244767969,42.14855064803264,1.238634705543518,2.709020853042603,1.774113277594249,Ihinger Hof Field,345,177,478,NA,2008,8,Ih_11_2016
2016,NA,NA,wp,Ih_11_12,NA,3.859804878048781,koch25,t/ha,12,IhingerHof,48.74490478175978,8.90982707000781,NA,NA,willow,normal,NA,NA,NA,NA,NA,NA,NA,NA,NA,NA,NA,NA,NA,NA,NA,Ih_11_12m_2016,2,pea,3.859804878048781,NA,2016,0,48.745054396321954,8.90991289509535,48.743878865000056,8.907892014000026,48.74621680300004,8.912102256000026,57623.731970452245,Winter Pea,not reported,Oct,Jul,assigned,NA,10,7,2015-10-01,2016-07-01,8.31741703748703,12.904638290405272,70.66987085342407,404.0403649358389,69.07789856557035,183,0.5431103269483843,0.9909433407711666,98.0175244767969,42.14855064803264,1.238634705543518,2.709020853042603,1.774113277594249,Ihinger Hof Field,345,177,478,NA,2008,8,Ih_11_2016
2016,NA,NA,wp,Ih_11_18,NA,4.218589743589743,koch25,t/ha,18,IhingerHof,48.74490478175978,8.90982707000781,NA,NA,willow,normal,NA,NA,NA,NA,NA,NA,NA,NA,NA,NA,NA,NA,NA,NA,NA,Ih_11_18m_2016,2,pea,4.218589743589743,NA,2016,0,48.745054396321954,8.90991289509535,48.743878865000056,8.907892014000026,48.74621680300004,8.912102256000026,57623.731970452245,Winter Pea,not reported,Oct,Jul,assigned,NA,10,7,2015-10-01,2016-07-01,8.31741703748703,12.904638290405272,70.66987085342407,404.0403649358389,69.07789856557035,183,0.5431103269483843,0.9909433407711666,98.0175244767969,42.14855064803264,1.238634705543518,2.709020853042603,1.774113277594249,Ihinger Hof Field,345,177,478,NA,2008,8,Ih_11_2016
2016,NA,NA,wp,Ih_11_24,NA,3.797487804878049,koch25,t/ha,24,IhingerHof,48.74490478175978,8.90982707000781,NA,NA,willow,normal,NA,NA,NA,NA,NA,NA,NA,NA,NA,NA,NA,NA,NA,NA,NA,Ih_11_24m_2016,2,pea,3.797487804878049,NA,2016,0,48.745054396321954,8.90991289509535,48.743878865000056,8.907892014000026,48.74621680300004,8.912102256000026,57623.731970452245,Winter Pea,not reported,Oct,Jul,assigned,NA,10,7,2015-10-01,2016-07-01,8.31741703748703,12.904638290405272,70.66987085342407,404.0403649358389,69.07789856557035,183,0.5431103269483843,0.9909433407711666,98.0175244767969,42.14855064803264,1.238634705543518,2.709020853042603,1.774113277594249,Ihinger Hof Field,345,177,478,NA,2008,8,Ih_11_2016
2016,NA,NA,wp,Ih_12_4,NA,1.808,koch25,t/ha,4,IhingerHof,48.74490478175978,8.90982707000781,NA,NA,hedge,normal,NA,NA,NA,NA,NA,NA,NA,NA,NA,NA,NA,NA,NA,NA,NA,Ih_12_4m_2016,2,pea,1.808,NA,2016,0,48.745054396321954,8.90991289509535,48.743878865000056,8.907892014000026,48.74621680300004,8.912102256000026,57623.731970452245,Winter Pea,not reported,Oct,Jul,assigned,NA,10,7,2015-10-01,2016-07-01,8.31741703748703,12.904638290405272,70.66987085342407,404.0403649358389,69.07789856557035,183,0.5431103269483843,0.9909433407711666,98.0175244767969,42.14855064803264,1.238634705543518,2.709020853042603,1.774113277594249,Ihinger Hof Field,345,177,478,NA,2008,8,Ih_12_2016
2016,NA,NA,wp,Ih_12_12,NA,2.066048780487805,koch25,t/ha,12,IhingerHof,48.74490478175978,8.90982707000781,NA,NA,hedge,normal,NA,NA,NA,NA,NA,NA,NA,NA,NA,NA,NA,NA,NA,NA,NA,Ih_12_12m_2016,2,pea,2.066048780487805,NA,2016,0,48.745054396321954,8.90991289509535,48.743878865000056,8.907892014000026,48.74621680300004,8.912102256000026,57623.731970452245,Winter Pea,not reported,Oct,Jul,assigned,NA,10,7,2015-10-01,2016-07-01,8.31741703748703,12.904638290405272,70.66987085342407,404.0403649358389,69.07789856557035,183,0.5431103269483843,0.9909433407711666,98.0175244767969,42.14855064803264,1.238634705543518,2.709020853042603,1.774113277594249,Ihinger Hof Field,345,177,478,NA,2008,8,Ih_12_2016
2016,NA,NA,wp,Ih_12_18,NA,2.1235897435897435,koch25,t/ha,18,IhingerHof,48.74490478175978,8.90982707000781,NA,NA,hedge,normal,NA,NA,NA,NA,NA,NA,NA,NA,NA,NA,NA,NA,NA,NA,NA,Ih_12_18m_2016,2,pea,2.1235897435897435,NA,2016,0,48.745054396321954,8.90991289509535,48.743878865000056,8.907892014000026,48.74621680300004,8.912102256000026,57623.731970452245,Winter Pea,not reported,Oct,Jul,assigned,NA,10,7,2015-10-01,2016-07-01,8.31741703748703,12.904638290405272,70.66987085342407,404.0403649358389,69.07789856557035,183,0.5431103269483843,0.9909433407711666,98.0175244767969,42.14855064803264,1.238634705543518,2.709020853042603,1.774113277594249,Ihinger Hof Field,345,177,478,NA,2008,8,Ih_12_2016
2016,NA,NA,wp,Ih_12_24,NA,1.9434423076923075,koch25,t/ha,24,IhingerHof,48.74490478175978,8.90982707000781,NA,NA,hedge,normal,NA,NA,NA,NA,NA,NA,NA,NA,NA,NA,NA,NA,NA,NA,NA,Ih_12_24m_2016,2,pea,1.9434423076923075,NA,2016,0,48.745054396321954,8.90991289509535,48.743878865000056,8.907892014000026,48.74621680300004,8.912102256000026,57623.731970452245,Winter Pea,not reported,Oct,Jul,assigned,NA,10,7,2015-10-01,2016-07-01,8.31741703748703,12.904638290405272,70.66987085342407,404.0403649358389,69.07789856557035,183,0.5431103269483843,0.9909433407711666,98.0175244767969,42.14855064803264,1.238634705543518,2.709020853042603,1.774113277594249,Ihinger Hof Field,345,177,478,NA,2008,8,Ih_12_2016
2016,NA,NA,wp,Ih_13_4,NA,2.8515,koch25,t/ha,4,IhingerHof,48.74490478175978,8.90982707000781,NA,NA,walnut,normal,NA,NA,NA,NA,NA,NA,NA,NA,NA,NA,NA,NA,NA,NA,NA,Ih_13_4m_2016,3,pea,2.8515,NA,2016,0,48.745054396321954,8.90991289509535,48.743878865000056,8.907892014000026,48.74621680300004,8.912102256000026,57623.731970452245,Winter Pea,not reported,Oct,Jul,assigned,NA,10,7,2015-10-01,2016-07-01,8.31741703748703,12.904638290405272,70.66987085342407,404.0403649358389,69.07789856557035,183,0.5431103269483843,0.9909433407711666,98.0175244767969,42.14855064803264,1.238634705543518,2.709020853042603,1.774113277594249,Ihinger Hof Field,345,177,478,NA,2008,8,Ih_13_2016
2016,NA,NA,wp,Ih_13_12,NA,3.106657894736842,koch25,t/ha,12,IhingerHof,48.74490478175978,8.90982707000781,NA,NA,walnut,normal,NA,NA,NA,NA,NA,NA,NA,NA,NA,NA,NA,NA,NA,NA,NA,Ih_13_12m_2016,3,pea,3.106657894736842,NA,2016,0,48.745054396321954,8.90991289509535,48.743878865000056,8.907892014000026,48.74621680300004,8.912102256000026,57623.731970452245,Winter Pea,not reported,Oct,Jul,assigned,NA,10,7,2015-10-01,2016-07-01,8.31741703748703,12.904638290405272,70.66987085342407,404.0403649358389,69.07789856557035,183,0.5431103269483843,0.9909433407711666,98.0175244767969,42.14855064803264,1.238634705543518,2.709020853042603,1.774113277594249,Ihinger Hof Field,345,177,478,NA,2008,8,Ih_13_2016
2016,NA,NA,wp,Ih_13_18,NA,2.179923076923077,koch25,t/ha,18,IhingerHof,48.74490478175978,8.90982707000781,NA,NA,walnut,normal,NA,NA,NA,NA,NA,NA,NA,NA,NA,NA,NA,NA,NA,NA,NA,Ih_13_18m_2016,3,pea,2.179923076923077,NA,2016,0,48.745054396321954,8.90991289509535,48.743878865000056,8.907892014000026,48.74621680300004,8.912102256000026,57623.731970452245,Winter Pea,not reported,Oct,Jul,assigned,NA,10,7,2015-10-01,2016-07-01,8.31741703748703,12.904638290405272,70.66987085342407,404.0403649358389,69.07789856557035,183,0.5431103269483843,0.9909433407711666,98.0175244767969,42.14855064803264,1.238634705543518,2.709020853042603,1.774113277594249,Ihinger Hof Field,345,177,478,NA,2008,8,Ih_13_2016
2016,NA,NA,wp,Ih_13_24,NA,2.79552,koch25,t/ha,24,IhingerHof,48.74490478175978,8.90982707000781,NA,NA,walnut,normal,NA,NA,NA,NA,NA,NA,NA,NA,NA,NA,NA,NA,NA,NA,NA,Ih_13_24m_2016,3,pea,2.79552,NA,2016,0,48.745054396321954,8.90991289509535,48.743878865000056,8.907892014000026,48.74621680300004,8.912102256000026,57623.731970452245,Winter Pea,not reported,Oct,Jul,assigned,NA,10,7,2015-10-01,2016-07-01,8.31741703748703,12.904638290405272,70.66987085342407,404.0403649358389,69.07789856557035,183,0.5431103269483843,0.9909433407711666,98.0175244767969,42.14855064803264,1.238634705543518,2.709020853042603,1.774113277594249,Ihinger Hof Field,345,177,478,NA,2008,8,Ih_13_2016
2016,NA,NA,wp,Ih_14_4,NA,2.1022857142857143,koch25,t/ha,4,IhingerHof,48.74490478175978,8.90982707000781,NA,NA,hedge,normal,NA,NA,NA,NA,NA,NA,NA,NA,NA,NA,NA,NA,NA,NA,NA,Ih_14_4m_2016,3,pea,2.1022857142857143,NA,2016,0,48.745054396321954,8.90991289509535,48.743878865000056,8.907892014000026,48.74621680300004,8.912102256000026,57623.731970452245,Winter Pea,not reported,Oct,Jul,assigned,NA,10,7,2015-10-01,2016-07-01,8.31741703748703,12.904638290405272,70.66987085342407,404.0403649358389,69.07789856557035,183,0.5431103269483843,0.9909433407711666,98.0175244767969,42.14855064803264,1.238634705543518,2.709020853042603,1.774113277594249,Ihinger Hof Field,345,177,478,NA,2008,8,Ih_14_2016
2016,NA,NA,wp,Ih_14_12,NA,2.313266666666667,koch25,t/ha,12,IhingerHof,48.74490478175978,8.90982707000781,NA,NA,hedge,normal,NA,NA,NA,NA,NA,NA,NA,NA,NA,NA,NA,NA,NA,NA,NA,Ih_14_12m_2016,3,pea,2.313266666666667,NA,2016,0,48.745054396321954,8.90991289509535,48.743878865000056,8.907892014000026,48.74621680300004,8.912102256000026,57623.731970452245,Winter Pea,not reported,Oct,Jul,assigned,NA,10,7,2015-10-01,2016-07-01,8.31741703748703,12.904638290405272,70.66987085342407,404.0403649358389,69.07789856557035,183,0.5431103269483843,0.9909433407711666,98.0175244767969,42.14855064803264,1.238634705543518,2.709020853042603,1.774113277594249,Ihinger Hof Field,345,177,478,NA,2008,8,Ih_14_2016
2016,NA,NA,wp,Ih_14_18,NA,3.1058333333333334,koch25,t/ha,18,IhingerHof,48.74490478175978,8.90982707000781,NA,NA,hedge,normal,NA,NA,NA,NA,NA,NA,NA,NA,NA,NA,NA,NA,NA,NA,NA,Ih_14_18m_2016,3,pea,3.1058333333333334,NA,2016,0,48.745054396321954,8.90991289509535,48.743878865000056,8.907892014000026,48.74621680300004,8.912102256000026,57623.731970452245,Winter Pea,not reported,Oct,Jul,assigned,NA,10,7,2015-10-01,2016-07-01,8.31741703748703,12.904638290405272,70.66987085342407,404.0403649358389,69.07789856557035,183,0.5431103269483843,0.9909433407711666,98.0175244767969,42.14855064803264,1.238634705543518,2.709020853042603,1.774113277594249,Ihinger Hof Field,345,177,478,NA,2008,8,Ih_14_2016
2016,NA,NA,wp,Ih_14_24,NA,2.1237333333333335,koch25,t/ha,24,IhingerHof,48.74490478175978,8.90982707000781,NA,NA,hedge,normal,NA,NA,NA,NA,NA,NA,NA,NA,NA,NA,NA,NA,NA,NA,NA,Ih_14_24m_2016,3,pea,2.1237333333333335,NA,2016,0,48.745054396321954,8.90991289509535,48.743878865000056,8.907892014000026,48.74621680300004,8.912102256000026,57623.731970452245,Winter Pea,not reported,Oct,Jul,assigned,NA,10,7,2015-10-01,2016-07-01,8.31741703748703,12.904638290405272,70.66987085342407,404.0403649358389,69.07789856557035,183,0.5431103269483843,0.9909433407711666,98.0175244767969,42.14855064803264,1.238634705543518,2.709020853042603,1.774113277594249,Ihinger Hof Field,345,177,478,NA,2008,8,Ih_14_2016
2016,NA,NA,wp,Ih_15_12,NA,0.6025714285714285,koch25,t/ha,12,IhingerHof,48.74490478175978,8.90982707000781,NA,NA,willow,normal,NA,NA,NA,NA,NA,NA,NA,NA,NA,NA,NA,NA,NA,NA,NA,Ih_15_12m_2016,3,pea,0.6025714285714285,NA,2016,0,48.745054396321954,8.90991289509535,48.743878865000056,8.907892014000026,48.74621680300004,8.912102256000026,57623.731970452245,Winter Pea,not reported,Oct,Jul,assigned,NA,10,7,2015-10-01,2016-07-01,8.31741703748703,12.904638290405272,70.66987085342407,404.0403649358389,69.07789856557035,183,0.5431103269483843,0.9909433407711666,98.0175244767969,42.14855064803264,1.238634705543518,2.709020853042603,1.774113277594249,Ihinger Hof Field,345,177,478,NA,2008,8,Ih_15_2016
2016,NA,NA,wp,Ih_15_18,NA,1.2858,koch25,t/ha,18,IhingerHof,48.74490478175978,8.90982707000781,NA,NA,willow,normal,NA,NA,NA,NA,NA,NA,NA,NA,NA,NA,NA,NA,NA,NA,NA,Ih_15_18m_2016,3,pea,1.2858,NA,2016,0,48.745054396321954,8.90991289509535,48.743878865000056,8.907892014000026,48.74621680300004,8.912102256000026,57623.731970452245,Winter Pea,not reported,Oct,Jul,assigned,NA,10,7,2015-10-01,2016-07-01,8.31741703748703,12.904638290405272,70.66987085342407,404.0403649358389,69.07789856557035,183,0.5431103269483843,0.9909433407711666,98.0175244767969,42.14855064803264,1.238634705543518,2.709020853042603,1.774113277594249,Ihinger Hof Field,345,177,478,NA,2008,8,Ih_15_2016
2016,NA,NA,wp,Ih_15_24,NA,0.6707058823529412,koch25,t/ha,24,IhingerHof,48.74490478175978,8.90982707000781,NA,NA,willow,normal,NA,NA,NA,NA,NA,NA,NA,NA,NA,NA,NA,NA,NA,NA,NA,Ih_15_24m_2016,3,pea,0.6707058823529412,NA,2016,0,48.745054396321954,8.90991289509535,48.743878865000056,8.907892014000026,48.74621680300004,8.912102256000026,57623.731970452245,Winter Pea,not reported,Oct,Jul,assigned,NA,10,7,2015-10-01,2016-07-01,8.31741703748703,12.904638290405272,70.66987085342407,404.0403649358389,69.07789856557035,183,0.5431103269483843,0.9909433407711666,98.0175244767969,42.14855064803264,1.238634705543518,2.709020853042603,1.774113277594249,Ihinger Hof Field,345,177,478,NA,2008,8,Ih_15_2016
2016,NA,NA,wp,Ih_16_7,NA,1.518333333333333,koch25,t/ha,7,IhingerHof,48.74490478175978,8.90982707000781,NA,NA,willow,normal,NA,NA,NA,NA,NA,NA,NA,NA,NA,NA,NA,NA,NA,NA,NA,Ih_16_7m_2016,3,pea,1.518333333333333,NA,2016,0,48.745054396321954,8.90991289509535,48.743878865000056,8.907892014000026,48.74621680300004,8.912102256000026,57623.731970452245,Winter Pea,not reported,Oct,Jul,assigned,NA,10,7,2015-10-01,2016-07-01,8.31741703748703,12.904638290405272,70.66987085342407,404.0403649358389,69.07789856557035,183,0.5431103269483843,0.9909433407711666,98.0175244767969,42.14855064803264,1.238634705543518,2.709020853042603,1.774113277594249,Ihinger Hof Field,345,177,478,NA,2008,8,Ih_16_2016
2016,NA,NA,wp,Ih_16_12,NA,0.29075,koch25,t/ha,12,IhingerHof,48.74490478175978,8.90982707000781,NA,NA,willow,normal,NA,NA,NA,NA,NA,NA,NA,NA,NA,NA,NA,NA,NA,NA,NA,Ih_16_12m_2016,3,pea,0.29075,NA,2016,0,48.745054396321954,8.90991289509535,48.743878865000056,8.907892014000026,48.74621680300004,8.912102256000026,57623.731970452245,Winter Pea,not reported,Oct,Jul,assigned,NA,10,7,2015-10-01,2016-07-01,8.31741703748703,12.904638290405272,70.66987085342407,404.0403649358389,69.07789856557035,183,0.5431103269483843,0.9909433407711666,98.0175244767969,42.14855064803264,1.238634705543518,2.709020853042603,1.774113277594249,Ihinger Hof Field,345,177,478,NA,2008,8,Ih_16_2016
2016,NA,NA,wp,Ih_17_4,NA,1.0220714285714283,koch25,t/ha,4,IhingerHof,48.74490478175978,8.90982707000781,NA,NA,hedge,normal,NA,NA,NA,NA,NA,NA,NA,NA,NA,NA,NA,NA,NA,NA,NA,Ih_17_4m_2016,3,pea,1.0220714285714283,NA,2016,0,48.745054396321954,8.90991289509535,48.743878865000056,8.907892014000026,48.74621680300004,8.912102256000026,57623.731970452245,Winter Pea,not reported,Oct,Jul,assigned,NA,10,7,2015-10-01,2016-07-01,8.31741703748703,12.904638290405272,70.66987085342407,404.0403649358389,69.07789856557035,183,0.5431103269483843,0.9909433407711666,98.0175244767969,42.14855064803264,1.238634705543518,2.709020853042603,1.774113277594249,Ihinger Hof Field,345,177,478,NA,2008,8,Ih_17_2016
2016,NA,NA,wp,Ih_17_7,NA,0.9576666666666668,koch25,t/ha,7,IhingerHof,48.74490478175978,8.90982707000781,NA,NA,hedge,normal,NA,NA,NA,NA,NA,NA,NA,NA,NA,NA,NA,NA,NA,NA,NA,Ih_17_7m_2016,3,pea,0.9576666666666668,NA,2016,0,48.745054396321954,8.90991289509535,48.743878865000056,8.907892014000026,48.74621680300004,8.912102256000026,57623.731970452245,Winter Pea,not reported,Oct,Jul,assigned,NA,10,7,2015-10-01,2016-07-01,8.31741703748703,12.904638290405272,70.66987085342407,404.0403649358389,69.07789856557035,183,0.5431103269483843,0.9909433407711666,98.0175244767969,42.14855064803264,1.238634705543518,2.709020853042603,1.774113277594249,Ihinger Hof Field,345,177,478,NA,2008,8,Ih_17_2016
2016,NA,NA,wp,Ih_17_12,NA,1.3768235294117648,koch25,t/ha,12,IhingerHof,48.74490478175978,8.90982707000781,NA,NA,hedge,normal,NA,NA,NA,NA,NA,NA,NA,NA,NA,NA,NA,NA,NA,NA,NA,Ih_17_12m_2016,3,pea,1.3768235294117648,NA,2016,0,48.745054396321954,8.90991289509535,48.743878865000056,8.907892014000026,48.74621680300004,8.912102256000026,57623.731970452245,Winter Pea,not reported,Oct,Jul,assigned,NA,10,7,2015-10-01,2016-07-01,8.31741703748703,12.904638290405272,70.66987085342407,404.0403649358389,69.07789856557035,183,0.5431103269483843,0.9909433407711666,98.0175244767969,42.14855064803264,1.238634705543518,2.709020853042603,1.774113277594249,Ihinger Hof Field,345,177,478,NA,2008,8,Ih_17_2016
2016,NA,NA,wp,Ih_17_18,NA,2.289388888888889,koch25,t/ha,18,IhingerHof,48.74490478175978,8.90982707000781,NA,NA,hedge,normal,NA,NA,NA,NA,NA,NA,NA,NA,NA,NA,NA,NA,NA,NA,NA,Ih_17_18m_2016,3,pea,2.289388888888889,NA,2016,0,48.745054396321954,8.90991289509535,48.743878865000056,8.907892014000026,48.74621680300004,8.912102256000026,57623.731970452245,Winter Pea,not reported,Oct,Jul,assigned,NA,10,7,2015-10-01,2016-07-01,8.31741703748703,12.904638290405272,70.66987085342407,404.0403649358389,69.07789856557035,183,0.5431103269483843,0.9909433407711666,98.0175244767969,42.14855064803264,1.238634705543518,2.709020853042603,1.774113277594249,Ihinger Hof Field,345,177,478,NA,2008,8,Ih_17_2016
2016,NA,NA,wp,Ih_17_24,NA,1.7931836734693878,koch25,t/ha,24,IhingerHof,48.74490478175978,8.90982707000781,NA,NA,hedge,normal,NA,NA,NA,NA,NA,NA,NA,NA,NA,NA,NA,NA,NA,NA,NA,Ih_17_24m_2016,3,pea,1.7931836734693878,NA,2016,0,48.745054396321954,8.90991289509535,48.743878865000056,8.907892014000026,48.74621680300004,8.912102256000026,57623.731970452245,Winter Pea,not reported,Oct,Jul,assigned,NA,10,7,2015-10-01,2016-07-01,8.31741703748703,12.904638290405272,70.66987085342407,404.0403649358389,69.07789856557035,183,0.5431103269483843,0.9909433407711666,98.0175244767969,42.14855064803264,1.238634705543518,2.709020853042603,1.774113277594249,Ihinger Hof Field,345,177,478,NA,2008,8,Ih_17_2016
2016,NA,NA,wp,Ih_18_4,NA,1.7740625,koch25,t/ha,4,IhingerHof,48.74490478175978,8.90982707000781,NA,NA,walnut,normal,NA,NA,NA,NA,NA,NA,NA,NA,NA,NA,NA,NA,NA,NA,NA,Ih_18_4m_2016,3,pea,1.7740625,NA,2016,0,48.745054396321954,8.90991289509535,48.743878865000056,8.907892014000026,48.74621680300004,8.912102256000026,57623.731970452245,Winter Pea,not reported,Oct,Jul,assigned,NA,10,7,2015-10-01,2016-07-01,8.31741703748703,12.904638290405272,70.66987085342407,404.0403649358389,69.07789856557035,183,0.5431103269483843,0.9909433407711666,98.0175244767969,42.14855064803264,1.238634705543518,2.709020853042603,1.774113277594249,Ihinger Hof Field,345,177,478,NA,2008,8,Ih_18_2016
2016,NA,NA,wp,Ih_18_12,NA,1.989558139534884,koch25,t/ha,12,IhingerHof,48.74490478175978,8.90982707000781,NA,NA,walnut,normal,NA,NA,NA,NA,NA,NA,NA,NA,NA,NA,NA,NA,NA,NA,NA,Ih_18_12m_2016,3,pea,1.989558139534884,NA,2016,0,48.745054396321954,8.90991289509535,48.743878865000056,8.907892014000026,48.74621680300004,8.912102256000026,57623.731970452245,Winter Pea,not reported,Oct,Jul,assigned,NA,10,7,2015-10-01,2016-07-01,8.31741703748703,12.904638290405272,70.66987085342407,404.0403649358389,69.07789856557035,183,0.5431103269483843,0.9909433407711666,98.0175244767969,42.14855064803264,1.238634705543518,2.709020853042603,1.774113277594249,Ihinger Hof Field,345,177,478,NA,2008,8,Ih_18_2016
2016,NA,NA,wp,Ih_18_18,NA,2.0006829268292683,koch25,t/ha,18,IhingerHof,48.74490478175978,8.90982707000781,NA,NA,walnut,normal,NA,NA,NA,NA,NA,NA,NA,NA,NA,NA,NA,NA,NA,NA,NA,Ih_18_18m_2016,3,pea,2.0006829268292683,NA,2016,0,48.745054396321954,8.90991289509535,48.743878865000056,8.907892014000026,48.74621680300004,8.912102256000026,57623.731970452245,Winter Pea,not reported,Oct,Jul,assigned,NA,10,7,2015-10-01,2016-07-01,8.31741703748703,12.904638290405272,70.66987085342407,404.0403649358389,69.07789856557035,183,0.5431103269483843,0.9909433407711666,98.0175244767969,42.14855064803264,1.238634705543518,2.709020853042603,1.774113277594249,Ihinger Hof Field,345,177,478,NA,2008,8,Ih_18_2016
2016,NA,NA,wp,Ih_18_24,NA,2.3482826086956523,koch25,t/ha,24,IhingerHof,48.74490478175978,8.90982707000781,NA,NA,walnut,normal,NA,NA,NA,NA,NA,NA,NA,NA,NA,NA,NA,NA,NA,NA,NA,Ih_18_24m_2016,3,pea,2.3482826086956523,NA,2016,0,48.745054396321954,8.90991289509535,48.743878865000056,8.907892014000026,48.74621680300004,8.912102256000026,57623.731970452245,Winter Pea,not reported,Oct,Jul,assigned,NA,10,7,2015-10-01,2016-07-01,8.31741703748703,12.904638290405272,70.66987085342407,404.0403649358389,69.07789856557035,183,0.5431103269483843,0.9909433407711666,98.0175244767969,42.14855064803264,1.238634705543518,2.709020853042603,1.774113277594249,Ihinger Hof Field,345,177,478,NA,2008,8,Ih_18_2016
2016,NA,NA,wp,Ih_19_4,NA,1.3137142857142856,koch25,t/ha,4,IhingerHof,48.74490478175978,8.90982707000781,NA,NA,willow,normal,NA,NA,NA,NA,NA,NA,NA,NA,NA,NA,NA,NA,NA,NA,NA,Ih_19_4m_2016,4,pea,1.3137142857142856,NA,2016,0,48.745054396321954,8.90991289509535,48.743878865000056,8.907892014000026,48.74621680300004,8.912102256000026,57623.731970452245,Winter Pea,not reported,Oct,Jul,assigned,NA,10,7,2015-10-01,2016-07-01,8.31741703748703,12.904638290405272,70.66987085342407,404.0403649358389,69.07789856557035,183,0.5431103269483843,0.9909433407711666,98.0175244767969,42.14855064803264,1.238634705543518,2.709020853042603,1.774113277594249,Ihinger Hof Field,345,177,478,NA,2008,8,Ih_19_2016
2016,NA,NA,wp,Ih_19_7,NA,1.1193333333333333,koch25,t/ha,7,IhingerHof,48.74490478175978,8.90982707000781,NA,NA,willow,normal,NA,NA,NA,NA,NA,NA,NA,NA,NA,NA,NA,NA,NA,NA,NA,Ih_19_7m_2016,4,pea,1.1193333333333333,NA,2016,0,48.745054396321954,8.90991289509535,48.743878865000056,8.907892014000026,48.74621680300004,8.912102256000026,57623.731970452245,Winter Pea,not reported,Oct,Jul,assigned,NA,10,7,2015-10-01,2016-07-01,8.31741703748703,12.904638290405272,70.66987085342407,404.0403649358389,69.07789856557035,183,0.5431103269483843,0.9909433407711666,98.0175244767969,42.14855064803264,1.238634705543518,2.709020853042603,1.774113277594249,Ihinger Hof Field,345,177,478,NA,2008,8,Ih_19_2016
2016,NA,NA,wp,Ih_19_12,NA,2.0187291666666667,koch25,t/ha,12,IhingerHof,48.74490478175978,8.90982707000781,NA,NA,willow,normal,NA,NA,NA,NA,NA,NA,NA,NA,NA,NA,NA,NA,NA,NA,NA,Ih_19_12m_2016,4,pea,2.0187291666666667,NA,2016,0,48.745054396321954,8.90991289509535,48.743878865000056,8.907892014000026,48.74621680300004,8.912102256000026,57623.731970452245,Winter Pea,not reported,Oct,Jul,assigned,NA,10,7,2015-10-01,2016-07-01,8.31741703748703,12.904638290405272,70.66987085342407,404.0403649358389,69.07789856557035,183,0.5431103269483843,0.9909433407711666,98.0175244767969,42.14855064803264,1.238634705543518,2.709020853042603,1.774113277594249,Ihinger Hof Field,345,177,478,NA,2008,8,Ih_19_2016
2016,NA,NA,wp,Ih_19_18,NA,1.612341463414634,koch25,t/ha,18,IhingerHof,48.74490478175978,8.90982707000781,NA,NA,willow,normal,NA,NA,NA,NA,NA,NA,NA,NA,NA,NA,NA,NA,NA,NA,NA,Ih_19_18m_2016,4,pea,1.612341463414634,NA,2016,0,48.745054396321954,8.90991289509535,48.743878865000056,8.907892014000026,48.74621680300004,8.912102256000026,57623.731970452245,Winter Pea,not reported,Oct,Jul,assigned,NA,10,7,2015-10-01,2016-07-01,8.31741703748703,12.904638290405272,70.66987085342407,404.0403649358389,69.07789856557035,183,0.5431103269483843,0.9909433407711666,98.0175244767969,42.14855064803264,1.238634705543518,2.709020853042603,1.774113277594249,Ihinger Hof Field,345,177,478,NA,2008,8,Ih_19_2016
2016,NA,NA,wp,Ih_19_24,NA,1.7993428571428571,koch25,t/ha,24,IhingerHof,48.74490478175978,8.90982707000781,NA,NA,willow,normal,NA,NA,NA,NA,NA,NA,NA,NA,NA,NA,NA,NA,NA,NA,NA,Ih_19_24m_2016,4,pea,1.7993428571428571,NA,2016,0,48.745054396321954,8.90991289509535,48.743878865000056,8.907892014000026,48.74621680300004,8.912102256000026,57623.731970452245,Winter Pea,not reported,Oct,Jul,assigned,NA,10,7,2015-10-01,2016-07-01,8.31741703748703,12.904638290405272,70.66987085342407,404.0403649358389,69.07789856557035,183,0.5431103269483843,0.9909433407711666,98.0175244767969,42.14855064803264,1.238634705543518,2.709020853042603,1.774113277594249,Ihinger Hof Field,345,177,478,NA,2008,8,Ih_19_2016
2016,NA,NA,wp,Ih_20_4,NA,0.834625,koch25,t/ha,4,IhingerHof,48.74490478175978,8.90982707000781,NA,NA,walnut,normal,NA,NA,NA,NA,NA,NA,NA,NA,NA,NA,NA,NA,NA,NA,NA,Ih_20_4m_2016,4,pea,0.834625,NA,2016,0,48.745054396321954,8.90991289509535,48.743878865000056,8.907892014000026,48.74621680300004,8.912102256000026,57623.731970452245,Winter Pea,not reported,Oct,Jul,assigned,NA,10,7,2015-10-01,2016-07-01,8.31741703748703,12.904638290405272,70.66987085342407,404.0403649358389,69.07789856557035,183,0.5431103269483843,0.9909433407711666,98.0175244767969,42.14855064803264,1.238634705543518,2.709020853042603,1.774113277594249,Ihinger Hof Field,345,177,478,NA,2008,8,Ih_20_2016
2016,NA,NA,wp,Ih_20_7,NA,2.423,koch25,t/ha,7,IhingerHof,48.74490478175978,8.90982707000781,NA,NA,walnut,normal,NA,NA,NA,NA,NA,NA,NA,NA,NA,NA,NA,NA,NA,NA,NA,Ih_20_7m_2016,4,pea,2.423,NA,2016,0,48.745054396321954,8.90991289509535,48.743878865000056,8.907892014000026,48.74621680300004,8.912102256000026,57623.731970452245,Winter Pea,not reported,Oct,Jul,assigned,NA,10,7,2015-10-01,2016-07-01,8.31741703748703,12.904638290405272,70.66987085342407,404.0403649358389,69.07789856557035,183,0.5431103269483843,0.9909433407711666,98.0175244767969,42.14855064803264,1.238634705543518,2.709020853042603,1.774113277594249,Ihinger Hof Field,345,177,478,NA,2008,8,Ih_20_2016
2016,NA,NA,wp,Ih_20_12,NA,3.136527777777778,koch25,t/ha,12,IhingerHof,48.74490478175978,8.90982707000781,NA,NA,walnut,normal,NA,NA,NA,NA,NA,NA,NA,NA,NA,NA,NA,NA,NA,NA,NA,Ih_20_12m_2016,4,pea,3.136527777777778,NA,2016,0,48.745054396321954,8.90991289509535,48.743878865000056,8.907892014000026,48.74621680300004,8.912102256000026,57623.731970452245,Winter Pea,not reported,Oct,Jul,assigned,NA,10,7,2015-10-01,2016-07-01,8.31741703748703,12.904638290405272,70.66987085342407,404.0403649358389,69.07789856557035,183,0.5431103269483843,0.9909433407711666,98.0175244767969,42.14855064803264,1.238634705543518,2.709020853042603,1.774113277594249,Ihinger Hof Field,345,177,478,NA,2008,8,Ih_20_2016
2016,NA,NA,wp,Ih_20_18,NA,2.571916666666666,koch25,t/ha,18,IhingerHof,48.74490478175978,8.90982707000781,NA,NA,walnut,normal,NA,NA,NA,NA,NA,NA,NA,NA,NA,NA,NA,NA,NA,NA,NA,Ih_20_18m_2016,4,pea,2.571916666666666,NA,2016,0,48.745054396321954,8.90991289509535,48.743878865000056,8.907892014000026,48.74621680300004,8.912102256000026,57623.731970452245,Winter Pea,not reported,Oct,Jul,assigned,NA,10,7,2015-10-01,2016-07-01,8.31741703748703,12.904638290405272,70.66987085342407,404.0403649358389,69.07789856557035,183,0.5431103269483843,0.9909433407711666,98.0175244767969,42.14855064803264,1.238634705543518,2.709020853042603,1.774113277594249,Ihinger Hof Field,345,177,478,NA,2008,8,Ih_20_2016
2016,NA,NA,wp,Ih_20_24,NA,3.300393939393939,koch25,t/ha,24,IhingerHof,48.74490478175978,8.90982707000781,NA,NA,walnut,normal,NA,NA,NA,NA,NA,NA,NA,NA,NA,NA,NA,NA,NA,NA,NA,Ih_20_24m_2016,4,pea,3.300393939393939,NA,2016,0,48.745054396321954,8.90991289509535,48.743878865000056,8.907892014000026,48.74621680300004,8.912102256000026,57623.731970452245,Winter Pea,not reported,Oct,Jul,assigned,NA,10,7,2015-10-01,2016-07-01,8.31741703748703,12.904638290405272,70.66987085342407,404.0403649358389,69.07789856557035,183,0.5431103269483843,0.9909433407711666,98.0175244767969,42.14855064803264,1.238634705543518,2.709020853042603,1.774113277594249,Ihinger Hof Field,345,177,478,NA,2008,8,Ih_20_2016
2016,NA,NA,wp,Ih_21_4,NA,0.7328285714285714,koch25,t/ha,4,IhingerHof,48.74490478175978,8.90982707000781,NA,NA,hedge,normal,NA,NA,NA,NA,NA,NA,NA,NA,NA,NA,NA,NA,NA,NA,NA,Ih_21_4m_2016,4,pea,0.7328285714285714,NA,2016,0,48.745054396321954,8.90991289509535,48.743878865000056,8.907892014000026,48.74621680300004,8.912102256000026,57623.731970452245,Winter Pea,not reported,Oct,Jul,assigned,NA,10,7,2015-10-01,2016-07-01,8.31741703748703,12.904638290405272,70.66987085342407,404.0403649358389,69.07789856557035,183,0.5431103269483843,0.9909433407711666,98.0175244767969,42.14855064803264,1.238634705543518,2.709020853042603,1.774113277594249,Ihinger Hof Field,345,177,478,NA,2008,8,Ih_21_2016
2016,NA,NA,wp,Ih_23_4,NA,2.3593714285714285,koch25,t/ha,4,IhingerHof,48.74490478175978,8.90982707000781,NA,NA,walnut,normal,NA,NA,NA,NA,NA,NA,NA,NA,NA,NA,NA,NA,NA,NA,NA,Ih_23_4m_2016,4,pea,2.3593714285714285,NA,2016,0,48.745054396321954,8.90991289509535,48.743878865000056,8.907892014000026,48.74621680300004,8.912102256000026,57623.731970452245,Winter Pea,not reported,Oct,Jul,assigned,NA,10,7,2015-10-01,2016-07-01,8.31741703748703,12.904638290405272,70.66987085342407,404.0403649358389,69.07789856557035,183,0.5431103269483843,0.9909433407711666,98.0175244767969,42.14855064803264,1.238634705543518,2.709020853042603,1.774113277594249,Ihinger Hof Field,345,177,478,NA,2008,8,Ih_23_2016
2016,NA,NA,wp,Ih_23_12,NA,1.591695652173913,koch25,t/ha,12,IhingerHof,48.74490478175978,8.90982707000781,NA,NA,walnut,normal,NA,NA,NA,NA,NA,NA,NA,NA,NA,NA,NA,NA,NA,NA,NA,Ih_23_12m_2016,4,pea,1.591695652173913,NA,2016,0,48.745054396321954,8.90991289509535,48.743878865000056,8.907892014000026,48.74621680300004,8.912102256000026,57623.731970452245,Winter Pea,not reported,Oct,Jul,assigned,NA,10,7,2015-10-01,2016-07-01,8.31741703748703,12.904638290405272,70.66987085342407,404.0403649358389,69.07789856557035,183,0.5431103269483843,0.9909433407711666,98.0175244767969,42.14855064803264,1.238634705543518,2.709020853042603,1.774113277594249,Ihinger Hof Field,345,177,478,NA,2008,8,Ih_23_2016
2016,NA,NA,wp,Ih_23_18,NA,1.0001176470588236,koch25,t/ha,18,IhingerHof,48.74490478175978,8.90982707000781,NA,NA,walnut,normal,NA,NA,NA,NA,NA,NA,NA,NA,NA,NA,NA,NA,NA,NA,NA,Ih_23_18m_2016,4,pea,1.0001176470588236,NA,2016,0,48.745054396321954,8.90991289509535,48.743878865000056,8.907892014000026,48.74621680300004,8.912102256000026,57623.731970452245,Winter Pea,not reported,Oct,Jul,assigned,NA,10,7,2015-10-01,2016-07-01,8.31741703748703,12.904638290405272,70.66987085342407,404.0403649358389,69.07789856557035,183,0.5431103269483843,0.9909433407711666,98.0175244767969,42.14855064803264,1.238634705543518,2.709020853042603,1.774113277594249,Ihinger Hof Field,345,177,478,NA,2008,8,Ih_23_2016
2016,NA,NA,wp,Ih_24_7,NA,0.6955333333333333,koch25,t/ha,7,IhingerHof,48.74490478175978,8.90982707000781,NA,NA,willow,normal,NA,NA,NA,NA,NA,NA,NA,NA,NA,NA,NA,NA,NA,NA,NA,Ih_24_7m_2016,4,pea,0.6955333333333333,NA,2016,0,48.745054396321954,8.90991289509535,48.743878865000056,8.907892014000026,48.74621680300004,8.912102256000026,57623.731970452245,Winter Pea,not reported,Oct,Jul,assigned,NA,10,7,2015-10-01,2016-07-01,8.31741703748703,12.904638290405272,70.66987085342407,404.0403649358389,69.07789856557035,183,0.5431103269483843,0.9909433407711666,98.0175244767969,42.14855064803264,1.238634705543518,2.709020853042603,1.774113277594249,Ihinger Hof Field,345,177,478,NA,2008,8,Ih_24_2016
2016,NA,NA,wp,Ih_24_12,NA,0.1255,koch25,t/ha,12,IhingerHof,48.74490478175978,8.90982707000781,NA,NA,willow,normal,NA,NA,NA,NA,NA,NA,NA,NA,NA,NA,NA,NA,NA,NA,NA,Ih_24_12m_2016,4,pea,0.1255,NA,2016,0,48.745054396321954,8.90991289509535,48.743878865000056,8.907892014000026,48.74621680300004,8.912102256000026,57623.731970452245,Winter Pea,not reported,Oct,Jul,assigned,NA,10,7,2015-10-01,2016-07-01,8.31741703748703,12.904638290405272,70.66987085342407,404.0403649358389,69.07789856557035,183,0.5431103269483843,0.9909433407711666,98.0175244767969,42.14855064803264,1.238634705543518,2.709020853042603,1.774113277594249,Ihinger Hof Field,345,177,478,NA,2008,8,Ih_24_2016
2018,NA,NA,wr,Ih_1_4,NA,3.114030303030303,koch25,t/ha,4,IhingerHof,48.74490478175978,8.90982707000781,NA,NA,hedge,normal,NA,NA,NA,NA,NA,NA,NA,NA,NA,NA,NA,NA,NA,NA,NA,Ih_1_4m_2018,1,rapeseed,3.114030303030303,NA,2016,2,48.745054396321954,8.90991289509535,48.743878865000056,8.907892014000026,48.74621680300004,8.912102256000026,57623.731970452245,Oilseed Rape,not reported,Sep,Jul,assigned,NA,9,7,2017-09-01,2018-07-01,8.908106576312672,15.467961051247336,59.03722643852234,404.0403649358389,70.24580208834311,154,0.5333689356186613,0.955685896199578,98.12594457939151,39.84748856516622,1.238634705543518,2.709020853042603,1.774113277594249,Ihinger Hof Field,345,177,478,NA,2008,10,Ih_1_2018
2018,NA,NA,wr,Ih_1_12,NA,3.234655172413793,koch25,t/ha,12,IhingerHof,48.74490478175978,8.90982707000781,NA,NA,hedge,normal,NA,NA,NA,NA,NA,NA,NA,NA,NA,NA,NA,NA,NA,NA,NA,Ih_1_12m_2018,1,rapeseed,3.234655172413793,NA,2016,2,48.745054396321954,8.90991289509535,48.743878865000056,8.907892014000026,48.74621680300004,8.912102256000026,57623.731970452245,Oilseed Rape,not reported,Sep,Jul,assigned,NA,9,7,2017-09-01,2018-07-01,8.908106576312672,15.467961051247336,59.03722643852234,404.0403649358389,70.24580208834311,154,0.5333689356186613,0.955685896199578,98.12594457939151,39.84748856516622,1.238634705543518,2.709020853042603,1.774113277594249,Ihinger Hof Field,345,177,478,NA,2008,10,Ih_1_2018
2018,NA,NA,wr,Ih_1_18,NA,3.0241290322580645,koch25,t/ha,18,IhingerHof,48.74490478175978,8.90982707000781,NA,NA,hedge,normal,NA,NA,NA,NA,NA,NA,NA,NA,NA,NA,NA,NA,NA,NA,NA,Ih_1_18m_2018,1,rapeseed,3.0241290322580645,NA,2016,2,48.745054396321954,8.90991289509535,48.743878865000056,8.907892014000026,48.74621680300004,8.912102256000026,57623.731970452245,Oilseed Rape,not reported,Sep,Jul,assigned,NA,9,7,2017-09-01,2018-07-01,8.908106576312672,15.467961051247336,59.03722643852234,404.0403649358389,70.24580208834311,154,0.5333689356186613,0.955685896199578,98.12594457939151,39.84748856516622,1.238634705543518,2.709020853042603,1.774113277594249,Ihinger Hof Field,345,177,478,NA,2008,10,Ih_1_2018
2018,NA,NA,wr,Ih_1_24,NA,3.1745185185185183,koch25,t/ha,24,IhingerHof,48.74490478175978,8.90982707000781,NA,NA,hedge,normal,NA,NA,NA,NA,NA,NA,NA,NA,NA,NA,NA,NA,NA,NA,NA,Ih_1_24m_2018,1,rapeseed,3.1745185185185183,NA,2016,2,48.745054396321954,8.90991289509535,48.743878865000056,8.907892014000026,48.74621680300004,8.912102256000026,57623.731970452245,Oilseed Rape,not reported,Sep,Jul,assigned,NA,9,7,2017-09-01,2018-07-01,8.908106576312672,15.467961051247336,59.03722643852234,404.0403649358389,70.24580208834311,154,0.5333689356186613,0.955685896199578,98.12594457939151,39.84748856516622,1.238634705543518,2.709020853042603,1.774113277594249,Ihinger Hof Field,345,177,478,NA,2008,10,Ih_1_2018
2018,NA,NA,wr,Ih_2_4,NA,3.130448979591837,koch25,t/ha,4,IhingerHof,48.74490478175978,8.90982707000781,NA,NA,walnut,normal,NA,NA,NA,NA,NA,NA,NA,NA,NA,NA,NA,NA,NA,NA,NA,Ih_2_4m_2018,1,rapeseed,3.130448979591837,NA,2016,2,48.745054396321954,8.90991289509535,48.743878865000056,8.907892014000026,48.74621680300004,8.912102256000026,57623.731970452245,Oilseed Rape,not reported,Sep,Jul,assigned,NA,9,7,2017-09-01,2018-07-01,8.908106576312672,15.467961051247336,59.03722643852234,404.0403649358389,70.24580208834311,154,0.5333689356186613,0.955685896199578,98.12594457939151,39.84748856516622,1.238634705543518,2.709020853042603,1.774113277594249,Ihinger Hof Field,345,177,478,NA,2008,10,Ih_2_2018
2018,NA,NA,wr,Ih_2_12,NA,3.336377777777778,koch25,t/ha,12,IhingerHof,48.74490478175978,8.90982707000781,NA,NA,walnut,normal,NA,NA,NA,NA,NA,NA,NA,NA,NA,NA,NA,NA,NA,NA,NA,Ih_2_12m_2018,1,rapeseed,3.336377777777778,NA,2016,2,48.745054396321954,8.90991289509535,48.743878865000056,8.907892014000026,48.74621680300004,8.912102256000026,57623.731970452245,Oilseed Rape,not reported,Sep,Jul,assigned,NA,9,7,2017-09-01,2018-07-01,8.908106576312672,15.467961051247336,59.03722643852234,404.0403649358389,70.24580208834311,154,0.5333689356186613,0.955685896199578,98.12594457939151,39.84748856516622,1.238634705543518,2.709020853042603,1.774113277594249,Ihinger Hof Field,345,177,478,NA,2008,10,Ih_2_2018
2018,NA,NA,wr,Ih_2_18,NA,3.164904761904762,koch25,t/ha,18,IhingerHof,48.74490478175978,8.90982707000781,NA,NA,walnut,normal,NA,NA,NA,NA,NA,NA,NA,NA,NA,NA,NA,NA,NA,NA,NA,Ih_2_18m_2018,1,rapeseed,3.164904761904762,NA,2016,2,48.745054396321954,8.90991289509535,48.743878865000056,8.907892014000026,48.74621680300004,8.912102256000026,57623.731970452245,Oilseed Rape,not reported,Sep,Jul,assigned,NA,9,7,2017-09-01,2018-07-01,8.908106576312672,15.467961051247336,59.03722643852234,404.0403649358389,70.24580208834311,154,0.5333689356186613,0.955685896199578,98.12594457939151,39.84748856516622,1.238634705543518,2.709020853042603,1.774113277594249,Ihinger Hof Field,345,177,478,NA,2008,10,Ih_2_2018
2018,NA,NA,wr,Ih_2_24,NA,3.226,koch25,t/ha,24,IhingerHof,48.74490478175978,8.90982707000781,NA,NA,walnut,normal,NA,NA,NA,NA,NA,NA,NA,NA,NA,NA,NA,NA,NA,NA,NA,Ih_2_24m_2018,1,rapeseed,3.226,NA,2016,2,48.745054396321954,8.90991289509535,48.743878865000056,8.907892014000026,48.74621680300004,8.912102256000026,57623.731970452245,Oilseed Rape,not reported,Sep,Jul,assigned,NA,9,7,2017-09-01,2018-07-01,8.908106576312672,15.467961051247336,59.03722643852234,404.0403649358389,70.24580208834311,154,0.5333689356186613,0.955685896199578,98.12594457939151,39.84748856516622,1.238634705543518,2.709020853042603,1.774113277594249,Ihinger Hof Field,345,177,478,NA,2008,10,Ih_2_2018
2018,NA,NA,wr,Ih_3_4,NA,2.5399107142857145,koch25,t/ha,4,IhingerHof,48.74490478175978,8.90982707000781,NA,NA,willow,normal,NA,NA,NA,NA,NA,NA,NA,NA,NA,NA,NA,NA,NA,NA,NA,Ih_3_4m_2018,1,rapeseed,2.5399107142857145,NA,2016,2,48.745054396321954,8.90991289509535,48.743878865000056,8.907892014000026,48.74621680300004,8.912102256000026,57623.731970452245,Oilseed Rape,not reported,Sep,Jul,assigned,NA,9,7,2017-09-01,2018-07-01,8.908106576312672,15.467961051247336,59.03722643852234,404.0403649358389,70.24580208834311,154,0.5333689356186613,0.955685896199578,98.12594457939151,39.84748856516622,1.238634705543518,2.709020853042603,1.774113277594249,Ihinger Hof Field,345,177,478,NA,2008,10,Ih_3_2018
2018,NA,NA,wr,Ih_3_12,NA,3.1018863636363636,koch25,t/ha,12,IhingerHof,48.74490478175978,8.90982707000781,NA,NA,willow,normal,NA,NA,NA,NA,NA,NA,NA,NA,NA,NA,NA,NA,NA,NA,NA,Ih_3_12m_2018,1,rapeseed,3.1018863636363636,NA,2016,2,48.745054396321954,8.90991289509535,48.743878865000056,8.907892014000026,48.74621680300004,8.912102256000026,57623.731970452245,Oilseed Rape,not reported,Sep,Jul,assigned,NA,9,7,2017-09-01,2018-07-01,8.908106576312672,15.467961051247336,59.03722643852234,404.0403649358389,70.24580208834311,154,0.5333689356186613,0.955685896199578,98.12594457939151,39.84748856516622,1.238634705543518,2.709020853042603,1.774113277594249,Ihinger Hof Field,345,177,478,NA,2008,10,Ih_3_2018
2018,NA,NA,wr,Ih_3_18,NA,4.013790697674419,koch25,t/ha,18,IhingerHof,48.74490478175978,8.90982707000781,NA,NA,willow,normal,NA,NA,NA,NA,NA,NA,NA,NA,NA,NA,NA,NA,NA,NA,NA,Ih_3_18m_2018,1,rapeseed,4.013790697674419,NA,2016,2,48.745054396321954,8.90991289509535,48.743878865000056,8.907892014000026,48.74621680300004,8.912102256000026,57623.731970452245,Oilseed Rape,not reported,Sep,Jul,assigned,NA,9,7,2017-09-01,2018-07-01,8.908106576312672,15.467961051247336,59.03722643852234,404.0403649358389,70.24580208834311,154,0.5333689356186613,0.955685896199578,98.12594457939151,39.84748856516622,1.238634705543518,2.709020853042603,1.774113277594249,Ihinger Hof Field,345,177,478,NA,2008,10,Ih_3_2018
2018,NA,NA,wr,Ih_3_24,NA,3.3187441860465117,koch25,t/ha,24,IhingerHof,48.74490478175978,8.90982707000781,NA,NA,willow,normal,NA,NA,NA,NA,NA,NA,NA,NA,NA,NA,NA,NA,NA,NA,NA,Ih_3_24m_2018,1,rapeseed,3.3187441860465117,NA,2016,2,48.745054396321954,8.90991289509535,48.743878865000056,8.907892014000026,48.74621680300004,8.912102256000026,57623.731970452245,Oilseed Rape,not reported,Sep,Jul,assigned,NA,9,7,2017-09-01,2018-07-01,8.908106576312672,15.467961051247336,59.03722643852234,404.0403649358389,70.24580208834311,154,0.5333689356186613,0.955685896199578,98.12594457939151,39.84748856516622,1.238634705543518,2.709020853042603,1.774113277594249,Ihinger Hof Field,345,177,478,NA,2008,10,Ih_3_2018
2018,NA,NA,wr,Ih_4_4,NA,1.9783684210526316,koch25,t/ha,4,IhingerHof,48.74490478175978,8.90982707000781,NA,NA,hedge,normal,NA,NA,NA,NA,NA,NA,NA,NA,NA,NA,NA,NA,NA,NA,NA,Ih_4_4m_2018,1,rapeseed,1.9783684210526316,NA,2016,2,48.745054396321954,8.90991289509535,48.743878865000056,8.907892014000026,48.74621680300004,8.912102256000026,57623.731970452245,Oilseed Rape,not reported,Sep,Jul,assigned,NA,9,7,2017-09-01,2018-07-01,8.908106576312672,15.467961051247336,59.03722643852234,404.0403649358389,70.24580208834311,154,0.5333689356186613,0.955685896199578,98.12594457939151,39.84748856516622,1.238634705543518,2.709020853042603,1.774113277594249,Ihinger Hof Field,345,177,478,NA,2008,10,Ih_4_2018
2018,NA,NA,wr,Ih_4_7,NA,0.9045833333333332,koch25,t/ha,7,IhingerHof,48.74490478175978,8.90982707000781,NA,NA,hedge,normal,NA,NA,NA,NA,NA,NA,NA,NA,NA,NA,NA,NA,NA,NA,NA,Ih_4_7m_2018,1,rapeseed,0.9045833333333332,NA,2016,2,48.745054396321954,8.90991289509535,48.743878865000056,8.907892014000026,48.74621680300004,8.912102256000026,57623.731970452245,Oilseed Rape,not reported,Sep,Jul,assigned,NA,9,7,2017-09-01,2018-07-01,8.908106576312672,15.467961051247336,59.03722643852234,404.0403649358389,70.24580208834311,154,0.5333689356186613,0.955685896199578,98.12594457939151,39.84748856516622,1.238634705543518,2.709020853042603,1.774113277594249,Ihinger Hof Field,345,177,478,NA,2008,10,Ih_4_2018
2018,NA,NA,wr,Ih_4_12,NA,1.584235294117647,koch25,t/ha,12,IhingerHof,48.74490478175978,8.90982707000781,NA,NA,hedge,normal,NA,NA,NA,NA,NA,NA,NA,NA,NA,NA,NA,NA,NA,NA,NA,Ih_4_12m_2018,1,rapeseed,1.584235294117647,NA,2016,2,48.745054396321954,8.90991289509535,48.743878865000056,8.907892014000026,48.74621680300004,8.912102256000026,57623.731970452245,Oilseed Rape,not reported,Sep,Jul,assigned,NA,9,7,2017-09-01,2018-07-01,8.908106576312672,15.467961051247336,59.03722643852234,404.0403649358389,70.24580208834311,154,0.5333689356186613,0.955685896199578,98.12594457939151,39.84748856516622,1.238634705543518,2.709020853042603,1.774113277594249,Ihinger Hof Field,345,177,478,NA,2008,10,Ih_4_2018
2018,NA,NA,wr,Ih_4_18,NA,2.458230769230769,koch25,t/ha,18,IhingerHof,48.74490478175978,8.90982707000781,NA,NA,hedge,normal,NA,NA,NA,NA,NA,NA,NA,NA,NA,NA,NA,NA,NA,NA,NA,Ih_4_18m_2018,1,rapeseed,2.458230769230769,NA,2016,2,48.745054396321954,8.90991289509535,48.743878865000056,8.907892014000026,48.74621680300004,8.912102256000026,57623.731970452245,Oilseed Rape,not reported,Sep,Jul,assigned,NA,9,7,2017-09-01,2018-07-01,8.908106576312672,15.467961051247336,59.03722643852234,404.0403649358389,70.24580208834311,154,0.5333689356186613,0.955685896199578,98.12594457939151,39.84748856516622,1.238634705543518,2.709020853042603,1.774113277594249,Ihinger Hof Field,345,177,478,NA,2008,10,Ih_4_2018
2018,NA,NA,wr,Ih_4_24,NA,1.0965,koch25,t/ha,24,IhingerHof,48.74490478175978,8.90982707000781,NA,NA,hedge,normal,NA,NA,NA,NA,NA,NA,NA,NA,NA,NA,NA,NA,NA,NA,NA,Ih_4_24m_2018,1,rapeseed,1.0965,NA,2016,2,48.745054396321954,8.90991289509535,48.743878865000056,8.907892014000026,48.74621680300004,8.912102256000026,57623.731970452245,Oilseed Rape,not reported,Sep,Jul,assigned,NA,9,7,2017-09-01,2018-07-01,8.908106576312672,15.467961051247336,59.03722643852234,404.0403649358389,70.24580208834311,154,0.5333689356186613,0.955685896199578,98.12594457939151,39.84748856516622,1.238634705543518,2.709020853042603,1.774113277594249,Ihinger Hof Field,345,177,478,NA,2008,10,Ih_4_2018
2018,NA,NA,wr,Ih_5_4,NA,2.490745098039216,koch25,t/ha,4,IhingerHof,48.74490478175978,8.90982707000781,NA,NA,walnut,normal,NA,NA,NA,NA,NA,NA,NA,NA,NA,NA,NA,NA,NA,NA,NA,Ih_5_4m_2018,1,rapeseed,2.490745098039216,NA,2016,2,48.745054396321954,8.90991289509535,48.743878865000056,8.907892014000026,48.74621680300004,8.912102256000026,57623.731970452245,Oilseed Rape,not reported,Sep,Jul,assigned,NA,9,7,2017-09-01,2018-07-01,8.908106576312672,15.467961051247336,59.03722643852234,404.0403649358389,70.24580208834311,154,0.5333689356186613,0.955685896199578,98.12594457939151,39.84748856516622,1.238634705543518,2.709020853042603,1.774113277594249,Ihinger Hof Field,345,177,478,NA,2008,10,Ih_5_2018
2018,NA,NA,wr,Ih_5_12,NA,2.8376829268292685,koch25,t/ha,12,IhingerHof,48.74490478175978,8.90982707000781,NA,NA,walnut,normal,NA,NA,NA,NA,NA,NA,NA,NA,NA,NA,NA,NA,NA,NA,NA,Ih_5_12m_2018,1,rapeseed,2.8376829268292685,NA,2016,2,48.745054396321954,8.90991289509535,48.743878865000056,8.907892014000026,48.74621680300004,8.912102256000026,57623.731970452245,Oilseed Rape,not reported,Sep,Jul,assigned,NA,9,7,2017-09-01,2018-07-01,8.908106576312672,15.467961051247336,59.03722643852234,404.0403649358389,70.24580208834311,154,0.5333689356186613,0.955685896199578,98.12594457939151,39.84748856516622,1.238634705543518,2.709020853042603,1.774113277594249,Ihinger Hof Field,345,177,478,NA,2008,10,Ih_5_2018
2018,NA,NA,wr,Ih_5_18,NA,3.594313725490196,koch25,t/ha,18,IhingerHof,48.74490478175978,8.90982707000781,NA,NA,walnut,normal,NA,NA,NA,NA,NA,NA,NA,NA,NA,NA,NA,NA,NA,NA,NA,Ih_5_18m_2018,1,rapeseed,3.594313725490196,NA,2016,2,48.745054396321954,8.90991289509535,48.743878865000056,8.907892014000026,48.74621680300004,8.912102256000026,57623.731970452245,Oilseed Rape,not reported,Sep,Jul,assigned,NA,9,7,2017-09-01,2018-07-01,8.908106576312672,15.467961051247336,59.03722643852234,404.0403649358389,70.24580208834311,154,0.5333689356186613,0.955685896199578,98.12594457939151,39.84748856516622,1.238634705543518,2.709020853042603,1.774113277594249,Ihinger Hof Field,345,177,478,NA,2008,10,Ih_5_2018
2018,NA,NA,wr,Ih_5_24,NA,2.2591489361702126,koch25,t/ha,24,IhingerHof,48.74490478175978,8.90982707000781,NA,NA,walnut,normal,NA,NA,NA,NA,NA,NA,NA,NA,NA,NA,NA,NA,NA,NA,NA,Ih_5_24m_2018,1,rapeseed,2.2591489361702126,NA,2016,2,48.745054396321954,8.90991289509535,48.743878865000056,8.907892014000026,48.74621680300004,8.912102256000026,57623.731970452245,Oilseed Rape,not reported,Sep,Jul,assigned,NA,9,7,2017-09-01,2018-07-01,8.908106576312672,15.467961051247336,59.03722643852234,404.0403649358389,70.24580208834311,154,0.5333689356186613,0.955685896199578,98.12594457939151,39.84748856516622,1.238634705543518,2.709020853042603,1.774113277594249,Ihinger Hof Field,345,177,478,NA,2008,10,Ih_5_2018
2018,NA,NA,wr,Ih_6_4,NA,2.2220222222222223,koch25,t/ha,4,IhingerHof,48.74490478175978,8.90982707000781,NA,NA,willow,normal,NA,NA,NA,NA,NA,NA,NA,NA,NA,NA,NA,NA,NA,NA,NA,Ih_6_4m_2018,1,rapeseed,2.2220222222222223,NA,2016,2,48.745054396321954,8.90991289509535,48.743878865000056,8.907892014000026,48.74621680300004,8.912102256000026,57623.731970452245,Oilseed Rape,not reported,Sep,Jul,assigned,NA,9,7,2017-09-01,2018-07-01,8.908106576312672,15.467961051247336,59.03722643852234,404.0403649358389,70.24580208834311,154,0.5333689356186613,0.955685896199578,98.12594457939151,39.84748856516622,1.238634705543518,2.709020853042603,1.774113277594249,Ihinger Hof Field,345,177,478,NA,2008,10,Ih_6_2018
2018,NA,NA,wr,Ih_6_12,NA,2.59509756097561,koch25,t/ha,12,IhingerHof,48.74490478175978,8.90982707000781,NA,NA,willow,normal,NA,NA,NA,NA,NA,NA,NA,NA,NA,NA,NA,NA,NA,NA,NA,Ih_6_12m_2018,1,rapeseed,2.59509756097561,NA,2016,2,48.745054396321954,8.90991289509535,48.743878865000056,8.907892014000026,48.74621680300004,8.912102256000026,57623.731970452245,Oilseed Rape,not reported,Sep,Jul,assigned,NA,9,7,2017-09-01,2018-07-01,8.908106576312672,15.467961051247336,59.03722643852234,404.0403649358389,70.24580208834311,154,0.5333689356186613,0.955685896199578,98.12594457939151,39.84748856516622,1.238634705543518,2.709020853042603,1.774113277594249,Ihinger Hof Field,345,177,478,NA,2008,10,Ih_6_2018
2018,NA,NA,wr,Ih_6_18,NA,3.2402051282051283,koch25,t/ha,18,IhingerHof,48.74490478175978,8.90982707000781,NA,NA,willow,normal,NA,NA,NA,NA,NA,NA,NA,NA,NA,NA,NA,NA,NA,NA,NA,Ih_6_18m_2018,1,rapeseed,3.2402051282051283,NA,2016,2,48.745054396321954,8.90991289509535,48.743878865000056,8.907892014000026,48.74621680300004,8.912102256000026,57623.731970452245,Oilseed Rape,not reported,Sep,Jul,assigned,NA,9,7,2017-09-01,2018-07-01,8.908106576312672,15.467961051247336,59.03722643852234,404.0403649358389,70.24580208834311,154,0.5333689356186613,0.955685896199578,98.12594457939151,39.84748856516622,1.238634705543518,2.709020853042603,1.774113277594249,Ihinger Hof Field,345,177,478,NA,2008,10,Ih_6_2018
2018,NA,NA,wr,Ih_6_24,NA,2.724815789473684,koch25,t/ha,24,IhingerHof,48.74490478175978,8.90982707000781,NA,NA,willow,normal,NA,NA,NA,NA,NA,NA,NA,NA,NA,NA,NA,NA,NA,NA,NA,Ih_6_24m_2018,1,rapeseed,2.724815789473684,NA,2016,2,48.745054396321954,8.90991289509535,48.743878865000056,8.907892014000026,48.74621680300004,8.912102256000026,57623.731970452245,Oilseed Rape,not reported,Sep,Jul,assigned,NA,9,7,2017-09-01,2018-07-01,8.908106576312672,15.467961051247336,59.03722643852234,404.0403649358389,70.24580208834311,154,0.5333689356186613,0.955685896199578,98.12594457939151,39.84748856516622,1.238634705543518,2.709020853042603,1.774113277594249,Ihinger Hof Field,345,177,478,NA,2008,10,Ih_6_2018
2018,NA,NA,wr,Ih_7_4,NA,3.1234615384615383,koch25,t/ha,4,IhingerHof,48.74490478175978,8.90982707000781,NA,NA,hedge,normal,NA,NA,NA,NA,NA,NA,NA,NA,NA,NA,NA,NA,NA,NA,NA,Ih_7_4m_2018,2,rapeseed,3.1234615384615383,NA,2016,2,48.745054396321954,8.90991289509535,48.743878865000056,8.907892014000026,48.74621680300004,8.912102256000026,57623.731970452245,Oilseed Rape,not reported,Sep,Jul,assigned,NA,9,7,2017-09-01,2018-07-01,8.908106576312672,15.467961051247336,59.03722643852234,404.0403649358389,70.24580208834311,154,0.5333689356186613,0.955685896199578,98.12594457939151,39.84748856516622,1.238634705543518,2.709020853042603,1.774113277594249,Ihinger Hof Field,345,177,478,NA,2008,10,Ih_7_2018
2018,NA,NA,wr,Ih_7_7,NA,3.456176470588235,koch25,t/ha,7,IhingerHof,48.74490478175978,8.90982707000781,NA,NA,hedge,normal,NA,NA,NA,NA,NA,NA,NA,NA,NA,NA,NA,NA,NA,NA,NA,Ih_7_7m_2018,2,rapeseed,3.456176470588235,NA,2016,2,48.745054396321954,8.90991289509535,48.743878865000056,8.907892014000026,48.74621680300004,8.912102256000026,57623.731970452245,Oilseed Rape,not reported,Sep,Jul,assigned,NA,9,7,2017-09-01,2018-07-01,8.908106576312672,15.467961051247336,59.03722643852234,404.0403649358389,70.24580208834311,154,0.5333689356186613,0.955685896199578,98.12594457939151,39.84748856516622,1.238634705543518,2.709020853042603,1.774113277594249,Ihinger Hof Field,345,177,478,NA,2008,10,Ih_7_2018
2018,NA,NA,wr,Ih_7_12,NA,3.855961538461538,koch25,t/ha,12,IhingerHof,48.74490478175978,8.90982707000781,NA,NA,hedge,normal,NA,NA,NA,NA,NA,NA,NA,NA,NA,NA,NA,NA,NA,NA,NA,Ih_7_12m_2018,2,rapeseed,3.855961538461538,NA,2016,2,48.745054396321954,8.90991289509535,48.743878865000056,8.907892014000026,48.74621680300004,8.912102256000026,57623.731970452245,Oilseed Rape,not reported,Sep,Jul,assigned,NA,9,7,2017-09-01,2018-07-01,8.908106576312672,15.467961051247336,59.03722643852234,404.0403649358389,70.24580208834311,154,0.5333689356186613,0.955685896199578,98.12594457939151,39.84748856516622,1.238634705543518,2.709020853042603,1.774113277594249,Ihinger Hof Field,345,177,478,NA,2008,10,Ih_7_2018
2018,NA,NA,wr,Ih_7_18,NA,4.000576923076923,koch25,t/ha,18,IhingerHof,48.74490478175978,8.90982707000781,NA,NA,hedge,normal,NA,NA,NA,NA,NA,NA,NA,NA,NA,NA,NA,NA,NA,NA,NA,Ih_7_18m_2018,2,rapeseed,4.000576923076923,NA,2016,2,48.745054396321954,8.90991289509535,48.743878865000056,8.907892014000026,48.74621680300004,8.912102256000026,57623.731970452245,Oilseed Rape,not reported,Sep,Jul,assigned,NA,9,7,2017-09-01,2018-07-01,8.908106576312672,15.467961051247336,59.03722643852234,404.0403649358389,70.24580208834311,154,0.5333689356186613,0.955685896199578,98.12594457939151,39.84748856516622,1.238634705543518,2.709020853042603,1.774113277594249,Ihinger Hof Field,345,177,478,NA,2008,10,Ih_7_2018
2018,NA,NA,wr,Ih_7_24,NA,4.048208333333333,koch25,t/ha,24,IhingerHof,48.74490478175978,8.90982707000781,NA,NA,hedge,normal,NA,NA,NA,NA,NA,NA,NA,NA,NA,NA,NA,NA,NA,NA,NA,Ih_7_24m_2018,2,rapeseed,4.048208333333333,NA,2016,2,48.745054396321954,8.90991289509535,48.743878865000056,8.907892014000026,48.74621680300004,8.912102256000026,57623.731970452245,Oilseed Rape,not reported,Sep,Jul,assigned,NA,9,7,2017-09-01,2018-07-01,8.908106576312672,15.467961051247336,59.03722643852234,404.0403649358389,70.24580208834311,154,0.5333689356186613,0.955685896199578,98.12594457939151,39.84748856516622,1.238634705543518,2.709020853042603,1.774113277594249,Ihinger Hof Field,345,177,478,NA,2008,10,Ih_7_2018
2018,NA,NA,wr,Ih_8_7,NA,2.48035,koch25,t/ha,7,IhingerHof,48.74490478175978,8.90982707000781,NA,NA,willow,normal,NA,NA,NA,NA,NA,NA,NA,NA,NA,NA,NA,NA,NA,NA,NA,Ih_8_7m_2018,2,rapeseed,2.48035,NA,2016,2,48.745054396321954,8.90991289509535,48.743878865000056,8.907892014000026,48.74621680300004,8.912102256000026,57623.731970452245,Oilseed Rape,not reported,Sep,Jul,assigned,NA,9,7,2017-09-01,2018-07-01,8.908106576312672,15.467961051247336,59.03722643852234,404.0403649358389,70.24580208834311,154,0.5333689356186613,0.955685896199578,98.12594457939151,39.84748856516622,1.238634705543518,2.709020853042603,1.774113277594249,Ihinger Hof Field,345,177,478,NA,2008,10,Ih_8_2018
2018,NA,NA,wr,Ih_8_12,NA,3.5059375,koch25,t/ha,12,IhingerHof,48.74490478175978,8.90982707000781,NA,NA,willow,normal,NA,NA,NA,NA,NA,NA,NA,NA,NA,NA,NA,NA,NA,NA,NA,Ih_8_12m_2018,2,rapeseed,3.5059375,NA,2016,2,48.745054396321954,8.90991289509535,48.743878865000056,8.907892014000026,48.74621680300004,8.912102256000026,57623.731970452245,Oilseed Rape,not reported,Sep,Jul,assigned,NA,9,7,2017-09-01,2018-07-01,8.908106576312672,15.467961051247336,59.03722643852234,404.0403649358389,70.24580208834311,154,0.5333689356186613,0.955685896199578,98.12594457939151,39.84748856516622,1.238634705543518,2.709020853042603,1.774113277594249,Ihinger Hof Field,345,177,478,NA,2008,10,Ih_8_2018
2018,NA,NA,wr,Ih_8_18,NA,4.417,koch25,t/ha,18,IhingerHof,48.74490478175978,8.90982707000781,NA,NA,willow,normal,NA,NA,NA,NA,NA,NA,NA,NA,NA,NA,NA,NA,NA,NA,NA,Ih_8_18m_2018,2,rapeseed,4.417,NA,2016,2,48.745054396321954,8.90991289509535,48.743878865000056,8.907892014000026,48.74621680300004,8.912102256000026,57623.731970452245,Oilseed Rape,not reported,Sep,Jul,assigned,NA,9,7,2017-09-01,2018-07-01,8.908106576312672,15.467961051247336,59.03722643852234,404.0403649358389,70.24580208834311,154,0.5333689356186613,0.955685896199578,98.12594457939151,39.84748856516622,1.238634705543518,2.709020853042603,1.774113277594249,Ihinger Hof Field,345,177,478,NA,2008,10,Ih_8_2018
2018,NA,NA,wr,Ih_8_24,NA,3.6650487804878047,koch25,t/ha,24,IhingerHof,48.74490478175978,8.90982707000781,NA,NA,willow,normal,NA,NA,NA,NA,NA,NA,NA,NA,NA,NA,NA,NA,NA,NA,NA,Ih_8_24m_2018,2,rapeseed,3.6650487804878047,NA,2016,2,48.745054396321954,8.90991289509535,48.743878865000056,8.907892014000026,48.74621680300004,8.912102256000026,57623.731970452245,Oilseed Rape,not reported,Sep,Jul,assigned,NA,9,7,2017-09-01,2018-07-01,8.908106576312672,15.467961051247336,59.03722643852234,404.0403649358389,70.24580208834311,154,0.5333689356186613,0.955685896199578,98.12594457939151,39.84748856516622,1.238634705543518,2.709020853042603,1.774113277594249,Ihinger Hof Field,345,177,478,NA,2008,10,Ih_8_2018
2018,NA,NA,wr,Ih_9_4,NA,2.6771176470588234,koch25,t/ha,4,IhingerHof,48.74490478175978,8.90982707000781,NA,NA,walnut,normal,NA,NA,NA,NA,NA,NA,NA,NA,NA,NA,NA,NA,NA,NA,NA,Ih_9_4m_2018,2,rapeseed,2.6771176470588234,NA,2016,2,48.745054396321954,8.90991289509535,48.743878865000056,8.907892014000026,48.74621680300004,8.912102256000026,57623.731970452245,Oilseed Rape,not reported,Sep,Jul,assigned,NA,9,7,2017-09-01,2018-07-01,8.908106576312672,15.467961051247336,59.03722643852234,404.0403649358389,70.24580208834311,154,0.5333689356186613,0.955685896199578,98.12594457939151,39.84748856516622,1.238634705543518,2.709020853042603,1.774113277594249,Ihinger Hof Field,345,177,478,NA,2008,10,Ih_9_2018
2018,NA,NA,wr,Ih_9_7,NA,3.89925,koch25,t/ha,7,IhingerHof,48.74490478175978,8.90982707000781,NA,NA,walnut,normal,NA,NA,NA,NA,NA,NA,NA,NA,NA,NA,NA,NA,NA,NA,NA,Ih_9_7m_2018,2,rapeseed,3.89925,NA,2016,2,48.745054396321954,8.90991289509535,48.743878865000056,8.907892014000026,48.74621680300004,8.912102256000026,57623.731970452245,Oilseed Rape,not reported,Sep,Jul,assigned,NA,9,7,2017-09-01,2018-07-01,8.908106576312672,15.467961051247336,59.03722643852234,404.0403649358389,70.24580208834311,154,0.5333689356186613,0.955685896199578,98.12594457939151,39.84748856516622,1.238634705543518,2.709020853042603,1.774113277594249,Ihinger Hof Field,345,177,478,NA,2008,10,Ih_9_2018
2018,NA,NA,wr,Ih_9_12,NA,2.268877192982456,koch25,t/ha,12,IhingerHof,48.74490478175978,8.90982707000781,NA,NA,walnut,normal,NA,NA,NA,NA,NA,NA,NA,NA,NA,NA,NA,NA,NA,NA,NA,Ih_9_12m_2018,2,rapeseed,2.268877192982456,NA,2016,2,48.745054396321954,8.90991289509535,48.743878865000056,8.907892014000026,48.74621680300004,8.912102256000026,57623.731970452245,Oilseed Rape,not reported,Sep,Jul,assigned,NA,9,7,2017-09-01,2018-07-01,8.908106576312672,15.467961051247336,59.03722643852234,404.0403649358389,70.24580208834311,154,0.5333689356186613,0.955685896199578,98.12594457939151,39.84748856516622,1.238634705543518,2.709020853042603,1.774113277594249,Ihinger Hof Field,345,177,478,NA,2008,10,Ih_9_2018
2018,NA,NA,wr,Ih_9_18,NA,3.917608695652174,koch25,t/ha,18,IhingerHof,48.74490478175978,8.90982707000781,NA,NA,walnut,normal,NA,NA,NA,NA,NA,NA,NA,NA,NA,NA,NA,NA,NA,NA,NA,Ih_9_18m_2018,2,rapeseed,3.917608695652174,NA,2016,2,48.745054396321954,8.90991289509535,48.743878865000056,8.907892014000026,48.74621680300004,8.912102256000026,57623.731970452245,Oilseed Rape,not reported,Sep,Jul,assigned,NA,9,7,2017-09-01,2018-07-01,8.908106576312672,15.467961051247336,59.03722643852234,404.0403649358389,70.24580208834311,154,0.5333689356186613,0.955685896199578,98.12594457939151,39.84748856516622,1.238634705543518,2.709020853042603,1.774113277594249,Ihinger Hof Field,345,177,478,NA,2008,10,Ih_9_2018
2018,NA,NA,wr,Ih_9_24,NA,2.6183260869565217,koch25,t/ha,24,IhingerHof,48.74490478175978,8.90982707000781,NA,NA,walnut,normal,NA,NA,NA,NA,NA,NA,NA,NA,NA,NA,NA,NA,NA,NA,NA,Ih_9_24m_2018,2,rapeseed,2.6183260869565217,NA,2016,2,48.745054396321954,8.90991289509535,48.743878865000056,8.907892014000026,48.74621680300004,8.912102256000026,57623.731970452245,Oilseed Rape,not reported,Sep,Jul,assigned,NA,9,7,2017-09-01,2018-07-01,8.908106576312672,15.467961051247336,59.03722643852234,404.0403649358389,70.24580208834311,154,0.5333689356186613,0.955685896199578,98.12594457939151,39.84748856516622,1.238634705543518,2.709020853042603,1.774113277594249,Ihinger Hof Field,345,177,478,NA,2008,10,Ih_9_2018
2018,NA,NA,wr,Ih_10_4,NA,2.7459756097560977,koch25,t/ha,4,IhingerHof,48.74490478175978,8.90982707000781,NA,NA,walnut,normal,NA,NA,NA,NA,NA,NA,NA,NA,NA,NA,NA,NA,NA,NA,NA,Ih_10_4m_2018,2,rapeseed,2.7459756097560977,NA,2016,2,48.745054396321954,8.90991289509535,48.743878865000056,8.907892014000026,48.74621680300004,8.912102256000026,57623.731970452245,Oilseed Rape,not reported,Sep,Jul,assigned,NA,9,7,2017-09-01,2018-07-01,8.908106576312672,15.467961051247336,59.03722643852234,404.0403649358389,70.24580208834311,154,0.5333689356186613,0.955685896199578,98.12594457939151,39.84748856516622,1.238634705543518,2.709020853042603,1.774113277594249,Ihinger Hof Field,345,177,478,NA,2008,10,Ih_10_2018
2018,NA,NA,wr,Ih_10_12,NA,3.4545384615384616,koch25,t/ha,12,IhingerHof,48.74490478175978,8.90982707000781,NA,NA,walnut,normal,NA,NA,NA,NA,NA,NA,NA,NA,NA,NA,NA,NA,NA,NA,NA,Ih_10_12m_2018,2,rapeseed,3.4545384615384616,NA,2016,2,48.745054396321954,8.90991289509535,48.743878865000056,8.907892014000026,48.74621680300004,8.912102256000026,57623.731970452245,Oilseed Rape,not reported,Sep,Jul,assigned,NA,9,7,2017-09-01,2018-07-01,8.908106576312672,15.467961051247336,59.03722643852234,404.0403649358389,70.24580208834311,154,0.5333689356186613,0.955685896199578,98.12594457939151,39.84748856516622,1.238634705543518,2.709020853042603,1.774113277594249,Ihinger Hof Field,345,177,478,NA,2008,10,Ih_10_2018
2018,NA,NA,wr,Ih_10_18,NA,3.12635,koch25,t/ha,18,IhingerHof,48.74490478175978,8.90982707000781,NA,NA,walnut,normal,NA,NA,NA,NA,NA,NA,NA,NA,NA,NA,NA,NA,NA,NA,NA,Ih_10_18m_2018,2,rapeseed,3.12635,NA,2016,2,48.745054396321954,8.90991289509535,48.743878865000056,8.907892014000026,48.74621680300004,8.912102256000026,57623.731970452245,Oilseed Rape,not reported,Sep,Jul,assigned,NA,9,7,2017-09-01,2018-07-01,8.908106576312672,15.467961051247336,59.03722643852234,404.0403649358389,70.24580208834311,154,0.5333689356186613,0.955685896199578,98.12594457939151,39.84748856516622,1.238634705543518,2.709020853042603,1.774113277594249,Ihinger Hof Field,345,177,478,NA,2008,10,Ih_10_2018
2018,NA,NA,wr,Ih_10_24,NA,3.3346410256410257,koch25,t/ha,24,IhingerHof,48.74490478175978,8.90982707000781,NA,NA,walnut,normal,NA,NA,NA,NA,NA,NA,NA,NA,NA,NA,NA,NA,NA,NA,NA,Ih_10_24m_2018,2,rapeseed,3.3346410256410257,NA,2016,2,48.745054396321954,8.90991289509535,48.743878865000056,8.907892014000026,48.74621680300004,8.912102256000026,57623.731970452245,Oilseed Rape,not reported,Sep,Jul,assigned,NA,9,7,2017-09-01,2018-07-01,8.908106576312672,15.467961051247336,59.03722643852234,404.0403649358389,70.24580208834311,154,0.5333689356186613,0.955685896199578,98.12594457939151,39.84748856516622,1.238634705543518,2.709020853042603,1.774113277594249,Ihinger Hof Field,345,177,478,NA,2008,10,Ih_10_2018
2018,NA,NA,wr,Ih_11_4,NA,3.539190476190476,koch25,t/ha,4,IhingerHof,48.74490478175978,8.90982707000781,NA,NA,willow,normal,NA,NA,NA,NA,NA,NA,NA,NA,NA,NA,NA,NA,NA,NA,NA,Ih_11_4m_2018,2,rapeseed,3.539190476190476,NA,2016,2,48.745054396321954,8.90991289509535,48.743878865000056,8.907892014000026,48.74621680300004,8.912102256000026,57623.731970452245,Oilseed Rape,not reported,Sep,Jul,assigned,NA,9,7,2017-09-01,2018-07-01,8.908106576312672,15.467961051247336,59.03722643852234,404.0403649358389,70.24580208834311,154,0.5333689356186613,0.955685896199578,98.12594457939151,39.84748856516622,1.238634705543518,2.709020853042603,1.774113277594249,Ihinger Hof Field,345,177,478,NA,2008,10,Ih_11_2018
2018,NA,NA,wr,Ih_11_12,NA,3.849219512195122,koch25,t/ha,12,IhingerHof,48.74490478175978,8.90982707000781,NA,NA,willow,normal,NA,NA,NA,NA,NA,NA,NA,NA,NA,NA,NA,NA,NA,NA,NA,Ih_11_12m_2018,2,rapeseed,3.849219512195122,NA,2016,2,48.745054396321954,8.90991289509535,48.743878865000056,8.907892014000026,48.74621680300004,8.912102256000026,57623.731970452245,Oilseed Rape,not reported,Sep,Jul,assigned,NA,9,7,2017-09-01,2018-07-01,8.908106576312672,15.467961051247336,59.03722643852234,404.0403649358389,70.24580208834311,154,0.5333689356186613,0.955685896199578,98.12594457939151,39.84748856516622,1.238634705543518,2.709020853042603,1.774113277594249,Ihinger Hof Field,345,177,478,NA,2008,10,Ih_11_2018
2018,NA,NA,wr,Ih_11_18,NA,3.738266666666666,koch25,t/ha,18,IhingerHof,48.74490478175978,8.90982707000781,NA,NA,willow,normal,NA,NA,NA,NA,NA,NA,NA,NA,NA,NA,NA,NA,NA,NA,NA,Ih_11_18m_2018,2,rapeseed,3.738266666666666,NA,2016,2,48.745054396321954,8.90991289509535,48.743878865000056,8.907892014000026,48.74621680300004,8.912102256000026,57623.731970452245,Oilseed Rape,not reported,Sep,Jul,assigned,NA,9,7,2017-09-01,2018-07-01,8.908106576312672,15.467961051247336,59.03722643852234,404.0403649358389,70.24580208834311,154,0.5333689356186613,0.955685896199578,98.12594457939151,39.84748856516622,1.238634705543518,2.709020853042603,1.774113277594249,Ihinger Hof Field,345,177,478,NA,2008,10,Ih_11_2018
2018,NA,NA,wr,Ih_11_24,NA,3.6904,koch25,t/ha,24,IhingerHof,48.74490478175978,8.90982707000781,NA,NA,willow,normal,NA,NA,NA,NA,NA,NA,NA,NA,NA,NA,NA,NA,NA,NA,NA,Ih_11_24m_2018,2,rapeseed,3.6904,NA,2016,2,48.745054396321954,8.90991289509535,48.743878865000056,8.907892014000026,48.74621680300004,8.912102256000026,57623.731970452245,Oilseed Rape,not reported,Sep,Jul,assigned,NA,9,7,2017-09-01,2018-07-01,8.908106576312672,15.467961051247336,59.03722643852234,404.0403649358389,70.24580208834311,154,0.5333689356186613,0.955685896199578,98.12594457939151,39.84748856516622,1.238634705543518,2.709020853042603,1.774113277594249,Ihinger Hof Field,345,177,478,NA,2008,10,Ih_11_2018
2018,NA,NA,wr,Ih_12_4,NA,3.4881785714285716,koch25,t/ha,4,IhingerHof,48.74490478175978,8.90982707000781,NA,NA,hedge,normal,NA,NA,NA,NA,NA,NA,NA,NA,NA,NA,NA,NA,NA,NA,NA,Ih_12_4m_2018,2,rapeseed,3.4881785714285716,NA,2016,2,48.745054396321954,8.90991289509535,48.743878865000056,8.907892014000026,48.74621680300004,8.912102256000026,57623.731970452245,Oilseed Rape,not reported,Sep,Jul,assigned,NA,9,7,2017-09-01,2018-07-01,8.908106576312672,15.467961051247336,59.03722643852234,404.0403649358389,70.24580208834311,154,0.5333689356186613,0.955685896199578,98.12594457939151,39.84748856516622,1.238634705543518,2.709020853042603,1.774113277594249,Ihinger Hof Field,345,177,478,NA,2008,10,Ih_12_2018
2018,NA,NA,wr,Ih_12_12,NA,3.3834193548387095,koch25,t/ha,12,IhingerHof,48.74490478175978,8.90982707000781,NA,NA,hedge,normal,NA,NA,NA,NA,NA,NA,NA,NA,NA,NA,NA,NA,NA,NA,NA,Ih_12_12m_2018,2,rapeseed,3.3834193548387095,NA,2016,2,48.745054396321954,8.90991289509535,48.743878865000056,8.907892014000026,48.74621680300004,8.912102256000026,57623.731970452245,Oilseed Rape,not reported,Sep,Jul,assigned,NA,9,7,2017-09-01,2018-07-01,8.908106576312672,15.467961051247336,59.03722643852234,404.0403649358389,70.24580208834311,154,0.5333689356186613,0.955685896199578,98.12594457939151,39.84748856516622,1.238634705543518,2.709020853042603,1.774113277594249,Ihinger Hof Field,345,177,478,NA,2008,10,Ih_12_2018
2018,NA,NA,wr,Ih_12_18,NA,3.5582121212121214,koch25,t/ha,18,IhingerHof,48.74490478175978,8.90982707000781,NA,NA,hedge,normal,NA,NA,NA,NA,NA,NA,NA,NA,NA,NA,NA,NA,NA,NA,NA,Ih_12_18m_2018,2,rapeseed,3.5582121212121214,NA,2016,2,48.745054396321954,8.90991289509535,48.743878865000056,8.907892014000026,48.74621680300004,8.912102256000026,57623.731970452245,Oilseed Rape,not reported,Sep,Jul,assigned,NA,9,7,2017-09-01,2018-07-01,8.908106576312672,15.467961051247336,59.03722643852234,404.0403649358389,70.24580208834311,154,0.5333689356186613,0.955685896199578,98.12594457939151,39.84748856516622,1.238634705543518,2.709020853042603,1.774113277594249,Ihinger Hof Field,345,177,478,NA,2008,10,Ih_12_2018
2018,NA,NA,wr,Ih_12_24,NA,2.929666666666667,koch25,t/ha,24,IhingerHof,48.74490478175978,8.90982707000781,NA,NA,hedge,normal,NA,NA,NA,NA,NA,NA,NA,NA,NA,NA,NA,NA,NA,NA,NA,Ih_12_24m_2018,2,rapeseed,2.929666666666667,NA,2016,2,48.745054396321954,8.90991289509535,48.743878865000056,8.907892014000026,48.74621680300004,8.912102256000026,57623.731970452245,Oilseed Rape,not reported,Sep,Jul,assigned,NA,9,7,2017-09-01,2018-07-01,8.908106576312672,15.467961051247336,59.03722643852234,404.0403649358389,70.24580208834311,154,0.5333689356186613,0.955685896199578,98.12594457939151,39.84748856516622,1.238634705543518,2.709020853042603,1.774113277594249,Ihinger Hof Field,345,177,478,NA,2008,10,Ih_12_2018
2018,NA,NA,wr,Ih_13_4,NA,3.241,koch25,t/ha,4,IhingerHof,48.74490478175978,8.90982707000781,NA,NA,walnut,normal,NA,NA,NA,NA,NA,NA,NA,NA,NA,NA,NA,NA,NA,NA,NA,Ih_13_4m_2018,3,rapeseed,3.241,NA,2016,2,48.745054396321954,8.90991289509535,48.743878865000056,8.907892014000026,48.74621680300004,8.912102256000026,57623.731970452245,Oilseed Rape,not reported,Sep,Jul,assigned,NA,9,7,2017-09-01,2018-07-01,8.908106576312672,15.467961051247336,59.03722643852234,404.0403649358389,70.24580208834311,154,0.5333689356186613,0.955685896199578,98.12594457939151,39.84748856516622,1.238634705543518,2.709020853042603,1.774113277594249,Ihinger Hof Field,345,177,478,NA,2008,10,Ih_13_2018
2018,NA,NA,wr,Ih_13_12,NA,3.452410256410257,koch25,t/ha,12,IhingerHof,48.74490478175978,8.90982707000781,NA,NA,walnut,normal,NA,NA,NA,NA,NA,NA,NA,NA,NA,NA,NA,NA,NA,NA,NA,Ih_13_12m_2018,3,rapeseed,3.452410256410257,NA,2016,2,48.745054396321954,8.90991289509535,48.743878865000056,8.907892014000026,48.74621680300004,8.912102256000026,57623.731970452245,Oilseed Rape,not reported,Sep,Jul,assigned,NA,9,7,2017-09-01,2018-07-01,8.908106576312672,15.467961051247336,59.03722643852234,404.0403649358389,70.24580208834311,154,0.5333689356186613,0.955685896199578,98.12594457939151,39.84748856516622,1.238634705543518,2.709020853042603,1.774113277594249,Ihinger Hof Field,345,177,478,NA,2008,10,Ih_13_2018
2018,NA,NA,wr,Ih_13_18,NA,3.644102564102564,koch25,t/ha,18,IhingerHof,48.74490478175978,8.90982707000781,NA,NA,walnut,normal,NA,NA,NA,NA,NA,NA,NA,NA,NA,NA,NA,NA,NA,NA,NA,Ih_13_18m_2018,3,rapeseed,3.644102564102564,NA,2016,2,48.745054396321954,8.90991289509535,48.743878865000056,8.907892014000026,48.74621680300004,8.912102256000026,57623.731970452245,Oilseed Rape,not reported,Sep,Jul,assigned,NA,9,7,2017-09-01,2018-07-01,8.908106576312672,15.467961051247336,59.03722643852234,404.0403649358389,70.24580208834311,154,0.5333689356186613,0.955685896199578,98.12594457939151,39.84748856516622,1.238634705543518,2.709020853042603,1.774113277594249,Ihinger Hof Field,345,177,478,NA,2008,10,Ih_13_2018
2018,NA,NA,wr,Ih_13_24,NA,3.2044324324324327,koch25,t/ha,24,IhingerHof,48.74490478175978,8.90982707000781,NA,NA,walnut,normal,NA,NA,NA,NA,NA,NA,NA,NA,NA,NA,NA,NA,NA,NA,NA,Ih_13_24m_2018,3,rapeseed,3.2044324324324327,NA,2016,2,48.745054396321954,8.90991289509535,48.743878865000056,8.907892014000026,48.74621680300004,8.912102256000026,57623.731970452245,Oilseed Rape,not reported,Sep,Jul,assigned,NA,9,7,2017-09-01,2018-07-01,8.908106576312672,15.467961051247336,59.03722643852234,404.0403649358389,70.24580208834311,154,0.5333689356186613,0.955685896199578,98.12594457939151,39.84748856516622,1.238634705543518,2.709020853042603,1.774113277594249,Ihinger Hof Field,345,177,478,NA,2008,10,Ih_13_2018
2018,NA,NA,wr,Ih_14_4,NA,2.7918275862068964,koch25,t/ha,4,IhingerHof,48.74490478175978,8.90982707000781,NA,NA,hedge,normal,NA,NA,NA,NA,NA,NA,NA,NA,NA,NA,NA,NA,NA,NA,NA,Ih_14_4m_2018,3,rapeseed,2.7918275862068964,NA,2016,2,48.745054396321954,8.90991289509535,48.743878865000056,8.907892014000026,48.74621680300004,8.912102256000026,57623.731970452245,Oilseed Rape,not reported,Sep,Jul,assigned,NA,9,7,2017-09-01,2018-07-01,8.908106576312672,15.467961051247336,59.03722643852234,404.0403649358389,70.24580208834311,154,0.5333689356186613,0.955685896199578,98.12594457939151,39.84748856516622,1.238634705543518,2.709020853042603,1.774113277594249,Ihinger Hof Field,345,177,478,NA,2008,10,Ih_14_2018
2018,NA,NA,wr,Ih_14_7,NA,1.658,koch25,t/ha,7,IhingerHof,48.74490478175978,8.90982707000781,NA,NA,hedge,normal,NA,NA,NA,NA,NA,NA,NA,NA,NA,NA,NA,NA,NA,NA,NA,Ih_14_7m_2018,3,rapeseed,1.658,NA,2016,2,48.745054396321954,8.90991289509535,48.743878865000056,8.907892014000026,48.74621680300004,8.912102256000026,57623.731970452245,Oilseed Rape,not reported,Sep,Jul,assigned,NA,9,7,2017-09-01,2018-07-01,8.908106576312672,15.467961051247336,59.03722643852234,404.0403649358389,70.24580208834311,154,0.5333689356186613,0.955685896199578,98.12594457939151,39.84748856516622,1.238634705543518,2.709020853042603,1.774113277594249,Ihinger Hof Field,345,177,478,NA,2008,10,Ih_14_2018
2018,NA,NA,wr,Ih_14_12,NA,3.331758620689655,koch25,t/ha,12,IhingerHof,48.74490478175978,8.90982707000781,NA,NA,hedge,normal,NA,NA,NA,NA,NA,NA,NA,NA,NA,NA,NA,NA,NA,NA,NA,Ih_14_12m_2018,3,rapeseed,3.331758620689655,NA,2016,2,48.745054396321954,8.90991289509535,48.743878865000056,8.907892014000026,48.74621680300004,8.912102256000026,57623.731970452245,Oilseed Rape,not reported,Sep,Jul,assigned,NA,9,7,2017-09-01,2018-07-01,8.908106576312672,15.467961051247336,59.03722643852234,404.0403649358389,70.24580208834311,154,0.5333689356186613,0.955685896199578,98.12594457939151,39.84748856516622,1.238634705543518,2.709020853042603,1.774113277594249,Ihinger Hof Field,345,177,478,NA,2008,10,Ih_14_2018
2018,NA,NA,wr,Ih_14_18,NA,3.7906875,koch25,t/ha,18,IhingerHof,48.74490478175978,8.90982707000781,NA,NA,hedge,normal,NA,NA,NA,NA,NA,NA,NA,NA,NA,NA,NA,NA,NA,NA,NA,Ih_14_18m_2018,3,rapeseed,3.7906875,NA,2016,2,48.745054396321954,8.90991289509535,48.743878865000056,8.907892014000026,48.74621680300004,8.912102256000026,57623.731970452245,Oilseed Rape,not reported,Sep,Jul,assigned,NA,9,7,2017-09-01,2018-07-01,8.908106576312672,15.467961051247336,59.03722643852234,404.0403649358389,70.24580208834311,154,0.5333689356186613,0.955685896199578,98.12594457939151,39.84748856516622,1.238634705543518,2.709020853042603,1.774113277594249,Ihinger Hof Field,345,177,478,NA,2008,10,Ih_14_2018
2018,NA,NA,wr,Ih_14_24,NA,3.5862121212121214,koch25,t/ha,24,IhingerHof,48.74490478175978,8.90982707000781,NA,NA,hedge,normal,NA,NA,NA,NA,NA,NA,NA,NA,NA,NA,NA,NA,NA,NA,NA,Ih_14_24m_2018,3,rapeseed,3.5862121212121214,NA,2016,2,48.745054396321954,8.90991289509535,48.743878865000056,8.907892014000026,48.74621680300004,8.912102256000026,57623.731970452245,Oilseed Rape,not reported,Sep,Jul,assigned,NA,9,7,2017-09-01,2018-07-01,8.908106576312672,15.467961051247336,59.03722643852234,404.0403649358389,70.24580208834311,154,0.5333689356186613,0.955685896199578,98.12594457939151,39.84748856516622,1.238634705543518,2.709020853042603,1.774113277594249,Ihinger Hof Field,345,177,478,NA,2008,10,Ih_14_2018
2018,NA,NA,wr,Ih_15_7,NA,1.5291351351351352,koch25,t/ha,7,IhingerHof,48.74490478175978,8.90982707000781,NA,NA,willow,normal,NA,NA,NA,NA,NA,NA,NA,NA,NA,NA,NA,NA,NA,NA,NA,Ih_15_7m_2018,3,rapeseed,1.5291351351351352,NA,2016,2,48.745054396321954,8.90991289509535,48.743878865000056,8.907892014000026,48.74621680300004,8.912102256000026,57623.731970452245,Oilseed Rape,not reported,Sep,Jul,assigned,NA,9,7,2017-09-01,2018-07-01,8.908106576312672,15.467961051247336,59.03722643852234,404.0403649358389,70.24580208834311,154,0.5333689356186613,0.955685896199578,98.12594457939151,39.84748856516622,1.238634705543518,2.709020853042603,1.774113277594249,Ihinger Hof Field,345,177,478,NA,2008,10,Ih_15_2018
2018,NA,NA,wr,Ih_15_12,NA,3.1582173913043476,koch25,t/ha,12,IhingerHof,48.74490478175978,8.90982707000781,NA,NA,willow,normal,NA,NA,NA,NA,NA,NA,NA,NA,NA,NA,NA,NA,NA,NA,NA,Ih_15_12m_2018,3,rapeseed,3.1582173913043476,NA,2016,2,48.745054396321954,8.90991289509535,48.743878865000056,8.907892014000026,48.74621680300004,8.912102256000026,57623.731970452245,Oilseed Rape,not reported,Sep,Jul,assigned,NA,9,7,2017-09-01,2018-07-01,8.908106576312672,15.467961051247336,59.03722643852234,404.0403649358389,70.24580208834311,154,0.5333689356186613,0.955685896199578,98.12594457939151,39.84748856516622,1.238634705543518,2.709020853042603,1.774113277594249,Ihinger Hof Field,345,177,478,NA,2008,10,Ih_15_2018
2018,NA,NA,wr,Ih_15_18,NA,3.981212765957447,koch25,t/ha,18,IhingerHof,48.74490478175978,8.90982707000781,NA,NA,willow,normal,NA,NA,NA,NA,NA,NA,NA,NA,NA,NA,NA,NA,NA,NA,NA,Ih_15_18m_2018,3,rapeseed,3.981212765957447,NA,2016,2,48.745054396321954,8.90991289509535,48.743878865000056,8.907892014000026,48.74621680300004,8.912102256000026,57623.731970452245,Oilseed Rape,not reported,Sep,Jul,assigned,NA,9,7,2017-09-01,2018-07-01,8.908106576312672,15.467961051247336,59.03722643852234,404.0403649358389,70.24580208834311,154,0.5333689356186613,0.955685896199578,98.12594457939151,39.84748856516622,1.238634705543518,2.709020853042603,1.774113277594249,Ihinger Hof Field,345,177,478,NA,2008,10,Ih_15_2018
2018,NA,NA,wr,Ih_15_24,NA,3.699632653061225,koch25,t/ha,24,IhingerHof,48.74490478175978,8.90982707000781,NA,NA,willow,normal,NA,NA,NA,NA,NA,NA,NA,NA,NA,NA,NA,NA,NA,NA,NA,Ih_15_24m_2018,3,rapeseed,3.699632653061225,NA,2016,2,48.745054396321954,8.90991289509535,48.743878865000056,8.907892014000026,48.74621680300004,8.912102256000026,57623.731970452245,Oilseed Rape,not reported,Sep,Jul,assigned,NA,9,7,2017-09-01,2018-07-01,8.908106576312672,15.467961051247336,59.03722643852234,404.0403649358389,70.24580208834311,154,0.5333689356186613,0.955685896199578,98.12594457939151,39.84748856516622,1.238634705543518,2.709020853042603,1.774113277594249,Ihinger Hof Field,345,177,478,NA,2008,10,Ih_15_2018
2018,NA,NA,wr,Ih_16_4,NA,2.591666666666667,koch25,t/ha,4,IhingerHof,48.74490478175978,8.90982707000781,NA,NA,willow,normal,NA,NA,NA,NA,NA,NA,NA,NA,NA,NA,NA,NA,NA,NA,NA,Ih_16_4m_2018,3,rapeseed,2.591666666666667,NA,2016,2,48.745054396321954,8.90991289509535,48.743878865000056,8.907892014000026,48.74621680300004,8.912102256000026,57623.731970452245,Oilseed Rape,not reported,Sep,Jul,assigned,NA,9,7,2017-09-01,2018-07-01,8.908106576312672,15.467961051247336,59.03722643852234,404.0403649358389,70.24580208834311,154,0.5333689356186613,0.955685896199578,98.12594457939151,39.84748856516622,1.238634705543518,2.709020853042603,1.774113277594249,Ihinger Hof Field,345,177,478,NA,2008,10,Ih_16_2018
2018,NA,NA,wr,Ih_16_7,NA,2.3049,koch25,t/ha,7,IhingerHof,48.74490478175978,8.90982707000781,NA,NA,willow,normal,NA,NA,NA,NA,NA,NA,NA,NA,NA,NA,NA,NA,NA,NA,NA,Ih_16_7m_2018,3,rapeseed,2.3049,NA,2016,2,48.745054396321954,8.90991289509535,48.743878865000056,8.907892014000026,48.74621680300004,8.912102256000026,57623.731970452245,Oilseed Rape,not reported,Sep,Jul,assigned,NA,9,7,2017-09-01,2018-07-01,8.908106576312672,15.467961051247336,59.03722643852234,404.0403649358389,70.24580208834311,154,0.5333689356186613,0.955685896199578,98.12594457939151,39.84748856516622,1.238634705543518,2.709020853042603,1.774113277594249,Ihinger Hof Field,345,177,478,NA,2008,10,Ih_16_2018
2018,NA,NA,wr,Ih_16_12,NA,2.478357142857143,koch25,t/ha,12,IhingerHof,48.74490478175978,8.90982707000781,NA,NA,willow,normal,NA,NA,NA,NA,NA,NA,NA,NA,NA,NA,NA,NA,NA,NA,NA,Ih_16_12m_2018,3,rapeseed,2.478357142857143,NA,2016,2,48.745054396321954,8.90991289509535,48.743878865000056,8.907892014000026,48.74621680300004,8.912102256000026,57623.731970452245,Oilseed Rape,not reported,Sep,Jul,assigned,NA,9,7,2017-09-01,2018-07-01,8.908106576312672,15.467961051247336,59.03722643852234,404.0403649358389,70.24580208834311,154,0.5333689356186613,0.955685896199578,98.12594457939151,39.84748856516622,1.238634705543518,2.709020853042603,1.774113277594249,Ihinger Hof Field,345,177,478,NA,2008,10,Ih_16_2018
2018,NA,NA,wr,Ih_16_18,NA,2.837,koch25,t/ha,18,IhingerHof,48.74490478175978,8.90982707000781,NA,NA,willow,normal,NA,NA,NA,NA,NA,NA,NA,NA,NA,NA,NA,NA,NA,NA,NA,Ih_16_18m_2018,3,rapeseed,2.837,NA,2016,2,48.745054396321954,8.90991289509535,48.743878865000056,8.907892014000026,48.74621680300004,8.912102256000026,57623.731970452245,Oilseed Rape,not reported,Sep,Jul,assigned,NA,9,7,2017-09-01,2018-07-01,8.908106576312672,15.467961051247336,59.03722643852234,404.0403649358389,70.24580208834311,154,0.5333689356186613,0.955685896199578,98.12594457939151,39.84748856516622,1.238634705543518,2.709020853042603,1.774113277594249,Ihinger Hof Field,345,177,478,NA,2008,10,Ih_16_2018
2018,NA,NA,wr,Ih_16_24,NA,3.1654545454545455,koch25,t/ha,24,IhingerHof,48.74490478175978,8.90982707000781,NA,NA,willow,normal,NA,NA,NA,NA,NA,NA,NA,NA,NA,NA,NA,NA,NA,NA,NA,Ih_16_24m_2018,3,rapeseed,3.1654545454545455,NA,2016,2,48.745054396321954,8.90991289509535,48.743878865000056,8.907892014000026,48.74621680300004,8.912102256000026,57623.731970452245,Oilseed Rape,not reported,Sep,Jul,assigned,NA,9,7,2017-09-01,2018-07-01,8.908106576312672,15.467961051247336,59.03722643852234,404.0403649358389,70.24580208834311,154,0.5333689356186613,0.955685896199578,98.12594457939151,39.84748856516622,1.238634705543518,2.709020853042603,1.774113277594249,Ihinger Hof Field,345,177,478,NA,2008,10,Ih_16_2018
2018,NA,NA,wr,Ih_17_4,NA,3.141142857142857,koch25,t/ha,4,IhingerHof,48.74490478175978,8.90982707000781,NA,NA,hedge,normal,NA,NA,NA,NA,NA,NA,NA,NA,NA,NA,NA,NA,NA,NA,NA,Ih_17_4m_2018,3,rapeseed,3.141142857142857,NA,2016,2,48.745054396321954,8.90991289509535,48.743878865000056,8.907892014000026,48.74621680300004,8.912102256000026,57623.731970452245,Oilseed Rape,not reported,Sep,Jul,assigned,NA,9,7,2017-09-01,2018-07-01,8.908106576312672,15.467961051247336,59.03722643852234,404.0403649358389,70.24580208834311,154,0.5333689356186613,0.955685896199578,98.12594457939151,39.84748856516622,1.238634705543518,2.709020853042603,1.774113277594249,Ihinger Hof Field,345,177,478,NA,2008,10,Ih_17_2018
2018,NA,NA,wr,Ih_17_12,NA,3.1418666666666666,koch25,t/ha,12,IhingerHof,48.74490478175978,8.90982707000781,NA,NA,hedge,normal,NA,NA,NA,NA,NA,NA,NA,NA,NA,NA,NA,NA,NA,NA,NA,Ih_17_12m_2018,3,rapeseed,3.1418666666666666,NA,2016,2,48.745054396321954,8.90991289509535,48.743878865000056,8.907892014000026,48.74621680300004,8.912102256000026,57623.731970452245,Oilseed Rape,not reported,Sep,Jul,assigned,NA,9,7,2017-09-01,2018-07-01,8.908106576312672,15.467961051247336,59.03722643852234,404.0403649358389,70.24580208834311,154,0.5333689356186613,0.955685896199578,98.12594457939151,39.84748856516622,1.238634705543518,2.709020853042603,1.774113277594249,Ihinger Hof Field,345,177,478,NA,2008,10,Ih_17_2018
2018,NA,NA,wr,Ih_17_18,NA,3.5359666666666665,koch25,t/ha,18,IhingerHof,48.74490478175978,8.90982707000781,NA,NA,hedge,normal,NA,NA,NA,NA,NA,NA,NA,NA,NA,NA,NA,NA,NA,NA,NA,Ih_17_18m_2018,3,rapeseed,3.5359666666666665,NA,2016,2,48.745054396321954,8.90991289509535,48.743878865000056,8.907892014000026,48.74621680300004,8.912102256000026,57623.731970452245,Oilseed Rape,not reported,Sep,Jul,assigned,NA,9,7,2017-09-01,2018-07-01,8.908106576312672,15.467961051247336,59.03722643852234,404.0403649358389,70.24580208834311,154,0.5333689356186613,0.955685896199578,98.12594457939151,39.84748856516622,1.238634705543518,2.709020853042603,1.774113277594249,Ihinger Hof Field,345,177,478,NA,2008,10,Ih_17_2018
2018,NA,NA,wr,Ih_17_24,NA,3.6714117647058826,koch25,t/ha,24,IhingerHof,48.74490478175978,8.90982707000781,NA,NA,hedge,normal,NA,NA,NA,NA,NA,NA,NA,NA,NA,NA,NA,NA,NA,NA,NA,Ih_17_24m_2018,3,rapeseed,3.6714117647058826,NA,2016,2,48.745054396321954,8.90991289509535,48.743878865000056,8.907892014000026,48.74621680300004,8.912102256000026,57623.731970452245,Oilseed Rape,not reported,Sep,Jul,assigned,NA,9,7,2017-09-01,2018-07-01,8.908106576312672,15.467961051247336,59.03722643852234,404.0403649358389,70.24580208834311,154,0.5333689356186613,0.955685896199578,98.12594457939151,39.84748856516622,1.238634705543518,2.709020853042603,1.774113277594249,Ihinger Hof Field,345,177,478,NA,2008,10,Ih_17_2018
2018,NA,NA,wr,Ih_18_4,NA,3.319425,koch25,t/ha,4,IhingerHof,48.74490478175978,8.90982707000781,NA,NA,walnut,normal,NA,NA,NA,NA,NA,NA,NA,NA,NA,NA,NA,NA,NA,NA,NA,Ih_18_4m_2018,3,rapeseed,3.319425,NA,2016,2,48.745054396321954,8.90991289509535,48.743878865000056,8.907892014000026,48.74621680300004,8.912102256000026,57623.731970452245,Oilseed Rape,not reported,Sep,Jul,assigned,NA,9,7,2017-09-01,2018-07-01,8.908106576312672,15.467961051247336,59.03722643852234,404.0403649358389,70.24580208834311,154,0.5333689356186613,0.955685896199578,98.12594457939151,39.84748856516622,1.238634705543518,2.709020853042603,1.774113277594249,Ihinger Hof Field,345,177,478,NA,2008,10,Ih_18_2018
2018,NA,NA,wr,Ih_18_12,NA,3.453048780487805,koch25,t/ha,12,IhingerHof,48.74490478175978,8.90982707000781,NA,NA,walnut,normal,NA,NA,NA,NA,NA,NA,NA,NA,NA,NA,NA,NA,NA,NA,NA,Ih_18_12m_2018,3,rapeseed,3.453048780487805,NA,2016,2,48.745054396321954,8.90991289509535,48.743878865000056,8.907892014000026,48.74621680300004,8.912102256000026,57623.731970452245,Oilseed Rape,not reported,Sep,Jul,assigned,NA,9,7,2017-09-01,2018-07-01,8.908106576312672,15.467961051247336,59.03722643852234,404.0403649358389,70.24580208834311,154,0.5333689356186613,0.955685896199578,98.12594457939151,39.84748856516622,1.238634705543518,2.709020853042603,1.774113277594249,Ihinger Hof Field,345,177,478,NA,2008,10,Ih_18_2018
2018,NA,NA,wr,Ih_18_18,NA,3.6764888888888887,koch25,t/ha,18,IhingerHof,48.74490478175978,8.90982707000781,NA,NA,walnut,normal,NA,NA,NA,NA,NA,NA,NA,NA,NA,NA,NA,NA,NA,NA,NA,Ih_18_18m_2018,3,rapeseed,3.6764888888888887,NA,2016,2,48.745054396321954,8.90991289509535,48.743878865000056,8.907892014000026,48.74621680300004,8.912102256000026,57623.731970452245,Oilseed Rape,not reported,Sep,Jul,assigned,NA,9,7,2017-09-01,2018-07-01,8.908106576312672,15.467961051247336,59.03722643852234,404.0403649358389,70.24580208834311,154,0.5333689356186613,0.955685896199578,98.12594457939151,39.84748856516622,1.238634705543518,2.709020853042603,1.774113277594249,Ihinger Hof Field,345,177,478,NA,2008,10,Ih_18_2018
2018,NA,NA,wr,Ih_18_24,NA,3.388791666666666,koch25,t/ha,24,IhingerHof,48.74490478175978,8.90982707000781,NA,NA,walnut,normal,NA,NA,NA,NA,NA,NA,NA,NA,NA,NA,NA,NA,NA,NA,NA,Ih_18_24m_2018,3,rapeseed,3.388791666666666,NA,2016,2,48.745054396321954,8.90991289509535,48.743878865000056,8.907892014000026,48.74621680300004,8.912102256000026,57623.731970452245,Oilseed Rape,not reported,Sep,Jul,assigned,NA,9,7,2017-09-01,2018-07-01,8.908106576312672,15.467961051247336,59.03722643852234,404.0403649358389,70.24580208834311,154,0.5333689356186613,0.955685896199578,98.12594457939151,39.84748856516622,1.238634705543518,2.709020853042603,1.774113277594249,Ihinger Hof Field,345,177,478,NA,2008,10,Ih_18_2018
2018,NA,NA,wr,Ih_19_7,NA,2.895794871794872,koch25,t/ha,7,IhingerHof,48.74490478175978,8.90982707000781,NA,NA,willow,normal,NA,NA,NA,NA,NA,NA,NA,NA,NA,NA,NA,NA,NA,NA,NA,Ih_19_7m_2018,4,rapeseed,2.895794871794872,NA,2016,2,48.745054396321954,8.90991289509535,48.743878865000056,8.907892014000026,48.74621680300004,8.912102256000026,57623.731970452245,Oilseed Rape,not reported,Sep,Jul,assigned,NA,9,7,2017-09-01,2018-07-01,8.908106576312672,15.467961051247336,59.03722643852234,404.0403649358389,70.24580208834311,154,0.5333689356186613,0.955685896199578,98.12594457939151,39.84748856516622,1.238634705543518,2.709020853042603,1.774113277594249,Ihinger Hof Field,345,177,478,NA,2008,10,Ih_19_2018
2018,NA,NA,wr,Ih_19_12,NA,3.0435,koch25,t/ha,12,IhingerHof,48.74490478175978,8.90982707000781,NA,NA,willow,normal,NA,NA,NA,NA,NA,NA,NA,NA,NA,NA,NA,NA,NA,NA,NA,Ih_19_12m_2018,4,rapeseed,3.0435,NA,2016,2,48.745054396321954,8.90991289509535,48.743878865000056,8.907892014000026,48.74621680300004,8.912102256000026,57623.731970452245,Oilseed Rape,not reported,Sep,Jul,assigned,NA,9,7,2017-09-01,2018-07-01,8.908106576312672,15.467961051247336,59.03722643852234,404.0403649358389,70.24580208834311,154,0.5333689356186613,0.955685896199578,98.12594457939151,39.84748856516622,1.238634705543518,2.709020853042603,1.774113277594249,Ihinger Hof Field,345,177,478,NA,2008,10,Ih_19_2018
2018,NA,NA,wr,Ih_19_18,NA,3.5785,koch25,t/ha,18,IhingerHof,48.74490478175978,8.90982707000781,NA,NA,willow,normal,NA,NA,NA,NA,NA,NA,NA,NA,NA,NA,NA,NA,NA,NA,NA,Ih_19_18m_2018,4,rapeseed,3.5785,NA,2016,2,48.745054396321954,8.90991289509535,48.743878865000056,8.907892014000026,48.74621680300004,8.912102256000026,57623.731970452245,Oilseed Rape,not reported,Sep,Jul,assigned,NA,9,7,2017-09-01,2018-07-01,8.908106576312672,15.467961051247336,59.03722643852234,404.0403649358389,70.24580208834311,154,0.5333689356186613,0.955685896199578,98.12594457939151,39.84748856516622,1.238634705543518,2.709020853042603,1.774113277594249,Ihinger Hof Field,345,177,478,NA,2008,10,Ih_19_2018
2018,NA,NA,wr,Ih_19_24,NA,3.354212121212121,koch25,t/ha,24,IhingerHof,48.74490478175978,8.90982707000781,NA,NA,willow,normal,NA,NA,NA,NA,NA,NA,NA,NA,NA,NA,NA,NA,NA,NA,NA,Ih_19_24m_2018,4,rapeseed,3.354212121212121,NA,2016,2,48.745054396321954,8.90991289509535,48.743878865000056,8.907892014000026,48.74621680300004,8.912102256000026,57623.731970452245,Oilseed Rape,not reported,Sep,Jul,assigned,NA,9,7,2017-09-01,2018-07-01,8.908106576312672,15.467961051247336,59.03722643852234,404.0403649358389,70.24580208834311,154,0.5333689356186613,0.955685896199578,98.12594457939151,39.84748856516622,1.238634705543518,2.709020853042603,1.774113277594249,Ihinger Hof Field,345,177,478,NA,2008,10,Ih_19_2018
2018,NA,NA,wr,Ih_20_7,NA,3.905409090909091,koch25,t/ha,7,IhingerHof,48.74490478175978,8.90982707000781,NA,NA,walnut,normal,NA,NA,NA,NA,NA,NA,NA,NA,NA,NA,NA,NA,NA,NA,NA,Ih_20_7m_2018,4,rapeseed,3.905409090909091,NA,2016,2,48.745054396321954,8.90991289509535,48.743878865000056,8.907892014000026,48.74621680300004,8.912102256000026,57623.731970452245,Oilseed Rape,not reported,Sep,Jul,assigned,NA,9,7,2017-09-01,2018-07-01,8.908106576312672,15.467961051247336,59.03722643852234,404.0403649358389,70.24580208834311,154,0.5333689356186613,0.955685896199578,98.12594457939151,39.84748856516622,1.238634705543518,2.709020853042603,1.774113277594249,Ihinger Hof Field,345,177,478,NA,2008,10,Ih_20_2018
2018,NA,NA,wr,Ih_20_12,NA,3.514146341463414,koch25,t/ha,12,IhingerHof,48.74490478175978,8.90982707000781,NA,NA,walnut,normal,NA,NA,NA,NA,NA,NA,NA,NA,NA,NA,NA,NA,NA,NA,NA,Ih_20_12m_2018,4,rapeseed,3.514146341463414,NA,2016,2,48.745054396321954,8.90991289509535,48.743878865000056,8.907892014000026,48.74621680300004,8.912102256000026,57623.731970452245,Oilseed Rape,not reported,Sep,Jul,assigned,NA,9,7,2017-09-01,2018-07-01,8.908106576312672,15.467961051247336,59.03722643852234,404.0403649358389,70.24580208834311,154,0.5333689356186613,0.955685896199578,98.12594457939151,39.84748856516622,1.238634705543518,2.709020853042603,1.774113277594249,Ihinger Hof Field,345,177,478,NA,2008,10,Ih_20_2018
2018,NA,NA,wr,Ih_20_18,NA,3.8580243902439024,koch25,t/ha,18,IhingerHof,48.74490478175978,8.90982707000781,NA,NA,walnut,normal,NA,NA,NA,NA,NA,NA,NA,NA,NA,NA,NA,NA,NA,NA,NA,Ih_20_18m_2018,4,rapeseed,3.8580243902439024,NA,2016,2,48.745054396321954,8.90991289509535,48.743878865000056,8.907892014000026,48.74621680300004,8.912102256000026,57623.731970452245,Oilseed Rape,not reported,Sep,Jul,assigned,NA,9,7,2017-09-01,2018-07-01,8.908106576312672,15.467961051247336,59.03722643852234,404.0403649358389,70.24580208834311,154,0.5333689356186613,0.955685896199578,98.12594457939151,39.84748856516622,1.238634705543518,2.709020853042603,1.774113277594249,Ihinger Hof Field,345,177,478,NA,2008,10,Ih_20_2018
2018,NA,NA,wr,Ih_20_24,NA,4.892777777777778,koch25,t/ha,24,IhingerHof,48.74490478175978,8.90982707000781,NA,NA,walnut,normal,NA,NA,NA,NA,NA,NA,NA,NA,NA,NA,NA,NA,NA,NA,NA,Ih_20_24m_2018,4,rapeseed,4.892777777777778,NA,2016,2,48.745054396321954,8.90991289509535,48.743878865000056,8.907892014000026,48.74621680300004,8.912102256000026,57623.731970452245,Oilseed Rape,not reported,Sep,Jul,assigned,NA,9,7,2017-09-01,2018-07-01,8.908106576312672,15.467961051247336,59.03722643852234,404.0403649358389,70.24580208834311,154,0.5333689356186613,0.955685896199578,98.12594457939151,39.84748856516622,1.238634705543518,2.709020853042603,1.774113277594249,Ihinger Hof Field,345,177,478,NA,2008,10,Ih_20_2018
2018,NA,NA,wr,Ih_21_7,NA,3.4361515151515154,koch25,t/ha,7,IhingerHof,48.74490478175978,8.90982707000781,NA,NA,hedge,normal,NA,NA,NA,NA,NA,NA,NA,NA,NA,NA,NA,NA,NA,NA,NA,Ih_21_7m_2018,4,rapeseed,3.4361515151515154,NA,2016,2,48.745054396321954,8.90991289509535,48.743878865000056,8.907892014000026,48.74621680300004,8.912102256000026,57623.731970452245,Oilseed Rape,not reported,Sep,Jul,assigned,NA,9,7,2017-09-01,2018-07-01,8.908106576312672,15.467961051247336,59.03722643852234,404.0403649358389,70.24580208834311,154,0.5333689356186613,0.955685896199578,98.12594457939151,39.84748856516622,1.238634705543518,2.709020853042603,1.774113277594249,Ihinger Hof Field,345,177,478,NA,2008,10,Ih_21_2018
2018,NA,NA,wr,Ih_21_12,NA,3.2883636363636364,koch25,t/ha,12,IhingerHof,48.74490478175978,8.90982707000781,NA,NA,hedge,normal,NA,NA,NA,NA,NA,NA,NA,NA,NA,NA,NA,NA,NA,NA,NA,Ih_21_12m_2018,4,rapeseed,3.2883636363636364,NA,2016,2,48.745054396321954,8.90991289509535,48.743878865000056,8.907892014000026,48.74621680300004,8.912102256000026,57623.731970452245,Oilseed Rape,not reported,Sep,Jul,assigned,NA,9,7,2017-09-01,2018-07-01,8.908106576312672,15.467961051247336,59.03722643852234,404.0403649358389,70.24580208834311,154,0.5333689356186613,0.955685896199578,98.12594457939151,39.84748856516622,1.238634705543518,2.709020853042603,1.774113277594249,Ihinger Hof Field,345,177,478,NA,2008,10,Ih_21_2018
2018,NA,NA,wr,Ih_21_18,NA,3.3919714285714284,koch25,t/ha,18,IhingerHof,48.74490478175978,8.90982707000781,NA,NA,hedge,normal,NA,NA,NA,NA,NA,NA,NA,NA,NA,NA,NA,NA,NA,NA,NA,Ih_21_18m_2018,4,rapeseed,3.3919714285714284,NA,2016,2,48.745054396321954,8.90991289509535,48.743878865000056,8.907892014000026,48.74621680300004,8.912102256000026,57623.731970452245,Oilseed Rape,not reported,Sep,Jul,assigned,NA,9,7,2017-09-01,2018-07-01,8.908106576312672,15.467961051247336,59.03722643852234,404.0403649358389,70.24580208834311,154,0.5333689356186613,0.955685896199578,98.12594457939151,39.84748856516622,1.238634705543518,2.709020853042603,1.774113277594249,Ihinger Hof Field,345,177,478,NA,2008,10,Ih_21_2018
2018,NA,NA,wr,Ih_21_24,NA,2.62696875,koch25,t/ha,24,IhingerHof,48.74490478175978,8.90982707000781,NA,NA,hedge,normal,NA,NA,NA,NA,NA,NA,NA,NA,NA,NA,NA,NA,NA,NA,NA,Ih_21_24m_2018,4,rapeseed,2.62696875,NA,2016,2,48.745054396321954,8.90991289509535,48.743878865000056,8.907892014000026,48.74621680300004,8.912102256000026,57623.731970452245,Oilseed Rape,not reported,Sep,Jul,assigned,NA,9,7,2017-09-01,2018-07-01,8.908106576312672,15.467961051247336,59.03722643852234,404.0403649358389,70.24580208834311,154,0.5333689356186613,0.955685896199578,98.12594457939151,39.84748856516622,1.238634705543518,2.709020853042603,1.774113277594249,Ihinger Hof Field,345,177,478,NA,2008,10,Ih_21_2018
2018,NA,NA,wr,Ih_22_4,NA,3.034666666666667,koch25,t/ha,4,IhingerHof,48.74490478175978,8.90982707000781,NA,NA,hedge,normal,NA,NA,NA,NA,NA,NA,NA,NA,NA,NA,NA,NA,NA,NA,NA,Ih_22_4m_2018,4,rapeseed,3.034666666666667,NA,2016,2,48.745054396321954,8.90991289509535,48.743878865000056,8.907892014000026,48.74621680300004,8.912102256000026,57623.731970452245,Oilseed Rape,not reported,Sep,Jul,assigned,NA,9,7,2017-09-01,2018-07-01,8.908106576312672,15.467961051247336,59.03722643852234,404.0403649358389,70.24580208834311,154,0.5333689356186613,0.955685896199578,98.12594457939151,39.84748856516622,1.238634705543518,2.709020853042603,1.774113277594249,Ihinger Hof Field,345,177,478,NA,2008,10,Ih_22_2018
2018,NA,NA,wr,Ih_22_12,NA,2.5895,koch25,t/ha,12,IhingerHof,48.74490478175978,8.90982707000781,NA,NA,hedge,normal,NA,NA,NA,NA,NA,NA,NA,NA,NA,NA,NA,NA,NA,NA,NA,Ih_22_12m_2018,4,rapeseed,2.5895,NA,2016,2,48.745054396321954,8.90991289509535,48.743878865000056,8.907892014000026,48.74621680300004,8.912102256000026,57623.731970452245,Oilseed Rape,not reported,Sep,Jul,assigned,NA,9,7,2017-09-01,2018-07-01,8.908106576312672,15.467961051247336,59.03722643852234,404.0403649358389,70.24580208834311,154,0.5333689356186613,0.955685896199578,98.12594457939151,39.84748856516622,1.238634705543518,2.709020853042603,1.774113277594249,Ihinger Hof Field,345,177,478,NA,2008,10,Ih_22_2018
2018,NA,NA,wr,Ih_22_18,NA,1.5180588235294117,koch25,t/ha,18,IhingerHof,48.74490478175978,8.90982707000781,NA,NA,hedge,normal,NA,NA,NA,NA,NA,NA,NA,NA,NA,NA,NA,NA,NA,NA,NA,Ih_22_18m_2018,4,rapeseed,1.5180588235294117,NA,2016,2,48.745054396321954,8.90991289509535,48.743878865000056,8.907892014000026,48.74621680300004,8.912102256000026,57623.731970452245,Oilseed Rape,not reported,Sep,Jul,assigned,NA,9,7,2017-09-01,2018-07-01,8.908106576312672,15.467961051247336,59.03722643852234,404.0403649358389,70.24580208834311,154,0.5333689356186613,0.955685896199578,98.12594457939151,39.84748856516622,1.238634705543518,2.709020853042603,1.774113277594249,Ihinger Hof Field,345,177,478,NA,2008,10,Ih_22_2018
2018,NA,NA,wr,Ih_22_24,NA,0.5409615384615385,koch25,t/ha,24,IhingerHof,48.74490478175978,8.90982707000781,NA,NA,hedge,normal,NA,NA,NA,NA,NA,NA,NA,NA,NA,NA,NA,NA,NA,NA,NA,Ih_22_24m_2018,4,rapeseed,0.5409615384615385,NA,2016,2,48.745054396321954,8.90991289509535,48.743878865000056,8.907892014000026,48.74621680300004,8.912102256000026,57623.731970452245,Oilseed Rape,not reported,Sep,Jul,assigned,NA,9,7,2017-09-01,2018-07-01,8.908106576312672,15.467961051247336,59.03722643852234,404.0403649358389,70.24580208834311,154,0.5333689356186613,0.955685896199578,98.12594457939151,39.84748856516622,1.238634705543518,2.709020853042603,1.774113277594249,Ihinger Hof Field,345,177,478,NA,2008,10,Ih_22_2018
2018,NA,NA,wr,Ih_23_4,NA,2.8846744186046513,koch25,t/ha,4,IhingerHof,48.74490478175978,8.90982707000781,NA,NA,walnut,normal,NA,NA,NA,NA,NA,NA,NA,NA,NA,NA,NA,NA,NA,NA,NA,Ih_23_4m_2018,4,rapeseed,2.8846744186046513,NA,2016,2,48.745054396321954,8.90991289509535,48.743878865000056,8.907892014000026,48.74621680300004,8.912102256000026,57623.731970452245,Oilseed Rape,not reported,Sep,Jul,assigned,NA,9,7,2017-09-01,2018-07-01,8.908106576312672,15.467961051247336,59.03722643852234,404.0403649358389,70.24580208834311,154,0.5333689356186613,0.955685896199578,98.12594457939151,39.84748856516622,1.238634705543518,2.709020853042603,1.774113277594249,Ihinger Hof Field,345,177,478,NA,2008,10,Ih_23_2018
2018,NA,NA,wr,Ih_23_12,NA,1.836666666666667,koch25,t/ha,12,IhingerHof,48.74490478175978,8.90982707000781,NA,NA,walnut,normal,NA,NA,NA,NA,NA,NA,NA,NA,NA,NA,NA,NA,NA,NA,NA,Ih_23_12m_2018,4,rapeseed,1.836666666666667,NA,2016,2,48.745054396321954,8.90991289509535,48.743878865000056,8.907892014000026,48.74621680300004,8.912102256000026,57623.731970452245,Oilseed Rape,not reported,Sep,Jul,assigned,NA,9,7,2017-09-01,2018-07-01,8.908106576312672,15.467961051247336,59.03722643852234,404.0403649358389,70.24580208834311,154,0.5333689356186613,0.955685896199578,98.12594457939151,39.84748856516622,1.238634705543518,2.709020853042603,1.774113277594249,Ihinger Hof Field,345,177,478,NA,2008,10,Ih_23_2018
2018,NA,NA,wr,Ih_23_18,NA,1.4870731707317073,koch25,t/ha,18,IhingerHof,48.74490478175978,8.90982707000781,NA,NA,walnut,normal,NA,NA,NA,NA,NA,NA,NA,NA,NA,NA,NA,NA,NA,NA,NA,Ih_23_18m_2018,4,rapeseed,1.4870731707317073,NA,2016,2,48.745054396321954,8.90991289509535,48.743878865000056,8.907892014000026,48.74621680300004,8.912102256000026,57623.731970452245,Oilseed Rape,not reported,Sep,Jul,assigned,NA,9,7,2017-09-01,2018-07-01,8.908106576312672,15.467961051247336,59.03722643852234,404.0403649358389,70.24580208834311,154,0.5333689356186613,0.955685896199578,98.12594457939151,39.84748856516622,1.238634705543518,2.709020853042603,1.774113277594249,Ihinger Hof Field,345,177,478,NA,2008,10,Ih_23_2018
2018,NA,NA,wr,Ih_23_24,NA,1.725095238095238,koch25,t/ha,24,IhingerHof,48.74490478175978,8.90982707000781,NA,NA,walnut,normal,NA,NA,NA,NA,NA,NA,NA,NA,NA,NA,NA,NA,NA,NA,NA,Ih_23_24m_2018,4,rapeseed,1.725095238095238,NA,2016,2,48.745054396321954,8.90991289509535,48.743878865000056,8.907892014000026,48.74621680300004,8.912102256000026,57623.731970452245,Oilseed Rape,not reported,Sep,Jul,assigned,NA,9,7,2017-09-01,2018-07-01,8.908106576312672,15.467961051247336,59.03722643852234,404.0403649358389,70.24580208834311,154,0.5333689356186613,0.955685896199578,98.12594457939151,39.84748856516622,1.238634705543518,2.709020853042603,1.774113277594249,Ihinger Hof Field,345,177,478,NA,2008,10,Ih_23_2018
2018,NA,NA,wr,Ih_24_4,NA,0.6155,koch25,t/ha,4,IhingerHof,48.74490478175978,8.90982707000781,NA,NA,willow,normal,NA,NA,NA,NA,NA,NA,NA,NA,NA,NA,NA,NA,NA,NA,NA,Ih_24_4m_2018,4,rapeseed,0.6155,NA,2016,2,48.745054396321954,8.90991289509535,48.743878865000056,8.907892014000026,48.74621680300004,8.912102256000026,57623.731970452245,Oilseed Rape,not reported,Sep,Jul,assigned,NA,9,7,2017-09-01,2018-07-01,8.908106576312672,15.467961051247336,59.03722643852234,404.0403649358389,70.24580208834311,154,0.5333689356186613,0.955685896199578,98.12594457939151,39.84748856516622,1.238634705543518,2.709020853042603,1.774113277594249,Ihinger Hof Field,345,177,478,NA,2008,10,Ih_24_2018
2018,NA,NA,wr,Ih_24_7,NA,1.4679736842105262,koch25,t/ha,7,IhingerHof,48.74490478175978,8.90982707000781,NA,NA,willow,normal,NA,NA,NA,NA,NA,NA,NA,NA,NA,NA,NA,NA,NA,NA,NA,Ih_24_7m_2018,4,rapeseed,1.4679736842105262,NA,2016,2,48.745054396321954,8.90991289509535,48.743878865000056,8.907892014000026,48.74621680300004,8.912102256000026,57623.731970452245,Oilseed Rape,not reported,Sep,Jul,assigned,NA,9,7,2017-09-01,2018-07-01,8.908106576312672,15.467961051247336,59.03722643852234,404.0403649358389,70.24580208834311,154,0.5333689356186613,0.955685896199578,98.12594457939151,39.84748856516622,1.238634705543518,2.709020853042603,1.774113277594249,Ihinger Hof Field,345,177,478,NA,2008,10,Ih_24_2018
2018,NA,NA,wr,Ih_24_12,NA,1.4622820512820514,koch25,t/ha,12,IhingerHof,48.74490478175978,8.90982707000781,NA,NA,willow,normal,NA,NA,NA,NA,NA,NA,NA,NA,NA,NA,NA,NA,NA,NA,NA,Ih_24_12m_2018,4,rapeseed,1.4622820512820514,NA,2016,2,48.745054396321954,8.90991289509535,48.743878865000056,8.907892014000026,48.74621680300004,8.912102256000026,57623.731970452245,Oilseed Rape,not reported,Sep,Jul,assigned,NA,9,7,2017-09-01,2018-07-01,8.908106576312672,15.467961051247336,59.03722643852234,404.0403649358389,70.24580208834311,154,0.5333689356186613,0.955685896199578,98.12594457939151,39.84748856516622,1.238634705543518,2.709020853042603,1.774113277594249,Ihinger Hof Field,345,177,478,NA,2008,10,Ih_24_2018
2018,NA,NA,wr,Ih_24_18,NA,0.7256216216216216,koch25,t/ha,18,IhingerHof,48.74490478175978,8.90982707000781,NA,NA,willow,normal,NA,NA,NA,NA,NA,NA,NA,NA,NA,NA,NA,NA,NA,NA,NA,Ih_24_18m_2018,4,rapeseed,0.7256216216216216,NA,2016,2,48.745054396321954,8.90991289509535,48.743878865000056,8.907892014000026,48.74621680300004,8.912102256000026,57623.731970452245,Oilseed Rape,not reported,Sep,Jul,assigned,NA,9,7,2017-09-01,2018-07-01,8.908106576312672,15.467961051247336,59.03722643852234,404.0403649358389,70.24580208834311,154,0.5333689356186613,0.955685896199578,98.12594457939151,39.84748856516622,1.238634705543518,2.709020853042603,1.774113277594249,Ihinger Hof Field,345,177,478,NA,2008,10,Ih_24_2018
2018,NA,NA,wr,Ih_24_24,NA,1.462972972972973,koch25,t/ha,24,IhingerHof,48.74490478175978,8.90982707000781,NA,NA,willow,normal,NA,NA,NA,NA,NA,NA,NA,NA,NA,NA,NA,NA,NA,NA,NA,Ih_24_24m_2018,4,rapeseed,1.462972972972973,NA,2016,2,48.745054396321954,8.90991289509535,48.743878865000056,8.907892014000026,48.74621680300004,8.912102256000026,57623.731970452245,Oilseed Rape,not reported,Sep,Jul,assigned,NA,9,7,2017-09-01,2018-07-01,8.908106576312672,15.467961051247336,59.03722643852234,404.0403649358389,70.24580208834311,154,0.5333689356186613,0.955685896199578,98.12594457939151,39.84748856516622,1.238634705543518,2.709020853042603,1.774113277594249,Ihinger Hof Field,345,177,478,NA,2008,10,Ih_24_2018
2021,NA,NA,wb,Ih_1_4,NA,9.59984375,koch25,t/ha,4,IhingerHof,48.74490478175978,8.90982707000781,NA,NA,hedge,normal,NA,NA,NA,NA,NA,NA,NA,NA,NA,NA,NA,NA,NA,NA,NA,Ih_1_4m_2021,1,barley,9.59984375,NA,2019,2,48.745054396321954,8.90991289509535,48.743878865000056,8.907892014000026,48.74621680300004,8.912102256000026,57623.731970452245,Winter Barley,not reported,Sep,Jul,assigned,NA,9,7,2020-09-01,2021-07-01,8.335379500280727,15.227362676100295,68.07614433765411,404.0403649358389,70.63986931465669,200,0.5197426130612945,0.9418630539708568,98.13440537819832,39.664249318138566,1.238634705543518,2.709020853042603,1.774113277594249,Ihinger Hof Field,345,177,478,NA,2008,13,Ih_1_2021
2021,NA,NA,wb,Ih_1_12,NA,6.922,koch25,t/ha,12,IhingerHof,48.74490478175978,8.90982707000781,NA,NA,hedge,normal,NA,NA,NA,NA,NA,NA,NA,NA,NA,NA,NA,NA,NA,NA,NA,Ih_1_12m_2021,1,barley,6.922,NA,2019,2,48.745054396321954,8.90991289509535,48.743878865000056,8.907892014000026,48.74621680300004,8.912102256000026,57623.731970452245,Winter Barley,not reported,Sep,Jul,assigned,NA,9,7,2020-09-01,2021-07-01,8.335379500280727,15.227362676100295,68.07614433765411,404.0403649358389,70.63986931465669,200,0.5197426130612945,0.9418630539708568,98.13440537819832,39.664249318138566,1.238634705543518,2.709020853042603,1.774113277594249,Ihinger Hof Field,345,177,478,NA,2008,13,Ih_1_2021
2021,NA,NA,wb,Ih_1_18,NA,5.6791875,koch25,t/ha,18,IhingerHof,48.74490478175978,8.90982707000781,NA,NA,hedge,normal,NA,NA,NA,NA,NA,NA,NA,NA,NA,NA,NA,NA,NA,NA,NA,Ih_1_18m_2021,1,barley,5.6791875,NA,2019,2,48.745054396321954,8.90991289509535,48.743878865000056,8.907892014000026,48.74621680300004,8.912102256000026,57623.731970452245,Winter Barley,not reported,Sep,Jul,assigned,NA,9,7,2020-09-01,2021-07-01,8.335379500280727,15.227362676100295,68.07614433765411,404.0403649358389,70.63986931465669,200,0.5197426130612945,0.9418630539708568,98.13440537819832,39.664249318138566,1.238634705543518,2.709020853042603,1.774113277594249,Ihinger Hof Field,345,177,478,NA,2008,13,Ih_1_2021
2021,NA,NA,wb,Ih_1_24,NA,5.908142857142857,koch25,t/ha,24,IhingerHof,48.74490478175978,8.90982707000781,NA,NA,hedge,normal,NA,NA,NA,NA,NA,NA,NA,NA,NA,NA,NA,NA,NA,NA,NA,Ih_1_24m_2021,1,barley,5.908142857142857,NA,2019,2,48.745054396321954,8.90991289509535,48.743878865000056,8.907892014000026,48.74621680300004,8.912102256000026,57623.731970452245,Winter Barley,not reported,Sep,Jul,assigned,NA,9,7,2020-09-01,2021-07-01,8.335379500280727,15.227362676100295,68.07614433765411,404.0403649358389,70.63986931465669,200,0.5197426130612945,0.9418630539708568,98.13440537819832,39.664249318138566,1.238634705543518,2.709020853042603,1.774113277594249,Ihinger Hof Field,345,177,478,NA,2008,13,Ih_1_2021
2021,NA,NA,wb,Ih_2_4,NA,8.8335952380952385,koch25,t/ha,4,IhingerHof,48.74490478175978,8.90982707000781,NA,NA,walnut,normal,NA,NA,NA,NA,NA,NA,NA,NA,NA,NA,NA,NA,NA,NA,NA,Ih_2_4m_2021,1,barley,8.8335952380952385,NA,2019,2,48.745054396321954,8.90991289509535,48.743878865000056,8.907892014000026,48.74621680300004,8.912102256000026,57623.731970452245,Winter Barley,not reported,Sep,Jul,assigned,NA,9,7,2020-09-01,2021-07-01,8.335379500280727,15.227362676100295,68.07614433765411,404.0403649358389,70.63986931465669,200,0.5197426130612945,0.9418630539708568,98.13440537819832,39.664249318138566,1.238634705543518,2.709020853042603,1.774113277594249,Ihinger Hof Field,345,177,478,NA,2008,13,Ih_2_2021
2021,NA,NA,wb,Ih_2_12,NA,6.6039111111111115,koch25,t/ha,12,IhingerHof,48.74490478175978,8.90982707000781,NA,NA,walnut,normal,NA,NA,NA,NA,NA,NA,NA,NA,NA,NA,NA,NA,NA,NA,NA,Ih_2_12m_2021,1,barley,6.6039111111111115,NA,2019,2,48.745054396321954,8.90991289509535,48.743878865000056,8.907892014000026,48.74621680300004,8.912102256000026,57623.731970452245,Winter Barley,not reported,Sep,Jul,assigned,NA,9,7,2020-09-01,2021-07-01,8.335379500280727,15.227362676100295,68.07614433765411,404.0403649358389,70.63986931465669,200,0.5197426130612945,0.9418630539708568,98.13440537819832,39.664249318138566,1.238634705543518,2.709020853042603,1.774113277594249,Ihinger Hof Field,345,177,478,NA,2008,13,Ih_2_2021
2021,NA,NA,wb,Ih_2_18,NA,5.587761904761905,koch25,t/ha,18,IhingerHof,48.74490478175978,8.90982707000781,NA,NA,walnut,normal,NA,NA,NA,NA,NA,NA,NA,NA,NA,NA,NA,NA,NA,NA,NA,Ih_2_18m_2021,1,barley,5.587761904761905,NA,2019,2,48.745054396321954,8.90991289509535,48.743878865000056,8.907892014000026,48.74621680300004,8.912102256000026,57623.731970452245,Winter Barley,not reported,Sep,Jul,assigned,NA,9,7,2020-09-01,2021-07-01,8.335379500280727,15.227362676100295,68.07614433765411,404.0403649358389,70.63986931465669,200,0.5197426130612945,0.9418630539708568,98.13440537819832,39.664249318138566,1.238634705543518,2.709020853042603,1.774113277594249,Ihinger Hof Field,345,177,478,NA,2008,13,Ih_2_2021
2021,NA,NA,wb,Ih_2_24,NA,5.726387755102041,koch25,t/ha,24,IhingerHof,48.74490478175978,8.90982707000781,NA,NA,walnut,normal,NA,NA,NA,NA,NA,NA,NA,NA,NA,NA,NA,NA,NA,NA,NA,Ih_2_24m_2021,1,barley,5.726387755102041,NA,2019,2,48.745054396321954,8.90991289509535,48.743878865000056,8.907892014000026,48.74621680300004,8.912102256000026,57623.731970452245,Winter Barley,not reported,Sep,Jul,assigned,NA,9,7,2020-09-01,2021-07-01,8.335379500280727,15.227362676100295,68.07614433765411,404.0403649358389,70.63986931465669,200,0.5197426130612945,0.9418630539708568,98.13440537819832,39.664249318138566,1.238634705543518,2.709020853042603,1.774113277594249,Ihinger Hof Field,345,177,478,NA,2008,13,Ih_2_2021
2021,NA,NA,wb,Ih_3_4,NA,6.763571428571429,koch25,t/ha,4,IhingerHof,48.74490478175978,8.90982707000781,NA,NA,willow,normal,NA,NA,NA,NA,NA,NA,NA,NA,NA,NA,NA,NA,NA,NA,NA,Ih_3_4m_2021,1,barley,6.763571428571429,NA,2019,2,48.745054396321954,8.90991289509535,48.743878865000056,8.907892014000026,48.74621680300004,8.912102256000026,57623.731970452245,Winter Barley,not reported,Sep,Jul,assigned,NA,9,7,2020-09-01,2021-07-01,8.335379500280727,15.227362676100295,68.07614433765411,404.0403649358389,70.63986931465669,200,0.5197426130612945,0.9418630539708568,98.13440537819832,39.664249318138566,1.238634705543518,2.709020853042603,1.774113277594249,Ihinger Hof Field,345,177,478,NA,2008,13,Ih_3_2021
2021,NA,NA,wb,Ih_3_12,NA,5.97636170212766,koch25,t/ha,12,IhingerHof,48.74490478175978,8.90982707000781,NA,NA,willow,normal,NA,NA,NA,NA,NA,NA,NA,NA,NA,NA,NA,NA,NA,NA,NA,Ih_3_12m_2021,1,barley,5.97636170212766,NA,2019,2,48.745054396321954,8.90991289509535,48.743878865000056,8.907892014000026,48.74621680300004,8.912102256000026,57623.731970452245,Winter Barley,not reported,Sep,Jul,assigned,NA,9,7,2020-09-01,2021-07-01,8.335379500280727,15.227362676100295,68.07614433765411,404.0403649358389,70.63986931465669,200,0.5197426130612945,0.9418630539708568,98.13440537819832,39.664249318138566,1.238634705543518,2.709020853042603,1.774113277594249,Ihinger Hof Field,345,177,478,NA,2008,13,Ih_3_2021
2021,NA,NA,wb,Ih_3_18,NA,6.302208333333334,koch25,t/ha,18,IhingerHof,48.74490478175978,8.90982707000781,NA,NA,willow,normal,NA,NA,NA,NA,NA,NA,NA,NA,NA,NA,NA,NA,NA,NA,NA,Ih_3_18m_2021,1,barley,6.302208333333334,NA,2019,2,48.745054396321954,8.90991289509535,48.743878865000056,8.907892014000026,48.74621680300004,8.912102256000026,57623.731970452245,Winter Barley,not reported,Sep,Jul,assigned,NA,9,7,2020-09-01,2021-07-01,8.335379500280727,15.227362676100295,68.07614433765411,404.0403649358389,70.63986931465669,200,0.5197426130612945,0.9418630539708568,98.13440537819832,39.664249318138566,1.238634705543518,2.709020853042603,1.774113277594249,Ihinger Hof Field,345,177,478,NA,2008,13,Ih_3_2021
2021,NA,NA,wb,Ih_3_24,NA,6.436788461538462,koch25,t/ha,24,IhingerHof,48.74490478175978,8.90982707000781,NA,NA,willow,normal,NA,NA,NA,NA,NA,NA,NA,NA,NA,NA,NA,NA,NA,NA,NA,Ih_3_24m_2021,1,barley,6.436788461538462,NA,2019,2,48.745054396321954,8.90991289509535,48.743878865000056,8.907892014000026,48.74621680300004,8.912102256000026,57623.731970452245,Winter Barley,not reported,Sep,Jul,assigned,NA,9,7,2020-09-01,2021-07-01,8.335379500280727,15.227362676100295,68.07614433765411,404.0403649358389,70.63986931465669,200,0.5197426130612945,0.9418630539708568,98.13440537819832,39.664249318138566,1.238634705543518,2.709020853042603,1.774113277594249,Ihinger Hof Field,345,177,478,NA,2008,13,Ih_3_2021
2021,NA,NA,wb,Ih_4_4,NA,5.976612903225806,koch25,t/ha,4,IhingerHof,48.74490478175978,8.90982707000781,NA,NA,hedge,normal,NA,NA,NA,NA,NA,NA,NA,NA,NA,NA,NA,NA,NA,NA,NA,Ih_4_4m_2021,1,barley,5.976612903225806,NA,2019,2,48.745054396321954,8.90991289509535,48.743878865000056,8.907892014000026,48.74621680300004,8.912102256000026,57623.731970452245,Winter Barley,not reported,Sep,Jul,assigned,NA,9,7,2020-09-01,2021-07-01,8.335379500280727,15.227362676100295,68.07614433765411,404.0403649358389,70.63986931465669,200,0.5197426130612945,0.9418630539708568,98.13440537819832,39.664249318138566,1.238634705543518,2.709020853042603,1.774113277594249,Ihinger Hof Field,345,177,478,NA,2008,13,Ih_4_2021
2021,NA,NA,wb,Ih_4_12,NA,6.48835,koch25,t/ha,12,IhingerHof,48.74490478175978,8.90982707000781,NA,NA,hedge,normal,NA,NA,NA,NA,NA,NA,NA,NA,NA,NA,NA,NA,NA,NA,NA,Ih_4_12m_2021,1,barley,6.48835,NA,2019,2,48.745054396321954,8.90991289509535,48.743878865000056,8.907892014000026,48.74621680300004,8.912102256000026,57623.731970452245,Winter Barley,not reported,Sep,Jul,assigned,NA,9,7,2020-09-01,2021-07-01,8.335379500280727,15.227362676100295,68.07614433765411,404.0403649358389,70.63986931465669,200,0.5197426130612945,0.9418630539708568,98.13440537819832,39.664249318138566,1.238634705543518,2.709020853042603,1.774113277594249,Ihinger Hof Field,345,177,478,NA,2008,13,Ih_4_2021
2021,NA,NA,wb,Ih_4_18,NA,5.525071428571429,koch25,t/ha,18,IhingerHof,48.74490478175978,8.90982707000781,NA,NA,hedge,normal,NA,NA,NA,NA,NA,NA,NA,NA,NA,NA,NA,NA,NA,NA,NA,Ih_4_18m_2021,1,barley,5.525071428571429,NA,2019,2,48.745054396321954,8.90991289509535,48.743878865000056,8.907892014000026,48.74621680300004,8.912102256000026,57623.731970452245,Winter Barley,not reported,Sep,Jul,assigned,NA,9,7,2020-09-01,2021-07-01,8.335379500280727,15.227362676100295,68.07614433765411,404.0403649358389,70.63986931465669,200,0.5197426130612945,0.9418630539708568,98.13440537819832,39.664249318138566,1.238634705543518,2.709020853042603,1.774113277594249,Ihinger Hof Field,345,177,478,NA,2008,13,Ih_4_2021
2021,NA,NA,wb,Ih_4_24,NA,2.37275,koch25,t/ha,24,IhingerHof,48.74490478175978,8.90982707000781,NA,NA,hedge,normal,NA,NA,NA,NA,NA,NA,NA,NA,NA,NA,NA,NA,NA,NA,NA,Ih_4_24m_2021,1,barley,2.37275,NA,2019,2,48.745054396321954,8.90991289509535,48.743878865000056,8.907892014000026,48.74621680300004,8.912102256000026,57623.731970452245,Winter Barley,not reported,Sep,Jul,assigned,NA,9,7,2020-09-01,2021-07-01,8.335379500280727,15.227362676100295,68.07614433765411,404.0403649358389,70.63986931465669,200,0.5197426130612945,0.9418630539708568,98.13440537819832,39.664249318138566,1.238634705543518,2.709020853042603,1.774113277594249,Ihinger Hof Field,345,177,478,NA,2008,13,Ih_4_2021
2021,NA,NA,wb,Ih_5_4,NA,6.964212765957447,koch25,t/ha,4,IhingerHof,48.74490478175978,8.90982707000781,NA,NA,walnut,normal,NA,NA,NA,NA,NA,NA,NA,NA,NA,NA,NA,NA,NA,NA,NA,Ih_5_4m_2021,1,barley,6.964212765957447,NA,2019,2,48.745054396321954,8.90991289509535,48.743878865000056,8.907892014000026,48.74621680300004,8.912102256000026,57623.731970452245,Winter Barley,not reported,Sep,Jul,assigned,NA,9,7,2020-09-01,2021-07-01,8.335379500280727,15.227362676100295,68.07614433765411,404.0403649358389,70.63986931465669,200,0.5197426130612945,0.9418630539708568,98.13440537819832,39.664249318138566,1.238634705543518,2.709020853042603,1.774113277594249,Ihinger Hof Field,345,177,478,NA,2008,13,Ih_5_2021
2021,NA,NA,wb,Ih_5_12,NA,6.290395348837209,koch25,t/ha,12,IhingerHof,48.74490478175978,8.90982707000781,NA,NA,walnut,normal,NA,NA,NA,NA,NA,NA,NA,NA,NA,NA,NA,NA,NA,NA,NA,Ih_5_12m_2021,1,barley,6.290395348837209,NA,2019,2,48.745054396321954,8.90991289509535,48.743878865000056,8.907892014000026,48.74621680300004,8.912102256000026,57623.731970452245,Winter Barley,not reported,Sep,Jul,assigned,NA,9,7,2020-09-01,2021-07-01,8.335379500280727,15.227362676100295,68.07614433765411,404.0403649358389,70.63986931465669,200,0.5197426130612945,0.9418630539708568,98.13440537819832,39.664249318138566,1.238634705543518,2.709020853042603,1.774113277594249,Ihinger Hof Field,345,177,478,NA,2008,13,Ih_5_2021
2021,NA,NA,wb,Ih_5_18,NA,5.027,koch25,t/ha,18,IhingerHof,48.74490478175978,8.90982707000781,NA,NA,walnut,normal,NA,NA,NA,NA,NA,NA,NA,NA,NA,NA,NA,NA,NA,NA,NA,Ih_5_18m_2021,1,barley,5.027,NA,2019,2,48.745054396321954,8.90991289509535,48.743878865000056,8.907892014000026,48.74621680300004,8.912102256000026,57623.731970452245,Winter Barley,not reported,Sep,Jul,assigned,NA,9,7,2020-09-01,2021-07-01,8.335379500280727,15.227362676100295,68.07614433765411,404.0403649358389,70.63986931465669,200,0.5197426130612945,0.9418630539708568,98.13440537819832,39.664249318138566,1.238634705543518,2.709020853042603,1.774113277594249,Ihinger Hof Field,345,177,478,NA,2008,13,Ih_5_2021
2021,NA,NA,wb,Ih_5_24,NA,8.03302380952381,koch25,t/ha,24,IhingerHof,48.74490478175978,8.90982707000781,NA,NA,walnut,normal,NA,NA,NA,NA,NA,NA,NA,NA,NA,NA,NA,NA,NA,NA,NA,Ih_5_24m_2021,1,barley,8.03302380952381,NA,2019,2,48.745054396321954,8.90991289509535,48.743878865000056,8.907892014000026,48.74621680300004,8.912102256000026,57623.731970452245,Winter Barley,not reported,Sep,Jul,assigned,NA,9,7,2020-09-01,2021-07-01,8.335379500280727,15.227362676100295,68.07614433765411,404.0403649358389,70.63986931465669,200,0.5197426130612945,0.9418630539708568,98.13440537819832,39.664249318138566,1.238634705543518,2.709020853042603,1.774113277594249,Ihinger Hof Field,345,177,478,NA,2008,13,Ih_5_2021
2021,NA,NA,wb,Ih_6_4,NA,6.627886363636364,koch25,t/ha,4,IhingerHof,48.74490478175978,8.90982707000781,NA,NA,willow,normal,NA,NA,NA,NA,NA,NA,NA,NA,NA,NA,NA,NA,NA,NA,NA,Ih_6_4m_2021,1,barley,6.627886363636364,NA,2019,2,48.745054396321954,8.90991289509535,48.743878865000056,8.907892014000026,48.74621680300004,8.912102256000026,57623.731970452245,Winter Barley,not reported,Sep,Jul,assigned,NA,9,7,2020-09-01,2021-07-01,8.335379500280727,15.227362676100295,68.07614433765411,404.0403649358389,70.63986931465669,200,0.5197426130612945,0.9418630539708568,98.13440537819832,39.664249318138566,1.238634705543518,2.709020853042603,1.774113277594249,Ihinger Hof Field,345,177,478,NA,2008,13,Ih_6_2021
2021,NA,NA,wb,Ih_6_12,NA,5.418162790697674,koch25,t/ha,12,IhingerHof,48.74490478175978,8.90982707000781,NA,NA,willow,normal,NA,NA,NA,NA,NA,NA,NA,NA,NA,NA,NA,NA,NA,NA,NA,Ih_6_12m_2021,1,barley,5.418162790697674,NA,2019,2,48.745054396321954,8.90991289509535,48.743878865000056,8.907892014000026,48.74621680300004,8.912102256000026,57623.731970452245,Winter Barley,not reported,Sep,Jul,assigned,NA,9,7,2020-09-01,2021-07-01,8.335379500280727,15.227362676100295,68.07614433765411,404.0403649358389,70.63986931465669,200,0.5197426130612945,0.9418630539708568,98.13440537819832,39.664249318138566,1.238634705543518,2.709020853042603,1.774113277594249,Ihinger Hof Field,345,177,478,NA,2008,13,Ih_6_2021
2021,NA,NA,wb,Ih_6_18,NA,5.578291666666667,koch25,t/ha,18,IhingerHof,48.74490478175978,8.90982707000781,NA,NA,willow,normal,NA,NA,NA,NA,NA,NA,NA,NA,NA,NA,NA,NA,NA,NA,NA,Ih_6_18m_2021,1,barley,5.578291666666667,NA,2019,2,48.745054396321954,8.90991289509535,48.743878865000056,8.907892014000026,48.74621680300004,8.912102256000026,57623.731970452245,Winter Barley,not reported,Sep,Jul,assigned,NA,9,7,2020-09-01,2021-07-01,8.335379500280727,15.227362676100295,68.07614433765411,404.0403649358389,70.63986931465669,200,0.5197426130612945,0.9418630539708568,98.13440537819832,39.664249318138566,1.238634705543518,2.709020853042603,1.774113277594249,Ihinger Hof Field,345,177,478,NA,2008,13,Ih_6_2021
2021,NA,NA,wb,Ih_6_24,NA,6.209095238095238,koch25,t/ha,24,IhingerHof,48.74490478175978,8.90982707000781,NA,NA,willow,normal,NA,NA,NA,NA,NA,NA,NA,NA,NA,NA,NA,NA,NA,NA,NA,Ih_6_24m_2021,1,barley,6.209095238095238,NA,2019,2,48.745054396321954,8.90991289509535,48.743878865000056,8.907892014000026,48.74621680300004,8.912102256000026,57623.731970452245,Winter Barley,not reported,Sep,Jul,assigned,NA,9,7,2020-09-01,2021-07-01,8.335379500280727,15.227362676100295,68.07614433765411,404.0403649358389,70.63986931465669,200,0.5197426130612945,0.9418630539708568,98.13440537819832,39.664249318138566,1.238634705543518,2.709020853042603,1.774113277594249,Ihinger Hof Field,345,177,478,NA,2008,13,Ih_6_2021
2021,NA,NA,wb,Ih_7_7,NA,4.35616,koch25,t/ha,7,IhingerHof,48.74490478175978,8.90982707000781,NA,NA,hedge,normal,NA,NA,NA,NA,NA,NA,NA,NA,NA,NA,NA,NA,NA,NA,NA,Ih_7_7m_2021,2,barley,4.35616,NA,2019,2,48.745054396321954,8.90991289509535,48.743878865000056,8.907892014000026,48.74621680300004,8.912102256000026,57623.731970452245,Winter Barley,not reported,Sep,Jul,assigned,NA,9,7,2020-09-01,2021-07-01,8.335379500280727,15.227362676100295,68.07614433765411,404.0403649358389,70.63986931465669,200,0.5197426130612945,0.9418630539708568,98.13440537819832,39.664249318138566,1.238634705543518,2.709020853042603,1.774113277594249,Ihinger Hof Field,345,177,478,NA,2008,13,Ih_7_2021
2021,NA,NA,wb,Ih_7_12,NA,6.581,koch25,t/ha,12,IhingerHof,48.74490478175978,8.90982707000781,NA,NA,hedge,normal,NA,NA,NA,NA,NA,NA,NA,NA,NA,NA,NA,NA,NA,NA,NA,Ih_7_12m_2021,2,barley,6.581,NA,2019,2,48.745054396321954,8.90991289509535,48.743878865000056,8.907892014000026,48.74621680300004,8.912102256000026,57623.731970452245,Winter Barley,not reported,Sep,Jul,assigned,NA,9,7,2020-09-01,2021-07-01,8.335379500280727,15.227362676100295,68.07614433765411,404.0403649358389,70.63986931465669,200,0.5197426130612945,0.9418630539708568,98.13440537819832,39.664249318138566,1.238634705543518,2.709020853042603,1.774113277594249,Ihinger Hof Field,345,177,478,NA,2008,13,Ih_7_2021
2021,NA,NA,wb,Ih_7_18,NA,5.781625,koch25,t/ha,18,IhingerHof,48.74490478175978,8.90982707000781,NA,NA,hedge,normal,NA,NA,NA,NA,NA,NA,NA,NA,NA,NA,NA,NA,NA,NA,NA,Ih_7_18m_2021,2,barley,5.781625,NA,2019,2,48.745054396321954,8.90991289509535,48.743878865000056,8.907892014000026,48.74621680300004,8.912102256000026,57623.731970452245,Winter Barley,not reported,Sep,Jul,assigned,NA,9,7,2020-09-01,2021-07-01,8.335379500280727,15.227362676100295,68.07614433765411,404.0403649358389,70.63986931465669,200,0.5197426130612945,0.9418630539708568,98.13440537819832,39.664249318138566,1.238634705543518,2.709020853042603,1.774113277594249,Ihinger Hof Field,345,177,478,NA,2008,13,Ih_7_2021
2021,NA,NA,wb,Ih_7_24,NA,5.6735,koch25,t/ha,24,IhingerHof,48.74490478175978,8.90982707000781,NA,NA,hedge,normal,NA,NA,NA,NA,NA,NA,NA,NA,NA,NA,NA,NA,NA,NA,NA,Ih_7_24m_2021,2,barley,5.6735,NA,2019,2,48.745054396321954,8.90991289509535,48.743878865000056,8.907892014000026,48.74621680300004,8.912102256000026,57623.731970452245,Winter Barley,not reported,Sep,Jul,assigned,NA,9,7,2020-09-01,2021-07-01,8.335379500280727,15.227362676100295,68.07614433765411,404.0403649358389,70.63986931465669,200,0.5197426130612945,0.9418630539708568,98.13440537819832,39.664249318138566,1.238634705543518,2.709020853042603,1.774113277594249,Ihinger Hof Field,345,177,478,NA,2008,13,Ih_7_2021
2021,NA,NA,wb,Ih_8_4,NA,5.214444444444444,koch25,t/ha,4,IhingerHof,48.74490478175978,8.90982707000781,NA,NA,willow,normal,NA,NA,NA,NA,NA,NA,NA,NA,NA,NA,NA,NA,NA,NA,NA,Ih_8_4m_2021,2,barley,5.214444444444444,NA,2019,2,48.745054396321954,8.90991289509535,48.743878865000056,8.907892014000026,48.74621680300004,8.912102256000026,57623.731970452245,Winter Barley,not reported,Sep,Jul,assigned,NA,9,7,2020-09-01,2021-07-01,8.335379500280727,15.227362676100295,68.07614433765411,404.0403649358389,70.63986931465669,200,0.5197426130612945,0.9418630539708568,98.13440537819832,39.664249318138566,1.238634705543518,2.709020853042603,1.774113277594249,Ihinger Hof Field,345,177,478,NA,2008,13,Ih_8_2021
2021,NA,NA,wb,Ih_8_7,NA,5.181615384615385,koch25,t/ha,7,IhingerHof,48.74490478175978,8.90982707000781,NA,NA,willow,normal,NA,NA,NA,NA,NA,NA,NA,NA,NA,NA,NA,NA,NA,NA,NA,Ih_8_7m_2021,2,barley,5.181615384615385,NA,2019,2,48.745054396321954,8.90991289509535,48.743878865000056,8.907892014000026,48.74621680300004,8.912102256000026,57623.731970452245,Winter Barley,not reported,Sep,Jul,assigned,NA,9,7,2020-09-01,2021-07-01,8.335379500280727,15.227362676100295,68.07614433765411,404.0403649358389,70.63986931465669,200,0.5197426130612945,0.9418630539708568,98.13440537819832,39.664249318138566,1.238634705543518,2.709020853042603,1.774113277594249,Ihinger Hof Field,345,177,478,NA,2008,13,Ih_8_2021
2021,NA,NA,wb,Ih_8_12,NA,5.200148936170213,koch25,t/ha,12,IhingerHof,48.74490478175978,8.90982707000781,NA,NA,willow,normal,NA,NA,NA,NA,NA,NA,NA,NA,NA,NA,NA,NA,NA,NA,NA,Ih_8_12m_2021,2,barley,5.200148936170213,NA,2019,2,48.745054396321954,8.90991289509535,48.743878865000056,8.907892014000026,48.74621680300004,8.912102256000026,57623.731970452245,Winter Barley,not reported,Sep,Jul,assigned,NA,9,7,2020-09-01,2021-07-01,8.335379500280727,15.227362676100295,68.07614433765411,404.0403649358389,70.63986931465669,200,0.5197426130612945,0.9418630539708568,98.13440537819832,39.664249318138566,1.238634705543518,2.709020853042603,1.774113277594249,Ihinger Hof Field,345,177,478,NA,2008,13,Ih_8_2021
2021,NA,NA,wb,Ih_8_18,NA,6.435022727272727,koch25,t/ha,18,IhingerHof,48.74490478175978,8.90982707000781,NA,NA,willow,normal,NA,NA,NA,NA,NA,NA,NA,NA,NA,NA,NA,NA,NA,NA,NA,Ih_8_18m_2021,2,barley,6.435022727272727,NA,2019,2,48.745054396321954,8.90991289509535,48.743878865000056,8.907892014000026,48.74621680300004,8.912102256000026,57623.731970452245,Winter Barley,not reported,Sep,Jul,assigned,NA,9,7,2020-09-01,2021-07-01,8.335379500280727,15.227362676100295,68.07614433765411,404.0403649358389,70.63986931465669,200,0.5197426130612945,0.9418630539708568,98.13440537819832,39.664249318138566,1.238634705543518,2.709020853042603,1.774113277594249,Ihinger Hof Field,345,177,478,NA,2008,13,Ih_8_2021
2021,NA,NA,wb,Ih_8_24,NA,6.024166666666667,koch25,t/ha,24,IhingerHof,48.74490478175978,8.90982707000781,NA,NA,willow,normal,NA,NA,NA,NA,NA,NA,NA,NA,NA,NA,NA,NA,NA,NA,NA,Ih_8_24m_2021,2,barley,6.024166666666667,NA,2019,2,48.745054396321954,8.90991289509535,48.743878865000056,8.907892014000026,48.74621680300004,8.912102256000026,57623.731970452245,Winter Barley,not reported,Sep,Jul,assigned,NA,9,7,2020-09-01,2021-07-01,8.335379500280727,15.227362676100295,68.07614433765411,404.0403649358389,70.63986931465669,200,0.5197426130612945,0.9418630539708568,98.13440537819832,39.664249318138566,1.238634705543518,2.709020853042603,1.774113277594249,Ihinger Hof Field,345,177,478,NA,2008,13,Ih_8_2021
2021,NA,NA,wb,Ih_9_4,NA,6.811549019607843,koch25,t/ha,4,IhingerHof,48.74490478175978,8.90982707000781,NA,NA,walnut,normal,NA,NA,NA,NA,NA,NA,NA,NA,NA,NA,NA,NA,NA,NA,NA,Ih_9_4m_2021,2,barley,6.811549019607843,NA,2019,2,48.745054396321954,8.90991289509535,48.743878865000056,8.907892014000026,48.74621680300004,8.912102256000026,57623.731970452245,Winter Barley,not reported,Sep,Jul,assigned,NA,9,7,2020-09-01,2021-07-01,8.335379500280727,15.227362676100295,68.07614433765411,404.0403649358389,70.63986931465669,200,0.5197426130612945,0.9418630539708568,98.13440537819832,39.664249318138566,1.238634705543518,2.709020853042603,1.774113277594249,Ihinger Hof Field,345,177,478,NA,2008,13,Ih_9_2021
2021,NA,NA,wb,Ih_9_7,NA,6.869,koch25,t/ha,7,IhingerHof,48.74490478175978,8.90982707000781,NA,NA,walnut,normal,NA,NA,NA,NA,NA,NA,NA,NA,NA,NA,NA,NA,NA,NA,NA,Ih_9_7m_2021,2,barley,6.869,NA,2019,2,48.745054396321954,8.90991289509535,48.743878865000056,8.907892014000026,48.74621680300004,8.912102256000026,57623.731970452245,Winter Barley,not reported,Sep,Jul,assigned,NA,9,7,2020-09-01,2021-07-01,8.335379500280727,15.227362676100295,68.07614433765411,404.0403649358389,70.63986931465669,200,0.5197426130612945,0.9418630539708568,98.13440537819832,39.664249318138566,1.238634705543518,2.709020853042603,1.774113277594249,Ihinger Hof Field,345,177,478,NA,2008,13,Ih_9_2021
2021,NA,NA,wb,Ih_9_12,NA,4.580746268656717,koch25,t/ha,12,IhingerHof,48.74490478175978,8.90982707000781,NA,NA,walnut,normal,NA,NA,NA,NA,NA,NA,NA,NA,NA,NA,NA,NA,NA,NA,NA,Ih_9_12m_2021,2,barley,4.580746268656717,NA,2019,2,48.745054396321954,8.90991289509535,48.743878865000056,8.907892014000026,48.74621680300004,8.912102256000026,57623.731970452245,Winter Barley,not reported,Sep,Jul,assigned,NA,9,7,2020-09-01,2021-07-01,8.335379500280727,15.227362676100295,68.07614433765411,404.0403649358389,70.63986931465669,200,0.5197426130612945,0.9418630539708568,98.13440537819832,39.664249318138566,1.238634705543518,2.709020853042603,1.774113277594249,Ihinger Hof Field,345,177,478,NA,2008,13,Ih_9_2021
2021,NA,NA,wb,Ih_9_18,NA,6.5466808510638295,koch25,t/ha,18,IhingerHof,48.74490478175978,8.90982707000781,NA,NA,walnut,normal,NA,NA,NA,NA,NA,NA,NA,NA,NA,NA,NA,NA,NA,NA,NA,Ih_9_18m_2021,2,barley,6.5466808510638295,NA,2019,2,48.745054396321954,8.90991289509535,48.743878865000056,8.907892014000026,48.74621680300004,8.912102256000026,57623.731970452245,Winter Barley,not reported,Sep,Jul,assigned,NA,9,7,2020-09-01,2021-07-01,8.335379500280727,15.227362676100295,68.07614433765411,404.0403649358389,70.63986931465669,200,0.5197426130612945,0.9418630539708568,98.13440537819832,39.664249318138566,1.238634705543518,2.709020853042603,1.774113277594249,Ihinger Hof Field,345,177,478,NA,2008,13,Ih_9_2021
2021,NA,NA,wb,Ih_9_24,NA,6.432829787234042,koch25,t/ha,24,IhingerHof,48.74490478175978,8.90982707000781,NA,NA,walnut,normal,NA,NA,NA,NA,NA,NA,NA,NA,NA,NA,NA,NA,NA,NA,NA,Ih_9_24m_2021,2,barley,6.432829787234042,NA,2019,2,48.745054396321954,8.90991289509535,48.743878865000056,8.907892014000026,48.74621680300004,8.912102256000026,57623.731970452245,Winter Barley,not reported,Sep,Jul,assigned,NA,9,7,2020-09-01,2021-07-01,8.335379500280727,15.227362676100295,68.07614433765411,404.0403649358389,70.63986931465669,200,0.5197426130612945,0.9418630539708568,98.13440537819832,39.664249318138566,1.238634705543518,2.709020853042603,1.774113277594249,Ihinger Hof Field,345,177,478,NA,2008,13,Ih_9_2021
2021,NA,NA,wb,Ih_10_4,NA,8.610447368421053,koch25,t/ha,4,IhingerHof,48.74490478175978,8.90982707000781,NA,NA,walnut,normal,NA,NA,NA,NA,NA,NA,NA,NA,NA,NA,NA,NA,NA,NA,NA,Ih_10_4m_2021,2,barley,8.610447368421053,NA,2019,2,48.745054396321954,8.90991289509535,48.743878865000056,8.907892014000026,48.74621680300004,8.912102256000026,57623.731970452245,Winter Barley,not reported,Sep,Jul,assigned,NA,9,7,2020-09-01,2021-07-01,8.335379500280727,15.227362676100295,68.07614433765411,404.0403649358389,70.63986931465669,200,0.5197426130612945,0.9418630539708568,98.13440537819832,39.664249318138566,1.238634705543518,2.709020853042603,1.774113277594249,Ihinger Hof Field,345,177,478,NA,2008,13,Ih_10_2021
2021,NA,NA,wb,Ih_10_12,NA,7.163809523809523,koch25,t/ha,12,IhingerHof,48.74490478175978,8.90982707000781,NA,NA,walnut,normal,NA,NA,NA,NA,NA,NA,NA,NA,NA,NA,NA,NA,NA,NA,NA,Ih_10_12m_2021,2,barley,7.163809523809523,NA,2019,2,48.745054396321954,8.90991289509535,48.743878865000056,8.907892014000026,48.74621680300004,8.912102256000026,57623.731970452245,Winter Barley,not reported,Sep,Jul,assigned,NA,9,7,2020-09-01,2021-07-01,8.335379500280727,15.227362676100295,68.07614433765411,404.0403649358389,70.63986931465669,200,0.5197426130612945,0.9418630539708568,98.13440537819832,39.664249318138566,1.238634705543518,2.709020853042603,1.774113277594249,Ihinger Hof Field,345,177,478,NA,2008,13,Ih_10_2021
2021,NA,NA,wb,Ih_10_18,NA,5.039863636363636,koch25,t/ha,18,IhingerHof,48.74490478175978,8.90982707000781,NA,NA,walnut,normal,NA,NA,NA,NA,NA,NA,NA,NA,NA,NA,NA,NA,NA,NA,NA,Ih_10_18m_2021,2,barley,5.039863636363636,NA,2019,2,48.745054396321954,8.90991289509535,48.743878865000056,8.907892014000026,48.74621680300004,8.912102256000026,57623.731970452245,Winter Barley,not reported,Sep,Jul,assigned,NA,9,7,2020-09-01,2021-07-01,8.335379500280727,15.227362676100295,68.07614433765411,404.0403649358389,70.63986931465669,200,0.5197426130612945,0.9418630539708568,98.13440537819832,39.664249318138566,1.238634705543518,2.709020853042603,1.774113277594249,Ihinger Hof Field,345,177,478,NA,2008,13,Ih_10_2021
2021,NA,NA,wb,Ih_10_24,NA,5.940883720930232,koch25,t/ha,24,IhingerHof,48.74490478175978,8.90982707000781,NA,NA,walnut,normal,NA,NA,NA,NA,NA,NA,NA,NA,NA,NA,NA,NA,NA,NA,NA,Ih_10_24m_2021,2,barley,5.940883720930232,NA,2019,2,48.745054396321954,8.90991289509535,48.743878865000056,8.907892014000026,48.74621680300004,8.912102256000026,57623.731970452245,Winter Barley,not reported,Sep,Jul,assigned,NA,9,7,2020-09-01,2021-07-01,8.335379500280727,15.227362676100295,68.07614433765411,404.0403649358389,70.63986931465669,200,0.5197426130612945,0.9418630539708568,98.13440537819832,39.664249318138566,1.238634705543518,2.709020853042603,1.774113277594249,Ihinger Hof Field,345,177,478,NA,2008,13,Ih_10_2021
2021,NA,NA,wb,Ih_11_4,NA,6.862533333333333,koch25,t/ha,4,IhingerHof,48.74490478175978,8.90982707000781,NA,NA,willow,normal,NA,NA,NA,NA,NA,NA,NA,NA,NA,NA,NA,NA,NA,NA,NA,Ih_11_4m_2021,2,barley,6.862533333333333,NA,2019,2,48.745054396321954,8.90991289509535,48.743878865000056,8.907892014000026,48.74621680300004,8.912102256000026,57623.731970452245,Winter Barley,not reported,Sep,Jul,assigned,NA,9,7,2020-09-01,2021-07-01,8.335379500280727,15.227362676100295,68.07614433765411,404.0403649358389,70.63986931465669,200,0.5197426130612945,0.9418630539708568,98.13440537819832,39.664249318138566,1.238634705543518,2.709020853042603,1.774113277594249,Ihinger Hof Field,345,177,478,NA,2008,13,Ih_11_2021
2021,NA,NA,wb,Ih_11_12,NA,6.771116279069767,koch25,t/ha,12,IhingerHof,48.74490478175978,8.90982707000781,NA,NA,willow,normal,NA,NA,NA,NA,NA,NA,NA,NA,NA,NA,NA,NA,NA,NA,NA,Ih_11_12m_2021,2,barley,6.771116279069767,NA,2019,2,48.745054396321954,8.90991289509535,48.743878865000056,8.907892014000026,48.74621680300004,8.912102256000026,57623.731970452245,Winter Barley,not reported,Sep,Jul,assigned,NA,9,7,2020-09-01,2021-07-01,8.335379500280727,15.227362676100295,68.07614433765411,404.0403649358389,70.63986931465669,200,0.5197426130612945,0.9418630539708568,98.13440537819832,39.664249318138566,1.238634705543518,2.709020853042603,1.774113277594249,Ihinger Hof Field,345,177,478,NA,2008,13,Ih_11_2021
2021,NA,NA,wb,Ih_11_18,NA,5.237571428571429,koch25,t/ha,18,IhingerHof,48.74490478175978,8.90982707000781,NA,NA,willow,normal,NA,NA,NA,NA,NA,NA,NA,NA,NA,NA,NA,NA,NA,NA,NA,Ih_11_18m_2021,2,barley,5.237571428571429,NA,2019,2,48.745054396321954,8.90991289509535,48.743878865000056,8.907892014000026,48.74621680300004,8.912102256000026,57623.731970452245,Winter Barley,not reported,Sep,Jul,assigned,NA,9,7,2020-09-01,2021-07-01,8.335379500280727,15.227362676100295,68.07614433765411,404.0403649358389,70.63986931465669,200,0.5197426130612945,0.9418630539708568,98.13440537819832,39.664249318138566,1.238634705543518,2.709020853042603,1.774113277594249,Ihinger Hof Field,345,177,478,NA,2008,13,Ih_11_2021
2021,NA,NA,wb,Ih_11_24,NA,5.607888888888889,koch25,t/ha,24,IhingerHof,48.74490478175978,8.90982707000781,NA,NA,willow,normal,NA,NA,NA,NA,NA,NA,NA,NA,NA,NA,NA,NA,NA,NA,NA,Ih_11_24m_2021,2,barley,5.607888888888889,NA,2019,2,48.745054396321954,8.90991289509535,48.743878865000056,8.907892014000026,48.74621680300004,8.912102256000026,57623.731970452245,Winter Barley,not reported,Sep,Jul,assigned,NA,9,7,2020-09-01,2021-07-01,8.335379500280727,15.227362676100295,68.07614433765411,404.0403649358389,70.63986931465669,200,0.5197426130612945,0.9418630539708568,98.13440537819832,39.664249318138566,1.238634705543518,2.709020853042603,1.774113277594249,Ihinger Hof Field,345,177,478,NA,2008,13,Ih_11_2021
2021,NA,NA,wb,Ih_12_4,NA,4.775,koch25,t/ha,4,IhingerHof,48.74490478175978,8.90982707000781,NA,NA,hedge,normal,NA,NA,NA,NA,NA,NA,NA,NA,NA,NA,NA,NA,NA,NA,NA,Ih_12_4m_2021,2,barley,4.775,NA,2019,2,48.745054396321954,8.90991289509535,48.743878865000056,8.907892014000026,48.74621680300004,8.912102256000026,57623.731970452245,Winter Barley,not reported,Sep,Jul,assigned,NA,9,7,2020-09-01,2021-07-01,8.335379500280727,15.227362676100295,68.07614433765411,404.0403649358389,70.63986931465669,200,0.5197426130612945,0.9418630539708568,98.13440537819832,39.664249318138566,1.238634705543518,2.709020853042603,1.774113277594249,Ihinger Hof Field,345,177,478,NA,2008,13,Ih_12_2021
2021,NA,NA,wb,Ih_12_12,NA,6.51759375,koch25,t/ha,12,IhingerHof,48.74490478175978,8.90982707000781,NA,NA,hedge,normal,NA,NA,NA,NA,NA,NA,NA,NA,NA,NA,NA,NA,NA,NA,NA,Ih_12_12m_2021,2,barley,6.51759375,NA,2019,2,48.745054396321954,8.90991289509535,48.743878865000056,8.907892014000026,48.74621680300004,8.912102256000026,57623.731970452245,Winter Barley,not reported,Sep,Jul,assigned,NA,9,7,2020-09-01,2021-07-01,8.335379500280727,15.227362676100295,68.07614433765411,404.0403649358389,70.63986931465669,200,0.5197426130612945,0.9418630539708568,98.13440537819832,39.664249318138566,1.238634705543518,2.709020853042603,1.774113277594249,Ihinger Hof Field,345,177,478,NA,2008,13,Ih_12_2021
2021,NA,NA,wb,Ih_12_18,NA,6.082388888888889,koch25,t/ha,18,IhingerHof,48.74490478175978,8.90982707000781,NA,NA,hedge,normal,NA,NA,NA,NA,NA,NA,NA,NA,NA,NA,NA,NA,NA,NA,NA,Ih_12_18m_2021,2,barley,6.082388888888889,NA,2019,2,48.745054396321954,8.90991289509535,48.743878865000056,8.907892014000026,48.74621680300004,8.912102256000026,57623.731970452245,Winter Barley,not reported,Sep,Jul,assigned,NA,9,7,2020-09-01,2021-07-01,8.335379500280727,15.227362676100295,68.07614433765411,404.0403649358389,70.63986931465669,200,0.5197426130612945,0.9418630539708568,98.13440537819832,39.664249318138566,1.238634705543518,2.709020853042603,1.774113277594249,Ihinger Hof Field,345,177,478,NA,2008,13,Ih_12_2021
2021,NA,NA,wb,Ih_12_24,NA,5.3086875,koch25,t/ha,24,IhingerHof,48.74490478175978,8.90982707000781,NA,NA,hedge,normal,NA,NA,NA,NA,NA,NA,NA,NA,NA,NA,NA,NA,NA,NA,NA,Ih_12_24m_2021,2,barley,5.3086875,NA,2019,2,48.745054396321954,8.90991289509535,48.743878865000056,8.907892014000026,48.74621680300004,8.912102256000026,57623.731970452245,Winter Barley,not reported,Sep,Jul,assigned,NA,9,7,2020-09-01,2021-07-01,8.335379500280727,15.227362676100295,68.07614433765411,404.0403649358389,70.63986931465669,200,0.5197426130612945,0.9418630539708568,98.13440537819832,39.664249318138566,1.238634705543518,2.709020853042603,1.774113277594249,Ihinger Hof Field,345,177,478,NA,2008,13,Ih_12_2021
2021,NA,NA,wb,Ih_13_4,NA,5.6310161290322585,koch25,t/ha,4,IhingerHof,48.74490478175978,8.90982707000781,NA,NA,walnut,normal,NA,NA,NA,NA,NA,NA,NA,NA,NA,NA,NA,NA,NA,NA,NA,Ih_13_4m_2021,3,barley,5.6310161290322585,NA,2019,2,48.745054396321954,8.90991289509535,48.743878865000056,8.907892014000026,48.74621680300004,8.912102256000026,57623.731970452245,Winter Barley,not reported,Sep,Jul,assigned,NA,9,7,2020-09-01,2021-07-01,8.335379500280727,15.227362676100295,68.07614433765411,404.0403649358389,70.63986931465669,200,0.5197426130612945,0.9418630539708568,98.13440537819832,39.664249318138566,1.238634705543518,2.709020853042603,1.774113277594249,Ihinger Hof Field,345,177,478,NA,2008,13,Ih_13_2021
2021,NA,NA,wb,Ih_13_12,NA,6.484325,koch25,t/ha,12,IhingerHof,48.74490478175978,8.90982707000781,NA,NA,walnut,normal,NA,NA,NA,NA,NA,NA,NA,NA,NA,NA,NA,NA,NA,NA,NA,Ih_13_12m_2021,3,barley,6.484325,NA,2019,2,48.745054396321954,8.90991289509535,48.743878865000056,8.907892014000026,48.74621680300004,8.912102256000026,57623.731970452245,Winter Barley,not reported,Sep,Jul,assigned,NA,9,7,2020-09-01,2021-07-01,8.335379500280727,15.227362676100295,68.07614433765411,404.0403649358389,70.63986931465669,200,0.5197426130612945,0.9418630539708568,98.13440537819832,39.664249318138566,1.238634705543518,2.709020853042603,1.774113277594249,Ihinger Hof Field,345,177,478,NA,2008,13,Ih_13_2021
2021,NA,NA,wb,Ih_13_18,NA,6.528488372093023,koch25,t/ha,18,IhingerHof,48.74490478175978,8.90982707000781,NA,NA,walnut,normal,NA,NA,NA,NA,NA,NA,NA,NA,NA,NA,NA,NA,NA,NA,NA,Ih_13_18m_2021,3,barley,6.528488372093023,NA,2019,2,48.745054396321954,8.90991289509535,48.743878865000056,8.907892014000026,48.74621680300004,8.912102256000026,57623.731970452245,Winter Barley,not reported,Sep,Jul,assigned,NA,9,7,2020-09-01,2021-07-01,8.335379500280727,15.227362676100295,68.07614433765411,404.0403649358389,70.63986931465669,200,0.5197426130612945,0.9418630539708568,98.13440537819832,39.664249318138566,1.238634705543518,2.709020853042603,1.774113277594249,Ihinger Hof Field,345,177,478,NA,2008,13,Ih_13_2021
2021,NA,NA,wb,Ih_13_24,NA,5.8399,koch25,t/ha,24,IhingerHof,48.74490478175978,8.90982707000781,NA,NA,walnut,normal,NA,NA,NA,NA,NA,NA,NA,NA,NA,NA,NA,NA,NA,NA,NA,Ih_13_24m_2021,3,barley,5.8399,NA,2019,2,48.745054396321954,8.90991289509535,48.743878865000056,8.907892014000026,48.74621680300004,8.912102256000026,57623.731970452245,Winter Barley,not reported,Sep,Jul,assigned,NA,9,7,2020-09-01,2021-07-01,8.335379500280727,15.227362676100295,68.07614433765411,404.0403649358389,70.63986931465669,200,0.5197426130612945,0.9418630539708568,98.13440537819832,39.664249318138566,1.238634705543518,2.709020853042603,1.774113277594249,Ihinger Hof Field,345,177,478,NA,2008,13,Ih_13_2021
2021,NA,NA,wb,Ih_14_4,NA,5.872525,koch25,t/ha,4,IhingerHof,48.74490478175978,8.90982707000781,NA,NA,hedge,normal,NA,NA,NA,NA,NA,NA,NA,NA,NA,NA,NA,NA,NA,NA,NA,Ih_14_4m_2021,3,barley,5.872525,NA,2019,2,48.745054396321954,8.90991289509535,48.743878865000056,8.907892014000026,48.74621680300004,8.912102256000026,57623.731970452245,Winter Barley,not reported,Sep,Jul,assigned,NA,9,7,2020-09-01,2021-07-01,8.335379500280727,15.227362676100295,68.07614433765411,404.0403649358389,70.63986931465669,200,0.5197426130612945,0.9418630539708568,98.13440537819832,39.664249318138566,1.238634705543518,2.709020853042603,1.774113277594249,Ihinger Hof Field,345,177,478,NA,2008,13,Ih_14_2021
2021,NA,NA,wb,Ih_14_12,NA,5.370533333333333,koch25,t/ha,12,IhingerHof,48.74490478175978,8.90982707000781,NA,NA,hedge,normal,NA,NA,NA,NA,NA,NA,NA,NA,NA,NA,NA,NA,NA,NA,NA,Ih_14_12m_2021,3,barley,5.370533333333333,NA,2019,2,48.745054396321954,8.90991289509535,48.743878865000056,8.907892014000026,48.74621680300004,8.912102256000026,57623.731970452245,Winter Barley,not reported,Sep,Jul,assigned,NA,9,7,2020-09-01,2021-07-01,8.335379500280727,15.227362676100295,68.07614433765411,404.0403649358389,70.63986931465669,200,0.5197426130612945,0.9418630539708568,98.13440537819832,39.664249318138566,1.238634705543518,2.709020853042603,1.774113277594249,Ihinger Hof Field,345,177,478,NA,2008,13,Ih_14_2021
2021,NA,NA,wb,Ih_14_18,NA,6.834818181818182,koch25,t/ha,18,IhingerHof,48.74490478175978,8.90982707000781,NA,NA,hedge,normal,NA,NA,NA,NA,NA,NA,NA,NA,NA,NA,NA,NA,NA,NA,NA,Ih_14_18m_2021,3,barley,6.834818181818182,NA,2019,2,48.745054396321954,8.90991289509535,48.743878865000056,8.907892014000026,48.74621680300004,8.912102256000026,57623.731970452245,Winter Barley,not reported,Sep,Jul,assigned,NA,9,7,2020-09-01,2021-07-01,8.335379500280727,15.227362676100295,68.07614433765411,404.0403649358389,70.63986931465669,200,0.5197426130612945,0.9418630539708568,98.13440537819832,39.664249318138566,1.238634705543518,2.709020853042603,1.774113277594249,Ihinger Hof Field,345,177,478,NA,2008,13,Ih_14_2021
2021,NA,NA,wb,Ih_14_24,NA,6.250757575757576,koch25,t/ha,24,IhingerHof,48.74490478175978,8.90982707000781,NA,NA,hedge,normal,NA,NA,NA,NA,NA,NA,NA,NA,NA,NA,NA,NA,NA,NA,NA,Ih_14_24m_2021,3,barley,6.250757575757576,NA,2019,2,48.745054396321954,8.90991289509535,48.743878865000056,8.907892014000026,48.74621680300004,8.912102256000026,57623.731970452245,Winter Barley,not reported,Sep,Jul,assigned,NA,9,7,2020-09-01,2021-07-01,8.335379500280727,15.227362676100295,68.07614433765411,404.0403649358389,70.63986931465669,200,0.5197426130612945,0.9418630539708568,98.13440537819832,39.664249318138566,1.238634705543518,2.709020853042603,1.774113277594249,Ihinger Hof Field,345,177,478,NA,2008,13,Ih_14_2021
2021,NA,NA,wb,Ih_15_4,NA,5.4047,koch25,t/ha,4,IhingerHof,48.74490478175978,8.90982707000781,NA,NA,willow,normal,NA,NA,NA,NA,NA,NA,NA,NA,NA,NA,NA,NA,NA,NA,NA,Ih_15_4m_2021,3,barley,5.4047,NA,2019,2,48.745054396321954,8.90991289509535,48.743878865000056,8.907892014000026,48.74621680300004,8.912102256000026,57623.731970452245,Winter Barley,not reported,Sep,Jul,assigned,NA,9,7,2020-09-01,2021-07-01,8.335379500280727,15.227362676100295,68.07614433765411,404.0403649358389,70.63986931465669,200,0.5197426130612945,0.9418630539708568,98.13440537819832,39.664249318138566,1.238634705543518,2.709020853042603,1.774113277594249,Ihinger Hof Field,345,177,478,NA,2008,13,Ih_15_2021
2021,NA,NA,wb,Ih_15_12,NA,5.777510638297873,koch25,t/ha,12,IhingerHof,48.74490478175978,8.90982707000781,NA,NA,willow,normal,NA,NA,NA,NA,NA,NA,NA,NA,NA,NA,NA,NA,NA,NA,NA,Ih_15_12m_2021,3,barley,5.777510638297873,NA,2019,2,48.745054396321954,8.90991289509535,48.743878865000056,8.907892014000026,48.74621680300004,8.912102256000026,57623.731970452245,Winter Barley,not reported,Sep,Jul,assigned,NA,9,7,2020-09-01,2021-07-01,8.335379500280727,15.227362676100295,68.07614433765411,404.0403649358389,70.63986931465669,200,0.5197426130612945,0.9418630539708568,98.13440537819832,39.664249318138566,1.238634705543518,2.709020853042603,1.774113277594249,Ihinger Hof Field,345,177,478,NA,2008,13,Ih_15_2021
2021,NA,NA,wb,Ih_15_18,NA,7.237788461538462,koch25,t/ha,18,IhingerHof,48.74490478175978,8.90982707000781,NA,NA,willow,normal,NA,NA,NA,NA,NA,NA,NA,NA,NA,NA,NA,NA,NA,NA,NA,Ih_15_18m_2021,3,barley,7.237788461538462,NA,2019,2,48.745054396321954,8.90991289509535,48.743878865000056,8.907892014000026,48.74621680300004,8.912102256000026,57623.731970452245,Winter Barley,not reported,Sep,Jul,assigned,NA,9,7,2020-09-01,2021-07-01,8.335379500280727,15.227362676100295,68.07614433765411,404.0403649358389,70.63986931465669,200,0.5197426130612945,0.9418630539708568,98.13440537819832,39.664249318138566,1.238634705543518,2.709020853042603,1.774113277594249,Ihinger Hof Field,345,177,478,NA,2008,13,Ih_15_2021
2021,NA,NA,wb,Ih_15_24,NA,6.517666666666667,koch25,t/ha,24,IhingerHof,48.74490478175978,8.90982707000781,NA,NA,willow,normal,NA,NA,NA,NA,NA,NA,NA,NA,NA,NA,NA,NA,NA,NA,NA,Ih_15_24m_2021,3,barley,6.517666666666667,NA,2019,2,48.745054396321954,8.90991289509535,48.743878865000056,8.907892014000026,48.74621680300004,8.912102256000026,57623.731970452245,Winter Barley,not reported,Sep,Jul,assigned,NA,9,7,2020-09-01,2021-07-01,8.335379500280727,15.227362676100295,68.07614433765411,404.0403649358389,70.63986931465669,200,0.5197426130612945,0.9418630539708568,98.13440537819832,39.664249318138566,1.238634705543518,2.709020853042603,1.774113277594249,Ihinger Hof Field,345,177,478,NA,2008,13,Ih_15_2021
2021,NA,NA,wb,Ih_16_4,NA,6.1315,koch25,t/ha,4,IhingerHof,48.74490478175978,8.90982707000781,NA,NA,willow,normal,NA,NA,NA,NA,NA,NA,NA,NA,NA,NA,NA,NA,NA,NA,NA,Ih_16_4m_2021,3,barley,6.1315,NA,2019,2,48.745054396321954,8.90991289509535,48.743878865000056,8.907892014000026,48.74621680300004,8.912102256000026,57623.731970452245,Winter Barley,not reported,Sep,Jul,assigned,NA,9,7,2020-09-01,2021-07-01,8.335379500280727,15.227362676100295,68.07614433765411,404.0403649358389,70.63986931465669,200,0.5197426130612945,0.9418630539708568,98.13440537819832,39.664249318138566,1.238634705543518,2.709020853042603,1.774113277594249,Ihinger Hof Field,345,177,478,NA,2008,13,Ih_16_2021
2021,NA,NA,wb,Ih_16_12,NA,5.205095238095238,koch25,t/ha,12,IhingerHof,48.74490478175978,8.90982707000781,NA,NA,willow,normal,NA,NA,NA,NA,NA,NA,NA,NA,NA,NA,NA,NA,NA,NA,NA,Ih_16_12m_2021,3,barley,5.205095238095238,NA,2019,2,48.745054396321954,8.90991289509535,48.743878865000056,8.907892014000026,48.74621680300004,8.912102256000026,57623.731970452245,Winter Barley,not reported,Sep,Jul,assigned,NA,9,7,2020-09-01,2021-07-01,8.335379500280727,15.227362676100295,68.07614433765411,404.0403649358389,70.63986931465669,200,0.5197426130612945,0.9418630539708568,98.13440537819832,39.664249318138566,1.238634705543518,2.709020853042603,1.774113277594249,Ihinger Hof Field,345,177,478,NA,2008,13,Ih_16_2021
2021,NA,NA,wb,Ih_16_18,NA,6.0895,koch25,t/ha,18,IhingerHof,48.74490478175978,8.90982707000781,NA,NA,willow,normal,NA,NA,NA,NA,NA,NA,NA,NA,NA,NA,NA,NA,NA,NA,NA,Ih_16_18m_2021,3,barley,6.0895,NA,2019,2,48.745054396321954,8.90991289509535,48.743878865000056,8.907892014000026,48.74621680300004,8.912102256000026,57623.731970452245,Winter Barley,not reported,Sep,Jul,assigned,NA,9,7,2020-09-01,2021-07-01,8.335379500280727,15.227362676100295,68.07614433765411,404.0403649358389,70.63986931465669,200,0.5197426130612945,0.9418630539708568,98.13440537819832,39.664249318138566,1.238634705543518,2.709020853042603,1.774113277594249,Ihinger Hof Field,345,177,478,NA,2008,13,Ih_16_2021
2021,NA,NA,wb,Ih_16_24,NA,6.9998571428571426,koch25,t/ha,24,IhingerHof,48.74490478175978,8.90982707000781,NA,NA,willow,normal,NA,NA,NA,NA,NA,NA,NA,NA,NA,NA,NA,NA,NA,NA,NA,Ih_16_24m_2021,3,barley,6.9998571428571426,NA,2019,2,48.745054396321954,8.90991289509535,48.743878865000056,8.907892014000026,48.74621680300004,8.912102256000026,57623.731970452245,Winter Barley,not reported,Sep,Jul,assigned,NA,9,7,2020-09-01,2021-07-01,8.335379500280727,15.227362676100295,68.07614433765411,404.0403649358389,70.63986931465669,200,0.5197426130612945,0.9418630539708568,98.13440537819832,39.664249318138566,1.238634705543518,2.709020853042603,1.774113277594249,Ihinger Hof Field,345,177,478,NA,2008,13,Ih_16_2021
2021,NA,NA,wb,Ih_17_4,NA,6.1264722222222225,koch25,t/ha,4,IhingerHof,48.74490478175978,8.90982707000781,NA,NA,hedge,normal,NA,NA,NA,NA,NA,NA,NA,NA,NA,NA,NA,NA,NA,NA,NA,Ih_17_4m_2021,3,barley,6.1264722222222225,NA,2019,2,48.745054396321954,8.90991289509535,48.743878865000056,8.907892014000026,48.74621680300004,8.912102256000026,57623.731970452245,Winter Barley,not reported,Sep,Jul,assigned,NA,9,7,2020-09-01,2021-07-01,8.335379500280727,15.227362676100295,68.07614433765411,404.0403649358389,70.63986931465669,200,0.5197426130612945,0.9418630539708568,98.13440537819832,39.664249318138566,1.238634705543518,2.709020853042603,1.774113277594249,Ihinger Hof Field,345,177,478,NA,2008,13,Ih_17_2021
2021,NA,NA,wb,Ih_17_12,NA,5.1729062500000005,koch25,t/ha,12,IhingerHof,48.74490478175978,8.90982707000781,NA,NA,hedge,normal,NA,NA,NA,NA,NA,NA,NA,NA,NA,NA,NA,NA,NA,NA,NA,Ih_17_12m_2021,3,barley,5.1729062500000005,NA,2019,2,48.745054396321954,8.90991289509535,48.743878865000056,8.907892014000026,48.74621680300004,8.912102256000026,57623.731970452245,Winter Barley,not reported,Sep,Jul,assigned,NA,9,7,2020-09-01,2021-07-01,8.335379500280727,15.227362676100295,68.07614433765411,404.0403649358389,70.63986931465669,200,0.5197426130612945,0.9418630539708568,98.13440537819832,39.664249318138566,1.238634705543518,2.709020853042603,1.774113277594249,Ihinger Hof Field,345,177,478,NA,2008,13,Ih_17_2021
2021,NA,NA,wb,Ih_17_18,NA,5.744133333333333,koch25,t/ha,18,IhingerHof,48.74490478175978,8.90982707000781,NA,NA,hedge,normal,NA,NA,NA,NA,NA,NA,NA,NA,NA,NA,NA,NA,NA,NA,NA,Ih_17_18m_2021,3,barley,5.744133333333333,NA,2019,2,48.745054396321954,8.90991289509535,48.743878865000056,8.907892014000026,48.74621680300004,8.912102256000026,57623.731970452245,Winter Barley,not reported,Sep,Jul,assigned,NA,9,7,2020-09-01,2021-07-01,8.335379500280727,15.227362676100295,68.07614433765411,404.0403649358389,70.63986931465669,200,0.5197426130612945,0.9418630539708568,98.13440537819832,39.664249318138566,1.238634705543518,2.709020853042603,1.774113277594249,Ihinger Hof Field,345,177,478,NA,2008,13,Ih_17_2021
2021,NA,NA,wb,Ih_17_24,NA,7.374942857142857,koch25,t/ha,24,IhingerHof,48.74490478175978,8.90982707000781,NA,NA,hedge,normal,NA,NA,NA,NA,NA,NA,NA,NA,NA,NA,NA,NA,NA,NA,NA,Ih_17_24m_2021,3,barley,7.374942857142857,NA,2019,2,48.745054396321954,8.90991289509535,48.743878865000056,8.907892014000026,48.74621680300004,8.912102256000026,57623.731970452245,Winter Barley,not reported,Sep,Jul,assigned,NA,9,7,2020-09-01,2021-07-01,8.335379500280727,15.227362676100295,68.07614433765411,404.0403649358389,70.63986931465669,200,0.5197426130612945,0.9418630539708568,98.13440537819832,39.664249318138566,1.238634705543518,2.709020853042603,1.774113277594249,Ihinger Hof Field,345,177,478,NA,2008,13,Ih_17_2021
2021,NA,NA,wb,Ih_18_4,NA,6.8375,koch25,t/ha,4,IhingerHof,48.74490478175978,8.90982707000781,NA,NA,walnut,normal,NA,NA,NA,NA,NA,NA,NA,NA,NA,NA,NA,NA,NA,NA,NA,Ih_18_4m_2021,3,barley,6.8375,NA,2019,2,48.745054396321954,8.90991289509535,48.743878865000056,8.907892014000026,48.74621680300004,8.912102256000026,57623.731970452245,Winter Barley,not reported,Sep,Jul,assigned,NA,9,7,2020-09-01,2021-07-01,8.335379500280727,15.227362676100295,68.07614433765411,404.0403649358389,70.63986931465669,200,0.5197426130612945,0.9418630539708568,98.13440537819832,39.664249318138566,1.238634705543518,2.709020853042603,1.774113277594249,Ihinger Hof Field,345,177,478,NA,2008,13,Ih_18_2021
2021,NA,NA,wb,Ih_18_12,NA,6.8177,koch25,t/ha,12,IhingerHof,48.74490478175978,8.90982707000781,NA,NA,walnut,normal,NA,NA,NA,NA,NA,NA,NA,NA,NA,NA,NA,NA,NA,NA,NA,Ih_18_12m_2021,3,barley,6.8177,NA,2019,2,48.745054396321954,8.90991289509535,48.743878865000056,8.907892014000026,48.74621680300004,8.912102256000026,57623.731970452245,Winter Barley,not reported,Sep,Jul,assigned,NA,9,7,2020-09-01,2021-07-01,8.335379500280727,15.227362676100295,68.07614433765411,404.0403649358389,70.63986931465669,200,0.5197426130612945,0.9418630539708568,98.13440537819832,39.664249318138566,1.238634705543518,2.709020853042603,1.774113277594249,Ihinger Hof Field,345,177,478,NA,2008,13,Ih_18_2021
2021,NA,NA,wb,Ih_18_18,NA,5.922270833333333,koch25,t/ha,18,IhingerHof,48.74490478175978,8.90982707000781,NA,NA,walnut,normal,NA,NA,NA,NA,NA,NA,NA,NA,NA,NA,NA,NA,NA,NA,NA,Ih_18_18m_2021,3,barley,5.922270833333333,NA,2019,2,48.745054396321954,8.90991289509535,48.743878865000056,8.907892014000026,48.74621680300004,8.912102256000026,57623.731970452245,Winter Barley,not reported,Sep,Jul,assigned,NA,9,7,2020-09-01,2021-07-01,8.335379500280727,15.227362676100295,68.07614433765411,404.0403649358389,70.63986931465669,200,0.5197426130612945,0.9418630539708568,98.13440537819832,39.664249318138566,1.238634705543518,2.709020853042603,1.774113277594249,Ihinger Hof Field,345,177,478,NA,2008,13,Ih_18_2021
2021,NA,NA,wb,Ih_18_24,NA,6.3435,koch25,t/ha,24,IhingerHof,48.74490478175978,8.90982707000781,NA,NA,walnut,normal,NA,NA,NA,NA,NA,NA,NA,NA,NA,NA,NA,NA,NA,NA,NA,Ih_18_24m_2021,3,barley,6.3435,NA,2019,2,48.745054396321954,8.90991289509535,48.743878865000056,8.907892014000026,48.74621680300004,8.912102256000026,57623.731970452245,Winter Barley,not reported,Sep,Jul,assigned,NA,9,7,2020-09-01,2021-07-01,8.335379500280727,15.227362676100295,68.07614433765411,404.0403649358389,70.63986931465669,200,0.5197426130612945,0.9418630539708568,98.13440537819832,39.664249318138566,1.238634705543518,2.709020853042603,1.774113277594249,Ihinger Hof Field,345,177,478,NA,2008,13,Ih_18_2021
2021,NA,NA,wb,Ih_19_7,NA,5.370844444444445,koch25,t/ha,7,IhingerHof,48.74490478175978,8.90982707000781,NA,NA,willow,normal,NA,NA,NA,NA,NA,NA,NA,NA,NA,NA,NA,NA,NA,NA,NA,Ih_19_7m_2021,4,barley,5.370844444444445,NA,2019,2,48.745054396321954,8.90991289509535,48.743878865000056,8.907892014000026,48.74621680300004,8.912102256000026,57623.731970452245,Winter Barley,not reported,Sep,Jul,assigned,NA,9,7,2020-09-01,2021-07-01,8.335379500280727,15.227362676100295,68.07614433765411,404.0403649358389,70.63986931465669,200,0.5197426130612945,0.9418630539708568,98.13440537819832,39.664249318138566,1.238634705543518,2.709020853042603,1.774113277594249,Ihinger Hof Field,345,177,478,NA,2008,13,Ih_19_2021
2021,NA,NA,wb,Ih_19_12,NA,6.8332444444444445,koch25,t/ha,12,IhingerHof,48.74490478175978,8.90982707000781,NA,NA,willow,normal,NA,NA,NA,NA,NA,NA,NA,NA,NA,NA,NA,NA,NA,NA,NA,Ih_19_12m_2021,4,barley,6.8332444444444445,NA,2019,2,48.745054396321954,8.90991289509535,48.743878865000056,8.907892014000026,48.74621680300004,8.912102256000026,57623.731970452245,Winter Barley,not reported,Sep,Jul,assigned,NA,9,7,2020-09-01,2021-07-01,8.335379500280727,15.227362676100295,68.07614433765411,404.0403649358389,70.63986931465669,200,0.5197426130612945,0.9418630539708568,98.13440537819832,39.664249318138566,1.238634705543518,2.709020853042603,1.774113277594249,Ihinger Hof Field,345,177,478,NA,2008,13,Ih_19_2021
2021,NA,NA,wb,Ih_19_18,NA,6.212076923076923,koch25,t/ha,18,IhingerHof,48.74490478175978,8.90982707000781,NA,NA,willow,normal,NA,NA,NA,NA,NA,NA,NA,NA,NA,NA,NA,NA,NA,NA,NA,Ih_19_18m_2021,4,barley,6.212076923076923,NA,2019,2,48.745054396321954,8.90991289509535,48.743878865000056,8.907892014000026,48.74621680300004,8.912102256000026,57623.731970452245,Winter Barley,not reported,Sep,Jul,assigned,NA,9,7,2020-09-01,2021-07-01,8.335379500280727,15.227362676100295,68.07614433765411,404.0403649358389,70.63986931465669,200,0.5197426130612945,0.9418630539708568,98.13440537819832,39.664249318138566,1.238634705543518,2.709020853042603,1.774113277594249,Ihinger Hof Field,345,177,478,NA,2008,13,Ih_19_2021
2021,NA,NA,wb,Ih_19_24,NA,6.296972972972973,koch25,t/ha,24,IhingerHof,48.74490478175978,8.90982707000781,NA,NA,willow,normal,NA,NA,NA,NA,NA,NA,NA,NA,NA,NA,NA,NA,NA,NA,NA,Ih_19_24m_2021,4,barley,6.296972972972973,NA,2019,2,48.745054396321954,8.90991289509535,48.743878865000056,8.907892014000026,48.74621680300004,8.912102256000026,57623.731970452245,Winter Barley,not reported,Sep,Jul,assigned,NA,9,7,2020-09-01,2021-07-01,8.335379500280727,15.227362676100295,68.07614433765411,404.0403649358389,70.63986931465669,200,0.5197426130612945,0.9418630539708568,98.13440537819832,39.664249318138566,1.238634705543518,2.709020853042603,1.774113277594249,Ihinger Hof Field,345,177,478,NA,2008,13,Ih_19_2021
2021,NA,NA,wb,Ih_20_4,NA,4.38495,koch25,t/ha,4,IhingerHof,48.74490478175978,8.90982707000781,NA,NA,walnut,normal,NA,NA,NA,NA,NA,NA,NA,NA,NA,NA,NA,NA,NA,NA,NA,Ih_20_4m_2021,4,barley,4.38495,NA,2019,2,48.745054396321954,8.90991289509535,48.743878865000056,8.907892014000026,48.74621680300004,8.912102256000026,57623.731970452245,Winter Barley,not reported,Sep,Jul,assigned,NA,9,7,2020-09-01,2021-07-01,8.335379500280727,15.227362676100295,68.07614433765411,404.0403649358389,70.63986931465669,200,0.5197426130612945,0.9418630539708568,98.13440537819832,39.664249318138566,1.238634705543518,2.709020853042603,1.774113277594249,Ihinger Hof Field,345,177,478,NA,2008,13,Ih_20_2021
2021,NA,NA,wb,Ih_20_7,NA,5.968029411764706,koch25,t/ha,7,IhingerHof,48.74490478175978,8.90982707000781,NA,NA,walnut,normal,NA,NA,NA,NA,NA,NA,NA,NA,NA,NA,NA,NA,NA,NA,NA,Ih_20_7m_2021,4,barley,5.968029411764706,NA,2019,2,48.745054396321954,8.90991289509535,48.743878865000056,8.907892014000026,48.74621680300004,8.912102256000026,57623.731970452245,Winter Barley,not reported,Sep,Jul,assigned,NA,9,7,2020-09-01,2021-07-01,8.335379500280727,15.227362676100295,68.07614433765411,404.0403649358389,70.63986931465669,200,0.5197426130612945,0.9418630539708568,98.13440537819832,39.664249318138566,1.238634705543518,2.709020853042603,1.774113277594249,Ihinger Hof Field,345,177,478,NA,2008,13,Ih_20_2021
2021,NA,NA,wb,Ih_20_12,NA,4.957945454545454,koch25,t/ha,12,IhingerHof,48.74490478175978,8.90982707000781,NA,NA,walnut,normal,NA,NA,NA,NA,NA,NA,NA,NA,NA,NA,NA,NA,NA,NA,NA,Ih_20_12m_2021,4,barley,4.957945454545454,NA,2019,2,48.745054396321954,8.90991289509535,48.743878865000056,8.907892014000026,48.74621680300004,8.912102256000026,57623.731970452245,Winter Barley,not reported,Sep,Jul,assigned,NA,9,7,2020-09-01,2021-07-01,8.335379500280727,15.227362676100295,68.07614433765411,404.0403649358389,70.63986931465669,200,0.5197426130612945,0.9418630539708568,98.13440537819832,39.664249318138566,1.238634705543518,2.709020853042603,1.774113277594249,Ihinger Hof Field,345,177,478,NA,2008,13,Ih_20_2021
2021,NA,NA,wb,Ih_20_18,NA,6.613951219512195,koch25,t/ha,18,IhingerHof,48.74490478175978,8.90982707000781,NA,NA,walnut,normal,NA,NA,NA,NA,NA,NA,NA,NA,NA,NA,NA,NA,NA,NA,NA,Ih_20_18m_2021,4,barley,6.613951219512195,NA,2019,2,48.745054396321954,8.90991289509535,48.743878865000056,8.907892014000026,48.74621680300004,8.912102256000026,57623.731970452245,Winter Barley,not reported,Sep,Jul,assigned,NA,9,7,2020-09-01,2021-07-01,8.335379500280727,15.227362676100295,68.07614433765411,404.0403649358389,70.63986931465669,200,0.5197426130612945,0.9418630539708568,98.13440537819832,39.664249318138566,1.238634705543518,2.709020853042603,1.774113277594249,Ihinger Hof Field,345,177,478,NA,2008,13,Ih_20_2021
2021,NA,NA,wb,Ih_20_24,NA,6.515511627906977,koch25,t/ha,24,IhingerHof,48.74490478175978,8.90982707000781,NA,NA,walnut,normal,NA,NA,NA,NA,NA,NA,NA,NA,NA,NA,NA,NA,NA,NA,NA,Ih_20_24m_2021,4,barley,6.515511627906977,NA,2019,2,48.745054396321954,8.90991289509535,48.743878865000056,8.907892014000026,48.74621680300004,8.912102256000026,57623.731970452245,Winter Barley,not reported,Sep,Jul,assigned,NA,9,7,2020-09-01,2021-07-01,8.335379500280727,15.227362676100295,68.07614433765411,404.0403649358389,70.63986931465669,200,0.5197426130612945,0.9418630539708568,98.13440537819832,39.664249318138566,1.238634705543518,2.709020853042603,1.774113277594249,Ihinger Hof Field,345,177,478,NA,2008,13,Ih_20_2021
2021,NA,NA,wb,Ih_21_4,NA,6.215953488372093,koch25,t/ha,4,IhingerHof,48.74490478175978,8.90982707000781,NA,NA,hedge,normal,NA,NA,NA,NA,NA,NA,NA,NA,NA,NA,NA,NA,NA,NA,NA,Ih_21_4m_2021,4,barley,6.215953488372093,NA,2019,2,48.745054396321954,8.90991289509535,48.743878865000056,8.907892014000026,48.74621680300004,8.912102256000026,57623.731970452245,Winter Barley,not reported,Sep,Jul,assigned,NA,9,7,2020-09-01,2021-07-01,8.335379500280727,15.227362676100295,68.07614433765411,404.0403649358389,70.63986931465669,200,0.5197426130612945,0.9418630539708568,98.13440537819832,39.664249318138566,1.238634705543518,2.709020853042603,1.774113277594249,Ihinger Hof Field,345,177,478,NA,2008,13,Ih_21_2021
2021,NA,NA,wb,Ih_21_7,NA,0.05836363636363636,koch25,t/ha,7,IhingerHof,48.74490478175978,8.90982707000781,NA,NA,hedge,normal,NA,NA,NA,NA,NA,NA,NA,NA,NA,NA,NA,NA,NA,NA,NA,Ih_21_7m_2021,4,barley,0.05836363636363636,NA,2019,2,48.745054396321954,8.90991289509535,48.743878865000056,8.907892014000026,48.74621680300004,8.912102256000026,57623.731970452245,Winter Barley,not reported,Sep,Jul,assigned,NA,9,7,2020-09-01,2021-07-01,8.335379500280727,15.227362676100295,68.07614433765411,404.0403649358389,70.63986931465669,200,0.5197426130612945,0.9418630539708568,98.13440537819832,39.664249318138566,1.238634705543518,2.709020853042603,1.774113277594249,Ihinger Hof Field,345,177,478,NA,2008,13,Ih_21_2021
2021,NA,NA,wb,Ih_21_12,NA,3.775323529411765,koch25,t/ha,12,IhingerHof,48.74490478175978,8.90982707000781,NA,NA,hedge,normal,NA,NA,NA,NA,NA,NA,NA,NA,NA,NA,NA,NA,NA,NA,NA,Ih_21_12m_2021,4,barley,3.775323529411765,NA,2019,2,48.745054396321954,8.90991289509535,48.743878865000056,8.907892014000026,48.74621680300004,8.912102256000026,57623.731970452245,Winter Barley,not reported,Sep,Jul,assigned,NA,9,7,2020-09-01,2021-07-01,8.335379500280727,15.227362676100295,68.07614433765411,404.0403649358389,70.63986931465669,200,0.5197426130612945,0.9418630539708568,98.13440537819832,39.664249318138566,1.238634705543518,2.709020853042603,1.774113277594249,Ihinger Hof Field,345,177,478,NA,2008,13,Ih_21_2021
2021,NA,NA,wb,Ih_21_18,NA,6.308145833333334,koch25,t/ha,18,IhingerHof,48.74490478175978,8.90982707000781,NA,NA,hedge,normal,NA,NA,NA,NA,NA,NA,NA,NA,NA,NA,NA,NA,NA,NA,NA,Ih_21_18m_2021,4,barley,6.308145833333334,NA,2019,2,48.745054396321954,8.90991289509535,48.743878865000056,8.907892014000026,48.74621680300004,8.912102256000026,57623.731970452245,Winter Barley,not reported,Sep,Jul,assigned,NA,9,7,2020-09-01,2021-07-01,8.335379500280727,15.227362676100295,68.07614433765411,404.0403649358389,70.63986931465669,200,0.5197426130612945,0.9418630539708568,98.13440537819832,39.664249318138566,1.238634705543518,2.709020853042603,1.774113277594249,Ihinger Hof Field,345,177,478,NA,2008,13,Ih_21_2021
2021,NA,NA,wb,Ih_21_24,NA,6.814210526315789,koch25,t/ha,24,IhingerHof,48.74490478175978,8.90982707000781,NA,NA,hedge,normal,NA,NA,NA,NA,NA,NA,NA,NA,NA,NA,NA,NA,NA,NA,NA,Ih_21_24m_2021,4,barley,6.814210526315789,NA,2019,2,48.745054396321954,8.90991289509535,48.743878865000056,8.907892014000026,48.74621680300004,8.912102256000026,57623.731970452245,Winter Barley,not reported,Sep,Jul,assigned,NA,9,7,2020-09-01,2021-07-01,8.335379500280727,15.227362676100295,68.07614433765411,404.0403649358389,70.63986931465669,200,0.5197426130612945,0.9418630539708568,98.13440537819832,39.664249318138566,1.238634705543518,2.709020853042603,1.774113277594249,Ihinger Hof Field,345,177,478,NA,2008,13,Ih_21_2021
2021,NA,NA,wb,Ih_22_4,NA,3.0353157894736844,koch25,t/ha,4,IhingerHof,48.74490478175978,8.90982707000781,NA,NA,hedge,normal,NA,NA,NA,NA,NA,NA,NA,NA,NA,NA,NA,NA,NA,NA,NA,Ih_22_4m_2021,4,barley,3.0353157894736844,NA,2019,2,48.745054396321954,8.90991289509535,48.743878865000056,8.907892014000026,48.74621680300004,8.912102256000026,57623.731970452245,Winter Barley,not reported,Sep,Jul,assigned,NA,9,7,2020-09-01,2021-07-01,8.335379500280727,15.227362676100295,68.07614433765411,404.0403649358389,70.63986931465669,200,0.5197426130612945,0.9418630539708568,98.13440537819832,39.664249318138566,1.238634705543518,2.709020853042603,1.774113277594249,Ihinger Hof Field,345,177,478,NA,2008,13,Ih_22_2021
2021,NA,NA,wb,Ih_22_7,NA,6.012212121212121,koch25,t/ha,7,IhingerHof,48.74490478175978,8.90982707000781,NA,NA,hedge,normal,NA,NA,NA,NA,NA,NA,NA,NA,NA,NA,NA,NA,NA,NA,NA,Ih_22_7m_2021,4,barley,6.012212121212121,NA,2019,2,48.745054396321954,8.90991289509535,48.743878865000056,8.907892014000026,48.74621680300004,8.912102256000026,57623.731970452245,Winter Barley,not reported,Sep,Jul,assigned,NA,9,7,2020-09-01,2021-07-01,8.335379500280727,15.227362676100295,68.07614433765411,404.0403649358389,70.63986931465669,200,0.5197426130612945,0.9418630539708568,98.13440537819832,39.664249318138566,1.238634705543518,2.709020853042603,1.774113277594249,Ihinger Hof Field,345,177,478,NA,2008,13,Ih_22_2021
2021,NA,NA,wb,Ih_22_18,NA,4.190851851851852,koch25,t/ha,18,IhingerHof,48.74490478175978,8.90982707000781,NA,NA,hedge,normal,NA,NA,NA,NA,NA,NA,NA,NA,NA,NA,NA,NA,NA,NA,NA,Ih_22_18m_2021,4,barley,4.190851851851852,NA,2019,2,48.745054396321954,8.90991289509535,48.743878865000056,8.907892014000026,48.74621680300004,8.912102256000026,57623.731970452245,Winter Barley,not reported,Sep,Jul,assigned,NA,9,7,2020-09-01,2021-07-01,8.335379500280727,15.227362676100295,68.07614433765411,404.0403649358389,70.63986931465669,200,0.5197426130612945,0.9418630539708568,98.13440537819832,39.664249318138566,1.238634705543518,2.709020853042603,1.774113277594249,Ihinger Hof Field,345,177,478,NA,2008,13,Ih_22_2021
2021,NA,NA,wb,Ih_22_24,NA,3.773974025974026,koch25,t/ha,24,IhingerHof,48.74490478175978,8.90982707000781,NA,NA,hedge,normal,NA,NA,NA,NA,NA,NA,NA,NA,NA,NA,NA,NA,NA,NA,NA,Ih_22_24m_2021,4,barley,3.773974025974026,NA,2019,2,48.745054396321954,8.90991289509535,48.743878865000056,8.907892014000026,48.74621680300004,8.912102256000026,57623.731970452245,Winter Barley,not reported,Sep,Jul,assigned,NA,9,7,2020-09-01,2021-07-01,8.335379500280727,15.227362676100295,68.07614433765411,404.0403649358389,70.63986931465669,200,0.5197426130612945,0.9418630539708568,98.13440537819832,39.664249318138566,1.238634705543518,2.709020853042603,1.774113277594249,Ihinger Hof Field,345,177,478,NA,2008,13,Ih_22_2021
2021,NA,NA,wb,Ih_23_4,NA,3.379,koch25,t/ha,4,IhingerHof,48.74490478175978,8.90982707000781,NA,NA,walnut,normal,NA,NA,NA,NA,NA,NA,NA,NA,NA,NA,NA,NA,NA,NA,NA,Ih_23_4m_2021,4,barley,3.379,NA,2019,2,48.745054396321954,8.90991289509535,48.743878865000056,8.907892014000026,48.74621680300004,8.912102256000026,57623.731970452245,Winter Barley,not reported,Sep,Jul,assigned,NA,9,7,2020-09-01,2021-07-01,8.335379500280727,15.227362676100295,68.07614433765411,404.0403649358389,70.63986931465669,200,0.5197426130612945,0.9418630539708568,98.13440537819832,39.664249318138566,1.238634705543518,2.709020853042603,1.774113277594249,Ihinger Hof Field,345,177,478,NA,2008,13,Ih_23_2021
2021,NA,NA,wb,Ih_23_7,NA,5.766372093023255,koch25,t/ha,7,IhingerHof,48.74490478175978,8.90982707000781,NA,NA,walnut,normal,NA,NA,NA,NA,NA,NA,NA,NA,NA,NA,NA,NA,NA,NA,NA,Ih_23_7m_2021,4,barley,5.766372093023255,NA,2019,2,48.745054396321954,8.90991289509535,48.743878865000056,8.907892014000026,48.74621680300004,8.912102256000026,57623.731970452245,Winter Barley,not reported,Sep,Jul,assigned,NA,9,7,2020-09-01,2021-07-01,8.335379500280727,15.227362676100295,68.07614433765411,404.0403649358389,70.63986931465669,200,0.5197426130612945,0.9418630539708568,98.13440537819832,39.664249318138566,1.238634705543518,2.709020853042603,1.774113277594249,Ihinger Hof Field,345,177,478,NA,2008,13,Ih_23_2021
2021,NA,NA,wb,Ih_23_18,NA,5.040525,koch25,t/ha,18,IhingerHof,48.74490478175978,8.90982707000781,NA,NA,walnut,normal,NA,NA,NA,NA,NA,NA,NA,NA,NA,NA,NA,NA,NA,NA,NA,Ih_23_18m_2021,4,barley,5.040525,NA,2019,2,48.745054396321954,8.90991289509535,48.743878865000056,8.907892014000026,48.74621680300004,8.912102256000026,57623.731970452245,Winter Barley,not reported,Sep,Jul,assigned,NA,9,7,2020-09-01,2021-07-01,8.335379500280727,15.227362676100295,68.07614433765411,404.0403649358389,70.63986931465669,200,0.5197426130612945,0.9418630539708568,98.13440537819832,39.664249318138566,1.238634705543518,2.709020853042603,1.774113277594249,Ihinger Hof Field,345,177,478,NA,2008,13,Ih_23_2021
2021,NA,NA,wb,Ih_23_24,NA,5.561752808988764,koch25,t/ha,24,IhingerHof,48.74490478175978,8.90982707000781,NA,NA,walnut,normal,NA,NA,NA,NA,NA,NA,NA,NA,NA,NA,NA,NA,NA,NA,NA,Ih_23_24m_2021,4,barley,5.561752808988764,NA,2019,2,48.745054396321954,8.90991289509535,48.743878865000056,8.907892014000026,48.74621680300004,8.912102256000026,57623.731970452245,Winter Barley,not reported,Sep,Jul,assigned,NA,9,7,2020-09-01,2021-07-01,8.335379500280727,15.227362676100295,68.07614433765411,404.0403649358389,70.63986931465669,200,0.5197426130612945,0.9418630539708568,98.13440537819832,39.664249318138566,1.238634705543518,2.709020853042603,1.774113277594249,Ihinger Hof Field,345,177,478,NA,2008,13,Ih_23_2021
2021,NA,NA,wb,Ih_24_4,NA,2.4213125,koch25,t/ha,4,IhingerHof,48.74490478175978,8.90982707000781,NA,NA,willow,normal,NA,NA,NA,NA,NA,NA,NA,NA,NA,NA,NA,NA,NA,NA,NA,Ih_24_4m_2021,4,barley,2.4213125,NA,2019,2,48.745054396321954,8.90991289509535,48.743878865000056,8.907892014000026,48.74621680300004,8.912102256000026,57623.731970452245,Winter Barley,not reported,Sep,Jul,assigned,NA,9,7,2020-09-01,2021-07-01,8.335379500280727,15.227362676100295,68.07614433765411,404.0403649358389,70.63986931465669,200,0.5197426130612945,0.9418630539708568,98.13440537819832,39.664249318138566,1.238634705543518,2.709020853042603,1.774113277594249,Ihinger Hof Field,345,177,478,NA,2008,13,Ih_24_2021
2021,NA,NA,wb,Ih_24_7,NA,6.095047619047619,koch25,t/ha,7,IhingerHof,48.74490478175978,8.90982707000781,NA,NA,willow,normal,NA,NA,NA,NA,NA,NA,NA,NA,NA,NA,NA,NA,NA,NA,NA,Ih_24_7m_2021,4,barley,6.095047619047619,NA,2019,2,48.745054396321954,8.90991289509535,48.743878865000056,8.907892014000026,48.74621680300004,8.912102256000026,57623.731970452245,Winter Barley,not reported,Sep,Jul,assigned,NA,9,7,2020-09-01,2021-07-01,8.335379500280727,15.227362676100295,68.07614433765411,404.0403649358389,70.63986931465669,200,0.5197426130612945,0.9418630539708568,98.13440537819832,39.664249318138566,1.238634705543518,2.709020853042603,1.774113277594249,Ihinger Hof Field,345,177,478,NA,2008,13,Ih_24_2021
2021,NA,NA,wb,Ih_24_18,NA,5.504878048780488,koch25,t/ha,18,IhingerHof,48.74490478175978,8.90982707000781,NA,NA,willow,normal,NA,NA,NA,NA,NA,NA,NA,NA,NA,NA,NA,NA,NA,NA,NA,Ih_24_18m_2021,4,barley,5.504878048780488,NA,2019,2,48.745054396321954,8.90991289509535,48.743878865000056,8.907892014000026,48.74621680300004,8.912102256000026,57623.731970452245,Winter Barley,not reported,Sep,Jul,assigned,NA,9,7,2020-09-01,2021-07-01,8.335379500280727,15.227362676100295,68.07614433765411,404.0403649358389,70.63986931465669,200,0.5197426130612945,0.9418630539708568,98.13440537819832,39.664249318138566,1.238634705543518,2.709020853042603,1.774113277594249,Ihinger Hof Field,345,177,478,NA,2008,13,Ih_24_2021
2021,NA,NA,wb,Ih_24_24,NA,6.15337,koch25,t/ha,24,IhingerHof,48.74490478175978,8.90982707000781,NA,NA,willow,normal,NA,NA,NA,NA,NA,NA,NA,NA,NA,NA,NA,NA,NA,NA,NA,Ih_24_24m_2021,4,barley,6.15337,NA,2019,2,48.745054396321954,8.90991289509535,48.743878865000056,8.907892014000026,48.74621680300004,8.912102256000026,57623.731970452245,Winter Barley,not reported,Sep,Jul,assigned,NA,9,7,2020-09-01,2021-07-01,8.335379500280727,15.227362676100295,68.07614433765411,404.0403649358389,70.63986931465669,200,0.5197426130612945,0.9418630539708568,98.13440537819832,39.664249318138566,1.238634705543518,2.709020853042603,1.774113277594249,Ihinger Hof Field,345,177,478,NA,2008,13,Ih_24_2021
2022,NA,NA,wr,Ih_1_4,NA,2.5753488372093023,koch25,t/ha,4,IhingerHof,48.74490478175978,8.90982707000781,NA,NA,hedge,normal,NA,NA,NA,NA,NA,NA,NA,NA,NA,NA,NA,NA,NA,NA,NA,Ih_1_4m_2022,1,rapeseed,2.5753488372093023,NA,2022,0,48.745054396321954,8.90991289509535,48.743878865000056,8.907892014000026,48.74621680300004,8.912102256000026,57623.731970452245,Oilseed Rape,not reported,Sep,Jul,assigned,NA,9,7,2021-09-01,2022-07-01,9.06426068869504,18.79870505766435,50.26566469669342,404.0403649358389,70.71131084953288,134,0.5213943764446854,0.9437687796801776,98.23212339072458,37.72614189765383,1.238634705543518,2.709020853042603,1.774113277594249,Ihinger Hof Field,345,177,478,NA,2008,14,Ih_1_2022
2022,NA,NA,wr,Ih_1_12,NA,2.6331944444444444,koch25,t/ha,12,IhingerHof,48.74490478175978,8.90982707000781,NA,NA,hedge,normal,NA,NA,NA,NA,NA,NA,NA,NA,NA,NA,NA,NA,NA,NA,NA,Ih_1_12m_2022,1,rapeseed,2.6331944444444444,NA,2022,0,48.745054396321954,8.90991289509535,48.743878865000056,8.907892014000026,48.74621680300004,8.912102256000026,57623.731970452245,Oilseed Rape,not reported,Sep,Jul,assigned,NA,9,7,2021-09-01,2022-07-01,9.06426068869504,18.79870505766435,50.26566469669342,404.0403649358389,70.71131084953288,134,0.5213943764446854,0.9437687796801776,98.23212339072458,37.72614189765383,1.238634705543518,2.709020853042603,1.774113277594249,Ihinger Hof Field,345,177,478,NA,2008,14,Ih_1_2022
2022,NA,NA,wr,Ih_1_18,NA,2.366388888888889,koch25,t/ha,18,IhingerHof,48.74490478175978,8.90982707000781,NA,NA,hedge,normal,NA,NA,NA,NA,NA,NA,NA,NA,NA,NA,NA,NA,NA,NA,NA,Ih_1_18m_2022,1,rapeseed,2.366388888888889,NA,2022,0,48.745054396321954,8.90991289509535,48.743878865000056,8.907892014000026,48.74621680300004,8.912102256000026,57623.731970452245,Oilseed Rape,not reported,Sep,Jul,assigned,NA,9,7,2021-09-01,2022-07-01,9.06426068869504,18.79870505766435,50.26566469669342,404.0403649358389,70.71131084953288,134,0.5213943764446854,0.9437687796801776,98.23212339072458,37.72614189765383,1.238634705543518,2.709020853042603,1.774113277594249,Ihinger Hof Field,345,177,478,NA,2008,14,Ih_1_2022
2022,NA,NA,wr,Ih_1_24,NA,2.634777777777778,koch25,t/ha,24,IhingerHof,48.74490478175978,8.90982707000781,NA,NA,hedge,normal,NA,NA,NA,NA,NA,NA,NA,NA,NA,NA,NA,NA,NA,NA,NA,Ih_1_24m_2022,1,rapeseed,2.634777777777778,NA,2022,0,48.745054396321954,8.90991289509535,48.743878865000056,8.907892014000026,48.74621680300004,8.912102256000026,57623.731970452245,Oilseed Rape,not reported,Sep,Jul,assigned,NA,9,7,2021-09-01,2022-07-01,9.06426068869504,18.79870505766435,50.26566469669342,404.0403649358389,70.71131084953288,134,0.5213943764446854,0.9437687796801776,98.23212339072458,37.72614189765383,1.238634705543518,2.709020853042603,1.774113277594249,Ihinger Hof Field,345,177,478,NA,2008,14,Ih_1_2022
2022,NA,NA,wr,Ih_2_4,NA,2.928857142857143,koch25,t/ha,4,IhingerHof,48.74490478175978,8.90982707000781,NA,NA,walnut,normal,NA,NA,NA,NA,NA,NA,NA,NA,NA,NA,NA,NA,NA,NA,NA,Ih_2_4m_2022,1,rapeseed,2.928857142857143,NA,2022,0,48.745054396321954,8.90991289509535,48.743878865000056,8.907892014000026,48.74621680300004,8.912102256000026,57623.731970452245,Oilseed Rape,not reported,Sep,Jul,assigned,NA,9,7,2021-09-01,2022-07-01,9.06426068869504,18.79870505766435,50.26566469669342,404.0403649358389,70.71131084953288,134,0.5213943764446854,0.9437687796801776,98.23212339072458,37.72614189765383,1.238634705543518,2.709020853042603,1.774113277594249,Ihinger Hof Field,345,177,478,NA,2008,14,Ih_2_2022
2022,NA,NA,wr,Ih_2_12,NA,3.0022,koch25,t/ha,12,IhingerHof,48.74490478175978,8.90982707000781,NA,NA,walnut,normal,NA,NA,NA,NA,NA,NA,NA,NA,NA,NA,NA,NA,NA,NA,NA,Ih_2_12m_2022,1,rapeseed,3.0022,NA,2022,0,48.745054396321954,8.90991289509535,48.743878865000056,8.907892014000026,48.74621680300004,8.912102256000026,57623.731970452245,Oilseed Rape,not reported,Sep,Jul,assigned,NA,9,7,2021-09-01,2022-07-01,9.06426068869504,18.79870505766435,50.26566469669342,404.0403649358389,70.71131084953288,134,0.5213943764446854,0.9437687796801776,98.23212339072458,37.72614189765383,1.238634705543518,2.709020853042603,1.774113277594249,Ihinger Hof Field,345,177,478,NA,2008,14,Ih_2_2022
2022,NA,NA,wr,Ih_2_18,NA,3.0687234042553193,koch25,t/ha,18,IhingerHof,48.74490478175978,8.90982707000781,NA,NA,walnut,normal,NA,NA,NA,NA,NA,NA,NA,NA,NA,NA,NA,NA,NA,NA,NA,Ih_2_18m_2022,1,rapeseed,3.0687234042553193,NA,2022,0,48.745054396321954,8.90991289509535,48.743878865000056,8.907892014000026,48.74621680300004,8.912102256000026,57623.731970452245,Oilseed Rape,not reported,Sep,Jul,assigned,NA,9,7,2021-09-01,2022-07-01,9.06426068869504,18.79870505766435,50.26566469669342,404.0403649358389,70.71131084953288,134,0.5213943764446854,0.9437687796801776,98.23212339072458,37.72614189765383,1.238634705543518,2.709020853042603,1.774113277594249,Ihinger Hof Field,345,177,478,NA,2008,14,Ih_2_2022
2022,NA,NA,wr,Ih_2_24,NA,3.260320754716981,koch25,t/ha,24,IhingerHof,48.74490478175978,8.90982707000781,NA,NA,walnut,normal,NA,NA,NA,NA,NA,NA,NA,NA,NA,NA,NA,NA,NA,NA,NA,Ih_2_24m_2022,1,rapeseed,3.260320754716981,NA,2022,0,48.745054396321954,8.90991289509535,48.743878865000056,8.907892014000026,48.74621680300004,8.912102256000026,57623.731970452245,Oilseed Rape,not reported,Sep,Jul,assigned,NA,9,7,2021-09-01,2022-07-01,9.06426068869504,18.79870505766435,50.26566469669342,404.0403649358389,70.71131084953288,134,0.5213943764446854,0.9437687796801776,98.23212339072458,37.72614189765383,1.238634705543518,2.709020853042603,1.774113277594249,Ihinger Hof Field,345,177,478,NA,2008,14,Ih_2_2022
2022,NA,NA,wr,Ih_3_4,NA,3.108304347826087,koch25,t/ha,4,IhingerHof,48.74490478175978,8.90982707000781,NA,NA,willow,normal,NA,NA,NA,NA,NA,NA,NA,NA,NA,NA,NA,NA,NA,NA,NA,Ih_3_4m_2022,1,rapeseed,3.108304347826087,NA,2022,0,48.745054396321954,8.90991289509535,48.743878865000056,8.907892014000026,48.74621680300004,8.912102256000026,57623.731970452245,Oilseed Rape,not reported,Sep,Jul,assigned,NA,9,7,2021-09-01,2022-07-01,9.06426068869504,18.79870505766435,50.26566469669342,404.0403649358389,70.71131084953288,134,0.5213943764446854,0.9437687796801776,98.23212339072458,37.72614189765383,1.238634705543518,2.709020853042603,1.774113277594249,Ihinger Hof Field,345,177,478,NA,2008,14,Ih_3_2022
2022,NA,NA,wr,Ih_3_12,NA,3.250729166666667,koch25,t/ha,12,IhingerHof,48.74490478175978,8.90982707000781,NA,NA,willow,normal,NA,NA,NA,NA,NA,NA,NA,NA,NA,NA,NA,NA,NA,NA,NA,Ih_3_12m_2022,1,rapeseed,3.250729166666667,NA,2022,0,48.745054396321954,8.90991289509535,48.743878865000056,8.907892014000026,48.74621680300004,8.912102256000026,57623.731970452245,Oilseed Rape,not reported,Sep,Jul,assigned,NA,9,7,2021-09-01,2022-07-01,9.06426068869504,18.79870505766435,50.26566469669342,404.0403649358389,70.71131084953288,134,0.5213943764446854,0.9437687796801776,98.23212339072458,37.72614189765383,1.238634705543518,2.709020853042603,1.774113277594249,Ihinger Hof Field,345,177,478,NA,2008,14,Ih_3_2022
2022,NA,NA,wr,Ih_3_18,NA,3.17308,koch25,t/ha,18,IhingerHof,48.74490478175978,8.90982707000781,NA,NA,willow,normal,NA,NA,NA,NA,NA,NA,NA,NA,NA,NA,NA,NA,NA,NA,NA,Ih_3_18m_2022,1,rapeseed,3.17308,NA,2022,0,48.745054396321954,8.90991289509535,48.743878865000056,8.907892014000026,48.74621680300004,8.912102256000026,57623.731970452245,Oilseed Rape,not reported,Sep,Jul,assigned,NA,9,7,2021-09-01,2022-07-01,9.06426068869504,18.79870505766435,50.26566469669342,404.0403649358389,70.71131084953288,134,0.5213943764446854,0.9437687796801776,98.23212339072458,37.72614189765383,1.238634705543518,2.709020853042603,1.774113277594249,Ihinger Hof Field,345,177,478,NA,2008,14,Ih_3_2022
2022,NA,NA,wr,Ih_3_24,NA,2.868830188679245,koch25,t/ha,24,IhingerHof,48.74490478175978,8.90982707000781,NA,NA,willow,normal,NA,NA,NA,NA,NA,NA,NA,NA,NA,NA,NA,NA,NA,NA,NA,Ih_3_24m_2022,1,rapeseed,2.868830188679245,NA,2022,0,48.745054396321954,8.90991289509535,48.743878865000056,8.907892014000026,48.74621680300004,8.912102256000026,57623.731970452245,Oilseed Rape,not reported,Sep,Jul,assigned,NA,9,7,2021-09-01,2022-07-01,9.06426068869504,18.79870505766435,50.26566469669342,404.0403649358389,70.71131084953288,134,0.5213943764446854,0.9437687796801776,98.23212339072458,37.72614189765383,1.238634705543518,2.709020853042603,1.774113277594249,Ihinger Hof Field,345,177,478,NA,2008,14,Ih_3_2022
2022,NA,NA,wr,Ih_4_4,NA,1.3416,koch25,t/ha,4,IhingerHof,48.74490478175978,8.90982707000781,NA,NA,hedge,normal,NA,NA,NA,NA,NA,NA,NA,NA,NA,NA,NA,NA,NA,NA,NA,Ih_4_4m_2022,1,rapeseed,1.3416,NA,2022,0,48.745054396321954,8.90991289509535,48.743878865000056,8.907892014000026,48.74621680300004,8.912102256000026,57623.731970452245,Oilseed Rape,not reported,Sep,Jul,assigned,NA,9,7,2021-09-01,2022-07-01,9.06426068869504,18.79870505766435,50.26566469669342,404.0403649358389,70.71131084953288,134,0.5213943764446854,0.9437687796801776,98.23212339072458,37.72614189765383,1.238634705543518,2.709020853042603,1.774113277594249,Ihinger Hof Field,345,177,478,NA,2008,14,Ih_4_2022
2022,NA,NA,wr,Ih_4_12,NA,2.370571428571429,koch25,t/ha,12,IhingerHof,48.74490478175978,8.90982707000781,NA,NA,hedge,normal,NA,NA,NA,NA,NA,NA,NA,NA,NA,NA,NA,NA,NA,NA,NA,Ih_4_12m_2022,1,rapeseed,2.370571428571429,NA,2022,0,48.745054396321954,8.90991289509535,48.743878865000056,8.907892014000026,48.74621680300004,8.912102256000026,57623.731970452245,Oilseed Rape,not reported,Sep,Jul,assigned,NA,9,7,2021-09-01,2022-07-01,9.06426068869504,18.79870505766435,50.26566469669342,404.0403649358389,70.71131084953288,134,0.5213943764446854,0.9437687796801776,98.23212339072458,37.72614189765383,1.238634705543518,2.709020853042603,1.774113277594249,Ihinger Hof Field,345,177,478,NA,2008,14,Ih_4_2022
2022,NA,NA,wr,Ih_4_18,NA,2.636461538461538,koch25,t/ha,18,IhingerHof,48.74490478175978,8.90982707000781,NA,NA,hedge,normal,NA,NA,NA,NA,NA,NA,NA,NA,NA,NA,NA,NA,NA,NA,NA,Ih_4_18m_2022,1,rapeseed,2.636461538461538,NA,2022,0,48.745054396321954,8.90991289509535,48.743878865000056,8.907892014000026,48.74621680300004,8.912102256000026,57623.731970452245,Oilseed Rape,not reported,Sep,Jul,assigned,NA,9,7,2021-09-01,2022-07-01,9.06426068869504,18.79870505766435,50.26566469669342,404.0403649358389,70.71131084953288,134,0.5213943764446854,0.9437687796801776,98.23212339072458,37.72614189765383,1.238634705543518,2.709020853042603,1.774113277594249,Ihinger Hof Field,345,177,478,NA,2008,14,Ih_4_2022
2022,NA,NA,wr,Ih_4_24,NA,0.3104,koch25,t/ha,24,IhingerHof,48.74490478175978,8.90982707000781,NA,NA,hedge,normal,NA,NA,NA,NA,NA,NA,NA,NA,NA,NA,NA,NA,NA,NA,NA,Ih_4_24m_2022,1,rapeseed,0.3104,NA,2022,0,48.745054396321954,8.90991289509535,48.743878865000056,8.907892014000026,48.74621680300004,8.912102256000026,57623.731970452245,Oilseed Rape,not reported,Sep,Jul,assigned,NA,9,7,2021-09-01,2022-07-01,9.06426068869504,18.79870505766435,50.26566469669342,404.0403649358389,70.71131084953288,134,0.5213943764446854,0.9437687796801776,98.23212339072458,37.72614189765383,1.238634705543518,2.709020853042603,1.774113277594249,Ihinger Hof Field,345,177,478,NA,2008,14,Ih_4_2022
2022,NA,NA,wr,Ih_5_4,NA,2.700136363636364,koch25,t/ha,4,IhingerHof,48.74490478175978,8.90982707000781,NA,NA,walnut,normal,NA,NA,NA,NA,NA,NA,NA,NA,NA,NA,NA,NA,NA,NA,NA,Ih_5_4m_2022,1,rapeseed,2.700136363636364,NA,2022,0,48.745054396321954,8.90991289509535,48.743878865000056,8.907892014000026,48.74621680300004,8.912102256000026,57623.731970452245,Oilseed Rape,not reported,Sep,Jul,assigned,NA,9,7,2021-09-01,2022-07-01,9.06426068869504,18.79870505766435,50.26566469669342,404.0403649358389,70.71131084953288,134,0.5213943764446854,0.9437687796801776,98.23212339072458,37.72614189765383,1.238634705543518,2.709020853042603,1.774113277594249,Ihinger Hof Field,345,177,478,NA,2008,14,Ih_5_2022
2022,NA,NA,wr,Ih_5_12,NA,3.046,koch25,t/ha,12,IhingerHof,48.74490478175978,8.90982707000781,NA,NA,walnut,normal,NA,NA,NA,NA,NA,NA,NA,NA,NA,NA,NA,NA,NA,NA,NA,Ih_5_12m_2022,1,rapeseed,3.046,NA,2022,0,48.745054396321954,8.90991289509535,48.743878865000056,8.907892014000026,48.74621680300004,8.912102256000026,57623.731970452245,Oilseed Rape,not reported,Sep,Jul,assigned,NA,9,7,2021-09-01,2022-07-01,9.06426068869504,18.79870505766435,50.26566469669342,404.0403649358389,70.71131084953288,134,0.5213943764446854,0.9437687796801776,98.23212339072458,37.72614189765383,1.238634705543518,2.709020853042603,1.774113277594249,Ihinger Hof Field,345,177,478,NA,2008,14,Ih_5_2022
2022,NA,NA,wr,Ih_5_18,NA,3.0566923076923076,koch25,t/ha,18,IhingerHof,48.74490478175978,8.90982707000781,NA,NA,walnut,normal,NA,NA,NA,NA,NA,NA,NA,NA,NA,NA,NA,NA,NA,NA,NA,Ih_5_18m_2022,1,rapeseed,3.0566923076923076,NA,2022,0,48.745054396321954,8.90991289509535,48.743878865000056,8.907892014000026,48.74621680300004,8.912102256000026,57623.731970452245,Oilseed Rape,not reported,Sep,Jul,assigned,NA,9,7,2021-09-01,2022-07-01,9.06426068869504,18.79870505766435,50.26566469669342,404.0403649358389,70.71131084953288,134,0.5213943764446854,0.9437687796801776,98.23212339072458,37.72614189765383,1.238634705543518,2.709020853042603,1.774113277594249,Ihinger Hof Field,345,177,478,NA,2008,14,Ih_5_2022
2022,NA,NA,wr,Ih_5_24,NA,2.8933809523809524,koch25,t/ha,24,IhingerHof,48.74490478175978,8.90982707000781,NA,NA,walnut,normal,NA,NA,NA,NA,NA,NA,NA,NA,NA,NA,NA,NA,NA,NA,NA,Ih_5_24m_2022,1,rapeseed,2.8933809523809524,NA,2022,0,48.745054396321954,8.90991289509535,48.743878865000056,8.907892014000026,48.74621680300004,8.912102256000026,57623.731970452245,Oilseed Rape,not reported,Sep,Jul,assigned,NA,9,7,2021-09-01,2022-07-01,9.06426068869504,18.79870505766435,50.26566469669342,404.0403649358389,70.71131084953288,134,0.5213943764446854,0.9437687796801776,98.23212339072458,37.72614189765383,1.238634705543518,2.709020853042603,1.774113277594249,Ihinger Hof Field,345,177,478,NA,2008,14,Ih_5_2022
2022,NA,NA,wr,Ih_6_4,NA,2.5250833333333333,koch25,t/ha,4,IhingerHof,48.74490478175978,8.90982707000781,NA,NA,willow,normal,NA,NA,NA,NA,NA,NA,NA,NA,NA,NA,NA,NA,NA,NA,NA,Ih_6_4m_2022,1,rapeseed,2.5250833333333333,NA,2022,0,48.745054396321954,8.90991289509535,48.743878865000056,8.907892014000026,48.74621680300004,8.912102256000026,57623.731970452245,Oilseed Rape,not reported,Sep,Jul,assigned,NA,9,7,2021-09-01,2022-07-01,9.06426068869504,18.79870505766435,50.26566469669342,404.0403649358389,70.71131084953288,134,0.5213943764446854,0.9437687796801776,98.23212339072458,37.72614189765383,1.238634705543518,2.709020853042603,1.774113277594249,Ihinger Hof Field,345,177,478,NA,2008,14,Ih_6_2022
2022,NA,NA,wr,Ih_6_12,NA,2.6324444444444444,koch25,t/ha,12,IhingerHof,48.74490478175978,8.90982707000781,NA,NA,willow,normal,NA,NA,NA,NA,NA,NA,NA,NA,NA,NA,NA,NA,NA,NA,NA,Ih_6_12m_2022,1,rapeseed,2.6324444444444444,NA,2022,0,48.745054396321954,8.90991289509535,48.743878865000056,8.907892014000026,48.74621680300004,8.912102256000026,57623.731970452245,Oilseed Rape,not reported,Sep,Jul,assigned,NA,9,7,2021-09-01,2022-07-01,9.06426068869504,18.79870505766435,50.26566469669342,404.0403649358389,70.71131084953288,134,0.5213943764446854,0.9437687796801776,98.23212339072458,37.72614189765383,1.238634705543518,2.709020853042603,1.774113277594249,Ihinger Hof Field,345,177,478,NA,2008,14,Ih_6_2022
2022,NA,NA,wr,Ih_6_18,NA,2.5912272727272727,koch25,t/ha,18,IhingerHof,48.74490478175978,8.90982707000781,NA,NA,willow,normal,NA,NA,NA,NA,NA,NA,NA,NA,NA,NA,NA,NA,NA,NA,NA,Ih_6_18m_2022,1,rapeseed,2.5912272727272727,NA,2022,0,48.745054396321954,8.90991289509535,48.743878865000056,8.907892014000026,48.74621680300004,8.912102256000026,57623.731970452245,Oilseed Rape,not reported,Sep,Jul,assigned,NA,9,7,2021-09-01,2022-07-01,9.06426068869504,18.79870505766435,50.26566469669342,404.0403649358389,70.71131084953288,134,0.5213943764446854,0.9437687796801776,98.23212339072458,37.72614189765383,1.238634705543518,2.709020853042603,1.774113277594249,Ihinger Hof Field,345,177,478,NA,2008,14,Ih_6_2022
2022,NA,NA,wr,Ih_6_24,NA,3.3027115384615384,koch25,t/ha,24,IhingerHof,48.74490478175978,8.90982707000781,NA,NA,willow,normal,NA,NA,NA,NA,NA,NA,NA,NA,NA,NA,NA,NA,NA,NA,NA,Ih_6_24m_2022,1,rapeseed,3.3027115384615384,NA,2022,0,48.745054396321954,8.90991289509535,48.743878865000056,8.907892014000026,48.74621680300004,8.912102256000026,57623.731970452245,Oilseed Rape,not reported,Sep,Jul,assigned,NA,9,7,2021-09-01,2022-07-01,9.06426068869504,18.79870505766435,50.26566469669342,404.0403649358389,70.71131084953288,134,0.5213943764446854,0.9437687796801776,98.23212339072458,37.72614189765383,1.238634705543518,2.709020853042603,1.774113277594249,Ihinger Hof Field,345,177,478,NA,2008,14,Ih_6_2022
2022,NA,NA,wr,Ih_7_4,NA,2.2176410256410257,koch25,t/ha,4,IhingerHof,48.74490478175978,8.90982707000781,NA,NA,hedge,normal,NA,NA,NA,NA,NA,NA,NA,NA,NA,NA,NA,NA,NA,NA,NA,Ih_7_4m_2022,2,rapeseed,2.2176410256410257,NA,2022,0,48.745054396321954,8.90991289509535,48.743878865000056,8.907892014000026,48.74621680300004,8.912102256000026,57623.731970452245,Oilseed Rape,not reported,Sep,Jul,assigned,NA,9,7,2021-09-01,2022-07-01,9.06426068869504,18.79870505766435,50.26566469669342,404.0403649358389,70.71131084953288,134,0.5213943764446854,0.9437687796801776,98.23212339072458,37.72614189765383,1.238634705543518,2.709020853042603,1.774113277594249,Ihinger Hof Field,345,177,478,NA,2008,14,Ih_7_2022
2022,NA,NA,wr,Ih_7_12,NA,4.196862068965517,koch25,t/ha,12,IhingerHof,48.74490478175978,8.90982707000781,NA,NA,hedge,normal,NA,NA,NA,NA,NA,NA,NA,NA,NA,NA,NA,NA,NA,NA,NA,Ih_7_12m_2022,2,rapeseed,4.196862068965517,NA,2022,0,48.745054396321954,8.90991289509535,48.743878865000056,8.907892014000026,48.74621680300004,8.912102256000026,57623.731970452245,Oilseed Rape,not reported,Sep,Jul,assigned,NA,9,7,2021-09-01,2022-07-01,9.06426068869504,18.79870505766435,50.26566469669342,404.0403649358389,70.71131084953288,134,0.5213943764446854,0.9437687796801776,98.23212339072458,37.72614189765383,1.238634705543518,2.709020853042603,1.774113277594249,Ihinger Hof Field,345,177,478,NA,2008,14,Ih_7_2022
2022,NA,NA,wr,Ih_7_18,NA,2.7565,koch25,t/ha,18,IhingerHof,48.74490478175978,8.90982707000781,NA,NA,hedge,normal,NA,NA,NA,NA,NA,NA,NA,NA,NA,NA,NA,NA,NA,NA,NA,Ih_7_18m_2022,2,rapeseed,2.7565,NA,2022,0,48.745054396321954,8.90991289509535,48.743878865000056,8.907892014000026,48.74621680300004,8.912102256000026,57623.731970452245,Oilseed Rape,not reported,Sep,Jul,assigned,NA,9,7,2021-09-01,2022-07-01,9.06426068869504,18.79870505766435,50.26566469669342,404.0403649358389,70.71131084953288,134,0.5213943764446854,0.9437687796801776,98.23212339072458,37.72614189765383,1.238634705543518,2.709020853042603,1.774113277594249,Ihinger Hof Field,345,177,478,NA,2008,14,Ih_7_2022
2022,NA,NA,wr,Ih_7_24,NA,2.962516129032258,koch25,t/ha,24,IhingerHof,48.74490478175978,8.90982707000781,NA,NA,hedge,normal,NA,NA,NA,NA,NA,NA,NA,NA,NA,NA,NA,NA,NA,NA,NA,Ih_7_24m_2022,2,rapeseed,2.962516129032258,NA,2022,0,48.745054396321954,8.90991289509535,48.743878865000056,8.907892014000026,48.74621680300004,8.912102256000026,57623.731970452245,Oilseed Rape,not reported,Sep,Jul,assigned,NA,9,7,2021-09-01,2022-07-01,9.06426068869504,18.79870505766435,50.26566469669342,404.0403649358389,70.71131084953288,134,0.5213943764446854,0.9437687796801776,98.23212339072458,37.72614189765383,1.238634705543518,2.709020853042603,1.774113277594249,Ihinger Hof Field,345,177,478,NA,2008,14,Ih_7_2022
2022,NA,NA,wr,Ih_8_4,NA,2.114357142857143,koch25,t/ha,4,IhingerHof,48.74490478175978,8.90982707000781,NA,NA,willow,normal,NA,NA,NA,NA,NA,NA,NA,NA,NA,NA,NA,NA,NA,NA,NA,Ih_8_4m_2022,2,rapeseed,2.114357142857143,NA,2022,0,48.745054396321954,8.90991289509535,48.743878865000056,8.907892014000026,48.74621680300004,8.912102256000026,57623.731970452245,Oilseed Rape,not reported,Sep,Jul,assigned,NA,9,7,2021-09-01,2022-07-01,9.06426068869504,18.79870505766435,50.26566469669342,404.0403649358389,70.71131084953288,134,0.5213943764446854,0.9437687796801776,98.23212339072458,37.72614189765383,1.238634705543518,2.709020853042603,1.774113277594249,Ihinger Hof Field,345,177,478,NA,2008,14,Ih_8_2022
2022,NA,NA,wr,Ih_8_7,NA,2.6606666666666667,koch25,t/ha,7,IhingerHof,48.74490478175978,8.90982707000781,NA,NA,willow,normal,NA,NA,NA,NA,NA,NA,NA,NA,NA,NA,NA,NA,NA,NA,NA,Ih_8_7m_2022,2,rapeseed,2.6606666666666667,NA,2022,0,48.745054396321954,8.90991289509535,48.743878865000056,8.907892014000026,48.74621680300004,8.912102256000026,57623.731970452245,Oilseed Rape,not reported,Sep,Jul,assigned,NA,9,7,2021-09-01,2022-07-01,9.06426068869504,18.79870505766435,50.26566469669342,404.0403649358389,70.71131084953288,134,0.5213943764446854,0.9437687796801776,98.23212339072458,37.72614189765383,1.238634705543518,2.709020853042603,1.774113277594249,Ihinger Hof Field,345,177,478,NA,2008,14,Ih_8_2022
2022,NA,NA,wr,Ih_8_12,NA,3.585952380952381,koch25,t/ha,12,IhingerHof,48.74490478175978,8.90982707000781,NA,NA,willow,normal,NA,NA,NA,NA,NA,NA,NA,NA,NA,NA,NA,NA,NA,NA,NA,Ih_8_12m_2022,2,rapeseed,3.585952380952381,NA,2022,0,48.745054396321954,8.90991289509535,48.743878865000056,8.907892014000026,48.74621680300004,8.912102256000026,57623.731970452245,Oilseed Rape,not reported,Sep,Jul,assigned,NA,9,7,2021-09-01,2022-07-01,9.06426068869504,18.79870505766435,50.26566469669342,404.0403649358389,70.71131084953288,134,0.5213943764446854,0.9437687796801776,98.23212339072458,37.72614189765383,1.238634705543518,2.709020853042603,1.774113277594249,Ihinger Hof Field,345,177,478,NA,2008,14,Ih_8_2022
2022,NA,NA,wr,Ih_8_18,NA,3.4368367346938777,koch25,t/ha,18,IhingerHof,48.74490478175978,8.90982707000781,NA,NA,willow,normal,NA,NA,NA,NA,NA,NA,NA,NA,NA,NA,NA,NA,NA,NA,NA,Ih_8_18m_2022,2,rapeseed,3.4368367346938777,NA,2022,0,48.745054396321954,8.90991289509535,48.743878865000056,8.907892014000026,48.74621680300004,8.912102256000026,57623.731970452245,Oilseed Rape,not reported,Sep,Jul,assigned,NA,9,7,2021-09-01,2022-07-01,9.06426068869504,18.79870505766435,50.26566469669342,404.0403649358389,70.71131084953288,134,0.5213943764446854,0.9437687796801776,98.23212339072458,37.72614189765383,1.238634705543518,2.709020853042603,1.774113277594249,Ihinger Hof Field,345,177,478,NA,2008,14,Ih_8_2022
2022,NA,NA,wr,Ih_8_24,NA,3.5651458333333332,koch25,t/ha,24,IhingerHof,48.74490478175978,8.90982707000781,NA,NA,willow,normal,NA,NA,NA,NA,NA,NA,NA,NA,NA,NA,NA,NA,NA,NA,NA,Ih_8_24m_2022,2,rapeseed,3.5651458333333332,NA,2022,0,48.745054396321954,8.90991289509535,48.743878865000056,8.907892014000026,48.74621680300004,8.912102256000026,57623.731970452245,Oilseed Rape,not reported,Sep,Jul,assigned,NA,9,7,2021-09-01,2022-07-01,9.06426068869504,18.79870505766435,50.26566469669342,404.0403649358389,70.71131084953288,134,0.5213943764446854,0.9437687796801776,98.23212339072458,37.72614189765383,1.238634705543518,2.709020853042603,1.774113277594249,Ihinger Hof Field,345,177,478,NA,2008,14,Ih_8_2022
2022,NA,NA,wr,Ih_9_4,NA,2.642958333333333,koch25,t/ha,4,IhingerHof,48.74490478175978,8.90982707000781,NA,NA,walnut,normal,NA,NA,NA,NA,NA,NA,NA,NA,NA,NA,NA,NA,NA,NA,NA,Ih_9_4m_2022,2,rapeseed,2.642958333333333,NA,2022,0,48.745054396321954,8.90991289509535,48.743878865000056,8.907892014000026,48.74621680300004,8.912102256000026,57623.731970452245,Oilseed Rape,not reported,Sep,Jul,assigned,NA,9,7,2021-09-01,2022-07-01,9.06426068869504,18.79870505766435,50.26566469669342,404.0403649358389,70.71131084953288,134,0.5213943764446854,0.9437687796801776,98.23212339072458,37.72614189765383,1.238634705543518,2.709020853042603,1.774113277594249,Ihinger Hof Field,345,177,478,NA,2008,14,Ih_9_2022
2022,NA,NA,wr,Ih_9_12,NA,2.1922790697674417,koch25,t/ha,12,IhingerHof,48.74490478175978,8.90982707000781,NA,NA,walnut,normal,NA,NA,NA,NA,NA,NA,NA,NA,NA,NA,NA,NA,NA,NA,NA,Ih_9_12m_2022,2,rapeseed,2.1922790697674417,NA,2022,0,48.745054396321954,8.90991289509535,48.743878865000056,8.907892014000026,48.74621680300004,8.912102256000026,57623.731970452245,Oilseed Rape,not reported,Sep,Jul,assigned,NA,9,7,2021-09-01,2022-07-01,9.06426068869504,18.79870505766435,50.26566469669342,404.0403649358389,70.71131084953288,134,0.5213943764446854,0.9437687796801776,98.23212339072458,37.72614189765383,1.238634705543518,2.709020853042603,1.774113277594249,Ihinger Hof Field,345,177,478,NA,2008,14,Ih_9_2022
2022,NA,NA,wr,Ih_9_18,NA,2.71325,koch25,t/ha,18,IhingerHof,48.74490478175978,8.90982707000781,NA,NA,walnut,normal,NA,NA,NA,NA,NA,NA,NA,NA,NA,NA,NA,NA,NA,NA,NA,Ih_9_18m_2022,2,rapeseed,2.71325,NA,2022,0,48.745054396321954,8.90991289509535,48.743878865000056,8.907892014000026,48.74621680300004,8.912102256000026,57623.731970452245,Oilseed Rape,not reported,Sep,Jul,assigned,NA,9,7,2021-09-01,2022-07-01,9.06426068869504,18.79870505766435,50.26566469669342,404.0403649358389,70.71131084953288,134,0.5213943764446854,0.9437687796801776,98.23212339072458,37.72614189765383,1.238634705543518,2.709020853042603,1.774113277594249,Ihinger Hof Field,345,177,478,NA,2008,14,Ih_9_2022
2022,NA,NA,wr,Ih_9_24,NA,2.994153846153846,koch25,t/ha,24,IhingerHof,48.74490478175978,8.90982707000781,NA,NA,walnut,normal,NA,NA,NA,NA,NA,NA,NA,NA,NA,NA,NA,NA,NA,NA,NA,Ih_9_24m_2022,2,rapeseed,2.994153846153846,NA,2022,0,48.745054396321954,8.90991289509535,48.743878865000056,8.907892014000026,48.74621680300004,8.912102256000026,57623.731970452245,Oilseed Rape,not reported,Sep,Jul,assigned,NA,9,7,2021-09-01,2022-07-01,9.06426068869504,18.79870505766435,50.26566469669342,404.0403649358389,70.71131084953288,134,0.5213943764446854,0.9437687796801776,98.23212339072458,37.72614189765383,1.238634705543518,2.709020853042603,1.774113277594249,Ihinger Hof Field,345,177,478,NA,2008,14,Ih_9_2022
2022,NA,NA,wr,Ih_10_4,NA,2.7506909090909093,koch25,t/ha,4,IhingerHof,48.74490478175978,8.90982707000781,NA,NA,walnut,normal,NA,NA,NA,NA,NA,NA,NA,NA,NA,NA,NA,NA,NA,NA,NA,Ih_10_4m_2022,2,rapeseed,2.7506909090909093,NA,2022,0,48.745054396321954,8.90991289509535,48.743878865000056,8.907892014000026,48.74621680300004,8.912102256000026,57623.731970452245,Oilseed Rape,not reported,Sep,Jul,assigned,NA,9,7,2021-09-01,2022-07-01,9.06426068869504,18.79870505766435,50.26566469669342,404.0403649358389,70.71131084953288,134,0.5213943764446854,0.9437687796801776,98.23212339072458,37.72614189765383,1.238634705543518,2.709020853042603,1.774113277594249,Ihinger Hof Field,345,177,478,NA,2008,14,Ih_10_2022
2022,NA,NA,wr,Ih_10_12,NA,2.642095238095238,koch25,t/ha,12,IhingerHof,48.74490478175978,8.90982707000781,NA,NA,walnut,normal,NA,NA,NA,NA,NA,NA,NA,NA,NA,NA,NA,NA,NA,NA,NA,Ih_10_12m_2022,2,rapeseed,2.642095238095238,NA,2022,0,48.745054396321954,8.90991289509535,48.743878865000056,8.907892014000026,48.74621680300004,8.912102256000026,57623.731970452245,Oilseed Rape,not reported,Sep,Jul,assigned,NA,9,7,2021-09-01,2022-07-01,9.06426068869504,18.79870505766435,50.26566469669342,404.0403649358389,70.71131084953288,134,0.5213943764446854,0.9437687796801776,98.23212339072458,37.72614189765383,1.238634705543518,2.709020853042603,1.774113277594249,Ihinger Hof Field,345,177,478,NA,2008,14,Ih_10_2022
2022,NA,NA,wr,Ih_10_18,NA,2.8161372549019608,koch25,t/ha,18,IhingerHof,48.74490478175978,8.90982707000781,NA,NA,walnut,normal,NA,NA,NA,NA,NA,NA,NA,NA,NA,NA,NA,NA,NA,NA,NA,Ih_10_18m_2022,2,rapeseed,2.8161372549019608,NA,2022,0,48.745054396321954,8.90991289509535,48.743878865000056,8.907892014000026,48.74621680300004,8.912102256000026,57623.731970452245,Oilseed Rape,not reported,Sep,Jul,assigned,NA,9,7,2021-09-01,2022-07-01,9.06426068869504,18.79870505766435,50.26566469669342,404.0403649358389,70.71131084953288,134,0.5213943764446854,0.9437687796801776,98.23212339072458,37.72614189765383,1.238634705543518,2.709020853042603,1.774113277594249,Ihinger Hof Field,345,177,478,NA,2008,14,Ih_10_2022
2022,NA,NA,wr,Ih_10_24,NA,3.1493191489361703,koch25,t/ha,24,IhingerHof,48.74490478175978,8.90982707000781,NA,NA,walnut,normal,NA,NA,NA,NA,NA,NA,NA,NA,NA,NA,NA,NA,NA,NA,NA,Ih_10_24m_2022,2,rapeseed,3.1493191489361703,NA,2022,0,48.745054396321954,8.90991289509535,48.743878865000056,8.907892014000026,48.74621680300004,8.912102256000026,57623.731970452245,Oilseed Rape,not reported,Sep,Jul,assigned,NA,9,7,2021-09-01,2022-07-01,9.06426068869504,18.79870505766435,50.26566469669342,404.0403649358389,70.71131084953288,134,0.5213943764446854,0.9437687796801776,98.23212339072458,37.72614189765383,1.238634705543518,2.709020853042603,1.774113277594249,Ihinger Hof Field,345,177,478,NA,2008,14,Ih_10_2022
2022,NA,NA,wr,Ih_11_4,NA,3.365846153846154,koch25,t/ha,4,IhingerHof,48.74490478175978,8.90982707000781,NA,NA,willow,normal,NA,NA,NA,NA,NA,NA,NA,NA,NA,NA,NA,NA,NA,NA,NA,Ih_11_4m_2022,2,rapeseed,3.365846153846154,NA,2022,0,48.745054396321954,8.90991289509535,48.743878865000056,8.907892014000026,48.74621680300004,8.912102256000026,57623.731970452245,Oilseed Rape,not reported,Sep,Jul,assigned,NA,9,7,2021-09-01,2022-07-01,9.06426068869504,18.79870505766435,50.26566469669342,404.0403649358389,70.71131084953288,134,0.5213943764446854,0.9437687796801776,98.23212339072458,37.72614189765383,1.238634705543518,2.709020853042603,1.774113277594249,Ihinger Hof Field,345,177,478,NA,2008,14,Ih_11_2022
2022,NA,NA,wr,Ih_11_12,NA,3.133488888888889,koch25,t/ha,12,IhingerHof,48.74490478175978,8.90982707000781,NA,NA,willow,normal,NA,NA,NA,NA,NA,NA,NA,NA,NA,NA,NA,NA,NA,NA,NA,Ih_11_12m_2022,2,rapeseed,3.133488888888889,NA,2022,0,48.745054396321954,8.90991289509535,48.743878865000056,8.907892014000026,48.74621680300004,8.912102256000026,57623.731970452245,Oilseed Rape,not reported,Sep,Jul,assigned,NA,9,7,2021-09-01,2022-07-01,9.06426068869504,18.79870505766435,50.26566469669342,404.0403649358389,70.71131084953288,134,0.5213943764446854,0.9437687796801776,98.23212339072458,37.72614189765383,1.238634705543518,2.709020853042603,1.774113277594249,Ihinger Hof Field,345,177,478,NA,2008,14,Ih_11_2022
2022,NA,NA,wr,Ih_11_18,NA,3.3230625,koch25,t/ha,18,IhingerHof,48.74490478175978,8.90982707000781,NA,NA,willow,normal,NA,NA,NA,NA,NA,NA,NA,NA,NA,NA,NA,NA,NA,NA,NA,Ih_11_18m_2022,2,rapeseed,3.3230625,NA,2022,0,48.745054396321954,8.90991289509535,48.743878865000056,8.907892014000026,48.74621680300004,8.912102256000026,57623.731970452245,Oilseed Rape,not reported,Sep,Jul,assigned,NA,9,7,2021-09-01,2022-07-01,9.06426068869504,18.79870505766435,50.26566469669342,404.0403649358389,70.71131084953288,134,0.5213943764446854,0.9437687796801776,98.23212339072458,37.72614189765383,1.238634705543518,2.709020853042603,1.774113277594249,Ihinger Hof Field,345,177,478,NA,2008,14,Ih_11_2022
2022,NA,NA,wr,Ih_11_24,NA,3.5501960784313726,koch25,t/ha,24,IhingerHof,48.74490478175978,8.90982707000781,NA,NA,willow,normal,NA,NA,NA,NA,NA,NA,NA,NA,NA,NA,NA,NA,NA,NA,NA,Ih_11_24m_2022,2,rapeseed,3.5501960784313726,NA,2022,0,48.745054396321954,8.90991289509535,48.743878865000056,8.907892014000026,48.74621680300004,8.912102256000026,57623.731970452245,Oilseed Rape,not reported,Sep,Jul,assigned,NA,9,7,2021-09-01,2022-07-01,9.06426068869504,18.79870505766435,50.26566469669342,404.0403649358389,70.71131084953288,134,0.5213943764446854,0.9437687796801776,98.23212339072458,37.72614189765383,1.238634705543518,2.709020853042603,1.774113277594249,Ihinger Hof Field,345,177,478,NA,2008,14,Ih_11_2022
2022,NA,NA,wr,Ih_12_4,NA,3.598736842105263,koch25,t/ha,4,IhingerHof,48.74490478175978,8.90982707000781,NA,NA,hedge,normal,NA,NA,NA,NA,NA,NA,NA,NA,NA,NA,NA,NA,NA,NA,NA,Ih_12_4m_2022,2,rapeseed,3.598736842105263,NA,2022,0,48.745054396321954,8.90991289509535,48.743878865000056,8.907892014000026,48.74621680300004,8.912102256000026,57623.731970452245,Oilseed Rape,not reported,Sep,Jul,assigned,NA,9,7,2021-09-01,2022-07-01,9.06426068869504,18.79870505766435,50.26566469669342,404.0403649358389,70.71131084953288,134,0.5213943764446854,0.9437687796801776,98.23212339072458,37.72614189765383,1.238634705543518,2.709020853042603,1.774113277594249,Ihinger Hof Field,345,177,478,NA,2008,14,Ih_12_2022
2022,NA,NA,wr,Ih_12_12,NA,3.4592894736842106,koch25,t/ha,12,IhingerHof,48.74490478175978,8.90982707000781,NA,NA,hedge,normal,NA,NA,NA,NA,NA,NA,NA,NA,NA,NA,NA,NA,NA,NA,NA,Ih_12_12m_2022,2,rapeseed,3.4592894736842106,NA,2022,0,48.745054396321954,8.90991289509535,48.743878865000056,8.907892014000026,48.74621680300004,8.912102256000026,57623.731970452245,Oilseed Rape,not reported,Sep,Jul,assigned,NA,9,7,2021-09-01,2022-07-01,9.06426068869504,18.79870505766435,50.26566469669342,404.0403649358389,70.71131084953288,134,0.5213943764446854,0.9437687796801776,98.23212339072458,37.72614189765383,1.238634705543518,2.709020853042603,1.774113277594249,Ihinger Hof Field,345,177,478,NA,2008,14,Ih_12_2022
2022,NA,NA,wr,Ih_12_18,NA,3.358368421052631,koch25,t/ha,18,IhingerHof,48.74490478175978,8.90982707000781,NA,NA,hedge,normal,NA,NA,NA,NA,NA,NA,NA,NA,NA,NA,NA,NA,NA,NA,NA,Ih_12_18m_2022,2,rapeseed,3.358368421052631,NA,2022,0,48.745054396321954,8.90991289509535,48.743878865000056,8.907892014000026,48.74621680300004,8.912102256000026,57623.731970452245,Oilseed Rape,not reported,Sep,Jul,assigned,NA,9,7,2021-09-01,2022-07-01,9.06426068869504,18.79870505766435,50.26566469669342,404.0403649358389,70.71131084953288,134,0.5213943764446854,0.9437687796801776,98.23212339072458,37.72614189765383,1.238634705543518,2.709020853042603,1.774113277594249,Ihinger Hof Field,345,177,478,NA,2008,14,Ih_12_2022
2022,NA,NA,wr,Ih_12_24,NA,3.5028048780487806,koch25,t/ha,24,IhingerHof,48.74490478175978,8.90982707000781,NA,NA,hedge,normal,NA,NA,NA,NA,NA,NA,NA,NA,NA,NA,NA,NA,NA,NA,NA,Ih_12_24m_2022,2,rapeseed,3.5028048780487806,NA,2022,0,48.745054396321954,8.90991289509535,48.743878865000056,8.907892014000026,48.74621680300004,8.912102256000026,57623.731970452245,Oilseed Rape,not reported,Sep,Jul,assigned,NA,9,7,2021-09-01,2022-07-01,9.06426068869504,18.79870505766435,50.26566469669342,404.0403649358389,70.71131084953288,134,0.5213943764446854,0.9437687796801776,98.23212339072458,37.72614189765383,1.238634705543518,2.709020853042603,1.774113277594249,Ihinger Hof Field,345,177,478,NA,2008,14,Ih_12_2022
2022,NA,NA,wr,Ih_13_4,NA,2.90718,koch25,t/ha,4,IhingerHof,48.74490478175978,8.90982707000781,NA,NA,walnut,normal,NA,NA,NA,NA,NA,NA,NA,NA,NA,NA,NA,NA,NA,NA,NA,Ih_13_4m_2022,3,rapeseed,2.90718,NA,2022,0,48.745054396321954,8.90991289509535,48.743878865000056,8.907892014000026,48.74621680300004,8.912102256000026,57623.731970452245,Oilseed Rape,not reported,Sep,Jul,assigned,NA,9,7,2021-09-01,2022-07-01,9.06426068869504,18.79870505766435,50.26566469669342,404.0403649358389,70.71131084953288,134,0.5213943764446854,0.9437687796801776,98.23212339072458,37.72614189765383,1.238634705543518,2.709020853042603,1.774113277594249,Ihinger Hof Field,345,177,478,NA,2008,14,Ih_13_2022
2022,NA,NA,wr,Ih_13_12,NA,2.6055853658536585,koch25,t/ha,12,IhingerHof,48.74490478175978,8.90982707000781,NA,NA,walnut,normal,NA,NA,NA,NA,NA,NA,NA,NA,NA,NA,NA,NA,NA,NA,NA,Ih_13_12m_2022,3,rapeseed,2.6055853658536585,NA,2022,0,48.745054396321954,8.90991289509535,48.743878865000056,8.907892014000026,48.74621680300004,8.912102256000026,57623.731970452245,Oilseed Rape,not reported,Sep,Jul,assigned,NA,9,7,2021-09-01,2022-07-01,9.06426068869504,18.79870505766435,50.26566469669342,404.0403649358389,70.71131084953288,134,0.5213943764446854,0.9437687796801776,98.23212339072458,37.72614189765383,1.238634705543518,2.709020853042603,1.774113277594249,Ihinger Hof Field,345,177,478,NA,2008,14,Ih_13_2022
2022,NA,NA,wr,Ih_13_18,NA,2.871369565217391,koch25,t/ha,18,IhingerHof,48.74490478175978,8.90982707000781,NA,NA,walnut,normal,NA,NA,NA,NA,NA,NA,NA,NA,NA,NA,NA,NA,NA,NA,NA,Ih_13_18m_2022,3,rapeseed,2.871369565217391,NA,2022,0,48.745054396321954,8.90991289509535,48.743878865000056,8.907892014000026,48.74621680300004,8.912102256000026,57623.731970452245,Oilseed Rape,not reported,Sep,Jul,assigned,NA,9,7,2021-09-01,2022-07-01,9.06426068869504,18.79870505766435,50.26566469669342,404.0403649358389,70.71131084953288,134,0.5213943764446854,0.9437687796801776,98.23212339072458,37.72614189765383,1.238634705543518,2.709020853042603,1.774113277594249,Ihinger Hof Field,345,177,478,NA,2008,14,Ih_13_2022
2022,NA,NA,wr,Ih_13_24,NA,2.9696666666666665,koch25,t/ha,24,IhingerHof,48.74490478175978,8.90982707000781,NA,NA,walnut,normal,NA,NA,NA,NA,NA,NA,NA,NA,NA,NA,NA,NA,NA,NA,NA,Ih_13_24m_2022,3,rapeseed,2.9696666666666665,NA,2022,0,48.745054396321954,8.90991289509535,48.743878865000056,8.907892014000026,48.74621680300004,8.912102256000026,57623.731970452245,Oilseed Rape,not reported,Sep,Jul,assigned,NA,9,7,2021-09-01,2022-07-01,9.06426068869504,18.79870505766435,50.26566469669342,404.0403649358389,70.71131084953288,134,0.5213943764446854,0.9437687796801776,98.23212339072458,37.72614189765383,1.238634705543518,2.709020853042603,1.774113277594249,Ihinger Hof Field,345,177,478,NA,2008,14,Ih_13_2022
2022,NA,NA,wr,Ih_14_4,NA,2.9438235294117647,koch25,t/ha,4,IhingerHof,48.74490478175978,8.90982707000781,NA,NA,hedge,normal,NA,NA,NA,NA,NA,NA,NA,NA,NA,NA,NA,NA,NA,NA,NA,Ih_14_4m_2022,3,rapeseed,2.9438235294117647,NA,2022,0,48.745054396321954,8.90991289509535,48.743878865000056,8.907892014000026,48.74621680300004,8.912102256000026,57623.731970452245,Oilseed Rape,not reported,Sep,Jul,assigned,NA,9,7,2021-09-01,2022-07-01,9.06426068869504,18.79870505766435,50.26566469669342,404.0403649358389,70.71131084953288,134,0.5213943764446854,0.9437687796801776,98.23212339072458,37.72614189765383,1.238634705543518,2.709020853042603,1.774113277594249,Ihinger Hof Field,345,177,478,NA,2008,14,Ih_14_2022
2022,NA,NA,wr,Ih_14_12,NA,2.7379,koch25,t/ha,12,IhingerHof,48.74490478175978,8.90982707000781,NA,NA,hedge,normal,NA,NA,NA,NA,NA,NA,NA,NA,NA,NA,NA,NA,NA,NA,NA,Ih_14_12m_2022,3,rapeseed,2.7379,NA,2022,0,48.745054396321954,8.90991289509535,48.743878865000056,8.907892014000026,48.74621680300004,8.912102256000026,57623.731970452245,Oilseed Rape,not reported,Sep,Jul,assigned,NA,9,7,2021-09-01,2022-07-01,9.06426068869504,18.79870505766435,50.26566469669342,404.0403649358389,70.71131084953288,134,0.5213943764446854,0.9437687796801776,98.23212339072458,37.72614189765383,1.238634705543518,2.709020853042603,1.774113277594249,Ihinger Hof Field,345,177,478,NA,2008,14,Ih_14_2022
2022,NA,NA,wr,Ih_14_18,NA,3.088212121212121,koch25,t/ha,18,IhingerHof,48.74490478175978,8.90982707000781,NA,NA,hedge,normal,NA,NA,NA,NA,NA,NA,NA,NA,NA,NA,NA,NA,NA,NA,NA,Ih_14_18m_2022,3,rapeseed,3.088212121212121,NA,2022,0,48.745054396321954,8.90991289509535,48.743878865000056,8.907892014000026,48.74621680300004,8.912102256000026,57623.731970452245,Oilseed Rape,not reported,Sep,Jul,assigned,NA,9,7,2021-09-01,2022-07-01,9.06426068869504,18.79870505766435,50.26566469669342,404.0403649358389,70.71131084953288,134,0.5213943764446854,0.9437687796801776,98.23212339072458,37.72614189765383,1.238634705543518,2.709020853042603,1.774113277594249,Ihinger Hof Field,345,177,478,NA,2008,14,Ih_14_2022
2022,NA,NA,wr,Ih_14_24,NA,3.5068378378378378,koch25,t/ha,24,IhingerHof,48.74490478175978,8.90982707000781,NA,NA,hedge,normal,NA,NA,NA,NA,NA,NA,NA,NA,NA,NA,NA,NA,NA,NA,NA,Ih_14_24m_2022,3,rapeseed,3.5068378378378378,NA,2022,0,48.745054396321954,8.90991289509535,48.743878865000056,8.907892014000026,48.74621680300004,8.912102256000026,57623.731970452245,Oilseed Rape,not reported,Sep,Jul,assigned,NA,9,7,2021-09-01,2022-07-01,9.06426068869504,18.79870505766435,50.26566469669342,404.0403649358389,70.71131084953288,134,0.5213943764446854,0.9437687796801776,98.23212339072458,37.72614189765383,1.238634705543518,2.709020853042603,1.774113277594249,Ihinger Hof Field,345,177,478,NA,2008,14,Ih_14_2022
2022,NA,NA,wr,Ih_15_4,NA,1.6519166666666667,koch25,t/ha,4,IhingerHof,48.74490478175978,8.90982707000781,NA,NA,willow,normal,NA,NA,NA,NA,NA,NA,NA,NA,NA,NA,NA,NA,NA,NA,NA,Ih_15_4m_2022,3,rapeseed,1.6519166666666667,NA,2022,0,48.745054396321954,8.90991289509535,48.743878865000056,8.907892014000026,48.74621680300004,8.912102256000026,57623.731970452245,Oilseed Rape,not reported,Sep,Jul,assigned,NA,9,7,2021-09-01,2022-07-01,9.06426068869504,18.79870505766435,50.26566469669342,404.0403649358389,70.71131084953288,134,0.5213943764446854,0.9437687796801776,98.23212339072458,37.72614189765383,1.238634705543518,2.709020853042603,1.774113277594249,Ihinger Hof Field,345,177,478,NA,2008,14,Ih_15_2022
2022,NA,NA,wr,Ih_15_12,NA,2.1812558139534883,koch25,t/ha,12,IhingerHof,48.74490478175978,8.90982707000781,NA,NA,willow,normal,NA,NA,NA,NA,NA,NA,NA,NA,NA,NA,NA,NA,NA,NA,NA,Ih_15_12m_2022,3,rapeseed,2.1812558139534883,NA,2022,0,48.745054396321954,8.90991289509535,48.743878865000056,8.907892014000026,48.74621680300004,8.912102256000026,57623.731970452245,Oilseed Rape,not reported,Sep,Jul,assigned,NA,9,7,2021-09-01,2022-07-01,9.06426068869504,18.79870505766435,50.26566469669342,404.0403649358389,70.71131084953288,134,0.5213943764446854,0.9437687796801776,98.23212339072458,37.72614189765383,1.238634705543518,2.709020853042603,1.774113277594249,Ihinger Hof Field,345,177,478,NA,2008,14,Ih_15_2022
2022,NA,NA,wr,Ih_15_18,NA,2.93498,koch25,t/ha,18,IhingerHof,48.74490478175978,8.90982707000781,NA,NA,willow,normal,NA,NA,NA,NA,NA,NA,NA,NA,NA,NA,NA,NA,NA,NA,NA,Ih_15_18m_2022,3,rapeseed,2.93498,NA,2022,0,48.745054396321954,8.90991289509535,48.743878865000056,8.907892014000026,48.74621680300004,8.912102256000026,57623.731970452245,Oilseed Rape,not reported,Sep,Jul,assigned,NA,9,7,2021-09-01,2022-07-01,9.06426068869504,18.79870505766435,50.26566469669342,404.0403649358389,70.71131084953288,134,0.5213943764446854,0.9437687796801776,98.23212339072458,37.72614189765383,1.238634705543518,2.709020853042603,1.774113277594249,Ihinger Hof Field,345,177,478,NA,2008,14,Ih_15_2022
2022,NA,NA,wr,Ih_15_24,NA,3.345056603773585,koch25,t/ha,24,IhingerHof,48.74490478175978,8.90982707000781,NA,NA,willow,normal,NA,NA,NA,NA,NA,NA,NA,NA,NA,NA,NA,NA,NA,NA,NA,Ih_15_24m_2022,3,rapeseed,3.345056603773585,NA,2022,0,48.745054396321954,8.90991289509535,48.743878865000056,8.907892014000026,48.74621680300004,8.912102256000026,57623.731970452245,Oilseed Rape,not reported,Sep,Jul,assigned,NA,9,7,2021-09-01,2022-07-01,9.06426068869504,18.79870505766435,50.26566469669342,404.0403649358389,70.71131084953288,134,0.5213943764446854,0.9437687796801776,98.23212339072458,37.72614189765383,1.238634705543518,2.709020853042603,1.774113277594249,Ihinger Hof Field,345,177,478,NA,2008,14,Ih_15_2022
2022,NA,NA,wr,Ih_16_4,NA,1.6193333333333333,koch25,t/ha,4,IhingerHof,48.74490478175978,8.90982707000781,NA,NA,willow,normal,NA,NA,NA,NA,NA,NA,NA,NA,NA,NA,NA,NA,NA,NA,NA,Ih_16_4m_2022,3,rapeseed,1.6193333333333333,NA,2022,0,48.745054396321954,8.90991289509535,48.743878865000056,8.907892014000026,48.74621680300004,8.912102256000026,57623.731970452245,Oilseed Rape,not reported,Sep,Jul,assigned,NA,9,7,2021-09-01,2022-07-01,9.06426068869504,18.79870505766435,50.26566469669342,404.0403649358389,70.71131084953288,134,0.5213943764446854,0.9437687796801776,98.23212339072458,37.72614189765383,1.238634705543518,2.709020853042603,1.774113277594249,Ihinger Hof Field,345,177,478,NA,2008,14,Ih_16_2022
2022,NA,NA,wr,Ih_16_12,NA,2.1043725490196077,koch25,t/ha,12,IhingerHof,48.74490478175978,8.90982707000781,NA,NA,willow,normal,NA,NA,NA,NA,NA,NA,NA,NA,NA,NA,NA,NA,NA,NA,NA,Ih_16_12m_2022,3,rapeseed,2.1043725490196077,NA,2022,0,48.745054396321954,8.90991289509535,48.743878865000056,8.907892014000026,48.74621680300004,8.912102256000026,57623.731970452245,Oilseed Rape,not reported,Sep,Jul,assigned,NA,9,7,2021-09-01,2022-07-01,9.06426068869504,18.79870505766435,50.26566469669342,404.0403649358389,70.71131084953288,134,0.5213943764446854,0.9437687796801776,98.23212339072458,37.72614189765383,1.238634705543518,2.709020853042603,1.774113277594249,Ihinger Hof Field,345,177,478,NA,2008,14,Ih_16_2022
2022,NA,NA,wr,Ih_16_18,NA,2.3338297872340426,koch25,t/ha,18,IhingerHof,48.74490478175978,8.90982707000781,NA,NA,willow,normal,NA,NA,NA,NA,NA,NA,NA,NA,NA,NA,NA,NA,NA,NA,NA,Ih_16_18m_2022,3,rapeseed,2.3338297872340426,NA,2022,0,48.745054396321954,8.90991289509535,48.743878865000056,8.907892014000026,48.74621680300004,8.912102256000026,57623.731970452245,Oilseed Rape,not reported,Sep,Jul,assigned,NA,9,7,2021-09-01,2022-07-01,9.06426068869504,18.79870505766435,50.26566469669342,404.0403649358389,70.71131084953288,134,0.5213943764446854,0.9437687796801776,98.23212339072458,37.72614189765383,1.238634705543518,2.709020853042603,1.774113277594249,Ihinger Hof Field,345,177,478,NA,2008,14,Ih_16_2022
2022,NA,NA,wr,Ih_16_24,NA,2.62604,koch25,t/ha,24,IhingerHof,48.74490478175978,8.90982707000781,NA,NA,willow,normal,NA,NA,NA,NA,NA,NA,NA,NA,NA,NA,NA,NA,NA,NA,NA,Ih_16_24m_2022,3,rapeseed,2.62604,NA,2022,0,48.745054396321954,8.90991289509535,48.743878865000056,8.907892014000026,48.74621680300004,8.912102256000026,57623.731970452245,Oilseed Rape,not reported,Sep,Jul,assigned,NA,9,7,2021-09-01,2022-07-01,9.06426068869504,18.79870505766435,50.26566469669342,404.0403649358389,70.71131084953288,134,0.5213943764446854,0.9437687796801776,98.23212339072458,37.72614189765383,1.238634705543518,2.709020853042603,1.774113277594249,Ihinger Hof Field,345,177,478,NA,2008,14,Ih_16_2022
2022,NA,NA,wr,Ih_17_4,NA,2.821,koch25,t/ha,4,IhingerHof,48.74490478175978,8.90982707000781,NA,NA,hedge,normal,NA,NA,NA,NA,NA,NA,NA,NA,NA,NA,NA,NA,NA,NA,NA,Ih_17_4m_2022,3,rapeseed,2.821,NA,2022,0,48.745054396321954,8.90991289509535,48.743878865000056,8.907892014000026,48.74621680300004,8.912102256000026,57623.731970452245,Oilseed Rape,not reported,Sep,Jul,assigned,NA,9,7,2021-09-01,2022-07-01,9.06426068869504,18.79870505766435,50.26566469669342,404.0403649358389,70.71131084953288,134,0.5213943764446854,0.9437687796801776,98.23212339072458,37.72614189765383,1.238634705543518,2.709020853042603,1.774113277594249,Ihinger Hof Field,345,177,478,NA,2008,14,Ih_17_2022
2022,NA,NA,wr,Ih_17_12,NA,2.364777777777778,koch25,t/ha,12,IhingerHof,48.74490478175978,8.90982707000781,NA,NA,hedge,normal,NA,NA,NA,NA,NA,NA,NA,NA,NA,NA,NA,NA,NA,NA,NA,Ih_17_12m_2022,3,rapeseed,2.364777777777778,NA,2022,0,48.745054396321954,8.90991289509535,48.743878865000056,8.907892014000026,48.74621680300004,8.912102256000026,57623.731970452245,Oilseed Rape,not reported,Sep,Jul,assigned,NA,9,7,2021-09-01,2022-07-01,9.06426068869504,18.79870505766435,50.26566469669342,404.0403649358389,70.71131084953288,134,0.5213943764446854,0.9437687796801776,98.23212339072458,37.72614189765383,1.238634705543518,2.709020853042603,1.774113277594249,Ihinger Hof Field,345,177,478,NA,2008,14,Ih_17_2022
2022,NA,NA,wr,Ih_17_18,NA,2.442823529411765,koch25,t/ha,18,IhingerHof,48.74490478175978,8.90982707000781,NA,NA,hedge,normal,NA,NA,NA,NA,NA,NA,NA,NA,NA,NA,NA,NA,NA,NA,NA,Ih_17_18m_2022,3,rapeseed,2.442823529411765,NA,2022,0,48.745054396321954,8.90991289509535,48.743878865000056,8.907892014000026,48.74621680300004,8.912102256000026,57623.731970452245,Oilseed Rape,not reported,Sep,Jul,assigned,NA,9,7,2021-09-01,2022-07-01,9.06426068869504,18.79870505766435,50.26566469669342,404.0403649358389,70.71131084953288,134,0.5213943764446854,0.9437687796801776,98.23212339072458,37.72614189765383,1.238634705543518,2.709020853042603,1.774113277594249,Ihinger Hof Field,345,177,478,NA,2008,14,Ih_17_2022
2022,NA,NA,wr,Ih_17_24,NA,3.1328823529411767,koch25,t/ha,24,IhingerHof,48.74490478175978,8.90982707000781,NA,NA,hedge,normal,NA,NA,NA,NA,NA,NA,NA,NA,NA,NA,NA,NA,NA,NA,NA,Ih_17_24m_2022,3,rapeseed,3.1328823529411767,NA,2022,0,48.745054396321954,8.90991289509535,48.743878865000056,8.907892014000026,48.74621680300004,8.912102256000026,57623.731970452245,Oilseed Rape,not reported,Sep,Jul,assigned,NA,9,7,2021-09-01,2022-07-01,9.06426068869504,18.79870505766435,50.26566469669342,404.0403649358389,70.71131084953288,134,0.5213943764446854,0.9437687796801776,98.23212339072458,37.72614189765383,1.238634705543518,2.709020853042603,1.774113277594249,Ihinger Hof Field,345,177,478,NA,2008,14,Ih_17_2022
2022,NA,NA,wr,Ih_18_4,NA,2.9742549019607845,koch25,t/ha,4,IhingerHof,48.74490478175978,8.90982707000781,NA,NA,walnut,normal,NA,NA,NA,NA,NA,NA,NA,NA,NA,NA,NA,NA,NA,NA,NA,Ih_18_4m_2022,3,rapeseed,2.9742549019607845,NA,2022,0,48.745054396321954,8.90991289509535,48.743878865000056,8.907892014000026,48.74621680300004,8.912102256000026,57623.731970452245,Oilseed Rape,not reported,Sep,Jul,assigned,NA,9,7,2021-09-01,2022-07-01,9.06426068869504,18.79870505766435,50.26566469669342,404.0403649358389,70.71131084953288,134,0.5213943764446854,0.9437687796801776,98.23212339072458,37.72614189765383,1.238634705543518,2.709020853042603,1.774113277594249,Ihinger Hof Field,345,177,478,NA,2008,14,Ih_18_2022
2022,NA,NA,wr,Ih_18_12,NA,2.78898,koch25,t/ha,12,IhingerHof,48.74490478175978,8.90982707000781,NA,NA,walnut,normal,NA,NA,NA,NA,NA,NA,NA,NA,NA,NA,NA,NA,NA,NA,NA,Ih_18_12m_2022,3,rapeseed,2.78898,NA,2022,0,48.745054396321954,8.90991289509535,48.743878865000056,8.907892014000026,48.74621680300004,8.912102256000026,57623.731970452245,Oilseed Rape,not reported,Sep,Jul,assigned,NA,9,7,2021-09-01,2022-07-01,9.06426068869504,18.79870505766435,50.26566469669342,404.0403649358389,70.71131084953288,134,0.5213943764446854,0.9437687796801776,98.23212339072458,37.72614189765383,1.238634705543518,2.709020853042603,1.774113277594249,Ihinger Hof Field,345,177,478,NA,2008,14,Ih_18_2022
2022,NA,NA,wr,Ih_18_18,NA,2.97962,koch25,t/ha,18,IhingerHof,48.74490478175978,8.90982707000781,NA,NA,walnut,normal,NA,NA,NA,NA,NA,NA,NA,NA,NA,NA,NA,NA,NA,NA,NA,Ih_18_18m_2022,3,rapeseed,2.97962,NA,2022,0,48.745054396321954,8.90991289509535,48.743878865000056,8.907892014000026,48.74621680300004,8.912102256000026,57623.731970452245,Oilseed Rape,not reported,Sep,Jul,assigned,NA,9,7,2021-09-01,2022-07-01,9.06426068869504,18.79870505766435,50.26566469669342,404.0403649358389,70.71131084953288,134,0.5213943764446854,0.9437687796801776,98.23212339072458,37.72614189765383,1.238634705543518,2.709020853042603,1.774113277594249,Ihinger Hof Field,345,177,478,NA,2008,14,Ih_18_2022
2022,NA,NA,wr,Ih_18_24,NA,3.2832884615384614,koch25,t/ha,24,IhingerHof,48.74490478175978,8.90982707000781,NA,NA,walnut,normal,NA,NA,NA,NA,NA,NA,NA,NA,NA,NA,NA,NA,NA,NA,NA,Ih_18_24m_2022,3,rapeseed,3.2832884615384614,NA,2022,0,48.745054396321954,8.90991289509535,48.743878865000056,8.907892014000026,48.74621680300004,8.912102256000026,57623.731970452245,Oilseed Rape,not reported,Sep,Jul,assigned,NA,9,7,2021-09-01,2022-07-01,9.06426068869504,18.79870505766435,50.26566469669342,404.0403649358389,70.71131084953288,134,0.5213943764446854,0.9437687796801776,98.23212339072458,37.72614189765383,1.238634705543518,2.709020853042603,1.774113277594249,Ihinger Hof Field,345,177,478,NA,2008,14,Ih_18_2022
2022,NA,NA,wr,Ih_19_4,NA,1.289,koch25,t/ha,4,IhingerHof,48.74490478175978,8.90982707000781,NA,NA,willow,normal,NA,NA,NA,NA,NA,NA,NA,NA,NA,NA,NA,NA,NA,NA,NA,Ih_19_4m_2022,4,rapeseed,1.289,NA,2022,0,48.745054396321954,8.90991289509535,48.743878865000056,8.907892014000026,48.74621680300004,8.912102256000026,57623.731970452245,Oilseed Rape,not reported,Sep,Jul,assigned,NA,9,7,2021-09-01,2022-07-01,9.06426068869504,18.79870505766435,50.26566469669342,404.0403649358389,70.71131084953288,134,0.5213943764446854,0.9437687796801776,98.23212339072458,37.72614189765383,1.238634705543518,2.709020853042603,1.774113277594249,Ihinger Hof Field,345,177,478,NA,2008,14,Ih_19_2022
2022,NA,NA,wr,Ih_19_7,NA,1.4453076923076924,koch25,t/ha,7,IhingerHof,48.74490478175978,8.90982707000781,NA,NA,willow,normal,NA,NA,NA,NA,NA,NA,NA,NA,NA,NA,NA,NA,NA,NA,NA,Ih_19_7m_2022,4,rapeseed,1.4453076923076924,NA,2022,0,48.745054396321954,8.90991289509535,48.743878865000056,8.907892014000026,48.74621680300004,8.912102256000026,57623.731970452245,Oilseed Rape,not reported,Sep,Jul,assigned,NA,9,7,2021-09-01,2022-07-01,9.06426068869504,18.79870505766435,50.26566469669342,404.0403649358389,70.71131084953288,134,0.5213943764446854,0.9437687796801776,98.23212339072458,37.72614189765383,1.238634705543518,2.709020853042603,1.774113277594249,Ihinger Hof Field,345,177,478,NA,2008,14,Ih_19_2022
2022,NA,NA,wr,Ih_19_12,NA,1.5617954545454549,koch25,t/ha,12,IhingerHof,48.74490478175978,8.90982707000781,NA,NA,willow,normal,NA,NA,NA,NA,NA,NA,NA,NA,NA,NA,NA,NA,NA,NA,NA,Ih_19_12m_2022,4,rapeseed,1.5617954545454549,NA,2022,0,48.745054396321954,8.90991289509535,48.743878865000056,8.907892014000026,48.74621680300004,8.912102256000026,57623.731970452245,Oilseed Rape,not reported,Sep,Jul,assigned,NA,9,7,2021-09-01,2022-07-01,9.06426068869504,18.79870505766435,50.26566469669342,404.0403649358389,70.71131084953288,134,0.5213943764446854,0.9437687796801776,98.23212339072458,37.72614189765383,1.238634705543518,2.709020853042603,1.774113277594249,Ihinger Hof Field,345,177,478,NA,2008,14,Ih_19_2022
2022,NA,NA,wr,Ih_19_18,NA,2.6985,koch25,t/ha,18,IhingerHof,48.74490478175978,8.90982707000781,NA,NA,willow,normal,NA,NA,NA,NA,NA,NA,NA,NA,NA,NA,NA,NA,NA,NA,NA,Ih_19_18m_2022,4,rapeseed,2.6985,NA,2022,0,48.745054396321954,8.90991289509535,48.743878865000056,8.907892014000026,48.74621680300004,8.912102256000026,57623.731970452245,Oilseed Rape,not reported,Sep,Jul,assigned,NA,9,7,2021-09-01,2022-07-01,9.06426068869504,18.79870505766435,50.26566469669342,404.0403649358389,70.71131084953288,134,0.5213943764446854,0.9437687796801776,98.23212339072458,37.72614189765383,1.238634705543518,2.709020853042603,1.774113277594249,Ihinger Hof Field,345,177,478,NA,2008,14,Ih_19_2022
2022,NA,NA,wr,Ih_19_24,NA,2.6012954545454545,koch25,t/ha,24,IhingerHof,48.74490478175978,8.90982707000781,NA,NA,willow,normal,NA,NA,NA,NA,NA,NA,NA,NA,NA,NA,NA,NA,NA,NA,NA,Ih_19_24m_2022,4,rapeseed,2.6012954545454545,NA,2022,0,48.745054396321954,8.90991289509535,48.743878865000056,8.907892014000026,48.74621680300004,8.912102256000026,57623.731970452245,Oilseed Rape,not reported,Sep,Jul,assigned,NA,9,7,2021-09-01,2022-07-01,9.06426068869504,18.79870505766435,50.26566469669342,404.0403649358389,70.71131084953288,134,0.5213943764446854,0.9437687796801776,98.23212339072458,37.72614189765383,1.238634705543518,2.709020853042603,1.774113277594249,Ihinger Hof Field,345,177,478,NA,2008,14,Ih_19_2022
2022,NA,NA,wr,Ih_20_4,NA,1.8755833333333336,koch25,t/ha,4,IhingerHof,48.74490478175978,8.90982707000781,NA,NA,walnut,normal,NA,NA,NA,NA,NA,NA,NA,NA,NA,NA,NA,NA,NA,NA,NA,Ih_20_4m_2022,4,rapeseed,1.8755833333333336,NA,2022,0,48.745054396321954,8.90991289509535,48.743878865000056,8.907892014000026,48.74621680300004,8.912102256000026,57623.731970452245,Oilseed Rape,not reported,Sep,Jul,assigned,NA,9,7,2021-09-01,2022-07-01,9.06426068869504,18.79870505766435,50.26566469669342,404.0403649358389,70.71131084953288,134,0.5213943764446854,0.9437687796801776,98.23212339072458,37.72614189765383,1.238634705543518,2.709020853042603,1.774113277594249,Ihinger Hof Field,345,177,478,NA,2008,14,Ih_20_2022
2022,NA,NA,wr,Ih_20_7,NA,2.652144927536232,koch25,t/ha,7,IhingerHof,48.74490478175978,8.90982707000781,NA,NA,walnut,normal,NA,NA,NA,NA,NA,NA,NA,NA,NA,NA,NA,NA,NA,NA,NA,Ih_20_7m_2022,4,rapeseed,2.652144927536232,NA,2022,0,48.745054396321954,8.90991289509535,48.743878865000056,8.907892014000026,48.74621680300004,8.912102256000026,57623.731970452245,Oilseed Rape,not reported,Sep,Jul,assigned,NA,9,7,2021-09-01,2022-07-01,9.06426068869504,18.79870505766435,50.26566469669342,404.0403649358389,70.71131084953288,134,0.5213943764446854,0.9437687796801776,98.23212339072458,37.72614189765383,1.238634705543518,2.709020853042603,1.774113277594249,Ihinger Hof Field,345,177,478,NA,2008,14,Ih_20_2022
2022,NA,NA,wr,Ih_20_12,NA,2.0509787234042554,koch25,t/ha,12,IhingerHof,48.74490478175978,8.90982707000781,NA,NA,walnut,normal,NA,NA,NA,NA,NA,NA,NA,NA,NA,NA,NA,NA,NA,NA,NA,Ih_20_12m_2022,4,rapeseed,2.0509787234042554,NA,2022,0,48.745054396321954,8.90991289509535,48.743878865000056,8.907892014000026,48.74621680300004,8.912102256000026,57623.731970452245,Oilseed Rape,not reported,Sep,Jul,assigned,NA,9,7,2021-09-01,2022-07-01,9.06426068869504,18.79870505766435,50.26566469669342,404.0403649358389,70.71131084953288,134,0.5213943764446854,0.9437687796801776,98.23212339072458,37.72614189765383,1.238634705543518,2.709020853042603,1.774113277594249,Ihinger Hof Field,345,177,478,NA,2008,14,Ih_20_2022
2022,NA,NA,wr,Ih_20_18,NA,2.8203703703703704,koch25,t/ha,18,IhingerHof,48.74490478175978,8.90982707000781,NA,NA,walnut,normal,NA,NA,NA,NA,NA,NA,NA,NA,NA,NA,NA,NA,NA,NA,NA,Ih_20_18m_2022,4,rapeseed,2.8203703703703704,NA,2022,0,48.745054396321954,8.90991289509535,48.743878865000056,8.907892014000026,48.74621680300004,8.912102256000026,57623.731970452245,Oilseed Rape,not reported,Sep,Jul,assigned,NA,9,7,2021-09-01,2022-07-01,9.06426068869504,18.79870505766435,50.26566469669342,404.0403649358389,70.71131084953288,134,0.5213943764446854,0.9437687796801776,98.23212339072458,37.72614189765383,1.238634705543518,2.709020853042603,1.774113277594249,Ihinger Hof Field,345,177,478,NA,2008,14,Ih_20_2022
2022,NA,NA,wr,Ih_20_24,NA,2.892177777777778,koch25,t/ha,24,IhingerHof,48.74490478175978,8.90982707000781,NA,NA,walnut,normal,NA,NA,NA,NA,NA,NA,NA,NA,NA,NA,NA,NA,NA,NA,NA,Ih_20_24m_2022,4,rapeseed,2.892177777777778,NA,2022,0,48.745054396321954,8.90991289509535,48.743878865000056,8.907892014000026,48.74621680300004,8.912102256000026,57623.731970452245,Oilseed Rape,not reported,Sep,Jul,assigned,NA,9,7,2021-09-01,2022-07-01,9.06426068869504,18.79870505766435,50.26566469669342,404.0403649358389,70.71131084953288,134,0.5213943764446854,0.9437687796801776,98.23212339072458,37.72614189765383,1.238634705543518,2.709020853042603,1.774113277594249,Ihinger Hof Field,345,177,478,NA,2008,14,Ih_20_2022
2022,NA,NA,wr,Ih_21_4,NA,2.7897307692307693,koch25,t/ha,4,IhingerHof,48.74490478175978,8.90982707000781,NA,NA,hedge,normal,NA,NA,NA,NA,NA,NA,NA,NA,NA,NA,NA,NA,NA,NA,NA,Ih_21_4m_2022,4,rapeseed,2.7897307692307693,NA,2022,0,48.745054396321954,8.90991289509535,48.743878865000056,8.907892014000026,48.74621680300004,8.912102256000026,57623.731970452245,Oilseed Rape,not reported,Sep,Jul,assigned,NA,9,7,2021-09-01,2022-07-01,9.06426068869504,18.79870505766435,50.26566469669342,404.0403649358389,70.71131084953288,134,0.5213943764446854,0.9437687796801776,98.23212339072458,37.72614189765383,1.238634705543518,2.709020853042603,1.774113277594249,Ihinger Hof Field,345,177,478,NA,2008,14,Ih_21_2022
2022,NA,NA,wr,Ih_21_7,NA,2.3281111111111112,koch25,t/ha,7,IhingerHof,48.74490478175978,8.90982707000781,NA,NA,hedge,normal,NA,NA,NA,NA,NA,NA,NA,NA,NA,NA,NA,NA,NA,NA,NA,Ih_21_7m_2022,4,rapeseed,2.3281111111111112,NA,2022,0,48.745054396321954,8.90991289509535,48.743878865000056,8.907892014000026,48.74621680300004,8.912102256000026,57623.731970452245,Oilseed Rape,not reported,Sep,Jul,assigned,NA,9,7,2021-09-01,2022-07-01,9.06426068869504,18.79870505766435,50.26566469669342,404.0403649358389,70.71131084953288,134,0.5213943764446854,0.9437687796801776,98.23212339072458,37.72614189765383,1.238634705543518,2.709020853042603,1.774113277594249,Ihinger Hof Field,345,177,478,NA,2008,14,Ih_21_2022
2022,NA,NA,wr,Ih_21_12,NA,1.789111111111111,koch25,t/ha,12,IhingerHof,48.74490478175978,8.90982707000781,NA,NA,hedge,normal,NA,NA,NA,NA,NA,NA,NA,NA,NA,NA,NA,NA,NA,NA,NA,Ih_21_12m_2022,4,rapeseed,1.789111111111111,NA,2022,0,48.745054396321954,8.90991289509535,48.743878865000056,8.907892014000026,48.74621680300004,8.912102256000026,57623.731970452245,Oilseed Rape,not reported,Sep,Jul,assigned,NA,9,7,2021-09-01,2022-07-01,9.06426068869504,18.79870505766435,50.26566469669342,404.0403649358389,70.71131084953288,134,0.5213943764446854,0.9437687796801776,98.23212339072458,37.72614189765383,1.238634705543518,2.709020853042603,1.774113277594249,Ihinger Hof Field,345,177,478,NA,2008,14,Ih_21_2022
2022,NA,NA,wr,Ih_21_18,NA,2.5437857142857143,koch25,t/ha,18,IhingerHof,48.74490478175978,8.90982707000781,NA,NA,hedge,normal,NA,NA,NA,NA,NA,NA,NA,NA,NA,NA,NA,NA,NA,NA,NA,Ih_21_18m_2022,4,rapeseed,2.5437857142857143,NA,2022,0,48.745054396321954,8.90991289509535,48.743878865000056,8.907892014000026,48.74621680300004,8.912102256000026,57623.731970452245,Oilseed Rape,not reported,Sep,Jul,assigned,NA,9,7,2021-09-01,2022-07-01,9.06426068869504,18.79870505766435,50.26566469669342,404.0403649358389,70.71131084953288,134,0.5213943764446854,0.9437687796801776,98.23212339072458,37.72614189765383,1.238634705543518,2.709020853042603,1.774113277594249,Ihinger Hof Field,345,177,478,NA,2008,14,Ih_21_2022
2022,NA,NA,wr,Ih_21_24,NA,2.3123095238095237,koch25,t/ha,24,IhingerHof,48.74490478175978,8.90982707000781,NA,NA,hedge,normal,NA,NA,NA,NA,NA,NA,NA,NA,NA,NA,NA,NA,NA,NA,NA,Ih_21_24m_2022,4,rapeseed,2.3123095238095237,NA,2022,0,48.745054396321954,8.90991289509535,48.743878865000056,8.907892014000026,48.74621680300004,8.912102256000026,57623.731970452245,Oilseed Rape,not reported,Sep,Jul,assigned,NA,9,7,2021-09-01,2022-07-01,9.06426068869504,18.79870505766435,50.26566469669342,404.0403649358389,70.71131084953288,134,0.5213943764446854,0.9437687796801776,98.23212339072458,37.72614189765383,1.238634705543518,2.709020853042603,1.774113277594249,Ihinger Hof Field,345,177,478,NA,2008,14,Ih_21_2022
2023,NA,NA,ww,Ih_1_4,NA,6.3214,koch25,t/ha,4,IhingerHof,48.74490478175978,8.90982707000781,NA,NA,hedge,normal,NA,NA,NA,NA,NA,NA,NA,NA,NA,NA,NA,NA,NA,NA,NA,Ih_1_4m_2023,1,wheat,6.3214,NA,2022,1,48.745054396321954,8.90991289509535,48.743878865000056,8.907892014000026,48.74621680300004,8.912102256000026,57623.731970452245,Winter Wheat,not reported,Oct,Jul,assigned,NA,10,7,2022-10-01,2023-07-01,9.045647501945496,15.276698684692382,54.44373953342438,404.0403649358389,70.53696765149932,145,0.5270979300770162,0.9480264882106346,98.18607898215758,38.64233813279207,1.238634705543518,2.709020853042603,1.774113277594249,Ihinger Hof Field,345,177,478,NA,2008,15,Ih_1_2023
2023,NA,NA,ww,Ih_1_12,NA,6.9518108108108105,koch25,t/ha,12,IhingerHof,48.74490478175978,8.90982707000781,NA,NA,hedge,normal,NA,NA,NA,NA,NA,NA,NA,NA,NA,NA,NA,NA,NA,NA,NA,Ih_1_12m_2023,1,wheat,6.9518108108108105,NA,2022,1,48.745054396321954,8.90991289509535,48.743878865000056,8.907892014000026,48.74621680300004,8.912102256000026,57623.731970452245,Winter Wheat,not reported,Oct,Jul,assigned,NA,10,7,2022-10-01,2023-07-01,9.045647501945496,15.276698684692382,54.44373953342438,404.0403649358389,70.53696765149932,145,0.5270979300770162,0.9480264882106346,98.18607898215758,38.64233813279207,1.238634705543518,2.709020853042603,1.774113277594249,Ihinger Hof Field,345,177,478,NA,2008,15,Ih_1_2023
2023,NA,NA,ww,Ih_1_18,NA,6.3488139534883725,koch25,t/ha,18,IhingerHof,48.74490478175978,8.90982707000781,NA,NA,hedge,normal,NA,NA,NA,NA,NA,NA,NA,NA,NA,NA,NA,NA,NA,NA,NA,Ih_1_18m_2023,1,wheat,6.3488139534883725,NA,2022,1,48.745054396321954,8.90991289509535,48.743878865000056,8.907892014000026,48.74621680300004,8.912102256000026,57623.731970452245,Winter Wheat,not reported,Oct,Jul,assigned,NA,10,7,2022-10-01,2023-07-01,9.045647501945496,15.276698684692382,54.44373953342438,404.0403649358389,70.53696765149932,145,0.5270979300770162,0.9480264882106346,98.18607898215758,38.64233813279207,1.238634705543518,2.709020853042603,1.774113277594249,Ihinger Hof Field,345,177,478,NA,2008,15,Ih_1_2023
2023,NA,NA,ww,Ih_1_24,NA,6.129125,koch25,t/ha,24,IhingerHof,48.74490478175978,8.90982707000781,NA,NA,hedge,normal,NA,NA,NA,NA,NA,NA,NA,NA,NA,NA,NA,NA,NA,NA,NA,Ih_1_24m_2023,1,wheat,6.129125,NA,2022,1,48.745054396321954,8.90991289509535,48.743878865000056,8.907892014000026,48.74621680300004,8.912102256000026,57623.731970452245,Winter Wheat,not reported,Oct,Jul,assigned,NA,10,7,2022-10-01,2023-07-01,9.045647501945496,15.276698684692382,54.44373953342438,404.0403649358389,70.53696765149932,145,0.5270979300770162,0.9480264882106346,98.18607898215758,38.64233813279207,1.238634705543518,2.709020853042603,1.774113277594249,Ihinger Hof Field,345,177,478,NA,2008,15,Ih_1_2023
2023,NA,NA,ww,Ih_2_4,NA,6.937862745098039,koch25,t/ha,4,IhingerHof,48.74490478175978,8.90982707000781,NA,NA,walnut,normal,NA,NA,NA,NA,NA,NA,NA,NA,NA,NA,NA,NA,NA,NA,NA,Ih_2_4m_2023,1,wheat,6.937862745098039,NA,2022,1,48.745054396321954,8.90991289509535,48.743878865000056,8.907892014000026,48.74621680300004,8.912102256000026,57623.731970452245,Winter Wheat,not reported,Oct,Jul,assigned,NA,10,7,2022-10-01,2023-07-01,9.045647501945496,15.276698684692382,54.44373953342438,404.0403649358389,70.53696765149932,145,0.5270979300770162,0.9480264882106346,98.18607898215758,38.64233813279207,1.238634705543518,2.709020853042603,1.774113277594249,Ihinger Hof Field,345,177,478,NA,2008,15,Ih_2_2023
2023,NA,NA,ww,Ih_2_12,NA,7.218681818181818,koch25,t/ha,12,IhingerHof,48.74490478175978,8.90982707000781,NA,NA,walnut,normal,NA,NA,NA,NA,NA,NA,NA,NA,NA,NA,NA,NA,NA,NA,NA,Ih_2_12m_2023,1,wheat,7.218681818181818,NA,2022,1,48.745054396321954,8.90991289509535,48.743878865000056,8.907892014000026,48.74621680300004,8.912102256000026,57623.731970452245,Winter Wheat,not reported,Oct,Jul,assigned,NA,10,7,2022-10-01,2023-07-01,9.045647501945496,15.276698684692382,54.44373953342438,404.0403649358389,70.53696765149932,145,0.5270979300770162,0.9480264882106346,98.18607898215758,38.64233813279207,1.238634705543518,2.709020853042603,1.774113277594249,Ihinger Hof Field,345,177,478,NA,2008,15,Ih_2_2023
2023,NA,NA,ww,Ih_2_18,NA,7.345,koch25,t/ha,18,IhingerHof,48.74490478175978,8.90982707000781,NA,NA,walnut,normal,NA,NA,NA,NA,NA,NA,NA,NA,NA,NA,NA,NA,NA,NA,NA,Ih_2_18m_2023,1,wheat,7.345,NA,2022,1,48.745054396321954,8.90991289509535,48.743878865000056,8.907892014000026,48.74621680300004,8.912102256000026,57623.731970452245,Winter Wheat,not reported,Oct,Jul,assigned,NA,10,7,2022-10-01,2023-07-01,9.045647501945496,15.276698684692382,54.44373953342438,404.0403649358389,70.53696765149932,145,0.5270979300770162,0.9480264882106346,98.18607898215758,38.64233813279207,1.238634705543518,2.709020853042603,1.774113277594249,Ihinger Hof Field,345,177,478,NA,2008,15,Ih_2_2023
2023,NA,NA,ww,Ih_2_24,NA,7.200709090909091,koch25,t/ha,24,IhingerHof,48.74490478175978,8.90982707000781,NA,NA,walnut,normal,NA,NA,NA,NA,NA,NA,NA,NA,NA,NA,NA,NA,NA,NA,NA,Ih_2_24m_2023,1,wheat,7.200709090909091,NA,2022,1,48.745054396321954,8.90991289509535,48.743878865000056,8.907892014000026,48.74621680300004,8.912102256000026,57623.731970452245,Winter Wheat,not reported,Oct,Jul,assigned,NA,10,7,2022-10-01,2023-07-01,9.045647501945496,15.276698684692382,54.44373953342438,404.0403649358389,70.53696765149932,145,0.5270979300770162,0.9480264882106346,98.18607898215758,38.64233813279207,1.238634705543518,2.709020853042603,1.774113277594249,Ihinger Hof Field,345,177,478,NA,2008,15,Ih_2_2023
2023,NA,NA,ww,Ih_3_4,NA,5.257192307692308,koch25,t/ha,4,IhingerHof,48.74490478175978,8.90982707000781,NA,NA,willow,normal,NA,NA,NA,NA,NA,NA,NA,NA,NA,NA,NA,NA,NA,NA,NA,Ih_3_4m_2023,1,wheat,5.257192307692308,NA,2022,1,48.745054396321954,8.90991289509535,48.743878865000056,8.907892014000026,48.74621680300004,8.912102256000026,57623.731970452245,Winter Wheat,not reported,Oct,Jul,assigned,NA,10,7,2022-10-01,2023-07-01,9.045647501945496,15.276698684692382,54.44373953342438,404.0403649358389,70.53696765149932,145,0.5270979300770162,0.9480264882106346,98.18607898215758,38.64233813279207,1.238634705543518,2.709020853042603,1.774113277594249,Ihinger Hof Field,345,177,478,NA,2008,15,Ih_3_2023
2023,NA,NA,ww,Ih_3_12,NA,5.915318181818182,koch25,t/ha,12,IhingerHof,48.74490478175978,8.90982707000781,NA,NA,willow,normal,NA,NA,NA,NA,NA,NA,NA,NA,NA,NA,NA,NA,NA,NA,NA,Ih_3_12m_2023,1,wheat,5.915318181818182,NA,2022,1,48.745054396321954,8.90991289509535,48.743878865000056,8.907892014000026,48.74621680300004,8.912102256000026,57623.731970452245,Winter Wheat,not reported,Oct,Jul,assigned,NA,10,7,2022-10-01,2023-07-01,9.045647501945496,15.276698684692382,54.44373953342438,404.0403649358389,70.53696765149932,145,0.5270979300770162,0.9480264882106346,98.18607898215758,38.64233813279207,1.238634705543518,2.709020853042603,1.774113277594249,Ihinger Hof Field,345,177,478,NA,2008,15,Ih_3_2023
2023,NA,NA,ww,Ih_3_18,NA,5.602333333333333,koch25,t/ha,18,IhingerHof,48.74490478175978,8.90982707000781,NA,NA,willow,normal,NA,NA,NA,NA,NA,NA,NA,NA,NA,NA,NA,NA,NA,NA,NA,Ih_3_18m_2023,1,wheat,5.602333333333333,NA,2022,1,48.745054396321954,8.90991289509535,48.743878865000056,8.907892014000026,48.74621680300004,8.912102256000026,57623.731970452245,Winter Wheat,not reported,Oct,Jul,assigned,NA,10,7,2022-10-01,2023-07-01,9.045647501945496,15.276698684692382,54.44373953342438,404.0403649358389,70.53696765149932,145,0.5270979300770162,0.9480264882106346,98.18607898215758,38.64233813279207,1.238634705543518,2.709020853042603,1.774113277594249,Ihinger Hof Field,345,177,478,NA,2008,15,Ih_3_2023
2023,NA,NA,ww,Ih_3_24,NA,5.733240740740741,koch25,t/ha,24,IhingerHof,48.74490478175978,8.90982707000781,NA,NA,willow,normal,NA,NA,NA,NA,NA,NA,NA,NA,NA,NA,NA,NA,NA,NA,NA,Ih_3_24m_2023,1,wheat,5.733240740740741,NA,2022,1,48.745054396321954,8.90991289509535,48.743878865000056,8.907892014000026,48.74621680300004,8.912102256000026,57623.731970452245,Winter Wheat,not reported,Oct,Jul,assigned,NA,10,7,2022-10-01,2023-07-01,9.045647501945496,15.276698684692382,54.44373953342438,404.0403649358389,70.53696765149932,145,0.5270979300770162,0.9480264882106346,98.18607898215758,38.64233813279207,1.238634705543518,2.709020853042603,1.774113277594249,Ihinger Hof Field,345,177,478,NA,2008,15,Ih_3_2023
2023,NA,NA,ww,Ih_4_4,NA,6.101305555555555,koch25,t/ha,4,IhingerHof,48.74490478175978,8.90982707000781,NA,NA,hedge,normal,NA,NA,NA,NA,NA,NA,NA,NA,NA,NA,NA,NA,NA,NA,NA,Ih_4_4m_2023,1,wheat,6.101305555555555,NA,2022,1,48.745054396321954,8.90991289509535,48.743878865000056,8.907892014000026,48.74621680300004,8.912102256000026,57623.731970452245,Winter Wheat,not reported,Oct,Jul,assigned,NA,10,7,2022-10-01,2023-07-01,9.045647501945496,15.276698684692382,54.44373953342438,404.0403649358389,70.53696765149932,145,0.5270979300770162,0.9480264882106346,98.18607898215758,38.64233813279207,1.238634705543518,2.709020853042603,1.774113277594249,Ihinger Hof Field,345,177,478,NA,2008,15,Ih_4_2023
2023,NA,NA,ww,Ih_4_12,NA,6.776958333333333,koch25,t/ha,12,IhingerHof,48.74490478175978,8.90982707000781,NA,NA,hedge,normal,NA,NA,NA,NA,NA,NA,NA,NA,NA,NA,NA,NA,NA,NA,NA,Ih_4_12m_2023,1,wheat,6.776958333333333,NA,2022,1,48.745054396321954,8.90991289509535,48.743878865000056,8.907892014000026,48.74621680300004,8.912102256000026,57623.731970452245,Winter Wheat,not reported,Oct,Jul,assigned,NA,10,7,2022-10-01,2023-07-01,9.045647501945496,15.276698684692382,54.44373953342438,404.0403649358389,70.53696765149932,145,0.5270979300770162,0.9480264882106346,98.18607898215758,38.64233813279207,1.238634705543518,2.709020853042603,1.774113277594249,Ihinger Hof Field,345,177,478,NA,2008,15,Ih_4_2023
2023,NA,NA,ww,Ih_4_18,NA,5.834133333333334,koch25,t/ha,18,IhingerHof,48.74490478175978,8.90982707000781,NA,NA,hedge,normal,NA,NA,NA,NA,NA,NA,NA,NA,NA,NA,NA,NA,NA,NA,NA,Ih_4_18m_2023,1,wheat,5.834133333333334,NA,2022,1,48.745054396321954,8.90991289509535,48.743878865000056,8.907892014000026,48.74621680300004,8.912102256000026,57623.731970452245,Winter Wheat,not reported,Oct,Jul,assigned,NA,10,7,2022-10-01,2023-07-01,9.045647501945496,15.276698684692382,54.44373953342438,404.0403649358389,70.53696765149932,145,0.5270979300770162,0.9480264882106346,98.18607898215758,38.64233813279207,1.238634705543518,2.709020853042603,1.774113277594249,Ihinger Hof Field,345,177,478,NA,2008,15,Ih_4_2023
2023,NA,NA,ww,Ih_4_24,NA,14.2032,koch25,t/ha,24,IhingerHof,48.74490478175978,8.90982707000781,NA,NA,hedge,normal,NA,NA,NA,NA,NA,NA,NA,NA,NA,NA,NA,NA,NA,NA,NA,Ih_4_24m_2023,1,wheat,14.2032,NA,2022,1,48.745054396321954,8.90991289509535,48.743878865000056,8.907892014000026,48.74621680300004,8.912102256000026,57623.731970452245,Winter Wheat,not reported,Oct,Jul,assigned,NA,10,7,2022-10-01,2023-07-01,9.045647501945496,15.276698684692382,54.44373953342438,404.0403649358389,70.53696765149932,145,0.5270979300770162,0.9480264882106346,98.18607898215758,38.64233813279207,1.238634705543518,2.709020853042603,1.774113277594249,Ihinger Hof Field,345,177,478,NA,2008,15,Ih_4_2023
2023,NA,NA,ww,Ih_5_4,NA,7.101843137254902,koch25,t/ha,4,IhingerHof,48.74490478175978,8.90982707000781,NA,NA,walnut,normal,NA,NA,NA,NA,NA,NA,NA,NA,NA,NA,NA,NA,NA,NA,NA,Ih_5_4m_2023,1,wheat,7.101843137254902,NA,2022,1,48.745054396321954,8.90991289509535,48.743878865000056,8.907892014000026,48.74621680300004,8.912102256000026,57623.731970452245,Winter Wheat,not reported,Oct,Jul,assigned,NA,10,7,2022-10-01,2023-07-01,9.045647501945496,15.276698684692382,54.44373953342438,404.0403649358389,70.53696765149932,145,0.5270979300770162,0.9480264882106346,98.18607898215758,38.64233813279207,1.238634705543518,2.709020853042603,1.774113277594249,Ihinger Hof Field,345,177,478,NA,2008,15,Ih_5_2023
2023,NA,NA,ww,Ih_5_12,NA,8.014654545454546,koch25,t/ha,12,IhingerHof,48.74490478175978,8.90982707000781,NA,NA,walnut,normal,NA,NA,NA,NA,NA,NA,NA,NA,NA,NA,NA,NA,NA,NA,NA,Ih_5_12m_2023,1,wheat,8.014654545454546,NA,2022,1,48.745054396321954,8.90991289509535,48.743878865000056,8.907892014000026,48.74621680300004,8.912102256000026,57623.731970452245,Winter Wheat,not reported,Oct,Jul,assigned,NA,10,7,2022-10-01,2023-07-01,9.045647501945496,15.276698684692382,54.44373953342438,404.0403649358389,70.53696765149932,145,0.5270979300770162,0.9480264882106346,98.18607898215758,38.64233813279207,1.238634705543518,2.709020853042603,1.774113277594249,Ihinger Hof Field,345,177,478,NA,2008,15,Ih_5_2023
2023,NA,NA,ww,Ih_5_18,NA,8.218857142857143,koch25,t/ha,18,IhingerHof,48.74490478175978,8.90982707000781,NA,NA,walnut,normal,NA,NA,NA,NA,NA,NA,NA,NA,NA,NA,NA,NA,NA,NA,NA,Ih_5_18m_2023,1,wheat,8.218857142857143,NA,2022,1,48.745054396321954,8.90991289509535,48.743878865000056,8.907892014000026,48.74621680300004,8.912102256000026,57623.731970452245,Winter Wheat,not reported,Oct,Jul,assigned,NA,10,7,2022-10-01,2023-07-01,9.045647501945496,15.276698684692382,54.44373953342438,404.0403649358389,70.53696765149932,145,0.5270979300770162,0.9480264882106346,98.18607898215758,38.64233813279207,1.238634705543518,2.709020853042603,1.774113277594249,Ihinger Hof Field,345,177,478,NA,2008,15,Ih_5_2023
2023,NA,NA,ww,Ih_5_24,NA,8.421321428571428,koch25,t/ha,24,IhingerHof,48.74490478175978,8.90982707000781,NA,NA,walnut,normal,NA,NA,NA,NA,NA,NA,NA,NA,NA,NA,NA,NA,NA,NA,NA,Ih_5_24m_2023,1,wheat,8.421321428571428,NA,2022,1,48.745054396321954,8.90991289509535,48.743878865000056,8.907892014000026,48.74621680300004,8.912102256000026,57623.731970452245,Winter Wheat,not reported,Oct,Jul,assigned,NA,10,7,2022-10-01,2023-07-01,9.045647501945496,15.276698684692382,54.44373953342438,404.0403649358389,70.53696765149932,145,0.5270979300770162,0.9480264882106346,98.18607898215758,38.64233813279207,1.238634705543518,2.709020853042603,1.774113277594249,Ihinger Hof Field,345,177,478,NA,2008,15,Ih_5_2023
2023,NA,NA,ww,Ih_6_4,NA,5.1985283018867925,koch25,t/ha,4,IhingerHof,48.74490478175978,8.90982707000781,NA,NA,willow,normal,NA,NA,NA,NA,NA,NA,NA,NA,NA,NA,NA,NA,NA,NA,NA,Ih_6_4m_2023,1,wheat,5.1985283018867925,NA,2022,1,48.745054396321954,8.90991289509535,48.743878865000056,8.907892014000026,48.74621680300004,8.912102256000026,57623.731970452245,Winter Wheat,not reported,Oct,Jul,assigned,NA,10,7,2022-10-01,2023-07-01,9.045647501945496,15.276698684692382,54.44373953342438,404.0403649358389,70.53696765149932,145,0.5270979300770162,0.9480264882106346,98.18607898215758,38.64233813279207,1.238634705543518,2.709020853042603,1.774113277594249,Ihinger Hof Field,345,177,478,NA,2008,15,Ih_6_2023
2023,NA,NA,ww,Ih_6_12,NA,5.6085714285714285,koch25,t/ha,12,IhingerHof,48.74490478175978,8.90982707000781,NA,NA,willow,normal,NA,NA,NA,NA,NA,NA,NA,NA,NA,NA,NA,NA,NA,NA,NA,Ih_6_12m_2023,1,wheat,5.6085714285714285,NA,2022,1,48.745054396321954,8.90991289509535,48.743878865000056,8.907892014000026,48.74621680300004,8.912102256000026,57623.731970452245,Winter Wheat,not reported,Oct,Jul,assigned,NA,10,7,2022-10-01,2023-07-01,9.045647501945496,15.276698684692382,54.44373953342438,404.0403649358389,70.53696765149932,145,0.5270979300770162,0.9480264882106346,98.18607898215758,38.64233813279207,1.238634705543518,2.709020853042603,1.774113277594249,Ihinger Hof Field,345,177,478,NA,2008,15,Ih_6_2023
2023,NA,NA,ww,Ih_6_18,NA,5.748431818181818,koch25,t/ha,18,IhingerHof,48.74490478175978,8.90982707000781,NA,NA,willow,normal,NA,NA,NA,NA,NA,NA,NA,NA,NA,NA,NA,NA,NA,NA,NA,Ih_6_18m_2023,1,wheat,5.748431818181818,NA,2022,1,48.745054396321954,8.90991289509535,48.743878865000056,8.907892014000026,48.74621680300004,8.912102256000026,57623.731970452245,Winter Wheat,not reported,Oct,Jul,assigned,NA,10,7,2022-10-01,2023-07-01,9.045647501945496,15.276698684692382,54.44373953342438,404.0403649358389,70.53696765149932,145,0.5270979300770162,0.9480264882106346,98.18607898215758,38.64233813279207,1.238634705543518,2.709020853042603,1.774113277594249,Ihinger Hof Field,345,177,478,NA,2008,15,Ih_6_2023
2023,NA,NA,ww,Ih_6_24,NA,6.105255319148936,koch25,t/ha,24,IhingerHof,48.74490478175978,8.90982707000781,NA,NA,willow,normal,NA,NA,NA,NA,NA,NA,NA,NA,NA,NA,NA,NA,NA,NA,NA,Ih_6_24m_2023,1,wheat,6.105255319148936,NA,2022,1,48.745054396321954,8.90991289509535,48.743878865000056,8.907892014000026,48.74621680300004,8.912102256000026,57623.731970452245,Winter Wheat,not reported,Oct,Jul,assigned,NA,10,7,2022-10-01,2023-07-01,9.045647501945496,15.276698684692382,54.44373953342438,404.0403649358389,70.53696765149932,145,0.5270979300770162,0.9480264882106346,98.18607898215758,38.64233813279207,1.238634705543518,2.709020853042603,1.774113277594249,Ihinger Hof Field,345,177,478,NA,2008,15,Ih_6_2023
2023,NA,NA,ww,Ih_7_4,NA,5.4069,koch25,t/ha,4,IhingerHof,48.74490478175978,8.90982707000781,NA,NA,hedge,normal,NA,NA,NA,NA,NA,NA,NA,NA,NA,NA,NA,NA,NA,NA,NA,Ih_7_4m_2023,2,wheat,5.4069,NA,2022,1,48.745054396321954,8.90991289509535,48.743878865000056,8.907892014000026,48.74621680300004,8.912102256000026,57623.731970452245,Winter Wheat,not reported,Oct,Jul,assigned,NA,10,7,2022-10-01,2023-07-01,9.045647501945496,15.276698684692382,54.44373953342438,404.0403649358389,70.53696765149932,145,0.5270979300770162,0.9480264882106346,98.18607898215758,38.64233813279207,1.238634705543518,2.709020853042603,1.774113277594249,Ihinger Hof Field,345,177,478,NA,2008,15,Ih_7_2023
2023,NA,NA,ww,Ih_7_7,NA,5.373166666666667,koch25,t/ha,7,IhingerHof,48.74490478175978,8.90982707000781,NA,NA,hedge,normal,NA,NA,NA,NA,NA,NA,NA,NA,NA,NA,NA,NA,NA,NA,NA,Ih_7_7m_2023,2,wheat,5.373166666666667,NA,2022,1,48.745054396321954,8.90991289509535,48.743878865000056,8.907892014000026,48.74621680300004,8.912102256000026,57623.731970452245,Winter Wheat,not reported,Oct,Jul,assigned,NA,10,7,2022-10-01,2023-07-01,9.045647501945496,15.276698684692382,54.44373953342438,404.0403649358389,70.53696765149932,145,0.5270979300770162,0.9480264882106346,98.18607898215758,38.64233813279207,1.238634705543518,2.709020853042603,1.774113277594249,Ihinger Hof Field,345,177,478,NA,2008,15,Ih_7_2023
2023,NA,NA,ww,Ih_7_12,NA,5.809363636363637,koch25,t/ha,12,IhingerHof,48.74490478175978,8.90982707000781,NA,NA,hedge,normal,NA,NA,NA,NA,NA,NA,NA,NA,NA,NA,NA,NA,NA,NA,NA,Ih_7_12m_2023,2,wheat,5.809363636363637,NA,2022,1,48.745054396321954,8.90991289509535,48.743878865000056,8.907892014000026,48.74621680300004,8.912102256000026,57623.731970452245,Winter Wheat,not reported,Oct,Jul,assigned,NA,10,7,2022-10-01,2023-07-01,9.045647501945496,15.276698684692382,54.44373953342438,404.0403649358389,70.53696765149932,145,0.5270979300770162,0.9480264882106346,98.18607898215758,38.64233813279207,1.238634705543518,2.709020853042603,1.774113277594249,Ihinger Hof Field,345,177,478,NA,2008,15,Ih_7_2023
2023,NA,NA,ww,Ih_7_18,NA,5.730111111111111,koch25,t/ha,18,IhingerHof,48.74490478175978,8.90982707000781,NA,NA,hedge,normal,NA,NA,NA,NA,NA,NA,NA,NA,NA,NA,NA,NA,NA,NA,NA,Ih_7_18m_2023,2,wheat,5.730111111111111,NA,2022,1,48.745054396321954,8.90991289509535,48.743878865000056,8.907892014000026,48.74621680300004,8.912102256000026,57623.731970452245,Winter Wheat,not reported,Oct,Jul,assigned,NA,10,7,2022-10-01,2023-07-01,9.045647501945496,15.276698684692382,54.44373953342438,404.0403649358389,70.53696765149932,145,0.5270979300770162,0.9480264882106346,98.18607898215758,38.64233813279207,1.238634705543518,2.709020853042603,1.774113277594249,Ihinger Hof Field,345,177,478,NA,2008,15,Ih_7_2023
2023,NA,NA,ww,Ih_7_24,NA,5.668675675675676,koch25,t/ha,24,IhingerHof,48.74490478175978,8.90982707000781,NA,NA,hedge,normal,NA,NA,NA,NA,NA,NA,NA,NA,NA,NA,NA,NA,NA,NA,NA,Ih_7_24m_2023,2,wheat,5.668675675675676,NA,2022,1,48.745054396321954,8.90991289509535,48.743878865000056,8.907892014000026,48.74621680300004,8.912102256000026,57623.731970452245,Winter Wheat,not reported,Oct,Jul,assigned,NA,10,7,2022-10-01,2023-07-01,9.045647501945496,15.276698684692382,54.44373953342438,404.0403649358389,70.53696765149932,145,0.5270979300770162,0.9480264882106346,98.18607898215758,38.64233813279207,1.238634705543518,2.709020853042603,1.774113277594249,Ihinger Hof Field,345,177,478,NA,2008,15,Ih_7_2023
2023,NA,NA,ww,Ih_8_4,NA,6.201096153846154,koch25,t/ha,4,IhingerHof,48.74490478175978,8.90982707000781,NA,NA,willow,normal,NA,NA,NA,NA,NA,NA,NA,NA,NA,NA,NA,NA,NA,NA,NA,Ih_8_4m_2023,2,wheat,6.201096153846154,NA,2022,1,48.745054396321954,8.90991289509535,48.743878865000056,8.907892014000026,48.74621680300004,8.912102256000026,57623.731970452245,Winter Wheat,not reported,Oct,Jul,assigned,NA,10,7,2022-10-01,2023-07-01,9.045647501945496,15.276698684692382,54.44373953342438,404.0403649358389,70.53696765149932,145,0.5270979300770162,0.9480264882106346,98.18607898215758,38.64233813279207,1.238634705543518,2.709020853042603,1.774113277594249,Ihinger Hof Field,345,177,478,NA,2008,15,Ih_8_2023
2023,NA,NA,ww,Ih_8_12,NA,7.60268,koch25,t/ha,12,IhingerHof,48.74490478175978,8.90982707000781,NA,NA,willow,normal,NA,NA,NA,NA,NA,NA,NA,NA,NA,NA,NA,NA,NA,NA,NA,Ih_8_12m_2023,2,wheat,7.60268,NA,2022,1,48.745054396321954,8.90991289509535,48.743878865000056,8.907892014000026,48.74621680300004,8.912102256000026,57623.731970452245,Winter Wheat,not reported,Oct,Jul,assigned,NA,10,7,2022-10-01,2023-07-01,9.045647501945496,15.276698684692382,54.44373953342438,404.0403649358389,70.53696765149932,145,0.5270979300770162,0.9480264882106346,98.18607898215758,38.64233813279207,1.238634705543518,2.709020853042603,1.774113277594249,Ihinger Hof Field,345,177,478,NA,2008,15,Ih_8_2023
2023,NA,NA,ww,Ih_8_18,NA,7.45508,koch25,t/ha,18,IhingerHof,48.74490478175978,8.90982707000781,NA,NA,willow,normal,NA,NA,NA,NA,NA,NA,NA,NA,NA,NA,NA,NA,NA,NA,NA,Ih_8_18m_2023,2,wheat,7.45508,NA,2022,1,48.745054396321954,8.90991289509535,48.743878865000056,8.907892014000026,48.74621680300004,8.912102256000026,57623.731970452245,Winter Wheat,not reported,Oct,Jul,assigned,NA,10,7,2022-10-01,2023-07-01,9.045647501945496,15.276698684692382,54.44373953342438,404.0403649358389,70.53696765149932,145,0.5270979300770162,0.9480264882106346,98.18607898215758,38.64233813279207,1.238634705543518,2.709020853042603,1.774113277594249,Ihinger Hof Field,345,177,478,NA,2008,15,Ih_8_2023
2023,NA,NA,ww,Ih_8_24,NA,7.8955,koch25,t/ha,24,IhingerHof,48.74490478175978,8.90982707000781,NA,NA,willow,normal,NA,NA,NA,NA,NA,NA,NA,NA,NA,NA,NA,NA,NA,NA,NA,Ih_8_24m_2023,2,wheat,7.8955,NA,2022,1,48.745054396321954,8.90991289509535,48.743878865000056,8.907892014000026,48.74621680300004,8.912102256000026,57623.731970452245,Winter Wheat,not reported,Oct,Jul,assigned,NA,10,7,2022-10-01,2023-07-01,9.045647501945496,15.276698684692382,54.44373953342438,404.0403649358389,70.53696765149932,145,0.5270979300770162,0.9480264882106346,98.18607898215758,38.64233813279207,1.238634705543518,2.709020853042603,1.774113277594249,Ihinger Hof Field,345,177,478,NA,2008,15,Ih_8_2023
2023,NA,NA,ww,Ih_9_4,NA,6.1546724137931035,koch25,t/ha,4,IhingerHof,48.74490478175978,8.90982707000781,NA,NA,walnut,normal,NA,NA,NA,NA,NA,NA,NA,NA,NA,NA,NA,NA,NA,NA,NA,Ih_9_4m_2023,2,wheat,6.1546724137931035,NA,2022,1,48.745054396321954,8.90991289509535,48.743878865000056,8.907892014000026,48.74621680300004,8.912102256000026,57623.731970452245,Winter Wheat,not reported,Oct,Jul,assigned,NA,10,7,2022-10-01,2023-07-01,9.045647501945496,15.276698684692382,54.44373953342438,404.0403649358389,70.53696765149932,145,0.5270979300770162,0.9480264882106346,98.18607898215758,38.64233813279207,1.238634705543518,2.709020853042603,1.774113277594249,Ihinger Hof Field,345,177,478,NA,2008,15,Ih_9_2023
2023,NA,NA,ww,Ih_9_12,NA,6.209433962264151,koch25,t/ha,12,IhingerHof,48.74490478175978,8.90982707000781,NA,NA,walnut,normal,NA,NA,NA,NA,NA,NA,NA,NA,NA,NA,NA,NA,NA,NA,NA,Ih_9_12m_2023,2,wheat,6.209433962264151,NA,2022,1,48.745054396321954,8.90991289509535,48.743878865000056,8.907892014000026,48.74621680300004,8.912102256000026,57623.731970452245,Winter Wheat,not reported,Oct,Jul,assigned,NA,10,7,2022-10-01,2023-07-01,9.045647501945496,15.276698684692382,54.44373953342438,404.0403649358389,70.53696765149932,145,0.5270979300770162,0.9480264882106346,98.18607898215758,38.64233813279207,1.238634705543518,2.709020853042603,1.774113277594249,Ihinger Hof Field,345,177,478,NA,2008,15,Ih_9_2023
2023,NA,NA,ww,Ih_9_18,NA,6.529147540983606,koch25,t/ha,18,IhingerHof,48.74490478175978,8.90982707000781,NA,NA,walnut,normal,NA,NA,NA,NA,NA,NA,NA,NA,NA,NA,NA,NA,NA,NA,NA,Ih_9_18m_2023,2,wheat,6.529147540983606,NA,2022,1,48.745054396321954,8.90991289509535,48.743878865000056,8.907892014000026,48.74621680300004,8.912102256000026,57623.731970452245,Winter Wheat,not reported,Oct,Jul,assigned,NA,10,7,2022-10-01,2023-07-01,9.045647501945496,15.276698684692382,54.44373953342438,404.0403649358389,70.53696765149932,145,0.5270979300770162,0.9480264882106346,98.18607898215758,38.64233813279207,1.238634705543518,2.709020853042603,1.774113277594249,Ihinger Hof Field,345,177,478,NA,2008,15,Ih_9_2023
2023,NA,NA,ww,Ih_9_24,NA,6.740790322580645,koch25,t/ha,24,IhingerHof,48.74490478175978,8.90982707000781,NA,NA,walnut,normal,NA,NA,NA,NA,NA,NA,NA,NA,NA,NA,NA,NA,NA,NA,NA,Ih_9_24m_2023,2,wheat,6.740790322580645,NA,2022,1,48.745054396321954,8.90991289509535,48.743878865000056,8.907892014000026,48.74621680300004,8.912102256000026,57623.731970452245,Winter Wheat,not reported,Oct,Jul,assigned,NA,10,7,2022-10-01,2023-07-01,9.045647501945496,15.276698684692382,54.44373953342438,404.0403649358389,70.53696765149932,145,0.5270979300770162,0.9480264882106346,98.18607898215758,38.64233813279207,1.238634705543518,2.709020853042603,1.774113277594249,Ihinger Hof Field,345,177,478,NA,2008,15,Ih_9_2023
2023,NA,NA,ww,Ih_10_4,NA,6.075122807017544,koch25,t/ha,4,IhingerHof,48.74490478175978,8.90982707000781,NA,NA,walnut,normal,NA,NA,NA,NA,NA,NA,NA,NA,NA,NA,NA,NA,NA,NA,NA,Ih_10_4m_2023,2,wheat,6.075122807017544,NA,2022,1,48.745054396321954,8.90991289509535,48.743878865000056,8.907892014000026,48.74621680300004,8.912102256000026,57623.731970452245,Winter Wheat,not reported,Oct,Jul,assigned,NA,10,7,2022-10-01,2023-07-01,9.045647501945496,15.276698684692382,54.44373953342438,404.0403649358389,70.53696765149932,145,0.5270979300770162,0.9480264882106346,98.18607898215758,38.64233813279207,1.238634705543518,2.709020853042603,1.774113277594249,Ihinger Hof Field,345,177,478,NA,2008,15,Ih_10_2023
2023,NA,NA,ww,Ih_10_12,NA,6.934839285714285,koch25,t/ha,12,IhingerHof,48.74490478175978,8.90982707000781,NA,NA,walnut,normal,NA,NA,NA,NA,NA,NA,NA,NA,NA,NA,NA,NA,NA,NA,NA,Ih_10_12m_2023,2,wheat,6.934839285714285,NA,2022,1,48.745054396321954,8.90991289509535,48.743878865000056,8.907892014000026,48.74621680300004,8.912102256000026,57623.731970452245,Winter Wheat,not reported,Oct,Jul,assigned,NA,10,7,2022-10-01,2023-07-01,9.045647501945496,15.276698684692382,54.44373953342438,404.0403649358389,70.53696765149932,145,0.5270979300770162,0.9480264882106346,98.18607898215758,38.64233813279207,1.238634705543518,2.709020853042603,1.774113277594249,Ihinger Hof Field,345,177,478,NA,2008,15,Ih_10_2023
2023,NA,NA,ww,Ih_10_18,NA,6.994169230769231,koch25,t/ha,18,IhingerHof,48.74490478175978,8.90982707000781,NA,NA,walnut,normal,NA,NA,NA,NA,NA,NA,NA,NA,NA,NA,NA,NA,NA,NA,NA,Ih_10_18m_2023,2,wheat,6.994169230769231,NA,2022,1,48.745054396321954,8.90991289509535,48.743878865000056,8.907892014000026,48.74621680300004,8.912102256000026,57623.731970452245,Winter Wheat,not reported,Oct,Jul,assigned,NA,10,7,2022-10-01,2023-07-01,9.045647501945496,15.276698684692382,54.44373953342438,404.0403649358389,70.53696765149932,145,0.5270979300770162,0.9480264882106346,98.18607898215758,38.64233813279207,1.238634705543518,2.709020853042603,1.774113277594249,Ihinger Hof Field,345,177,478,NA,2008,15,Ih_10_2023
2023,NA,NA,ww,Ih_10_24,NA,7.566417910447761,koch25,t/ha,24,IhingerHof,48.74490478175978,8.90982707000781,NA,NA,walnut,normal,NA,NA,NA,NA,NA,NA,NA,NA,NA,NA,NA,NA,NA,NA,NA,Ih_10_24m_2023,2,wheat,7.566417910447761,NA,2022,1,48.745054396321954,8.90991289509535,48.743878865000056,8.907892014000026,48.74621680300004,8.912102256000026,57623.731970452245,Winter Wheat,not reported,Oct,Jul,assigned,NA,10,7,2022-10-01,2023-07-01,9.045647501945496,15.276698684692382,54.44373953342438,404.0403649358389,70.53696765149932,145,0.5270979300770162,0.9480264882106346,98.18607898215758,38.64233813279207,1.238634705543518,2.709020853042603,1.774113277594249,Ihinger Hof Field,345,177,478,NA,2008,15,Ih_10_2023
2023,NA,NA,ww,Ih_11_4,NA,6.556535714285714,koch25,t/ha,4,IhingerHof,48.74490478175978,8.90982707000781,NA,NA,willow,normal,NA,NA,NA,NA,NA,NA,NA,NA,NA,NA,NA,NA,NA,NA,NA,Ih_11_4m_2023,2,wheat,6.556535714285714,NA,2022,1,48.745054396321954,8.90991289509535,48.743878865000056,8.907892014000026,48.74621680300004,8.912102256000026,57623.731970452245,Winter Wheat,not reported,Oct,Jul,assigned,NA,10,7,2022-10-01,2023-07-01,9.045647501945496,15.276698684692382,54.44373953342438,404.0403649358389,70.53696765149932,145,0.5270979300770162,0.9480264882106346,98.18607898215758,38.64233813279207,1.238634705543518,2.709020853042603,1.774113277594249,Ihinger Hof Field,345,177,478,NA,2008,15,Ih_11_2023
2023,NA,NA,ww,Ih_11_12,NA,7.921063492063492,koch25,t/ha,12,IhingerHof,48.74490478175978,8.90982707000781,NA,NA,willow,normal,NA,NA,NA,NA,NA,NA,NA,NA,NA,NA,NA,NA,NA,NA,NA,Ih_11_12m_2023,2,wheat,7.921063492063492,NA,2022,1,48.745054396321954,8.90991289509535,48.743878865000056,8.907892014000026,48.74621680300004,8.912102256000026,57623.731970452245,Winter Wheat,not reported,Oct,Jul,assigned,NA,10,7,2022-10-01,2023-07-01,9.045647501945496,15.276698684692382,54.44373953342438,404.0403649358389,70.53696765149932,145,0.5270979300770162,0.9480264882106346,98.18607898215758,38.64233813279207,1.238634705543518,2.709020853042603,1.774113277594249,Ihinger Hof Field,345,177,478,NA,2008,15,Ih_11_2023
2023,NA,NA,ww,Ih_11_18,NA,7.364590909090909,koch25,t/ha,18,IhingerHof,48.74490478175978,8.90982707000781,NA,NA,willow,normal,NA,NA,NA,NA,NA,NA,NA,NA,NA,NA,NA,NA,NA,NA,NA,Ih_11_18m_2023,2,wheat,7.364590909090909,NA,2022,1,48.745054396321954,8.90991289509535,48.743878865000056,8.907892014000026,48.74621680300004,8.912102256000026,57623.731970452245,Winter Wheat,not reported,Oct,Jul,assigned,NA,10,7,2022-10-01,2023-07-01,9.045647501945496,15.276698684692382,54.44373953342438,404.0403649358389,70.53696765149932,145,0.5270979300770162,0.9480264882106346,98.18607898215758,38.64233813279207,1.238634705543518,2.709020853042603,1.774113277594249,Ihinger Hof Field,345,177,478,NA,2008,15,Ih_11_2023
2023,NA,NA,ww,Ih_11_24,NA,7.567,koch25,t/ha,24,IhingerHof,48.74490478175978,8.90982707000781,NA,NA,willow,normal,NA,NA,NA,NA,NA,NA,NA,NA,NA,NA,NA,NA,NA,NA,NA,Ih_11_24m_2023,2,wheat,7.567,NA,2022,1,48.745054396321954,8.90991289509535,48.743878865000056,8.907892014000026,48.74621680300004,8.912102256000026,57623.731970452245,Winter Wheat,not reported,Oct,Jul,assigned,NA,10,7,2022-10-01,2023-07-01,9.045647501945496,15.276698684692382,54.44373953342438,404.0403649358389,70.53696765149932,145,0.5270979300770162,0.9480264882106346,98.18607898215758,38.64233813279207,1.238634705543518,2.709020853042603,1.774113277594249,Ihinger Hof Field,345,177,478,NA,2008,15,Ih_11_2023
2023,NA,NA,ww,Ih_12_4,NA,5.617169811320755,koch25,t/ha,4,IhingerHof,48.74490478175978,8.90982707000781,NA,NA,hedge,normal,NA,NA,NA,NA,NA,NA,NA,NA,NA,NA,NA,NA,NA,NA,NA,Ih_12_4m_2023,2,wheat,5.617169811320755,NA,2022,1,48.745054396321954,8.90991289509535,48.743878865000056,8.907892014000026,48.74621680300004,8.912102256000026,57623.731970452245,Winter Wheat,not reported,Oct,Jul,assigned,NA,10,7,2022-10-01,2023-07-01,9.045647501945496,15.276698684692382,54.44373953342438,404.0403649358389,70.53696765149932,145,0.5270979300770162,0.9480264882106346,98.18607898215758,38.64233813279207,1.238634705543518,2.709020853042603,1.774113277594249,Ihinger Hof Field,345,177,478,NA,2008,15,Ih_12_2023
2023,NA,NA,ww,Ih_12_12,NA,6.7932075471698115,koch25,t/ha,12,IhingerHof,48.74490478175978,8.90982707000781,NA,NA,hedge,normal,NA,NA,NA,NA,NA,NA,NA,NA,NA,NA,NA,NA,NA,NA,NA,Ih_12_12m_2023,2,wheat,6.7932075471698115,NA,2022,1,48.745054396321954,8.90991289509535,48.743878865000056,8.907892014000026,48.74621680300004,8.912102256000026,57623.731970452245,Winter Wheat,not reported,Oct,Jul,assigned,NA,10,7,2022-10-01,2023-07-01,9.045647501945496,15.276698684692382,54.44373953342438,404.0403649358389,70.53696765149932,145,0.5270979300770162,0.9480264882106346,98.18607898215758,38.64233813279207,1.238634705543518,2.709020853042603,1.774113277594249,Ihinger Hof Field,345,177,478,NA,2008,15,Ih_12_2023
2023,NA,NA,ww,Ih_12_18,NA,6.30498,koch25,t/ha,18,IhingerHof,48.74490478175978,8.90982707000781,NA,NA,hedge,normal,NA,NA,NA,NA,NA,NA,NA,NA,NA,NA,NA,NA,NA,NA,NA,Ih_12_18m_2023,2,wheat,6.30498,NA,2022,1,48.745054396321954,8.90991289509535,48.743878865000056,8.907892014000026,48.74621680300004,8.912102256000026,57623.731970452245,Winter Wheat,not reported,Oct,Jul,assigned,NA,10,7,2022-10-01,2023-07-01,9.045647501945496,15.276698684692382,54.44373953342438,404.0403649358389,70.53696765149932,145,0.5270979300770162,0.9480264882106346,98.18607898215758,38.64233813279207,1.238634705543518,2.709020853042603,1.774113277594249,Ihinger Hof Field,345,177,478,NA,2008,15,Ih_12_2023
2023,NA,NA,ww,Ih_12_24,NA,6.57537037037037,koch25,t/ha,24,IhingerHof,48.74490478175978,8.90982707000781,NA,NA,hedge,normal,NA,NA,NA,NA,NA,NA,NA,NA,NA,NA,NA,NA,NA,NA,NA,Ih_12_24m_2023,2,wheat,6.57537037037037,NA,2022,1,48.745054396321954,8.90991289509535,48.743878865000056,8.907892014000026,48.74621680300004,8.912102256000026,57623.731970452245,Winter Wheat,not reported,Oct,Jul,assigned,NA,10,7,2022-10-01,2023-07-01,9.045647501945496,15.276698684692382,54.44373953342438,404.0403649358389,70.53696765149932,145,0.5270979300770162,0.9480264882106346,98.18607898215758,38.64233813279207,1.238634705543518,2.709020853042603,1.774113277594249,Ihinger Hof Field,345,177,478,NA,2008,15,Ih_12_2023
2023,NA,NA,ww,Ih_13_4,NA,6.839025316455696,koch25,t/ha,4,IhingerHof,48.74490478175978,8.90982707000781,NA,NA,walnut,normal,NA,NA,NA,NA,NA,NA,NA,NA,NA,NA,NA,NA,NA,NA,NA,Ih_13_4m_2023,3,wheat,6.839025316455696,NA,2022,1,48.745054396321954,8.90991289509535,48.743878865000056,8.907892014000026,48.74621680300004,8.912102256000026,57623.731970452245,Winter Wheat,not reported,Oct,Jul,assigned,NA,10,7,2022-10-01,2023-07-01,9.045647501945496,15.276698684692382,54.44373953342438,404.0403649358389,70.53696765149932,145,0.5270979300770162,0.9480264882106346,98.18607898215758,38.64233813279207,1.238634705543518,2.709020853042603,1.774113277594249,Ihinger Hof Field,345,177,478,NA,2008,15,Ih_13_2023
2023,NA,NA,ww,Ih_13_12,NA,6.899048387096774,koch25,t/ha,12,IhingerHof,48.74490478175978,8.90982707000781,NA,NA,walnut,normal,NA,NA,NA,NA,NA,NA,NA,NA,NA,NA,NA,NA,NA,NA,NA,Ih_13_12m_2023,3,wheat,6.899048387096774,NA,2022,1,48.745054396321954,8.90991289509535,48.743878865000056,8.907892014000026,48.74621680300004,8.912102256000026,57623.731970452245,Winter Wheat,not reported,Oct,Jul,assigned,NA,10,7,2022-10-01,2023-07-01,9.045647501945496,15.276698684692382,54.44373953342438,404.0403649358389,70.53696765149932,145,0.5270979300770162,0.9480264882106346,98.18607898215758,38.64233813279207,1.238634705543518,2.709020853042603,1.774113277594249,Ihinger Hof Field,345,177,478,NA,2008,15,Ih_13_2023
2023,NA,NA,ww,Ih_13_18,NA,7.154451612903226,koch25,t/ha,18,IhingerHof,48.74490478175978,8.90982707000781,NA,NA,walnut,normal,NA,NA,NA,NA,NA,NA,NA,NA,NA,NA,NA,NA,NA,NA,NA,Ih_13_18m_2023,3,wheat,7.154451612903226,NA,2022,1,48.745054396321954,8.90991289509535,48.743878865000056,8.907892014000026,48.74621680300004,8.912102256000026,57623.731970452245,Winter Wheat,not reported,Oct,Jul,assigned,NA,10,7,2022-10-01,2023-07-01,9.045647501945496,15.276698684692382,54.44373953342438,404.0403649358389,70.53696765149932,145,0.5270979300770162,0.9480264882106346,98.18607898215758,38.64233813279207,1.238634705543518,2.709020853042603,1.774113277594249,Ihinger Hof Field,345,177,478,NA,2008,15,Ih_13_2023
2023,NA,NA,ww,Ih_13_24,NA,6.911894736842105,koch25,t/ha,24,IhingerHof,48.74490478175978,8.90982707000781,NA,NA,walnut,normal,NA,NA,NA,NA,NA,NA,NA,NA,NA,NA,NA,NA,NA,NA,NA,Ih_13_24m_2023,3,wheat,6.911894736842105,NA,2022,1,48.745054396321954,8.90991289509535,48.743878865000056,8.907892014000026,48.74621680300004,8.912102256000026,57623.731970452245,Winter Wheat,not reported,Oct,Jul,assigned,NA,10,7,2022-10-01,2023-07-01,9.045647501945496,15.276698684692382,54.44373953342438,404.0403649358389,70.53696765149932,145,0.5270979300770162,0.9480264882106346,98.18607898215758,38.64233813279207,1.238634705543518,2.709020853042603,1.774113277594249,Ihinger Hof Field,345,177,478,NA,2008,15,Ih_13_2023
2023,NA,NA,ww,Ih_14_4,NA,6.729796610169491,koch25,t/ha,4,IhingerHof,48.74490478175978,8.90982707000781,NA,NA,hedge,normal,NA,NA,NA,NA,NA,NA,NA,NA,NA,NA,NA,NA,NA,NA,NA,Ih_14_4m_2023,3,wheat,6.729796610169491,NA,2022,1,48.745054396321954,8.90991289509535,48.743878865000056,8.907892014000026,48.74621680300004,8.912102256000026,57623.731970452245,Winter Wheat,not reported,Oct,Jul,assigned,NA,10,7,2022-10-01,2023-07-01,9.045647501945496,15.276698684692382,54.44373953342438,404.0403649358389,70.53696765149932,145,0.5270979300770162,0.9480264882106346,98.18607898215758,38.64233813279207,1.238634705543518,2.709020853042603,1.774113277594249,Ihinger Hof Field,345,177,478,NA,2008,15,Ih_14_2023
2023,NA,NA,ww,Ih_14_12,NA,6.719511111111111,koch25,t/ha,12,IhingerHof,48.74490478175978,8.90982707000781,NA,NA,hedge,normal,NA,NA,NA,NA,NA,NA,NA,NA,NA,NA,NA,NA,NA,NA,NA,Ih_14_12m_2023,3,wheat,6.719511111111111,NA,2022,1,48.745054396321954,8.90991289509535,48.743878865000056,8.907892014000026,48.74621680300004,8.912102256000026,57623.731970452245,Winter Wheat,not reported,Oct,Jul,assigned,NA,10,7,2022-10-01,2023-07-01,9.045647501945496,15.276698684692382,54.44373953342438,404.0403649358389,70.53696765149932,145,0.5270979300770162,0.9480264882106346,98.18607898215758,38.64233813279207,1.238634705543518,2.709020853042603,1.774113277594249,Ihinger Hof Field,345,177,478,NA,2008,15,Ih_14_2023
2023,NA,NA,ww,Ih_14_18,NA,7.212644444444445,koch25,t/ha,18,IhingerHof,48.74490478175978,8.90982707000781,NA,NA,hedge,normal,NA,NA,NA,NA,NA,NA,NA,NA,NA,NA,NA,NA,NA,NA,NA,Ih_14_18m_2023,3,wheat,7.212644444444445,NA,2022,1,48.745054396321954,8.90991289509535,48.743878865000056,8.907892014000026,48.74621680300004,8.912102256000026,57623.731970452245,Winter Wheat,not reported,Oct,Jul,assigned,NA,10,7,2022-10-01,2023-07-01,9.045647501945496,15.276698684692382,54.44373953342438,404.0403649358389,70.53696765149932,145,0.5270979300770162,0.9480264882106346,98.18607898215758,38.64233813279207,1.238634705543518,2.709020853042603,1.774113277594249,Ihinger Hof Field,345,177,478,NA,2008,15,Ih_14_2023
2023,NA,NA,ww,Ih_14_24,NA,7.532645833333333,koch25,t/ha,24,IhingerHof,48.74490478175978,8.90982707000781,NA,NA,hedge,normal,NA,NA,NA,NA,NA,NA,NA,NA,NA,NA,NA,NA,NA,NA,NA,Ih_14_24m_2023,3,wheat,7.532645833333333,NA,2022,1,48.745054396321954,8.90991289509535,48.743878865000056,8.907892014000026,48.74621680300004,8.912102256000026,57623.731970452245,Winter Wheat,not reported,Oct,Jul,assigned,NA,10,7,2022-10-01,2023-07-01,9.045647501945496,15.276698684692382,54.44373953342438,404.0403649358389,70.53696765149932,145,0.5270979300770162,0.9480264882106346,98.18607898215758,38.64233813279207,1.238634705543518,2.709020853042603,1.774113277594249,Ihinger Hof Field,345,177,478,NA,2008,15,Ih_14_2023
2023,NA,NA,ww,Ih_15_4,NA,6.261224489795918,koch25,t/ha,4,IhingerHof,48.74490478175978,8.90982707000781,NA,NA,willow,normal,NA,NA,NA,NA,NA,NA,NA,NA,NA,NA,NA,NA,NA,NA,NA,Ih_15_4m_2023,3,wheat,6.261224489795918,NA,2022,1,48.745054396321954,8.90991289509535,48.743878865000056,8.907892014000026,48.74621680300004,8.912102256000026,57623.731970452245,Winter Wheat,not reported,Oct,Jul,assigned,NA,10,7,2022-10-01,2023-07-01,9.045647501945496,15.276698684692382,54.44373953342438,404.0403649358389,70.53696765149932,145,0.5270979300770162,0.9480264882106346,98.18607898215758,38.64233813279207,1.238634705543518,2.709020853042603,1.774113277594249,Ihinger Hof Field,345,177,478,NA,2008,15,Ih_15_2023
2023,NA,NA,ww,Ih_15_12,NA,6.567338709677419,koch25,t/ha,12,IhingerHof,48.74490478175978,8.90982707000781,NA,NA,willow,normal,NA,NA,NA,NA,NA,NA,NA,NA,NA,NA,NA,NA,NA,NA,NA,Ih_15_12m_2023,3,wheat,6.567338709677419,NA,2022,1,48.745054396321954,8.90991289509535,48.743878865000056,8.907892014000026,48.74621680300004,8.912102256000026,57623.731970452245,Winter Wheat,not reported,Oct,Jul,assigned,NA,10,7,2022-10-01,2023-07-01,9.045647501945496,15.276698684692382,54.44373953342438,404.0403649358389,70.53696765149932,145,0.5270979300770162,0.9480264882106346,98.18607898215758,38.64233813279207,1.238634705543518,2.709020853042603,1.774113277594249,Ihinger Hof Field,345,177,478,NA,2008,15,Ih_15_2023
2023,NA,NA,ww,Ih_15_18,NA,7.332013513513513,koch25,t/ha,18,IhingerHof,48.74490478175978,8.90982707000781,NA,NA,willow,normal,NA,NA,NA,NA,NA,NA,NA,NA,NA,NA,NA,NA,NA,NA,NA,Ih_15_18m_2023,3,wheat,7.332013513513513,NA,2022,1,48.745054396321954,8.90991289509535,48.743878865000056,8.907892014000026,48.74621680300004,8.912102256000026,57623.731970452245,Winter Wheat,not reported,Oct,Jul,assigned,NA,10,7,2022-10-01,2023-07-01,9.045647501945496,15.276698684692382,54.44373953342438,404.0403649358389,70.53696765149932,145,0.5270979300770162,0.9480264882106346,98.18607898215758,38.64233813279207,1.238634705543518,2.709020853042603,1.774113277594249,Ihinger Hof Field,345,177,478,NA,2008,15,Ih_15_2023
2023,NA,NA,ww,Ih_15_24,NA,7.944604938271605,koch25,t/ha,24,IhingerHof,48.74490478175978,8.90982707000781,NA,NA,willow,normal,NA,NA,NA,NA,NA,NA,NA,NA,NA,NA,NA,NA,NA,NA,NA,Ih_15_24m_2023,3,wheat,7.944604938271605,NA,2022,1,48.745054396321954,8.90991289509535,48.743878865000056,8.907892014000026,48.74621680300004,8.912102256000026,57623.731970452245,Winter Wheat,not reported,Oct,Jul,assigned,NA,10,7,2022-10-01,2023-07-01,9.045647501945496,15.276698684692382,54.44373953342438,404.0403649358389,70.53696765149932,145,0.5270979300770162,0.9480264882106346,98.18607898215758,38.64233813279207,1.238634705543518,2.709020853042603,1.774113277594249,Ihinger Hof Field,345,177,478,NA,2008,15,Ih_15_2023
2023,NA,NA,ww,Ih_16_4,NA,4.368660714285714,koch25,t/ha,4,IhingerHof,48.74490478175978,8.90982707000781,NA,NA,willow,normal,NA,NA,NA,NA,NA,NA,NA,NA,NA,NA,NA,NA,NA,NA,NA,Ih_16_4m_2023,3,wheat,4.368660714285714,NA,2022,1,48.745054396321954,8.90991289509535,48.743878865000056,8.907892014000026,48.74621680300004,8.912102256000026,57623.731970452245,Winter Wheat,not reported,Oct,Jul,assigned,NA,10,7,2022-10-01,2023-07-01,9.045647501945496,15.276698684692382,54.44373953342438,404.0403649358389,70.53696765149932,145,0.5270979300770162,0.9480264882106346,98.18607898215758,38.64233813279207,1.238634705543518,2.709020853042603,1.774113277594249,Ihinger Hof Field,345,177,478,NA,2008,15,Ih_16_2023
2023,NA,NA,ww,Ih_16_12,NA,5.651161764705883,koch25,t/ha,12,IhingerHof,48.74490478175978,8.90982707000781,NA,NA,willow,normal,NA,NA,NA,NA,NA,NA,NA,NA,NA,NA,NA,NA,NA,NA,NA,Ih_16_12m_2023,3,wheat,5.651161764705883,NA,2022,1,48.745054396321954,8.90991289509535,48.743878865000056,8.907892014000026,48.74621680300004,8.912102256000026,57623.731970452245,Winter Wheat,not reported,Oct,Jul,assigned,NA,10,7,2022-10-01,2023-07-01,9.045647501945496,15.276698684692382,54.44373953342438,404.0403649358389,70.53696765149932,145,0.5270979300770162,0.9480264882106346,98.18607898215758,38.64233813279207,1.238634705543518,2.709020853042603,1.774113277594249,Ihinger Hof Field,345,177,478,NA,2008,15,Ih_16_2023
2023,NA,NA,ww,Ih_16_18,NA,5.205876923076923,koch25,t/ha,18,IhingerHof,48.74490478175978,8.90982707000781,NA,NA,willow,normal,NA,NA,NA,NA,NA,NA,NA,NA,NA,NA,NA,NA,NA,NA,NA,Ih_16_18m_2023,3,wheat,5.205876923076923,NA,2022,1,48.745054396321954,8.90991289509535,48.743878865000056,8.907892014000026,48.74621680300004,8.912102256000026,57623.731970452245,Winter Wheat,not reported,Oct,Jul,assigned,NA,10,7,2022-10-01,2023-07-01,9.045647501945496,15.276698684692382,54.44373953342438,404.0403649358389,70.53696765149932,145,0.5270979300770162,0.9480264882106346,98.18607898215758,38.64233813279207,1.238634705543518,2.709020853042603,1.774113277594249,Ihinger Hof Field,345,177,478,NA,2008,15,Ih_16_2023
2023,NA,NA,ww,Ih_16_24,NA,5.705782608695652,koch25,t/ha,24,IhingerHof,48.74490478175978,8.90982707000781,NA,NA,willow,normal,NA,NA,NA,NA,NA,NA,NA,NA,NA,NA,NA,NA,NA,NA,NA,Ih_16_24m_2023,3,wheat,5.705782608695652,NA,2022,1,48.745054396321954,8.90991289509535,48.743878865000056,8.907892014000026,48.74621680300004,8.912102256000026,57623.731970452245,Winter Wheat,not reported,Oct,Jul,assigned,NA,10,7,2022-10-01,2023-07-01,9.045647501945496,15.276698684692382,54.44373953342438,404.0403649358389,70.53696765149932,145,0.5270979300770162,0.9480264882106346,98.18607898215758,38.64233813279207,1.238634705543518,2.709020853042603,1.774113277594249,Ihinger Hof Field,345,177,478,NA,2008,15,Ih_16_2023
2023,NA,NA,ww,Ih_17_4,NA,5.161720930232558,koch25,t/ha,4,IhingerHof,48.74490478175978,8.90982707000781,NA,NA,hedge,normal,NA,NA,NA,NA,NA,NA,NA,NA,NA,NA,NA,NA,NA,NA,NA,Ih_17_4m_2023,3,wheat,5.161720930232558,NA,2022,1,48.745054396321954,8.90991289509535,48.743878865000056,8.907892014000026,48.74621680300004,8.912102256000026,57623.731970452245,Winter Wheat,not reported,Oct,Jul,assigned,NA,10,7,2022-10-01,2023-07-01,9.045647501945496,15.276698684692382,54.44373953342438,404.0403649358389,70.53696765149932,145,0.5270979300770162,0.9480264882106346,98.18607898215758,38.64233813279207,1.238634705543518,2.709020853042603,1.774113277594249,Ihinger Hof Field,345,177,478,NA,2008,15,Ih_17_2023
2023,NA,NA,ww,Ih_17_12,NA,5.212283018867924,koch25,t/ha,12,IhingerHof,48.74490478175978,8.90982707000781,NA,NA,hedge,normal,NA,NA,NA,NA,NA,NA,NA,NA,NA,NA,NA,NA,NA,NA,NA,Ih_17_12m_2023,3,wheat,5.212283018867924,NA,2022,1,48.745054396321954,8.90991289509535,48.743878865000056,8.907892014000026,48.74621680300004,8.912102256000026,57623.731970452245,Winter Wheat,not reported,Oct,Jul,assigned,NA,10,7,2022-10-01,2023-07-01,9.045647501945496,15.276698684692382,54.44373953342438,404.0403649358389,70.53696765149932,145,0.5270979300770162,0.9480264882106346,98.18607898215758,38.64233813279207,1.238634705543518,2.709020853042603,1.774113277594249,Ihinger Hof Field,345,177,478,NA,2008,15,Ih_17_2023
2023,NA,NA,ww,Ih_17_18,NA,4.56430612244898,koch25,t/ha,18,IhingerHof,48.74490478175978,8.90982707000781,NA,NA,hedge,normal,NA,NA,NA,NA,NA,NA,NA,NA,NA,NA,NA,NA,NA,NA,NA,Ih_17_18m_2023,3,wheat,4.56430612244898,NA,2022,1,48.745054396321954,8.90991289509535,48.743878865000056,8.907892014000026,48.74621680300004,8.912102256000026,57623.731970452245,Winter Wheat,not reported,Oct,Jul,assigned,NA,10,7,2022-10-01,2023-07-01,9.045647501945496,15.276698684692382,54.44373953342438,404.0403649358389,70.53696765149932,145,0.5270979300770162,0.9480264882106346,98.18607898215758,38.64233813279207,1.238634705543518,2.709020853042603,1.774113277594249,Ihinger Hof Field,345,177,478,NA,2008,15,Ih_17_2023
2023,NA,NA,ww,Ih_17_24,NA,6.882480769230769,koch25,t/ha,24,IhingerHof,48.74490478175978,8.90982707000781,NA,NA,hedge,normal,NA,NA,NA,NA,NA,NA,NA,NA,NA,NA,NA,NA,NA,NA,NA,Ih_17_24m_2023,3,wheat,6.882480769230769,NA,2022,1,48.745054396321954,8.90991289509535,48.743878865000056,8.907892014000026,48.74621680300004,8.912102256000026,57623.731970452245,Winter Wheat,not reported,Oct,Jul,assigned,NA,10,7,2022-10-01,2023-07-01,9.045647501945496,15.276698684692382,54.44373953342438,404.0403649358389,70.53696765149932,145,0.5270979300770162,0.9480264882106346,98.18607898215758,38.64233813279207,1.238634705543518,2.709020853042603,1.774113277594249,Ihinger Hof Field,345,177,478,NA,2008,15,Ih_17_2023
2023,NA,NA,ww,Ih_18_4,NA,6.074757575757576,koch25,t/ha,4,IhingerHof,48.74490478175978,8.90982707000781,NA,NA,walnut,normal,NA,NA,NA,NA,NA,NA,NA,NA,NA,NA,NA,NA,NA,NA,NA,Ih_18_4m_2023,3,wheat,6.074757575757576,NA,2022,1,48.745054396321954,8.90991289509535,48.743878865000056,8.907892014000026,48.74621680300004,8.912102256000026,57623.731970452245,Winter Wheat,not reported,Oct,Jul,assigned,NA,10,7,2022-10-01,2023-07-01,9.045647501945496,15.276698684692382,54.44373953342438,404.0403649358389,70.53696765149932,145,0.5270979300770162,0.9480264882106346,98.18607898215758,38.64233813279207,1.238634705543518,2.709020853042603,1.774113277594249,Ihinger Hof Field,345,177,478,NA,2008,15,Ih_18_2023
2023,NA,NA,ww,Ih_18_12,NA,5.884643835616439,koch25,t/ha,12,IhingerHof,48.74490478175978,8.90982707000781,NA,NA,walnut,normal,NA,NA,NA,NA,NA,NA,NA,NA,NA,NA,NA,NA,NA,NA,NA,Ih_18_12m_2023,3,wheat,5.884643835616439,NA,2022,1,48.745054396321954,8.90991289509535,48.743878865000056,8.907892014000026,48.74621680300004,8.912102256000026,57623.731970452245,Winter Wheat,not reported,Oct,Jul,assigned,NA,10,7,2022-10-01,2023-07-01,9.045647501945496,15.276698684692382,54.44373953342438,404.0403649358389,70.53696765149932,145,0.5270979300770162,0.9480264882106346,98.18607898215758,38.64233813279207,1.238634705543518,2.709020853042603,1.774113277594249,Ihinger Hof Field,345,177,478,NA,2008,15,Ih_18_2023
2023,NA,NA,ww,Ih_18_18,NA,6.602558823529412,koch25,t/ha,18,IhingerHof,48.74490478175978,8.90982707000781,NA,NA,walnut,normal,NA,NA,NA,NA,NA,NA,NA,NA,NA,NA,NA,NA,NA,NA,NA,Ih_18_18m_2023,3,wheat,6.602558823529412,NA,2022,1,48.745054396321954,8.90991289509535,48.743878865000056,8.907892014000026,48.74621680300004,8.912102256000026,57623.731970452245,Winter Wheat,not reported,Oct,Jul,assigned,NA,10,7,2022-10-01,2023-07-01,9.045647501945496,15.276698684692382,54.44373953342438,404.0403649358389,70.53696765149932,145,0.5270979300770162,0.9480264882106346,98.18607898215758,38.64233813279207,1.238634705543518,2.709020853042603,1.774113277594249,Ihinger Hof Field,345,177,478,NA,2008,15,Ih_18_2023
2023,NA,NA,ww,Ih_18_24,NA,7.4721,koch25,t/ha,24,IhingerHof,48.74490478175978,8.90982707000781,NA,NA,walnut,normal,NA,NA,NA,NA,NA,NA,NA,NA,NA,NA,NA,NA,NA,NA,NA,Ih_18_24m_2023,3,wheat,7.4721,NA,2022,1,48.745054396321954,8.90991289509535,48.743878865000056,8.907892014000026,48.74621680300004,8.912102256000026,57623.731970452245,Winter Wheat,not reported,Oct,Jul,assigned,NA,10,7,2022-10-01,2023-07-01,9.045647501945496,15.276698684692382,54.44373953342438,404.0403649358389,70.53696765149932,145,0.5270979300770162,0.9480264882106346,98.18607898215758,38.64233813279207,1.238634705543518,2.709020853042603,1.774113277594249,Ihinger Hof Field,345,177,478,NA,2008,15,Ih_18_2023
2023,NA,NA,ww,Ih_19_4,NA,4.639617647058824,koch25,t/ha,4,IhingerHof,48.74490478175978,8.90982707000781,NA,NA,willow,normal,NA,NA,NA,NA,NA,NA,NA,NA,NA,NA,NA,NA,NA,NA,NA,Ih_19_4m_2023,4,wheat,4.639617647058824,NA,2022,1,48.745054396321954,8.90991289509535,48.743878865000056,8.907892014000026,48.74621680300004,8.912102256000026,57623.731970452245,Winter Wheat,not reported,Oct,Jul,assigned,NA,10,7,2022-10-01,2023-07-01,9.045647501945496,15.276698684692382,54.44373953342438,404.0403649358389,70.53696765149932,145,0.5270979300770162,0.9480264882106346,98.18607898215758,38.64233813279207,1.238634705543518,2.709020853042603,1.774113277594249,Ihinger Hof Field,345,177,478,NA,2008,15,Ih_19_2023
2023,NA,NA,ww,Ih_19_7,NA,5.159457142857143,koch25,t/ha,7,IhingerHof,48.74490478175978,8.90982707000781,NA,NA,willow,normal,NA,NA,NA,NA,NA,NA,NA,NA,NA,NA,NA,NA,NA,NA,NA,Ih_19_7m_2023,4,wheat,5.159457142857143,NA,2022,1,48.745054396321954,8.90991289509535,48.743878865000056,8.907892014000026,48.74621680300004,8.912102256000026,57623.731970452245,Winter Wheat,not reported,Oct,Jul,assigned,NA,10,7,2022-10-01,2023-07-01,9.045647501945496,15.276698684692382,54.44373953342438,404.0403649358389,70.53696765149932,145,0.5270979300770162,0.9480264882106346,98.18607898215758,38.64233813279207,1.238634705543518,2.709020853042603,1.774113277594249,Ihinger Hof Field,345,177,478,NA,2008,15,Ih_19_2023
2023,NA,NA,ww,Ih_19_12,NA,6.674888888888889,koch25,t/ha,12,IhingerHof,48.74490478175978,8.90982707000781,NA,NA,willow,normal,NA,NA,NA,NA,NA,NA,NA,NA,NA,NA,NA,NA,NA,NA,NA,Ih_19_12m_2023,4,wheat,6.674888888888889,NA,2022,1,48.745054396321954,8.90991289509535,48.743878865000056,8.907892014000026,48.74621680300004,8.912102256000026,57623.731970452245,Winter Wheat,not reported,Oct,Jul,assigned,NA,10,7,2022-10-01,2023-07-01,9.045647501945496,15.276698684692382,54.44373953342438,404.0403649358389,70.53696765149932,145,0.5270979300770162,0.9480264882106346,98.18607898215758,38.64233813279207,1.238634705543518,2.709020853042603,1.774113277594249,Ihinger Hof Field,345,177,478,NA,2008,15,Ih_19_2023
2023,NA,NA,ww,Ih_19_18,NA,7.393967741935484,koch25,t/ha,18,IhingerHof,48.74490478175978,8.90982707000781,NA,NA,willow,normal,NA,NA,NA,NA,NA,NA,NA,NA,NA,NA,NA,NA,NA,NA,NA,Ih_19_18m_2023,4,wheat,7.393967741935484,NA,2022,1,48.745054396321954,8.90991289509535,48.743878865000056,8.907892014000026,48.74621680300004,8.912102256000026,57623.731970452245,Winter Wheat,not reported,Oct,Jul,assigned,NA,10,7,2022-10-01,2023-07-01,9.045647501945496,15.276698684692382,54.44373953342438,404.0403649358389,70.53696765149932,145,0.5270979300770162,0.9480264882106346,98.18607898215758,38.64233813279207,1.238634705543518,2.709020853042603,1.774113277594249,Ihinger Hof Field,345,177,478,NA,2008,15,Ih_19_2023
2023,NA,NA,ww,Ih_19_24,NA,6.954723076923077,koch25,t/ha,24,IhingerHof,48.74490478175978,8.90982707000781,NA,NA,willow,normal,NA,NA,NA,NA,NA,NA,NA,NA,NA,NA,NA,NA,NA,NA,NA,Ih_19_24m_2023,4,wheat,6.954723076923077,NA,2022,1,48.745054396321954,8.90991289509535,48.743878865000056,8.907892014000026,48.74621680300004,8.912102256000026,57623.731970452245,Winter Wheat,not reported,Oct,Jul,assigned,NA,10,7,2022-10-01,2023-07-01,9.045647501945496,15.276698684692382,54.44373953342438,404.0403649358389,70.53696765149932,145,0.5270979300770162,0.9480264882106346,98.18607898215758,38.64233813279207,1.238634705543518,2.709020853042603,1.774113277594249,Ihinger Hof Field,345,177,478,NA,2008,15,Ih_19_2023
2023,NA,NA,ww,Ih_20_4,NA,6.5528,koch25,t/ha,4,IhingerHof,48.74490478175978,8.90982707000781,NA,NA,walnut,normal,NA,NA,NA,NA,NA,NA,NA,NA,NA,NA,NA,NA,NA,NA,NA,Ih_20_4m_2023,4,wheat,6.5528,NA,2022,1,48.745054396321954,8.90991289509535,48.743878865000056,8.907892014000026,48.74621680300004,8.912102256000026,57623.731970452245,Winter Wheat,not reported,Oct,Jul,assigned,NA,10,7,2022-10-01,2023-07-01,9.045647501945496,15.276698684692382,54.44373953342438,404.0403649358389,70.53696765149932,145,0.5270979300770162,0.9480264882106346,98.18607898215758,38.64233813279207,1.238634705543518,2.709020853042603,1.774113277594249,Ihinger Hof Field,345,177,478,NA,2008,15,Ih_20_2023
2023,NA,NA,ww,Ih_20_7,NA,6.5519,koch25,t/ha,7,IhingerHof,48.74490478175978,8.90982707000781,NA,NA,walnut,normal,NA,NA,NA,NA,NA,NA,NA,NA,NA,NA,NA,NA,NA,NA,NA,Ih_20_7m_2023,4,wheat,6.5519,NA,2022,1,48.745054396321954,8.90991289509535,48.743878865000056,8.907892014000026,48.74621680300004,8.912102256000026,57623.731970452245,Winter Wheat,not reported,Oct,Jul,assigned,NA,10,7,2022-10-01,2023-07-01,9.045647501945496,15.276698684692382,54.44373953342438,404.0403649358389,70.53696765149932,145,0.5270979300770162,0.9480264882106346,98.18607898215758,38.64233813279207,1.238634705543518,2.709020853042603,1.774113277594249,Ihinger Hof Field,345,177,478,NA,2008,15,Ih_20_2023
2023,NA,NA,ww,Ih_20_12,NA,6.998063492063492,koch25,t/ha,12,IhingerHof,48.74490478175978,8.90982707000781,NA,NA,walnut,normal,NA,NA,NA,NA,NA,NA,NA,NA,NA,NA,NA,NA,NA,NA,NA,Ih_20_12m_2023,4,wheat,6.998063492063492,NA,2022,1,48.745054396321954,8.90991289509535,48.743878865000056,8.907892014000026,48.74621680300004,8.912102256000026,57623.731970452245,Winter Wheat,not reported,Oct,Jul,assigned,NA,10,7,2022-10-01,2023-07-01,9.045647501945496,15.276698684692382,54.44373953342438,404.0403649358389,70.53696765149932,145,0.5270979300770162,0.9480264882106346,98.18607898215758,38.64233813279207,1.238634705543518,2.709020853042603,1.774113277594249,Ihinger Hof Field,345,177,478,NA,2008,15,Ih_20_2023
2023,NA,NA,ww,Ih_20_18,NA,6.671802816901408,koch25,t/ha,18,IhingerHof,48.74490478175978,8.90982707000781,NA,NA,walnut,normal,NA,NA,NA,NA,NA,NA,NA,NA,NA,NA,NA,NA,NA,NA,NA,Ih_20_18m_2023,4,wheat,6.671802816901408,NA,2022,1,48.745054396321954,8.90991289509535,48.743878865000056,8.907892014000026,48.74621680300004,8.912102256000026,57623.731970452245,Winter Wheat,not reported,Oct,Jul,assigned,NA,10,7,2022-10-01,2023-07-01,9.045647501945496,15.276698684692382,54.44373953342438,404.0403649358389,70.53696765149932,145,0.5270979300770162,0.9480264882106346,98.18607898215758,38.64233813279207,1.238634705543518,2.709020853042603,1.774113277594249,Ihinger Hof Field,345,177,478,NA,2008,15,Ih_20_2023
2023,NA,NA,ww,Ih_20_24,NA,6.5532894736842104,koch25,t/ha,24,IhingerHof,48.74490478175978,8.90982707000781,NA,NA,walnut,normal,NA,NA,NA,NA,NA,NA,NA,NA,NA,NA,NA,NA,NA,NA,NA,Ih_20_24m_2023,4,wheat,6.5532894736842104,NA,2022,1,48.745054396321954,8.90991289509535,48.743878865000056,8.907892014000026,48.74621680300004,8.912102256000026,57623.731970452245,Winter Wheat,not reported,Oct,Jul,assigned,NA,10,7,2022-10-01,2023-07-01,9.045647501945496,15.276698684692382,54.44373953342438,404.0403649358389,70.53696765149932,145,0.5270979300770162,0.9480264882106346,98.18607898215758,38.64233813279207,1.238634705543518,2.709020853042603,1.774113277594249,Ihinger Hof Field,345,177,478,NA,2008,15,Ih_20_2023
2023,NA,NA,ww,Ih_21_4,NA,6.561405405405406,koch25,t/ha,4,IhingerHof,48.74490478175978,8.90982707000781,NA,NA,hedge,normal,NA,NA,NA,NA,NA,NA,NA,NA,NA,NA,NA,NA,NA,NA,NA,Ih_21_4m_2023,4,wheat,6.561405405405406,NA,2022,1,48.745054396321954,8.90991289509535,48.743878865000056,8.907892014000026,48.74621680300004,8.912102256000026,57623.731970452245,Winter Wheat,not reported,Oct,Jul,assigned,NA,10,7,2022-10-01,2023-07-01,9.045647501945496,15.276698684692382,54.44373953342438,404.0403649358389,70.53696765149932,145,0.5270979300770162,0.9480264882106346,98.18607898215758,38.64233813279207,1.238634705543518,2.709020853042603,1.774113277594249,Ihinger Hof Field,345,177,478,NA,2008,15,Ih_21_2023
2023,NA,NA,ww,Ih_21_7,NA,6.250416666666666,koch25,t/ha,7,IhingerHof,48.74490478175978,8.90982707000781,NA,NA,hedge,normal,NA,NA,NA,NA,NA,NA,NA,NA,NA,NA,NA,NA,NA,NA,NA,Ih_21_7m_2023,4,wheat,6.250416666666666,NA,2022,1,48.745054396321954,8.90991289509535,48.743878865000056,8.907892014000026,48.74621680300004,8.912102256000026,57623.731970452245,Winter Wheat,not reported,Oct,Jul,assigned,NA,10,7,2022-10-01,2023-07-01,9.045647501945496,15.276698684692382,54.44373953342438,404.0403649358389,70.53696765149932,145,0.5270979300770162,0.9480264882106346,98.18607898215758,38.64233813279207,1.238634705543518,2.709020853042603,1.774113277594249,Ihinger Hof Field,345,177,478,NA,2008,15,Ih_21_2023
2023,NA,NA,ww,Ih_21_12,NA,5.904654545454545,koch25,t/ha,12,IhingerHof,48.74490478175978,8.90982707000781,NA,NA,hedge,normal,NA,NA,NA,NA,NA,NA,NA,NA,NA,NA,NA,NA,NA,NA,NA,Ih_21_12m_2023,4,wheat,5.904654545454545,NA,2022,1,48.745054396321954,8.90991289509535,48.743878865000056,8.907892014000026,48.74621680300004,8.912102256000026,57623.731970452245,Winter Wheat,not reported,Oct,Jul,assigned,NA,10,7,2022-10-01,2023-07-01,9.045647501945496,15.276698684692382,54.44373953342438,404.0403649358389,70.53696765149932,145,0.5270979300770162,0.9480264882106346,98.18607898215758,38.64233813279207,1.238634705543518,2.709020853042603,1.774113277594249,Ihinger Hof Field,345,177,478,NA,2008,15,Ih_21_2023
2023,NA,NA,ww,Ih_21_18,NA,6.014125,koch25,t/ha,18,IhingerHof,48.74490478175978,8.90982707000781,NA,NA,hedge,normal,NA,NA,NA,NA,NA,NA,NA,NA,NA,NA,NA,NA,NA,NA,NA,Ih_21_18m_2023,4,wheat,6.014125,NA,2022,1,48.745054396321954,8.90991289509535,48.743878865000056,8.907892014000026,48.74621680300004,8.912102256000026,57623.731970452245,Winter Wheat,not reported,Oct,Jul,assigned,NA,10,7,2022-10-01,2023-07-01,9.045647501945496,15.276698684692382,54.44373953342438,404.0403649358389,70.53696765149932,145,0.5270979300770162,0.9480264882106346,98.18607898215758,38.64233813279207,1.238634705543518,2.709020853042603,1.774113277594249,Ihinger Hof Field,345,177,478,NA,2008,15,Ih_21_2023
2023,NA,NA,ww,Ih_21_24,NA,5.152577464788733,koch25,t/ha,24,IhingerHof,48.74490478175978,8.90982707000781,NA,NA,hedge,normal,NA,NA,NA,NA,NA,NA,NA,NA,NA,NA,NA,NA,NA,NA,NA,Ih_21_24m_2023,4,wheat,5.152577464788733,NA,2022,1,48.745054396321954,8.90991289509535,48.743878865000056,8.907892014000026,48.74621680300004,8.912102256000026,57623.731970452245,Winter Wheat,not reported,Oct,Jul,assigned,NA,10,7,2022-10-01,2023-07-01,9.045647501945496,15.276698684692382,54.44373953342438,404.0403649358389,70.53696765149932,145,0.5270979300770162,0.9480264882106346,98.18607898215758,38.64233813279207,1.238634705543518,2.709020853042603,1.774113277594249,Ihinger Hof Field,345,177,478,NA,2008,15,Ih_21_2023
2023,NA,NA,ww,Ih_22_4,NA,7.204893617021277,koch25,t/ha,4,IhingerHof,48.74490478175978,8.90982707000781,NA,NA,hedge,normal,NA,NA,NA,NA,NA,NA,NA,NA,NA,NA,NA,NA,NA,NA,NA,Ih_22_4m_2023,4,wheat,7.204893617021277,NA,2022,1,48.745054396321954,8.90991289509535,48.743878865000056,8.907892014000026,48.74621680300004,8.912102256000026,57623.731970452245,Winter Wheat,not reported,Oct,Jul,assigned,NA,10,7,2022-10-01,2023-07-01,9.045647501945496,15.276698684692382,54.44373953342438,404.0403649358389,70.53696765149932,145,0.5270979300770162,0.9480264882106346,98.18607898215758,38.64233813279207,1.238634705543518,2.709020853042603,1.774113277594249,Ihinger Hof Field,345,177,478,NA,2008,15,Ih_22_2023
2023,NA,NA,ww,Ih_22_12,NA,7.449530612244898,koch25,t/ha,12,IhingerHof,48.74490478175978,8.90982707000781,NA,NA,hedge,normal,NA,NA,NA,NA,NA,NA,NA,NA,NA,NA,NA,NA,NA,NA,NA,Ih_22_12m_2023,4,wheat,7.449530612244898,NA,2022,1,48.745054396321954,8.90991289509535,48.743878865000056,8.907892014000026,48.74621680300004,8.912102256000026,57623.731970452245,Winter Wheat,not reported,Oct,Jul,assigned,NA,10,7,2022-10-01,2023-07-01,9.045647501945496,15.276698684692382,54.44373953342438,404.0403649358389,70.53696765149932,145,0.5270979300770162,0.9480264882106346,98.18607898215758,38.64233813279207,1.238634705543518,2.709020853042603,1.774113277594249,Ihinger Hof Field,345,177,478,NA,2008,15,Ih_22_2023
2023,NA,NA,ww,Ih_22_18,NA,5.058636363636364,koch25,t/ha,18,IhingerHof,48.74490478175978,8.90982707000781,NA,NA,hedge,normal,NA,NA,NA,NA,NA,NA,NA,NA,NA,NA,NA,NA,NA,NA,NA,Ih_22_18m_2023,4,wheat,5.058636363636364,NA,2022,1,48.745054396321954,8.90991289509535,48.743878865000056,8.907892014000026,48.74621680300004,8.912102256000026,57623.731970452245,Winter Wheat,not reported,Oct,Jul,assigned,NA,10,7,2022-10-01,2023-07-01,9.045647501945496,15.276698684692382,54.44373953342438,404.0403649358389,70.53696765149932,145,0.5270979300770162,0.9480264882106346,98.18607898215758,38.64233813279207,1.238634705543518,2.709020853042603,1.774113277594249,Ihinger Hof Field,345,177,478,NA,2008,15,Ih_22_2023
2023,NA,NA,ww,Ih_22_24,NA,2.609756756756757,koch25,t/ha,24,IhingerHof,48.74490478175978,8.90982707000781,NA,NA,hedge,normal,NA,NA,NA,NA,NA,NA,NA,NA,NA,NA,NA,NA,NA,NA,NA,Ih_22_24m_2023,4,wheat,2.609756756756757,NA,2022,1,48.745054396321954,8.90991289509535,48.743878865000056,8.907892014000026,48.74621680300004,8.912102256000026,57623.731970452245,Winter Wheat,not reported,Oct,Jul,assigned,NA,10,7,2022-10-01,2023-07-01,9.045647501945496,15.276698684692382,54.44373953342438,404.0403649358389,70.53696765149932,145,0.5270979300770162,0.9480264882106346,98.18607898215758,38.64233813279207,1.238634705543518,2.709020853042603,1.774113277594249,Ihinger Hof Field,345,177,478,NA,2008,15,Ih_22_2023
2023,NA,NA,ww,Ih_23_4,NA,6.577584905660378,koch25,t/ha,4,IhingerHof,48.74490478175978,8.90982707000781,NA,NA,walnut,normal,NA,NA,NA,NA,NA,NA,NA,NA,NA,NA,NA,NA,NA,NA,NA,Ih_23_4m_2023,4,wheat,6.577584905660378,NA,2022,1,48.745054396321954,8.90991289509535,48.743878865000056,8.907892014000026,48.74621680300004,8.912102256000026,57623.731970452245,Winter Wheat,not reported,Oct,Jul,assigned,NA,10,7,2022-10-01,2023-07-01,9.045647501945496,15.276698684692382,54.44373953342438,404.0403649358389,70.53696765149932,145,0.5270979300770162,0.9480264882106346,98.18607898215758,38.64233813279207,1.238634705543518,2.709020853042603,1.774113277594249,Ihinger Hof Field,345,177,478,NA,2008,15,Ih_23_2023
2023,NA,NA,ww,Ih_23_12,NA,6.780390625,koch25,t/ha,12,IhingerHof,48.74490478175978,8.90982707000781,NA,NA,walnut,normal,NA,NA,NA,NA,NA,NA,NA,NA,NA,NA,NA,NA,NA,NA,NA,Ih_23_12m_2023,4,wheat,6.780390625,NA,2022,1,48.745054396321954,8.90991289509535,48.743878865000056,8.907892014000026,48.74621680300004,8.912102256000026,57623.731970452245,Winter Wheat,not reported,Oct,Jul,assigned,NA,10,7,2022-10-01,2023-07-01,9.045647501945496,15.276698684692382,54.44373953342438,404.0403649358389,70.53696765149932,145,0.5270979300770162,0.9480264882106346,98.18607898215758,38.64233813279207,1.238634705543518,2.709020853042603,1.774113277594249,Ihinger Hof Field,345,177,478,NA,2008,15,Ih_23_2023
2023,NA,NA,ww,Ih_23_18,NA,5.500379310344828,koch25,t/ha,18,IhingerHof,48.74490478175978,8.90982707000781,NA,NA,walnut,normal,NA,NA,NA,NA,NA,NA,NA,NA,NA,NA,NA,NA,NA,NA,NA,Ih_23_18m_2023,4,wheat,5.500379310344828,NA,2022,1,48.745054396321954,8.90991289509535,48.743878865000056,8.907892014000026,48.74621680300004,8.912102256000026,57623.731970452245,Winter Wheat,not reported,Oct,Jul,assigned,NA,10,7,2022-10-01,2023-07-01,9.045647501945496,15.276698684692382,54.44373953342438,404.0403649358389,70.53696765149932,145,0.5270979300770162,0.9480264882106346,98.18607898215758,38.64233813279207,1.238634705543518,2.709020853042603,1.774113277594249,Ihinger Hof Field,345,177,478,NA,2008,15,Ih_23_2023
2023,NA,NA,ww,Ih_23_24,NA,3.63538,koch25,t/ha,24,IhingerHof,48.74490478175978,8.90982707000781,NA,NA,walnut,normal,NA,NA,NA,NA,NA,NA,NA,NA,NA,NA,NA,NA,NA,NA,NA,Ih_23_24m_2023,4,wheat,3.63538,NA,2022,1,48.745054396321954,8.90991289509535,48.743878865000056,8.907892014000026,48.74621680300004,8.912102256000026,57623.731970452245,Winter Wheat,not reported,Oct,Jul,assigned,NA,10,7,2022-10-01,2023-07-01,9.045647501945496,15.276698684692382,54.44373953342438,404.0403649358389,70.53696765149932,145,0.5270979300770162,0.9480264882106346,98.18607898215758,38.64233813279207,1.238634705543518,2.709020853042603,1.774113277594249,Ihinger Hof Field,345,177,478,NA,2008,15,Ih_23_2023
2023,NA,NA,ww,Ih_24_4,NA,4.736363636363636,koch25,t/ha,4,IhingerHof,48.74490478175978,8.90982707000781,NA,NA,willow,normal,NA,NA,NA,NA,NA,NA,NA,NA,NA,NA,NA,NA,NA,NA,NA,Ih_24_4m_2023,4,wheat,4.736363636363636,NA,2022,1,48.745054396321954,8.90991289509535,48.743878865000056,8.907892014000026,48.74621680300004,8.912102256000026,57623.731970452245,Winter Wheat,not reported,Oct,Jul,assigned,NA,10,7,2022-10-01,2023-07-01,9.045647501945496,15.276698684692382,54.44373953342438,404.0403649358389,70.53696765149932,145,0.5270979300770162,0.9480264882106346,98.18607898215758,38.64233813279207,1.238634705543518,2.709020853042603,1.774113277594249,Ihinger Hof Field,345,177,478,NA,2008,15,Ih_24_2023
2023,NA,NA,ww,Ih_24_12,NA,5.5167419354838705,koch25,t/ha,12,IhingerHof,48.74490478175978,8.90982707000781,NA,NA,willow,normal,NA,NA,NA,NA,NA,NA,NA,NA,NA,NA,NA,NA,NA,NA,NA,Ih_24_12m_2023,4,wheat,5.5167419354838705,NA,2022,1,48.745054396321954,8.90991289509535,48.743878865000056,8.907892014000026,48.74621680300004,8.912102256000026,57623.731970452245,Winter Wheat,not reported,Oct,Jul,assigned,NA,10,7,2022-10-01,2023-07-01,9.045647501945496,15.276698684692382,54.44373953342438,404.0403649358389,70.53696765149932,145,0.5270979300770162,0.9480264882106346,98.18607898215758,38.64233813279207,1.238634705543518,2.709020853042603,1.774113277594249,Ihinger Hof Field,345,177,478,NA,2008,15,Ih_24_2023
2023,NA,NA,ww,Ih_24_18,NA,4.682616666666666,koch25,t/ha,18,IhingerHof,48.74490478175978,8.90982707000781,NA,NA,willow,normal,NA,NA,NA,NA,NA,NA,NA,NA,NA,NA,NA,NA,NA,NA,NA,Ih_24_18m_2023,4,wheat,4.682616666666666,NA,2022,1,48.745054396321954,8.90991289509535,48.743878865000056,8.907892014000026,48.74621680300004,8.912102256000026,57623.731970452245,Winter Wheat,not reported,Oct,Jul,assigned,NA,10,7,2022-10-01,2023-07-01,9.045647501945496,15.276698684692382,54.44373953342438,404.0403649358389,70.53696765149932,145,0.5270979300770162,0.9480264882106346,98.18607898215758,38.64233813279207,1.238634705543518,2.709020853042603,1.774113277594249,Ihinger Hof Field,345,177,478,NA,2008,15,Ih_24_2023
2023,NA,NA,ww,Ih_24_24,NA,3.824452830188679,koch25,t/ha,24,IhingerHof,48.74490478175978,8.90982707000781,NA,NA,willow,normal,NA,NA,NA,NA,NA,NA,NA,NA,NA,NA,NA,NA,NA,NA,NA,Ih_24_24m_2023,4,wheat,3.824452830188679,NA,2022,1,48.745054396321954,8.90991289509535,48.743878865000056,8.907892014000026,48.74621680300004,8.912102256000026,57623.731970452245,Winter Wheat,not reported,Oct,Jul,assigned,NA,10,7,2022-10-01,2023-07-01,9.045647501945496,15.276698684692382,54.44373953342438,404.0403649358389,70.53696765149932,145,0.5270979300770162,0.9480264882106346,98.18607898215758,38.64233813279207,1.238634705543518,2.709020853042603,1.774113277594249,Ihinger Hof Field,345,177,478,NA,2008,15,Ih_24_2023
