"plot","field","year","crop_unified","distance_to_tree_strip","temp_C_mean","precip_mm_sum","sun_MJ_m2_mean","clay","sand","silt","AFage","treeage","l_shdi","l_ed","l_np","l_contag","mean_slope","sowing_month","harvest_month","yield_tha","crop_season","key34","field_year","key140","key140_mean","n_cell","key34_mean","yield_rel","key140_rel","dist_rel","PC1_c","PC1_s","swf_year","SWF.swf_d100","SWF.swf_d200","SWF.swf_d300","SWF.swf_d400","SWF.swf_d500","SWF.swf_d600","SWF.swf_d700","SWF.swf_d800","SWF.swf_d900","SWF.swf_d1000","R.1","R.2","R.3","R.4","R.5","R.6","R.7","R.8","R.9","R.10"
"W_AF_r1_1m","Wendhausen","2016","rapeseed", 1.0, 9.826881,58.17677,12.90557,195,462,343, 8,3,0.9989174,27.89514,117,72.20601,1.4311617,"Sep","Jul", 1.63570000,"winter","Wendhausen_2016_rapeseed","Wendhausen_2016","Wendhausen_2016_rapeseed_1", 0.8154000, 4, 2.472606,0.661528701,0.32977349,0.04166667,-1.09665501,-0.6265963,"prop_swf.2015",0.0444414787,0.0202052259,0.0272370144,0.0233390500,0.0150864872,0.0021280267,0.0340973767,0.0177289996,0.0204379562,0.0183779938, 100, 200, 300, 400, 500, 600, 700, 800, 900,1000
"W_AF_r1_4m","Wendhausen","2016","rapeseed", 4.0, 9.826881,58.17677,12.90557,195,462,343, 8,3,0.9989174,27.89514,117,72.20601,1.4311617,"Sep","Jul", 2.51480000,"winter","Wendhausen_2016_rapeseed","Wendhausen_2016","Wendhausen_2016_rapeseed_4", 2.6592750, 4, 2.472606,1.017064484,1.07549473,0.16666667,-1.09665501,-0.6265963,"prop_swf.2015",0.0444414787,0.0202052259,0.0272370144,0.0233390500,0.0150864872,0.0021280267,0.0340973767,0.0177289996,0.0204379562,0.0183779938, 100, 200, 300, 400, 500, 600, 700, 800, 900,1000
"W_AF_r1_7m","Wendhausen","2016","rapeseed", 7.0, 9.826881,58.17677,12.90557,195,462,343, 8,3,0.9989174,27.89514,117,72.20601,1.4311617,"Sep","Jul", 2.95890000,"winter","Wendhausen_2016_rapeseed","Wendhausen_2016","Wendhausen_2016_rapeseed_7", 3.0780250, 4, 2.472606,1.196672539,1.24485045,0.29166667,-1.09665501,-0.6265963,"prop_swf.2015",0.0444414787,0.0202052259,0.0272370144,0.0233390500,0.0150864872,0.0021280267,0.0340973767,0.0177289996,0.0204379562,0.0183779938, 100, 200, 300, 400, 500, 600, 700, 800, 900,1000
"W_AF_r2_1m","Wendhausen","2016","rapeseed", 1.0, 9.826881,58.17677,12.90557,195,462,343, 8,3,0.9989174,27.89514,117,72.20601,1.4311617,"Sep","Jul", 0.04610000,"winter","Wendhausen_2016_rapeseed","Wendhausen_2016","Wendhausen_2016_rapeseed_1", 0.8154000, 4, 2.472606,0.018644295,0.32977349,0.04166667,-1.09665501,-0.6265963,"prop_swf.2015",0.0444414787,0.0202052259,0.0272370144,0.0233390500,0.0150864872,0.0021280267,0.0340973767,0.0177289996,0.0204379562,0.0183779938, 100, 200, 300, 400, 500, 600, 700, 800, 900,1000
"W_AF_r2_4m","Wendhausen","2016","rapeseed", 4.0, 9.826881,58.17677,12.90557,195,462,343, 8,3,0.9989174,27.89514,117,72.20601,1.4311617,"Sep","Jul", 3.46430000,"winter","Wendhausen_2016_rapeseed","Wendhausen_2016","Wendhausen_2016_rapeseed_4", 2.6592750, 4, 2.472606,1.401072249,1.07549473,0.16666667,-1.09665501,-0.6265963,"prop_swf.2015",0.0444414787,0.0202052259,0.0272370144,0.0233390500,0.0150864872,0.0021280267,0.0340973767,0.0177289996,0.0204379562,0.0183779938, 100, 200, 300, 400, 500, 600, 700, 800, 900,1000
"W_AF_r2_7m","Wendhausen","2016","rapeseed", 7.0, 9.826881,58.17677,12.90557,195,462,343, 8,3,0.9989174,27.89514,117,72.20601,1.4311617,"Sep","Jul", 2.76970000,"winter","Wendhausen_2016_rapeseed","Wendhausen_2016","Wendhausen_2016_rapeseed_7", 3.0780250, 4, 2.472606,1.120154088,1.24485045,0.29166667,-1.09665501,-0.6265963,"prop_swf.2015",0.0444414787,0.0202052259,0.0272370144,0.0233390500,0.0150864872,0.0021280267,0.0340973767,0.0177289996,0.0204379562,0.0183779938, 100, 200, 300, 400, 500, 600, 700, 800, 900,1000
"W_AF_r3_1m","Wendhausen","2016","rapeseed", 1.0, 9.826881,58.17677,12.90557,195,462,343, 8,3,0.9989174,27.89514,117,72.20601,1.4311617,"Sep","Jul", 1.38440000,"winter","Wendhausen_2016_rapeseed","Wendhausen_2016","Wendhausen_2016_rapeseed_1", 0.8154000, 4, 2.472606,0.559895050,0.32977349,0.04166667,-1.09665501,-0.6265963,"prop_swf.2015",0.0444414787,0.0202052259,0.0272370144,0.0233390500,0.0150864872,0.0021280267,0.0340973767,0.0177289996,0.0204379562,0.0183779938, 100, 200, 300, 400, 500, 600, 700, 800, 900,1000
"W_AF_r3_4m","Wendhausen","2016","rapeseed", 4.0, 9.826881,58.17677,12.90557,195,462,343, 8,3,0.9989174,27.89514,117,72.20601,1.4311617,"Sep","Jul", 2.18420000,"winter","Wendhausen_2016_rapeseed","Wendhausen_2016","Wendhausen_2016_rapeseed_4", 2.6592750, 4, 2.472606,0.883359411,1.07549473,0.16666667,-1.09665501,-0.6265963,"prop_swf.2015",0.0444414787,0.0202052259,0.0272370144,0.0233390500,0.0150864872,0.0021280267,0.0340973767,0.0177289996,0.0204379562,0.0183779938, 100, 200, 300, 400, 500, 600, 700, 800, 900,1000
"W_AF_r3_7m","Wendhausen","2016","rapeseed", 7.0, 9.826881,58.17677,12.90557,195,462,343, 8,3,0.9989174,27.89514,117,72.20601,1.4311617,"Sep","Jul", 2.97870000,"winter","Wendhausen_2016_rapeseed","Wendhausen_2016","Wendhausen_2016_rapeseed_7", 3.0780250, 4, 2.472606,1.204680284,1.24485045,0.29166667,-1.09665501,-0.6265963,"prop_swf.2015",0.0444414787,0.0202052259,0.0272370144,0.0233390500,0.0150864872,0.0021280267,0.0340973767,0.0177289996,0.0204379562,0.0183779938, 100, 200, 300, 400, 500, 600, 700, 800, 900,1000
"W_AF_r4_1m","Wendhausen","2016","rapeseed", 1.0, 9.826881,58.17677,12.90557,195,462,343, 8,3,0.9989174,27.89514,117,72.20601,1.4311617,"Sep","Jul", 0.19540000,"winter","Wendhausen_2016_rapeseed","Wendhausen_2016","Wendhausen_2016_rapeseed_1", 0.8154000, 4, 2.472606,0.079025927,0.32977349,0.04166667,-1.09665501,-0.6265963,"prop_swf.2015",0.0444414787,0.0202052259,0.0272370144,0.0233390500,0.0150864872,0.0021280267,0.0340973767,0.0177289996,0.0204379562,0.0183779938, 100, 200, 300, 400, 500, 600, 700, 800, 900,1000
"W_AF_r4_4m","Wendhausen","2016","rapeseed", 4.0, 9.826881,58.17677,12.90557,195,462,343, 8,3,0.9989174,27.89514,117,72.20601,1.4311617,"Sep","Jul", 2.47380000,"winter","Wendhausen_2016_rapeseed","Wendhausen_2016","Wendhausen_2016_rapeseed_4", 2.6592750, 4, 2.472606,1.000482790,1.07549473,0.16666667,-1.09665501,-0.6265963,"prop_swf.2015",0.0444414787,0.0202052259,0.0272370144,0.0233390500,0.0150864872,0.0021280267,0.0340973767,0.0177289996,0.0204379562,0.0183779938, 100, 200, 300, 400, 500, 600, 700, 800, 900,1000
"W_AF_r4_7m","Wendhausen","2016","rapeseed", 7.0, 9.826881,58.17677,12.90557,195,462,343, 8,3,0.9989174,27.89514,117,72.20601,1.4311617,"Sep","Jul", 3.60480000,"winter","Wendhausen_2016_rapeseed","Wendhausen_2016","Wendhausen_2016_rapeseed_7", 3.0780250, 4, 2.472606,1.457894883,1.24485045,0.29166667,-1.09665501,-0.6265963,"prop_swf.2015",0.0444414787,0.0202052259,0.0272370144,0.0233390500,0.0150864872,0.0021280267,0.0340973767,0.0177289996,0.0204379562,0.0183779938, 100, 200, 300, 400, 500, 600, 700, 800, 900,1000
"W_AF_r1_24m","Wendhausen","2016","rapeseed",24.0, 9.826881,58.17677,12.90557,195,462,343, 8,3,0.9989174,27.89514,117,72.20601,1.4311617,"Sep","Jul", 3.87810000,"winter","Wendhausen_2016_rapeseed","Wendhausen_2016","Wendhausen_2016_rapeseed_24", 3.3377250, 4, 2.472606,1.568426028,1.34988132,1.00000000,-1.09665501,-0.6265963,"prop_swf.2015",0.0444414787,0.0202052259,0.0272370144,0.0233390500,0.0150864872,0.0021280267,0.0340973767,0.0177289996,0.0204379562,0.0183779938, 100, 200, 300, 400, 500, 600, 700, 800, 900,1000
"W_AF_r2_24m","Wendhausen","2016","rapeseed",24.0, 9.826881,58.17677,12.90557,195,462,343, 8,3,0.9989174,27.89514,117,72.20601,1.4311617,"Sep","Jul", 2.91110000,"winter","Wendhausen_2016_rapeseed","Wendhausen_2016","Wendhausen_2016_rapeseed_24", 3.3377250, 4, 2.472606,1.177340711,1.34988132,1.00000000,-1.09665501,-0.6265963,"prop_swf.2015",0.0444414787,0.0202052259,0.0272370144,0.0233390500,0.0150864872,0.0021280267,0.0340973767,0.0177289996,0.0204379562,0.0183779938, 100, 200, 300, 400, 500, 600, 700, 800, 900,1000
"W_AF_r3_24m","Wendhausen","2016","rapeseed",24.0, 9.826881,58.17677,12.90557,195,462,343, 8,3,0.9989174,27.89514,117,72.20601,1.4311617,"Sep","Jul", 3.35710000,"winter","Wendhausen_2016_rapeseed","Wendhausen_2016","Wendhausen_2016_rapeseed_24", 3.3377250, 4, 2.472606,1.357717186,1.34988132,1.00000000,-1.09665501,-0.6265963,"prop_swf.2015",0.0444414787,0.0202052259,0.0272370144,0.0233390500,0.0150864872,0.0021280267,0.0340973767,0.0177289996,0.0204379562,0.0183779938, 100, 200, 300, 400, 500, 600, 700, 800, 900,1000
"W_AF_r4_24m","Wendhausen","2016","rapeseed",24.0, 9.826881,58.17677,12.90557,195,462,343, 8,3,0.9989174,27.89514,117,72.20601,1.4311617,"Sep","Jul", 3.20460000,"winter","Wendhausen_2016_rapeseed","Wendhausen_2016","Wendhausen_2016_rapeseed_24", 3.3377250, 4, 2.472606,1.296041373,1.34988132,1.00000000,-1.09665501,-0.6265963,"prop_swf.2015",0.0444414787,0.0202052259,0.0272370144,0.0233390500,0.0150864872,0.0021280267,0.0340973767,0.0177289996,0.0204379562,0.0183779938, 100, 200, 300, 400, 500, 600, 700, 800, 900,1000
"W_AF_r1_1m","Wendhausen","2017","wheat", 1.0, 8.549630,60.19612,11.67596,195,462,343, 9,4,0.9989174,27.89514,117,72.20601,1.4311617,"Oct","Jul", 3.47430000,"winter","Wendhausen_2017_wheat","Wendhausen_2017","Wendhausen_2017_wheat_1", 3.2940750, 4, 5.473913,0.634701413,0.60177707,0.04166667,-1.63130644,-0.6265963,"prop_swf.2018",0.0332072299,0.0141348632,0.0262723521,0.0184804928,0.0186529027,0.0034410939,0.0368442456,0.0199306119,0.0266464032,0.0318122393, 100, 200, 300, 400, 500, 600, 700, 800, 900,1000
"W_AF_r1_4m","Wendhausen","2017","wheat", 4.0, 8.549630,60.19612,11.67596,195,462,343, 9,4,0.9989174,27.89514,117,72.20601,1.4311617,"Oct","Jul", 4.66860000,"winter","Wendhausen_2017_wheat","Wendhausen_2017","Wendhausen_2017_wheat_4", 5.4432000, 4, 5.473913,0.852881737,0.99438930,0.16666667,-1.63130644,-0.6265963,"prop_swf.2018",0.0332072299,0.0141348632,0.0262723521,0.0184804928,0.0186529027,0.0034410939,0.0368442456,0.0199306119,0.0266464032,0.0318122393, 100, 200, 300, 400, 500, 600, 700, 800, 900,1000
"W_AF_r1_7m","Wendhausen","2017","wheat", 7.0, 8.549630,60.19612,11.67596,195,462,343, 9,4,0.9989174,27.89514,117,72.20601,1.4311617,"Oct","Jul", 6.75740000,"winter","Wendhausen_2017_wheat","Wendhausen_2017","Wendhausen_2017_wheat_7", 6.1303750, 4, 5.473913,1.234473514,1.11992565,0.29166667,-1.63130644,-0.6265963,"prop_swf.2018",0.0332072299,0.0141348632,0.0262723521,0.0184804928,0.0186529027,0.0034410939,0.0368442456,0.0199306119,0.0266464032,0.0318122393, 100, 200, 300, 400, 500, 600, 700, 800, 900,1000
"W_AF_r2_1m","Wendhausen","2017","wheat", 1.0, 8.549630,60.19612,11.67596,195,462,343, 9,4,0.9989174,27.89514,117,72.20601,1.4311617,"Oct","Jul", 4.70860000,"winter","Wendhausen_2017_wheat","Wendhausen_2017","Wendhausen_2017_wheat_1", 3.2940750, 4, 5.473913,0.860189124,0.60177707,0.04166667,-1.63130644,-0.6265963,"prop_swf.2018",0.0332072299,0.0141348632,0.0262723521,0.0184804928,0.0186529027,0.0034410939,0.0368442456,0.0199306119,0.0266464032,0.0318122393, 100, 200, 300, 400, 500, 600, 700, 800, 900,1000
"W_AF_r2_4m","Wendhausen","2017","wheat", 4.0, 8.549630,60.19612,11.67596,195,462,343, 9,4,0.9989174,27.89514,117,72.20601,1.4311617,"Oct","Jul", 6.58400000,"winter","Wendhausen_2017_wheat","Wendhausen_2017","Wendhausen_2017_wheat_4", 5.4432000, 4, 5.473913,1.202795989,0.99438930,0.16666667,-1.63130644,-0.6265963,"prop_swf.2018",0.0332072299,0.0141348632,0.0262723521,0.0184804928,0.0186529027,0.0034410939,0.0368442456,0.0199306119,0.0266464032,0.0318122393, 100, 200, 300, 400, 500, 600, 700, 800, 900,1000
"W_AF_r2_7m","Wendhausen","2017","wheat", 7.0, 8.549630,60.19612,11.67596,195,462,343, 9,4,0.9989174,27.89514,117,72.20601,1.4311617,"Oct","Jul", 6.89390000,"winter","Wendhausen_2017_wheat","Wendhausen_2017","Wendhausen_2017_wheat_7", 6.1303750, 4, 5.473913,1.259409974,1.11992565,0.29166667,-1.63130644,-0.6265963,"prop_swf.2018",0.0332072299,0.0141348632,0.0262723521,0.0184804928,0.0186529027,0.0034410939,0.0368442456,0.0199306119,0.0266464032,0.0318122393, 100, 200, 300, 400, 500, 600, 700, 800, 900,1000
"W_AF_r3_1m","Wendhausen","2017","wheat", 1.0, 8.549630,60.19612,11.67596,195,462,343, 9,4,0.9989174,27.89514,117,72.20601,1.4311617,"Oct","Jul", 2.79810000,"winter","Wendhausen_2017_wheat","Wendhausen_2017","Wendhausen_2017_wheat_1", 3.2940750, 4, 5.473913,0.511170027,0.60177707,0.04166667,-1.63130644,-0.6265963,"prop_swf.2018",0.0332072299,0.0141348632,0.0262723521,0.0184804928,0.0186529027,0.0034410939,0.0368442456,0.0199306119,0.0266464032,0.0318122393, 100, 200, 300, 400, 500, 600, 700, 800, 900,1000
"W_AF_r3_4m","Wendhausen","2017","wheat", 4.0, 8.549630,60.19612,11.67596,195,462,343, 9,4,0.9989174,27.89514,117,72.20601,1.4311617,"Oct","Jul", 5.24690000,"winter","Wendhausen_2017_wheat","Wendhausen_2017","Wendhausen_2017_wheat_4", 5.4432000, 4, 5.473913,0.958528292,0.99438930,0.16666667,-1.63130644,-0.6265963,"prop_swf.2018",0.0332072299,0.0141348632,0.0262723521,0.0184804928,0.0186529027,0.0034410939,0.0368442456,0.0199306119,0.0266464032,0.0318122393, 100, 200, 300, 400, 500, 600, 700, 800, 900,1000
"W_AF_r3_7m","Wendhausen","2017","wheat", 7.0, 8.549630,60.19612,11.67596,195,462,343, 9,4,0.9989174,27.89514,117,72.20601,1.4311617,"Oct","Jul", 5.45360000,"winter","Wendhausen_2017_wheat","Wendhausen_2017","Wendhausen_2017_wheat_7", 6.1303750, 4, 5.473913,0.996289217,1.11992565,0.29166667,-1.63130644,-0.6265963,"prop_swf.2018",0.0332072299,0.0141348632,0.0262723521,0.0184804928,0.0186529027,0.0034410939,0.0368442456,0.0199306119,0.0266464032,0.0318122393, 100, 200, 300, 400, 500, 600, 700, 800, 900,1000
"W_AF_r4_1m","Wendhausen","2017","wheat", 1.0, 8.549630,60.19612,11.67596,195,462,343, 9,4,0.9989174,27.89514,117,72.20601,1.4311617,"Oct","Jul", 2.19530000,"winter","Wendhausen_2017_wheat","Wendhausen_2017","Wendhausen_2017_wheat_1", 3.2940750, 4, 5.473913,0.401047697,0.60177707,0.04166667,-1.63130644,-0.6265963,"prop_swf.2018",0.0332072299,0.0141348632,0.0262723521,0.0184804928,0.0186529027,0.0034410939,0.0368442456,0.0199306119,0.0266464032,0.0318122393, 100, 200, 300, 400, 500, 600, 700, 800, 900,1000
"W_AF_r4_4m","Wendhausen","2017","wheat", 4.0, 8.549630,60.19612,11.67596,195,462,343, 9,4,0.9989174,27.89514,117,72.20601,1.4311617,"Oct","Jul", 5.27330000,"winter","Wendhausen_2017_wheat","Wendhausen_2017","Wendhausen_2017_wheat_4", 5.4432000, 4, 5.473913,0.963351168,0.99438930,0.16666667,-1.63130644,-0.6265963,"prop_swf.2018",0.0332072299,0.0141348632,0.0262723521,0.0184804928,0.0186529027,0.0034410939,0.0368442456,0.0199306119,0.0266464032,0.0318122393, 100, 200, 300, 400, 500, 600, 700, 800, 900,1000
"W_AF_r4_7m","Wendhausen","2017","wheat", 7.0, 8.549630,60.19612,11.67596,195,462,343, 9,4,0.9989174,27.89514,117,72.20601,1.4311617,"Oct","Jul", 5.41660000,"winter","Wendhausen_2017_wheat","Wendhausen_2017","Wendhausen_2017_wheat_7", 6.1303750, 4, 5.473913,0.989529884,1.11992565,0.29166667,-1.63130644,-0.6265963,"prop_swf.2018",0.0332072299,0.0141348632,0.0262723521,0.0184804928,0.0186529027,0.0034410939,0.0368442456,0.0199306119,0.0266464032,0.0318122393, 100, 200, 300, 400, 500, 600, 700, 800, 900,1000
"W_AF_r1_24m","Wendhausen","2017","wheat",24.0, 8.549630,60.19612,11.67596,195,462,343, 9,4,0.9989174,27.89514,117,72.20601,1.4311617,"Oct","Jul", 6.07370000,"winter","Wendhausen_2017_wheat","Wendhausen_2017","Wendhausen_2017_wheat_24", 7.0280000, 4, 5.473913,1.109571993,1.28390799,1.00000000,-1.63130644,-0.6265963,"prop_swf.2018",0.0332072299,0.0141348632,0.0262723521,0.0184804928,0.0186529027,0.0034410939,0.0368442456,0.0199306119,0.0266464032,0.0318122393, 100, 200, 300, 400, 500, 600, 700, 800, 900,1000
"W_AF_r2_24m","Wendhausen","2017","wheat",24.0, 8.549630,60.19612,11.67596,195,462,343, 9,4,0.9989174,27.89514,117,72.20601,1.4311617,"Oct","Jul", 7.32610000,"winter","Wendhausen_2017_wheat","Wendhausen_2017","Wendhausen_2017_wheat_24", 7.0280000, 4, 5.473913,1.338366297,1.28390799,1.00000000,-1.63130644,-0.6265963,"prop_swf.2018",0.0332072299,0.0141348632,0.0262723521,0.0184804928,0.0186529027,0.0034410939,0.0368442456,0.0199306119,0.0266464032,0.0318122393, 100, 200, 300, 400, 500, 600, 700, 800, 900,1000
"W_AF_r3_24m","Wendhausen","2017","wheat",24.0, 8.549630,60.19612,11.67596,195,462,343, 9,4,0.9989174,27.89514,117,72.20601,1.4311617,"Oct","Jul", 6.91390000,"winter","Wendhausen_2017_wheat","Wendhausen_2017","Wendhausen_2017_wheat_24", 7.0280000, 4, 5.473913,1.263063668,1.28390799,1.00000000,-1.63130644,-0.6265963,"prop_swf.2018",0.0332072299,0.0141348632,0.0262723521,0.0184804928,0.0186529027,0.0034410939,0.0368442456,0.0199306119,0.0266464032,0.0318122393, 100, 200, 300, 400, 500, 600, 700, 800, 900,1000
"W_AF_r4_24m","Wendhausen","2017","wheat",24.0, 8.549630,60.19612,11.67596,195,462,343, 9,4,0.9989174,27.89514,117,72.20601,1.4311617,"Oct","Jul", 7.79830000,"winter","Wendhausen_2017_wheat","Wendhausen_2017","Wendhausen_2017_wheat_24", 7.0280000, 4, 5.473913,1.424630006,1.28390799,1.00000000,-1.63130644,-0.6265963,"prop_swf.2018",0.0332072299,0.0141348632,0.0262723521,0.0184804928,0.0186529027,0.0034410939,0.0368442456,0.0199306119,0.0266464032,0.0318122393, 100, 200, 300, 400, 500, 600, 700, 800, 900,1000
"W-AF-r1","Wendhausen","2019","maize", 1.0,15.399472,34.30245,20.74928,195,462,343,11,6,0.9974024,24.93507, 68,66.68686,1.4311617,"Apr","Oct", 0.15646085,"summer","Wendhausen_2019_maize","Wendhausen_2019","Wendhausen_2019_maize_1", 0.5000176, 4, 9.658565,0.016199181,0.05176934,0.04166667, 2.10428407,-0.6265963,"prop_swf.2018",0.0332072299,0.0141348632,0.0262723521,0.0184804928,0.0186529027,0.0034410939,0.0368442456,0.0199306119,0.0266464032,0.0318122393, 100, 200, 300, 400, 500, 600, 700, 800, 900,1000
"W-AF-r1","Wendhausen","2019","maize", 4.0,15.399472,34.30245,20.74928,195,462,343,11,6,0.9974024,24.93507, 68,66.68686,1.4311617,"Apr","Oct", 5.12846781,"summer","Wendhausen_2019_maize","Wendhausen_2019","Wendhausen_2019_maize_4", 9.7351368, 4, 9.658565,0.530976147,1.00792783,0.16666667, 2.10428407,-0.6265963,"prop_swf.2018",0.0332072299,0.0141348632,0.0262723521,0.0184804928,0.0186529027,0.0034410939,0.0368442456,0.0199306119,0.0266464032,0.0318122393, 100, 200, 300, 400, 500, 600, 700, 800, 900,1000
"W-AF-r1","Wendhausen","2019","maize", 7.0,15.399472,34.30245,20.74928,195,462,343,11,6,0.9974024,24.93507, 68,66.68686,1.4311617,"Apr","Oct", 7.11068513,"summer","Wendhausen_2019_maize","Wendhausen_2019","Wendhausen_2019_maize_7",12.0288178, 4, 9.658565,0.736205106,1.24540419,0.29166667, 2.10428407,-0.6265963,"prop_swf.2018",0.0332072299,0.0141348632,0.0262723521,0.0184804928,0.0186529027,0.0034410939,0.0368442456,0.0199306119,0.0266464032,0.0318122393, 100, 200, 300, 400, 500, 600, 700, 800, 900,1000
"W-AF-r1","Wendhausen","2019","maize",24.0,15.399472,34.30245,20.74928,195,462,343,11,6,0.9974024,24.93507, 68,66.68686,1.4311617,"Apr","Oct",16.40067651,"summer","Wendhausen_2019_maize","Wendhausen_2019","Wendhausen_2019_maize_24",16.3702892, 4, 9.658565,1.698044782,1.69489863,1.00000000, 2.10428407,-0.6265963,"prop_swf.2018",0.0332072299,0.0141348632,0.0262723521,0.0184804928,0.0186529027,0.0034410939,0.0368442456,0.0199306119,0.0266464032,0.0318122393, 100, 200, 300, 400, 500, 600, 700, 800, 900,1000
"W-AF-r2","Wendhausen","2019","maize", 1.0,15.399472,34.30245,20.74928,195,462,343,11,6,0.9974024,24.93507, 68,66.68686,1.4311617,"Apr","Oct", 1.23249721,"summer","Wendhausen_2019_maize","Wendhausen_2019","Wendhausen_2019_maize_1", 0.5000176, 4, 9.658565,0.127606654,0.05176934,0.04166667, 2.10428407,-0.6265963,"prop_swf.2018",0.0332072299,0.0141348632,0.0262723521,0.0184804928,0.0186529027,0.0034410939,0.0368442456,0.0199306119,0.0266464032,0.0318122393, 100, 200, 300, 400, 500, 600, 700, 800, 900,1000
"W-AF-r2","Wendhausen","2019","maize", 4.0,15.399472,34.30245,20.74928,195,462,343,11,6,0.9974024,24.93507, 68,66.68686,1.4311617,"Apr","Oct",11.43096815,"summer","Wendhausen_2019_maize","Wendhausen_2019","Wendhausen_2019_maize_4", 9.7351368, 4, 9.658565,1.183505803,1.00792783,0.16666667, 2.10428407,-0.6265963,"prop_swf.2018",0.0332072299,0.0141348632,0.0262723521,0.0184804928,0.0186529027,0.0034410939,0.0368442456,0.0199306119,0.0266464032,0.0318122393, 100, 200, 300, 400, 500, 600, 700, 800, 900,1000
"W-AF-r2","Wendhausen","2019","maize", 7.0,15.399472,34.30245,20.74928,195,462,343,11,6,0.9974024,24.93507, 68,66.68686,1.4311617,"Apr","Oct",13.61299221,"summer","Wendhausen_2019_maize","Wendhausen_2019","Wendhausen_2019_maize_7",12.0288178, 4, 9.658565,1.409421762,1.24540419,0.29166667, 2.10428407,-0.6265963,"prop_swf.2018",0.0332072299,0.0141348632,0.0262723521,0.0184804928,0.0186529027,0.0034410939,0.0368442456,0.0199306119,0.0266464032,0.0318122393, 100, 200, 300, 400, 500, 600, 700, 800, 900,1000
"W-AF-r2","Wendhausen","2019","maize",24.0,15.399472,34.30245,20.74928,195,462,343,11,6,0.9974024,24.93507, 68,66.68686,1.4311617,"Apr","Oct",15.31527390,"summer","Wendhausen_2019_maize","Wendhausen_2019","Wendhausen_2019_maize_24",16.3702892, 4, 9.658565,1.585667574,1.69489863,1.00000000, 2.10428407,-0.6265963,"prop_swf.2018",0.0332072299,0.0141348632,0.0262723521,0.0184804928,0.0186529027,0.0034410939,0.0368442456,0.0199306119,0.0266464032,0.0318122393, 100, 200, 300, 400, 500, 600, 700, 800, 900,1000
"W-AF-r3","Wendhausen","2019","maize", 1.0,15.399472,34.30245,20.74928,195,462,343,11,6,0.9974024,24.93507, 68,66.68686,1.4311617,"Apr","Oct", 0.53066398,"summer","Wendhausen_2019_maize","Wendhausen_2019","Wendhausen_2019_maize_1", 0.5000176, 4, 9.658565,0.054942319,0.05176934,0.04166667, 2.10428407,-0.6265963,"prop_swf.2018",0.0332072299,0.0141348632,0.0262723521,0.0184804928,0.0186529027,0.0034410939,0.0368442456,0.0199306119,0.0266464032,0.0318122393, 100, 200, 300, 400, 500, 600, 700, 800, 900,1000
"W-AF-r3","Wendhausen","2019","maize", 4.0,15.399472,34.30245,20.74928,195,462,343,11,6,0.9974024,24.93507, 68,66.68686,1.4311617,"Apr","Oct",10.20178185,"summer","Wendhausen_2019_maize","Wendhausen_2019","Wendhausen_2019_maize_4", 9.7351368, 4, 9.658565,1.056241944,1.00792783,0.16666667, 2.10428407,-0.6265963,"prop_swf.2018",0.0332072299,0.0141348632,0.0262723521,0.0184804928,0.0186529027,0.0034410939,0.0368442456,0.0199306119,0.0266464032,0.0318122393, 100, 200, 300, 400, 500, 600, 700, 800, 900,1000
"W-AF-r3","Wendhausen","2019","maize", 7.0,15.399472,34.30245,20.74928,195,462,343,11,6,0.9974024,24.93507, 68,66.68686,1.4311617,"Apr","Oct",12.46266343,"summer","Wendhausen_2019_maize","Wendhausen_2019","Wendhausen_2019_maize_7",12.0288178, 4, 9.658565,1.290322421,1.24540419,0.29166667, 2.10428407,-0.6265963,"prop_swf.2018",0.0332072299,0.0141348632,0.0262723521,0.0184804928,0.0186529027,0.0034410939,0.0368442456,0.0199306119,0.0266464032,0.0318122393, 100, 200, 300, 400, 500, 600, 700, 800, 900,1000
"W-AF-r3","Wendhausen","2019","maize",24.0,15.399472,34.30245,20.74928,195,462,343,11,6,0.9974024,24.93507, 68,66.68686,1.4311617,"Apr","Oct",16.98122054,"summer","Wendhausen_2019_maize","Wendhausen_2019","Wendhausen_2019_maize_24",16.3702892, 4, 9.658565,1.758151435,1.69489863,1.00000000, 2.10428407,-0.6265963,"prop_swf.2018",0.0332072299,0.0141348632,0.0262723521,0.0184804928,0.0186529027,0.0034410939,0.0368442456,0.0199306119,0.0266464032,0.0318122393, 100, 200, 300, 400, 500, 600, 700, 800, 900,1000
"W-AF-r4","Wendhausen","2019","maize", 1.0,15.399472,34.30245,20.74928,195,462,343,11,6,0.9974024,24.93507, 68,66.68686,1.4311617,"Apr","Oct", 0.08044833,"summer","Wendhausen_2019_maize","Wendhausen_2019","Wendhausen_2019_maize_1", 0.5000176, 4, 9.658565,0.008329222,0.05176934,0.04166667, 2.10428407,-0.6265963,"prop_swf.2018",0.0332072299,0.0141348632,0.0262723521,0.0184804928,0.0186529027,0.0034410939,0.0368442456,0.0199306119,0.0266464032,0.0318122393, 100, 200, 300, 400, 500, 600, 700, 800, 900,1000
"W-AF-r4","Wendhausen","2019","maize", 4.0,15.399472,34.30245,20.74928,195,462,343,11,6,0.9974024,24.93507, 68,66.68686,1.4311617,"Apr","Oct",12.17932949,"summer","Wendhausen_2019_maize","Wendhausen_2019","Wendhausen_2019_maize_4", 9.7351368, 4, 9.658565,1.260987428,1.00792783,0.16666667, 2.10428407,-0.6265963,"prop_swf.2018",0.0332072299,0.0141348632,0.0262723521,0.0184804928,0.0186529027,0.0034410939,0.0368442456,0.0199306119,0.0266464032,0.0318122393, 100, 200, 300, 400, 500, 600, 700, 800, 900,1000
"W-AF-r4","Wendhausen","2019","maize", 7.0,15.399472,34.30245,20.74928,195,462,343,11,6,0.9974024,24.93507, 68,66.68686,1.4311617,"Apr","Oct",14.92893041,"summer","Wendhausen_2019_maize","Wendhausen_2019","Wendhausen_2019_maize_7",12.0288178, 4, 9.658565,1.545667483,1.24540419,0.29166667, 2.10428407,-0.6265963,"prop_swf.2018",0.0332072299,0.0141348632,0.0262723521,0.0184804928,0.0186529027,0.0034410939,0.0368442456,0.0199306119,0.0266464032,0.0318122393, 100, 200, 300, 400, 500, 600, 700, 800, 900,1000
"W-AF-r4","Wendhausen","2019","maize",24.0,15.399472,34.30245,20.74928,195,462,343,11,6,0.9974024,24.93507, 68,66.68686,1.4311617,"Apr","Oct",16.78398592,"summer","Wendhausen_2019_maize","Wendhausen_2019","Wendhausen_2019_maize_24",16.3702892, 4, 9.658565,1.737730739,1.69489863,1.00000000, 2.10428407,-0.6265963,"prop_swf.2018",0.0332072299,0.0141348632,0.0262723521,0.0184804928,0.0186529027,0.0034410939,0.0368442456,0.0199306119,0.0266464032,0.0318122393, 100, 200, 300, 400, 500, 600, 700, 800, 900,1000
"W-AF-r1","Wendhausen","2020","maize", 1.0,15.782717,24.65940,23.74143,195,462,343,12,7,0.9976473,25.24165, 70,66.65013,1.4311617,"Apr","Sep", 1.00618150,"summer","Wendhausen_2020_maize","Wendhausen_2020","Wendhausen_2020_maize_1", 0.7623028, 4,12.442771,0.080864747,0.06126472,0.04166667, 2.96141718,-0.6265963,"prop_swf.2021",0.0900588483,0.0604473268,0.0640302613,0.0374303315,0.0352105478,0.0162093634,0.0890605937,0.0659924707,0.0643026005,0.0625350184, 100, 200, 300, 400, 500, 600, 700, 800, 900,1000
"W-AF-r1","Wendhausen","2020","maize", 4.0,15.782717,24.65940,23.74143,195,462,343,12,7,0.9976473,25.24165, 70,66.65013,1.4311617,"Apr","Sep",13.18723320,"summer","Wendhausen_2020_maize","Wendhausen_2020","Wendhausen_2020_maize_4", 9.7493537, 4,12.442771,1.059830936,0.78353560,0.16666667, 2.96141718,-0.6265963,"prop_swf.2021",0.0900588483,0.0604473268,0.0640302613,0.0374303315,0.0352105478,0.0162093634,0.0890605937,0.0659924707,0.0643026005,0.0625350184, 100, 200, 300, 400, 500, 600, 700, 800, 900,1000
"W-AF-r1","Wendhausen","2020","maize", 7.0,15.782717,24.65940,23.74143,195,462,343,12,7,0.9976473,25.24165, 70,66.65013,1.4311617,"Apr","Sep",16.49489432,"summer","Wendhausen_2020_maize","Wendhausen_2020","Wendhausen_2020_maize_7",16.5786916, 4,12.442771,1.325660889,1.33239551,0.29166667, 2.96141718,-0.6265963,"prop_swf.2021",0.0900588483,0.0604473268,0.0640302613,0.0374303315,0.0352105478,0.0162093634,0.0890605937,0.0659924707,0.0643026005,0.0625350184, 100, 200, 300, 400, 500, 600, 700, 800, 900,1000
"W-AF-r1","Wendhausen","2020","maize",24.0,15.782717,24.65940,23.74143,195,462,343,12,7,0.9976473,25.24165, 70,66.65013,1.4311617,"Apr","Sep",20.03872786,"summer","Wendhausen_2020_maize","Wendhausen_2020","Wendhausen_2020_maize_24",22.6807342, 4,12.442771,1.610471535,1.82280418,1.00000000, 2.96141718,-0.6265963,"prop_swf.2021",0.0900588483,0.0604473268,0.0640302613,0.0374303315,0.0352105478,0.0162093634,0.0890605937,0.0659924707,0.0643026005,0.0625350184, 100, 200, 300, 400, 500, 600, 700, 800, 900,1000
"W-AF-r2","Wendhausen","2020","maize", 1.0,15.782717,24.65940,23.74143,195,462,343,12,7,0.9976473,25.24165, 70,66.65013,1.4311617,"Apr","Sep", 0.65387663,"summer","Wendhausen_2020_maize","Wendhausen_2020","Wendhausen_2020_maize_1", 0.7623028, 4,12.442771,0.052550726,0.06126472,0.04166667, 2.96141718,-0.6265963,"prop_swf.2021",0.0900588483,0.0604473268,0.0640302613,0.0374303315,0.0352105478,0.0162093634,0.0890605937,0.0659924707,0.0643026005,0.0625350184, 100, 200, 300, 400, 500, 600, 700, 800, 900,1000
"W-AF-r2","Wendhausen","2020","maize", 4.0,15.782717,24.65940,23.74143,195,462,343,12,7,0.9976473,25.24165, 70,66.65013,1.4311617,"Apr","Sep", 8.96104159,"summer","Wendhausen_2020_maize","Wendhausen_2020","Wendhausen_2020_maize_4", 9.7493537, 4,12.442771,0.720180568,0.78353560,0.16666667, 2.96141718,-0.6265963,"prop_swf.2021",0.0900588483,0.0604473268,0.0640302613,0.0374303315,0.0352105478,0.0162093634,0.0890605937,0.0659924707,0.0643026005,0.0625350184, 100, 200, 300, 400, 500, 600, 700, 800, 900,1000
"W-AF-r2","Wendhausen","2020","maize", 7.0,15.782717,24.65940,23.74143,195,462,343,12,7,0.9976473,25.24165, 70,66.65013,1.4311617,"Apr","Sep",17.72093758,"summer","Wendhausen_2020_maize","Wendhausen_2020","Wendhausen_2020_maize_7",16.5786916, 4,12.442771,1.424195476,1.33239551,0.29166667, 2.96141718,-0.6265963,"prop_swf.2021",0.0900588483,0.0604473268,0.0640302613,0.0374303315,0.0352105478,0.0162093634,0.0890605937,0.0659924707,0.0643026005,0.0625350184, 100, 200, 300, 400, 500, 600, 700, 800, 900,1000
"W-AF-r2","Wendhausen","2020","maize",24.0,15.782717,24.65940,23.74143,195,462,343,12,7,0.9976473,25.24165, 70,66.65013,1.4311617,"Apr","Sep",18.11428556,"summer","Wendhausen_2020_maize","Wendhausen_2020","Wendhausen_2020_maize_24",22.6807342, 4,12.442771,1.455808048,1.82280418,1.00000000, 2.96141718,-0.6265963,"prop_swf.2021",0.0900588483,0.0604473268,0.0640302613,0.0374303315,0.0352105478,0.0162093634,0.0890605937,0.0659924707,0.0643026005,0.0625350184, 100, 200, 300, 400, 500, 600, 700, 800, 900,1000
"W-AF-r3","Wendhausen","2020","maize", 1.0,15.782717,24.65940,23.74143,195,462,343,12,7,0.9976473,25.24165, 70,66.65013,1.4311617,"Apr","Sep", 0.47002658,"summer","Wendhausen_2020_maize","Wendhausen_2020","Wendhausen_2020_maize_1", 0.7623028, 4,12.442771,0.037775074,0.06126472,0.04166667, 2.96141718,-0.6265963,"prop_swf.2021",0.0900588483,0.0604473268,0.0640302613,0.0374303315,0.0352105478,0.0162093634,0.0890605937,0.0659924707,0.0643026005,0.0625350184, 100, 200, 300, 400, 500, 600, 700, 800, 900,1000
"W-AF-r3","Wendhausen","2020","maize", 4.0,15.782717,24.65940,23.74143,195,462,343,12,7,0.9976473,25.24165, 70,66.65013,1.4311617,"Apr","Sep", 6.68006190,"summer","Wendhausen_2020_maize","Wendhausen_2020","Wendhausen_2020_maize_4", 9.7493537, 4,12.442771,0.536862899,0.78353560,0.16666667, 2.96141718,-0.6265963,"prop_swf.2021",0.0900588483,0.0604473268,0.0640302613,0.0374303315,0.0352105478,0.0162093634,0.0890605937,0.0659924707,0.0643026005,0.0625350184, 100, 200, 300, 400, 500, 600, 700, 800, 900,1000
"W-AF-r3","Wendhausen","2020","maize", 7.0,15.782717,24.65940,23.74143,195,462,343,12,7,0.9976473,25.24165, 70,66.65013,1.4311617,"Apr","Sep",15.17696610,"summer","Wendhausen_2020_maize","Wendhausen_2020","Wendhausen_2020_maize_7",16.5786916, 4,12.442771,1.219741695,1.33239551,0.29166667, 2.96141718,-0.6265963,"prop_swf.2021",0.0900588483,0.0604473268,0.0640302613,0.0374303315,0.0352105478,0.0162093634,0.0890605937,0.0659924707,0.0643026005,0.0625350184, 100, 200, 300, 400, 500, 600, 700, 800, 900,1000
"W-AF-r3","Wendhausen","2020","maize",24.0,15.782717,24.65940,23.74143,195,462,343,12,7,0.9976473,25.24165, 70,66.65013,1.4311617,"Apr","Sep",19.92626222,"summer","Wendhausen_2020_maize","Wendhausen_2020","Wendhausen_2020_maize_24",22.6807342, 4,12.442771,1.601432902,1.82280418,1.00000000, 2.96141718,-0.6265963,"prop_swf.2021",0.0900588483,0.0604473268,0.0640302613,0.0374303315,0.0352105478,0.0162093634,0.0890605937,0.0659924707,0.0643026005,0.0625350184, 100, 200, 300, 400, 500, 600, 700, 800, 900,1000
"W-AF-r4","Wendhausen","2020","maize", 1.0,15.782717,24.65940,23.74143,195,462,343,12,7,0.9976473,25.24165, 70,66.65013,1.4311617,"Apr","Sep", 0.91912662,"summer","Wendhausen_2020_maize","Wendhausen_2020","Wendhausen_2020_maize_1", 0.7623028, 4,12.442771,0.073868325,0.06126472,0.04166667, 2.96141718,-0.6265963,"prop_swf.2021",0.0900588483,0.0604473268,0.0640302613,0.0374303315,0.0352105478,0.0162093634,0.0890605937,0.0659924707,0.0643026005,0.0625350184, 100, 200, 300, 400, 500, 600, 700, 800, 900,1000
"W-AF-r4","Wendhausen","2020","maize", 4.0,15.782717,24.65940,23.74143,195,462,343,12,7,0.9976473,25.24165, 70,66.65013,1.4311617,"Apr","Sep",10.16907812,"summer","Wendhausen_2020_maize","Wendhausen_2020","Wendhausen_2020_maize_4", 9.7493537, 4,12.442771,0.817267991,0.78353560,0.16666667, 2.96141718,-0.6265963,"prop_swf.2021",0.0900588483,0.0604473268,0.0640302613,0.0374303315,0.0352105478,0.0162093634,0.0890605937,0.0659924707,0.0643026005,0.0625350184, 100, 200, 300, 400, 500, 600, 700, 800, 900,1000
"W-AF-r4","Wendhausen","2020","maize", 7.0,15.782717,24.65940,23.74143,195,462,343,12,7,0.9976473,25.24165, 70,66.65013,1.4311617,"Apr","Sep",16.92196854,"summer","Wendhausen_2020_maize","Wendhausen_2020","Wendhausen_2020_maize_7",16.5786916, 4,12.442771,1.359983970,1.33239551,0.29166667, 2.96141718,-0.6265963,"prop_swf.2021",0.0900588483,0.0604473268,0.0640302613,0.0374303315,0.0352105478,0.0162093634,0.0890605937,0.0659924707,0.0643026005,0.0625350184, 100, 200, 300, 400, 500, 600, 700, 800, 900,1000
"W-AF-r4","Wendhausen","2020","maize",24.0,15.782717,24.65940,23.74143,195,462,343,12,7,0.9976473,25.24165, 70,66.65013,1.4311617,"Apr","Sep",32.64366114,"summer","Wendhausen_2020_maize","Wendhausen_2020","Wendhausen_2020_maize_24",22.6807342, 4,12.442771,2.623504219,1.82280418,1.00000000, 2.96141718,-0.6265963,"prop_swf.2021",0.0900588483,0.0604473268,0.0640302613,0.0374303315,0.0352105478,0.0162093634,0.0890605937,0.0659924707,0.0643026005,0.0625350184, 100, 200, 300, 400, 500, 600, 700, 800, 900,1000
"W-AF-r1","Wendhausen","2021","barley", 1.0,12.579507,25.23812,18.36042,195,462,343,13,0,0.9987915,25.76319, 92,66.56649,1.4311617,"Mar","Jul", 4.25077325,"summer","Wendhausen_2021_barley","Wendhausen_2021","Wendhausen_2021_barley_1", 3.3673828, 4, 4.878870,0.871261824,0.69019727,0.04166667, 1.40933988,-0.6265963,"prop_swf.2021",0.0900588483,0.0604473268,0.0640302613,0.0374303315,0.0352105478,0.0162093634,0.0890605937,0.0659924707,0.0643026005,0.0625350184, 100, 200, 300, 400, 500, 600, 700, 800, 900,1000
"W-AF-r1","Wendhausen","2021","barley", 4.0,12.579507,25.23812,18.36042,195,462,343,13,0,0.9987915,25.76319, 92,66.56649,1.4311617,"Mar","Jul", 5.28364774,"summer","Wendhausen_2021_barley","Wendhausen_2021","Wendhausen_2021_barley_4", 5.1251109, 4, 4.878870,1.082965449,1.05047087,0.16666667, 1.40933988,-0.6265963,"prop_swf.2021",0.0900588483,0.0604473268,0.0640302613,0.0374303315,0.0352105478,0.0162093634,0.0890605937,0.0659924707,0.0643026005,0.0625350184, 100, 200, 300, 400, 500, 600, 700, 800, 900,1000
"W-AF-r1","Wendhausen","2021","barley", 7.0,12.579507,25.23812,18.36042,195,462,343,13,0,0.9987915,25.76319, 92,66.56649,1.4311617,"Mar","Jul", 6.34868415,"summer","Wendhausen_2021_barley","Wendhausen_2021","Wendhausen_2021_barley_7", 5.8247952, 4, 4.878870,1.301261160,1.19388200,0.29166667, 1.40933988,-0.6265963,"prop_swf.2021",0.0900588483,0.0604473268,0.0640302613,0.0374303315,0.0352105478,0.0162093634,0.0890605937,0.0659924707,0.0643026005,0.0625350184, 100, 200, 300, 400, 500, 600, 700, 800, 900,1000
"W-AF-r1","Wendhausen","2021","barley",24.0,12.579507,25.23812,18.36042,195,462,343,13,0,0.9987915,25.76319, 92,66.56649,1.4311617,"Mar","Jul", 6.16658879,"summer","Wendhausen_2021_barley","Wendhausen_2021","Wendhausen_2021_barley_24", 5.1981915, 4, 4.878870,1.263937894,1.06544987,1.00000000, 1.40933988,-0.6265963,"prop_swf.2021",0.0900588483,0.0604473268,0.0640302613,0.0374303315,0.0352105478,0.0162093634,0.0890605937,0.0659924707,0.0643026005,0.0625350184, 100, 200, 300, 400, 500, 600, 700, 800, 900,1000
"W-AF-r2","Wendhausen","2021","barley", 1.0,12.579507,25.23812,18.36042,195,462,343,13,0,0.9987915,25.76319, 92,66.56649,1.4311617,"Mar","Jul", 1.81670033,"summer","Wendhausen_2021_barley","Wendhausen_2021","Wendhausen_2021_barley_1", 3.3673828, 4, 4.878870,0.372360874,0.69019727,0.04166667, 1.40933988,-0.6265963,"prop_swf.2021",0.0900588483,0.0604473268,0.0640302613,0.0374303315,0.0352105478,0.0162093634,0.0890605937,0.0659924707,0.0643026005,0.0625350184, 100, 200, 300, 400, 500, 600, 700, 800, 900,1000
"W-AF-r2","Wendhausen","2021","barley", 4.0,12.579507,25.23812,18.36042,195,462,343,13,0,0.9987915,25.76319, 92,66.56649,1.4311617,"Mar","Jul", 3.79762379,"summer","Wendhausen_2021_barley","Wendhausen_2021","Wendhausen_2021_barley_4", 5.1251109, 4, 4.878870,0.778381821,1.05047087,0.16666667, 1.40933988,-0.6265963,"prop_swf.2021",0.0900588483,0.0604473268,0.0640302613,0.0374303315,0.0352105478,0.0162093634,0.0890605937,0.0659924707,0.0643026005,0.0625350184, 100, 200, 300, 400, 500, 600, 700, 800, 900,1000
"W-AF-r2","Wendhausen","2021","barley", 7.0,12.579507,25.23812,18.36042,195,462,343,13,0,0.9987915,25.76319, 92,66.56649,1.4311617,"Mar","Jul", 4.76951528,"summer","Wendhausen_2021_barley","Wendhausen_2021","Wendhausen_2021_barley_7", 5.8247952, 4, 4.878870,0.977586037,1.19388200,0.29166667, 1.40933988,-0.6265963,"prop_swf.2021",0.0900588483,0.0604473268,0.0640302613,0.0374303315,0.0352105478,0.0162093634,0.0890605937,0.0659924707,0.0643026005,0.0625350184, 100, 200, 300, 400, 500, 600, 700, 800, 900,1000
"W-AF-r2","Wendhausen","2021","barley",24.0,12.579507,25.23812,18.36042,195,462,343,13,0,0.9987915,25.76319, 92,66.56649,1.4311617,"Mar","Jul", 3.29800827,"summer","Wendhausen_2021_barley","Wendhausen_2021","Wendhausen_2021_barley_24", 5.1981915, 4, 4.878870,0.675977882,1.06544987,1.00000000, 1.40933988,-0.6265963,"prop_swf.2021",0.0900588483,0.0604473268,0.0640302613,0.0374303315,0.0352105478,0.0162093634,0.0890605937,0.0659924707,0.0643026005,0.0625350184, 100, 200, 300, 400, 500, 600, 700, 800, 900,1000
"W-AF-r3","Wendhausen","2021","barley", 1.0,12.579507,25.23812,18.36042,195,462,343,13,0,0.9987915,25.76319, 92,66.56649,1.4311617,"Mar","Jul", 4.79026470,"summer","Wendhausen_2021_barley","Wendhausen_2021","Wendhausen_2021_barley_1", 3.3673828, 4, 4.878870,0.981838954,0.69019727,0.04166667, 1.40933988,-0.6265963,"prop_swf.2021",0.0900588483,0.0604473268,0.0640302613,0.0374303315,0.0352105478,0.0162093634,0.0890605937,0.0659924707,0.0643026005,0.0625350184, 100, 200, 300, 400, 500, 600, 700, 800, 900,1000
"W-AF-r3","Wendhausen","2021","barley", 4.0,12.579507,25.23812,18.36042,195,462,343,13,0,0.9987915,25.76319, 92,66.56649,1.4311617,"Mar","Jul", 5.75171864,"summer","Wendhausen_2021_barley","Wendhausen_2021","Wendhausen_2021_barley_4", 5.1251109, 4, 4.878870,1.178903832,1.05047087,0.16666667, 1.40933988,-0.6265963,"prop_swf.2021",0.0900588483,0.0604473268,0.0640302613,0.0374303315,0.0352105478,0.0162093634,0.0890605937,0.0659924707,0.0643026005,0.0625350184, 100, 200, 300, 400, 500, 600, 700, 800, 900,1000
"W-AF-r3","Wendhausen","2021","barley", 7.0,12.579507,25.23812,18.36042,195,462,343,13,0,0.9987915,25.76319, 92,66.56649,1.4311617,"Mar","Jul", 5.88063899,"summer","Wendhausen_2021_barley","Wendhausen_2021","Wendhausen_2021_barley_7", 5.8247952, 4, 4.878870,1.205328054,1.19388200,0.29166667, 1.40933988,-0.6265963,"prop_swf.2021",0.0900588483,0.0604473268,0.0640302613,0.0374303315,0.0352105478,0.0162093634,0.0890605937,0.0659924707,0.0643026005,0.0625350184, 100, 200, 300, 400, 500, 600, 700, 800, 900,1000
"W-AF-r3","Wendhausen","2021","barley",24.0,12.579507,25.23812,18.36042,195,462,343,13,0,0.9987915,25.76319, 92,66.56649,1.4311617,"Mar","Jul", 5.43871673,"summer","Wendhausen_2021_barley","Wendhausen_2021","Wendhausen_2021_barley_24", 5.1981915, 4, 4.878870,1.114749242,1.06544987,1.00000000, 1.40933988,-0.6265963,"prop_swf.2021",0.0900588483,0.0604473268,0.0640302613,0.0374303315,0.0352105478,0.0162093634,0.0890605937,0.0659924707,0.0643026005,0.0625350184, 100, 200, 300, 400, 500, 600, 700, 800, 900,1000
"W-AF-r4","Wendhausen","2021","barley", 1.0,12.579507,25.23812,18.36042,195,462,343,13,0,0.9987915,25.76319, 92,66.56649,1.4311617,"Mar","Jul", 2.61179293,"summer","Wendhausen_2021_barley","Wendhausen_2021","Wendhausen_2021_barley_1", 3.3673828, 4, 4.878870,0.535327419,0.69019727,0.04166667, 1.40933988,-0.6265963,"prop_swf.2021",0.0900588483,0.0604473268,0.0640302613,0.0374303315,0.0352105478,0.0162093634,0.0890605937,0.0659924707,0.0643026005,0.0625350184, 100, 200, 300, 400, 500, 600, 700, 800, 900,1000
"W-AF-r4","Wendhausen","2021","barley", 4.0,12.579507,25.23812,18.36042,195,462,343,13,0,0.9987915,25.76319, 92,66.56649,1.4311617,"Mar","Jul", 5.66745339,"summer","Wendhausen_2021_barley","Wendhausen_2021","Wendhausen_2021_barley_4", 5.1251109, 4, 4.878870,1.161632363,1.05047087,0.16666667, 1.40933988,-0.6265963,"prop_swf.2021",0.0900588483,0.0604473268,0.0640302613,0.0374303315,0.0352105478,0.0162093634,0.0890605937,0.0659924707,0.0643026005,0.0625350184, 100, 200, 300, 400, 500, 600, 700, 800, 900,1000
"W-AF-r4","Wendhausen","2021","barley", 7.0,12.579507,25.23812,18.36042,195,462,343,13,0,0.9987915,25.76319, 92,66.56649,1.4311617,"Mar","Jul", 6.30034221,"summer","Wendhausen_2021_barley","Wendhausen_2021","Wendhausen_2021_barley_7", 5.8247952, 4, 4.878870,1.291352730,1.19388200,0.29166667, 1.40933988,-0.6265963,"prop_swf.2021",0.0900588483,0.0604473268,0.0640302613,0.0374303315,0.0352105478,0.0162093634,0.0890605937,0.0659924707,0.0643026005,0.0625350184, 100, 200, 300, 400, 500, 600, 700, 800, 900,1000
"W-AF-r4","Wendhausen","2021","barley",24.0,12.579507,25.23812,18.36042,195,462,343,13,0,0.9987915,25.76319, 92,66.56649,1.4311617,"Mar","Jul", 5.88945223,"summer","Wendhausen_2021_barley","Wendhausen_2021","Wendhausen_2021_barley_24", 5.1981915, 4, 4.878870,1.207134463,1.06544987,1.00000000, 1.40933988,-0.6265963,"prop_swf.2021",0.0900588483,0.0604473268,0.0640302613,0.0374303315,0.0352105478,0.0162093634,0.0890605937,0.0659924707,0.0643026005,0.0625350184, 100, 200, 300, 400, 500, 600, 700, 800, 900,1000
"W-AF-r1","Wendhausen","2022","rapeseed", 1.0,10.208699,41.07079,14.85518,195,462,343,14,1,0.9962588,26.05919, 77,66.63315,1.4311617,"Sep","Jul", 1.69370065,"winter","Wendhausen_2022_rapeseed","Wendhausen_2022","Wendhausen_2022_rapeseed_1", 1.7038261, 4, 3.438989,0.492499621,0.49544392,0.04166667,-0.16108967,-0.6265963,"prop_swf.2021",0.0900588483,0.0604473268,0.0640302613,0.0374303315,0.0352105478,0.0162093634,0.0890605937,0.0659924707,0.0643026005,0.0625350184, 100, 200, 300, 400, 500, 600, 700, 800, 900,1000
"W-AF-r1","Wendhausen","2022","rapeseed", 4.0,10.208699,41.07079,14.85518,195,462,343,14,1,0.9962588,26.05919, 77,66.63315,1.4311617,"Sep","Jul", 4.05791728,"winter","Wendhausen_2022_rapeseed","Wendhausen_2022","Wendhausen_2022_rapeseed_4", 3.7377193, 4, 3.438989,1.179973997,1.08686581,0.16666667,-0.16108967,-0.6265963,"prop_swf.2021",0.0900588483,0.0604473268,0.0640302613,0.0374303315,0.0352105478,0.0162093634,0.0890605937,0.0659924707,0.0643026005,0.0625350184, 100, 200, 300, 400, 500, 600, 700, 800, 900,1000
"W-AF-r1","Wendhausen","2022","rapeseed", 7.0,10.208699,41.07079,14.85518,195,462,343,14,1,0.9962588,26.05919, 77,66.63315,1.4311617,"Sep","Jul", 4.52167568,"winter","Wendhausen_2022_rapeseed","Wendhausen_2022","Wendhausen_2022_rapeseed_7", 4.1417526, 4, 3.438989,1.314827129,1.20435190,0.29166667,-0.16108967,-0.6265963,"prop_swf.2021",0.0900588483,0.0604473268,0.0640302613,0.0374303315,0.0352105478,0.0162093634,0.0890605937,0.0659924707,0.0643026005,0.0625350184, 100, 200, 300, 400, 500, 600, 700, 800, 900,1000
"W-AF-r1","Wendhausen","2022","rapeseed",24.0,10.208699,41.07079,14.85518,195,462,343,14,1,0.9962588,26.05919, 77,66.63315,1.4311617,"Sep","Jul", 4.33547371,"winter","Wendhausen_2022_rapeseed","Wendhausen_2022","Wendhausen_2022_rapeseed_24", 4.1726570, 4, 3.438989,1.260682732,1.21333838,1.00000000,-0.16108967,-0.6265963,"prop_swf.2021",0.0900588483,0.0604473268,0.0640302613,0.0374303315,0.0352105478,0.0162093634,0.0890605937,0.0659924707,0.0643026005,0.0625350184, 100, 200, 300, 400, 500, 600, 700, 800, 900,1000
"W-AF-r2","Wendhausen","2022","rapeseed", 1.0,10.208699,41.07079,14.85518,195,462,343,14,1,0.9962588,26.05919, 77,66.63315,1.4311617,"Sep","Jul", 1.43976503,"winter","Wendhausen_2022_rapeseed","Wendhausen_2022","Wendhausen_2022_rapeseed_1", 1.7038261, 4, 3.438989,0.418659422,0.49544392,0.04166667,-0.16108967,-0.6265963,"prop_swf.2021",0.0900588483,0.0604473268,0.0640302613,0.0374303315,0.0352105478,0.0162093634,0.0890605937,0.0659924707,0.0643026005,0.0625350184, 100, 200, 300, 400, 500, 600, 700, 800, 900,1000
"W-AF-r2","Wendhausen","2022","rapeseed", 4.0,10.208699,41.07079,14.85518,195,462,343,14,1,0.9962588,26.05919, 77,66.63315,1.4311617,"Sep","Jul", 3.16220161,"winter","Wendhausen_2022_rapeseed","Wendhausen_2022","Wendhausen_2022_rapeseed_4", 3.7377193, 4, 3.438989,0.919514967,1.08686581,0.16666667,-0.16108967,-0.6265963,"prop_swf.2021",0.0900588483,0.0604473268,0.0640302613,0.0374303315,0.0352105478,0.0162093634,0.0890605937,0.0659924707,0.0643026005,0.0625350184, 100, 200, 300, 400, 500, 600, 700, 800, 900,1000
"W-AF-r2","Wendhausen","2022","rapeseed", 7.0,10.208699,41.07079,14.85518,195,462,343,14,1,0.9962588,26.05919, 77,66.63315,1.4311617,"Sep","Jul", 4.04690861,"winter","Wendhausen_2022_rapeseed","Wendhausen_2022","Wendhausen_2022_rapeseed_7", 4.1417526, 4, 3.438989,1.176772861,1.20435190,0.29166667,-0.16108967,-0.6265963,"prop_swf.2021",0.0900588483,0.0604473268,0.0640302613,0.0374303315,0.0352105478,0.0162093634,0.0890605937,0.0659924707,0.0643026005,0.0625350184, 100, 200, 300, 400, 500, 600, 700, 800, 900,1000
"W-AF-r2","Wendhausen","2022","rapeseed",24.0,10.208699,41.07079,14.85518,195,462,343,14,1,0.9962588,26.05919, 77,66.63315,1.4311617,"Sep","Jul", 3.79230690,"winter","Wendhausen_2022_rapeseed","Wendhausen_2022","Wendhausen_2022_rapeseed_24", 4.1726570, 4, 3.438989,1.102738972,1.21333838,1.00000000,-0.16108967,-0.6265963,"prop_swf.2021",0.0900588483,0.0604473268,0.0640302613,0.0374303315,0.0352105478,0.0162093634,0.0890605937,0.0659924707,0.0643026005,0.0625350184, 100, 200, 300, 400, 500, 600, 700, 800, 900,1000
"W-AF-r3","Wendhausen","2022","rapeseed", 1.0,10.208699,41.07079,14.85518,195,462,343,14,1,0.9962588,26.05919, 77,66.63315,1.4311617,"Sep","Jul", 1.21019221,"winter","Wendhausen_2022_rapeseed","Wendhausen_2022","Wendhausen_2022_rapeseed_1", 1.7038261, 4, 3.438989,0.351903510,0.49544392,0.04166667,-0.16108967,-0.6265963,"prop_swf.2021",0.0900588483,0.0604473268,0.0640302613,0.0374303315,0.0352105478,0.0162093634,0.0890605937,0.0659924707,0.0643026005,0.0625350184, 100, 200, 300, 400, 500, 600, 700, 800, 900,1000
"W-AF-r3","Wendhausen","2022","rapeseed", 4.0,10.208699,41.07079,14.85518,195,462,343,14,1,0.9962588,26.05919, 77,66.63315,1.4311617,"Sep","Jul", 3.53841385,"winter","Wendhausen_2022_rapeseed","Wendhausen_2022","Wendhausen_2022_rapeseed_4", 3.7377193, 4, 3.438989,1.028911150,1.08686581,0.16666667,-0.16108967,-0.6265963,"prop_swf.2021",0.0900588483,0.0604473268,0.0640302613,0.0374303315,0.0352105478,0.0162093634,0.0890605937,0.0659924707,0.0643026005,0.0625350184, 100, 200, 300, 400, 500, 600, 700, 800, 900,1000
"W-AF-r3","Wendhausen","2022","rapeseed", 7.0,10.208699,41.07079,14.85518,195,462,343,14,1,0.9962588,26.05919, 77,66.63315,1.4311617,"Sep","Jul", 2.95579978,"winter","Wendhausen_2022_rapeseed","Wendhausen_2022","Wendhausen_2022_rapeseed_7", 4.1417526, 4, 3.438989,0.859496792,1.20435190,0.29166667,-0.16108967,-0.6265963,"prop_swf.2021",0.0900588483,0.0604473268,0.0640302613,0.0374303315,0.0352105478,0.0162093634,0.0890605937,0.0659924707,0.0643026005,0.0625350184, 100, 200, 300, 400, 500, 600, 700, 800, 900,1000
"W-AF-r3","Wendhausen","2022","rapeseed",24.0,10.208699,41.07079,14.85518,195,462,343,14,1,0.9962588,26.05919, 77,66.63315,1.4311617,"Sep","Jul", 3.69427934,"winter","Wendhausen_2022_rapeseed","Wendhausen_2022","Wendhausen_2022_rapeseed_24", 4.1726570, 4, 3.438989,1.074234210,1.21333838,1.00000000,-0.16108967,-0.6265963,"prop_swf.2021",0.0900588483,0.0604473268,0.0640302613,0.0374303315,0.0352105478,0.0162093634,0.0890605937,0.0659924707,0.0643026005,0.0625350184, 100, 200, 300, 400, 500, 600, 700, 800, 900,1000
"W-AF-r4","Wendhausen","2022","rapeseed", 1.0,10.208699,41.07079,14.85518,195,462,343,14,1,0.9962588,26.05919, 77,66.63315,1.4311617,"Sep","Jul", 2.47164635,"winter","Wendhausen_2022_rapeseed","Wendhausen_2022","Wendhausen_2022_rapeseed_1", 1.7038261, 4, 3.438989,0.718713128,0.49544392,0.04166667,-0.16108967,-0.6265963,"prop_swf.2021",0.0900588483,0.0604473268,0.0640302613,0.0374303315,0.0352105478,0.0162093634,0.0890605937,0.0659924707,0.0643026005,0.0625350184, 100, 200, 300, 400, 500, 600, 700, 800, 900,1000
"W-AF-r4","Wendhausen","2022","rapeseed", 4.0,10.208699,41.07079,14.85518,195,462,343,14,1,0.9962588,26.05919, 77,66.63315,1.4311617,"Sep","Jul", 4.19234432,"winter","Wendhausen_2022_rapeseed","Wendhausen_2022","Wendhausen_2022_rapeseed_4", 3.7377193, 4, 3.438989,1.219063115,1.08686581,0.16666667,-0.16108967,-0.6265963,"prop_swf.2021",0.0900588483,0.0604473268,0.0640302613,0.0374303315,0.0352105478,0.0162093634,0.0890605937,0.0659924707,0.0643026005,0.0625350184, 100, 200, 300, 400, 500, 600, 700, 800, 900,1000
"W-AF-r4","Wendhausen","2022","rapeseed", 7.0,10.208699,41.07079,14.85518,195,462,343,14,1,0.9962588,26.05919, 77,66.63315,1.4311617,"Sep","Jul", 5.04262632,"winter","Wendhausen_2022_rapeseed","Wendhausen_2022","Wendhausen_2022_rapeseed_7", 4.1417526, 4, 3.438989,1.466310802,1.20435190,0.29166667,-0.16108967,-0.6265963,"prop_swf.2021",0.0900588483,0.0604473268,0.0640302613,0.0374303315,0.0352105478,0.0162093634,0.0890605937,0.0659924707,0.0643026005,0.0625350184, 100, 200, 300, 400, 500, 600, 700, 800, 900,1000
"W-AF-r4","Wendhausen","2022","rapeseed",24.0,10.208699,41.07079,14.85518,195,462,343,14,1,0.9962588,26.05919, 77,66.63315,1.4311617,"Sep","Jul", 4.86856807,"winter","Wendhausen_2022_rapeseed","Wendhausen_2022","Wendhausen_2022_rapeseed_24", 4.1726570, 4, 3.438989,1.415697592,1.21333838,1.00000000,-0.16108967,-0.6265963,"prop_swf.2021",0.0900588483,0.0604473268,0.0640302613,0.0374303315,0.0352105478,0.0162093634,0.0890605937,0.0659924707,0.0643026005,0.0625350184, 100, 200, 300, 400, 500, 600, 700, 800, 900,1000
"W-AF-r1","Wendhausen","2023","maize", 1.0,15.949384,34.73259,22.51592,195,462,343,15,2,1.0216997,28.69859, 95,65.62885,1.4311617,"Apr","Sep", 1.72218365,"summer","Wendhausen_2023_maize","Wendhausen_2023","Wendhausen_2023_maize_1", 2.2260699, 4,11.263145,0.152904331,0.19764195,0.04166667, 2.48414478,-0.6265963,"prop_swf.2021",0.0900588483,0.0604473268,0.0640302613,0.0374303315,0.0352105478,0.0162093634,0.0890605937,0.0659924707,0.0643026005,0.0625350184, 100, 200, 300, 400, 500, 600, 700, 800, 900,1000
"W-AF-r1","Wendhausen","2023","maize", 4.0,15.949384,34.73259,22.51592,195,462,343,15,2,1.0216997,28.69859, 95,65.62885,1.4311617,"Apr","Sep",11.56691442,"summer","Wendhausen_2023_maize","Wendhausen_2023","Wendhausen_2023_maize_4", 8.6282031, 4,11.263145,1.026970213,0.76605629,0.16666667, 2.48414478,-0.6265963,"prop_swf.2021",0.0900588483,0.0604473268,0.0640302613,0.0374303315,0.0352105478,0.0162093634,0.0890605937,0.0659924707,0.0643026005,0.0625350184, 100, 200, 300, 400, 500, 600, 700, 800, 900,1000
"W-AF-r1","Wendhausen","2023","maize", 7.0,15.949384,34.73259,22.51592,195,462,343,15,2,1.0216997,28.69859, 95,65.62885,1.4311617,"Apr","Sep",18.97287974,"summer","Wendhausen_2023_maize","Wendhausen_2023","Wendhausen_2023_maize_7",16.7312810, 4,11.263145,1.684509943,1.48548927,0.29166667, 2.48414478,-0.6265963,"prop_swf.2021",0.0900588483,0.0604473268,0.0640302613,0.0374303315,0.0352105478,0.0162093634,0.0890605937,0.0659924707,0.0643026005,0.0625350184, 100, 200, 300, 400, 500, 600, 700, 800, 900,1000
"W-AF-r1","Wendhausen","2023","maize",24.0,15.949384,34.73259,22.51592,195,462,343,15,2,1.0216997,28.69859, 95,65.62885,1.4311617,"Apr","Sep",19.06345151,"summer","Wendhausen_2023_maize","Wendhausen_2023","Wendhausen_2023_maize_24",17.4670259, 4,11.263145,1.692551371,1.55081249,1.00000000, 2.48414478,-0.6265963,"prop_swf.2021",0.0900588483,0.0604473268,0.0640302613,0.0374303315,0.0352105478,0.0162093634,0.0890605937,0.0659924707,0.0643026005,0.0625350184, 100, 200, 300, 400, 500, 600, 700, 800, 900,1000
"W-AF-r2","Wendhausen","2023","maize", 1.0,15.949384,34.73259,22.51592,195,462,343,15,2,1.0216997,28.69859, 95,65.62885,1.4311617,"Apr","Sep", 0.55149200,"summer","Wendhausen_2023_maize","Wendhausen_2023","Wendhausen_2023_maize_1", 2.2260699, 4,11.263145,0.048964299,0.19764195,0.04166667, 2.48414478,-0.6265963,"prop_swf.2021",0.0900588483,0.0604473268,0.0640302613,0.0374303315,0.0352105478,0.0162093634,0.0890605937,0.0659924707,0.0643026005,0.0625350184, 100, 200, 300, 400, 500, 600, 700, 800, 900,1000
"W-AF-r2","Wendhausen","2023","maize", 4.0,15.949384,34.73259,22.51592,195,462,343,15,2,1.0216997,28.69859, 95,65.62885,1.4311617,"Apr","Sep", 5.15999581,"summer","Wendhausen_2023_maize","Wendhausen_2023","Wendhausen_2023_maize_4", 8.6282031, 4,11.263145,0.458130994,0.76605629,0.16666667, 2.48414478,-0.6265963,"prop_swf.2021",0.0900588483,0.0604473268,0.0640302613,0.0374303315,0.0352105478,0.0162093634,0.0890605937,0.0659924707,0.0643026005,0.0625350184, 100, 200, 300, 400, 500, 600, 700, 800, 900,1000
"W-AF-r2","Wendhausen","2023","maize", 7.0,15.949384,34.73259,22.51592,195,462,343,15,2,1.0216997,28.69859, 95,65.62885,1.4311617,"Apr","Sep",12.63193102,"summer","Wendhausen_2023_maize","Wendhausen_2023","Wendhausen_2023_maize_7",16.7312810, 4,11.263145,1.121527869,1.48548927,0.29166667, 2.48414478,-0.6265963,"prop_swf.2021",0.0900588483,0.0604473268,0.0640302613,0.0374303315,0.0352105478,0.0162093634,0.0890605937,0.0659924707,0.0643026005,0.0625350184, 100, 200, 300, 400, 500, 600, 700, 800, 900,1000
"W-AF-r2","Wendhausen","2023","maize",24.0,15.949384,34.73259,22.51592,195,462,343,15,2,1.0216997,28.69859, 95,65.62885,1.4311617,"Apr","Sep",16.29778302,"summer","Wendhausen_2023_maize","Wendhausen_2023","Wendhausen_2023_maize_24",17.4670259, 4,11.263145,1.447001084,1.55081249,1.00000000, 2.48414478,-0.6265963,"prop_swf.2021",0.0900588483,0.0604473268,0.0640302613,0.0374303315,0.0352105478,0.0162093634,0.0890605937,0.0659924707,0.0643026005,0.0625350184, 100, 200, 300, 400, 500, 600, 700, 800, 900,1000
"W-AF-r3","Wendhausen","2023","maize", 1.0,15.949384,34.73259,22.51592,195,462,343,15,2,1.0216997,28.69859, 95,65.62885,1.4311617,"Apr","Sep", 3.55872397,"summer","Wendhausen_2023_maize","Wendhausen_2023","Wendhausen_2023_maize_1", 2.2260699, 4,11.263145,0.315961836,0.19764195,0.04166667, 2.48414478,-0.6265963,"prop_swf.2021",0.0900588483,0.0604473268,0.0640302613,0.0374303315,0.0352105478,0.0162093634,0.0890605937,0.0659924707,0.0643026005,0.0625350184, 100, 200, 300, 400, 500, 600, 700, 800, 900,1000
"W-AF-r3","Wendhausen","2023","maize", 4.0,15.949384,34.73259,22.51592,195,462,343,15,2,1.0216997,28.69859, 95,65.62885,1.4311617,"Apr","Sep", 9.23144269,"summer","Wendhausen_2023_maize","Wendhausen_2023","Wendhausen_2023_maize_4", 8.6282031, 4,11.263145,0.819615009,0.76605629,0.16666667, 2.48414478,-0.6265963,"prop_swf.2021",0.0900588483,0.0604473268,0.0640302613,0.0374303315,0.0352105478,0.0162093634,0.0890605937,0.0659924707,0.0643026005,0.0625350184, 100, 200, 300, 400, 500, 600, 700, 800, 900,1000
"W-AF-r3","Wendhausen","2023","maize", 7.0,15.949384,34.73259,22.51592,195,462,343,15,2,1.0216997,28.69859, 95,65.62885,1.4311617,"Apr","Sep",18.05715515,"summer","Wendhausen_2023_maize","Wendhausen_2023","Wendhausen_2023_maize_7",16.7312810, 4,11.263145,1.603207199,1.48548927,0.29166667, 2.48414478,-0.6265963,"prop_swf.2021",0.0900588483,0.0604473268,0.0640302613,0.0374303315,0.0352105478,0.0162093634,0.0890605937,0.0659924707,0.0643026005,0.0625350184, 100, 200, 300, 400, 500, 600, 700, 800, 900,1000
"W-AF-r3","Wendhausen","2023","maize",24.0,15.949384,34.73259,22.51592,195,462,343,15,2,1.0216997,28.69859, 95,65.62885,1.4311617,"Apr","Sep",18.96020254,"summer","Wendhausen_2023_maize","Wendhausen_2023","Wendhausen_2023_maize_24",17.4670259, 4,11.263145,1.683384395,1.55081249,1.00000000, 2.48414478,-0.6265963,"prop_swf.2021",0.0900588483,0.0604473268,0.0640302613,0.0374303315,0.0352105478,0.0162093634,0.0890605937,0.0659924707,0.0643026005,0.0625350184, 100, 200, 300, 400, 500, 600, 700, 800, 900,1000
"W-AF-r4","Wendhausen","2023","maize", 1.0,15.949384,34.73259,22.51592,195,462,343,15,2,1.0216997,28.69859, 95,65.62885,1.4311617,"Apr","Sep", 3.07188016,"summer","Wendhausen_2023_maize","Wendhausen_2023","Wendhausen_2023_maize_1", 2.2260699, 4,11.263145,0.272737336,0.19764195,0.04166667, 2.48414478,-0.6265963,"prop_swf.2021",0.0900588483,0.0604473268,0.0640302613,0.0374303315,0.0352105478,0.0162093634,0.0890605937,0.0659924707,0.0643026005,0.0625350184, 100, 200, 300, 400, 500, 600, 700, 800, 900,1000
"W-AF-r4","Wendhausen","2023","maize", 4.0,15.949384,34.73259,22.51592,195,462,343,15,2,1.0216997,28.69859, 95,65.62885,1.4311617,"Apr","Sep", 8.55445950,"summer","Wendhausen_2023_maize","Wendhausen_2023","Wendhausen_2023_maize_4", 8.6282031, 4,11.263145,0.759508956,0.76605629,0.16666667, 2.48414478,-0.6265963,"prop_swf.2021",0.0900588483,0.0604473268,0.0640302613,0.0374303315,0.0352105478,0.0162093634,0.0890605937,0.0659924707,0.0643026005,0.0625350184, 100, 200, 300, 400, 500, 600, 700, 800, 900,1000
"W-AF-r4","Wendhausen","2023","maize", 7.0,15.949384,34.73259,22.51592,195,462,343,15,2,1.0216997,28.69859, 95,65.62885,1.4311617,"Apr","Sep",17.26315818,"summer","Wendhausen_2023_maize","Wendhausen_2023","Wendhausen_2023_maize_7",16.7312810, 4,11.263145,1.532712060,1.48548927,0.29166667, 2.48414478,-0.6265963,"prop_swf.2021",0.0900588483,0.0604473268,0.0640302613,0.0374303315,0.0352105478,0.0162093634,0.0890605937,0.0659924707,0.0643026005,0.0625350184, 100, 200, 300, 400, 500, 600, 700, 800, 900,1000
"W-AF-r4","Wendhausen","2023","maize",24.0,15.949384,34.73259,22.51592,195,462,343,15,2,1.0216997,28.69859, 95,65.62885,1.4311617,"Apr","Sep",15.54666667,"summer","Wendhausen_2023_maize","Wendhausen_2023","Wendhausen_2023_maize_24",17.4670259, 4,11.263145,1.380313107,1.55081249,1.00000000, 2.48414478,-0.6265963,"prop_swf.2021",0.0900588483,0.0604473268,0.0640302613,0.0374303315,0.0352105478,0.0162093634,0.0890605937,0.0659924707,0.0643026005,0.0625350184, 100, 200, 300, 400, 500, 600, 700, 800, 900,1000
"D_AF_r1_1m","Dornburg","2016","barley", 1.0,12.430837,25.46429,18.21099,322,160,519, 9,2,0.8604143,29.99922,134,75.63238,1.0686394,"Mar","Jul", 3.02140000,"summer","Dornburg_2016_barley","Dornburg_2016","Dornburg_2016_barley_1", 3.6448750, 4, 4.372744,0.690962053,0.83354416,0.04166667, 1.34641748, 1.7912023,"prop_swf.2015",0.0040026247,0.0008116413,0.0041673178,0.0057593353,0.0012090332,0.0005571474,0.0026555527,0.0008249124,0.0043139527,0.0084773986, 100, 200, 300, 400, 500, 600, 700, 800, 900,1000
"D_AF_r1_4m","Dornburg","2016","barley", 4.0,12.430837,25.46429,18.21099,322,160,519, 9,2,0.8604143,29.99922,134,75.63238,1.0686394,"Mar","Jul", 4.43820000,"summer","Dornburg_2016_barley","Dornburg_2016","Dornburg_2016_barley_4", 4.7482250, 4, 4.372744,1.014969148,1.08586857,0.16666667, 1.34641748, 1.7912023,"prop_swf.2015",0.0040026247,0.0008116413,0.0041673178,0.0057593353,0.0012090332,0.0005571474,0.0026555527,0.0008249124,0.0043139527,0.0084773986, 100, 200, 300, 400, 500, 600, 700, 800, 900,1000
"D_AF_r1_7m","Dornburg","2016","barley", 7.0,12.430837,25.46429,18.21099,322,160,519, 9,2,0.8604143,29.99922,134,75.63238,1.0686394,"Mar","Jul", 4.42000000,"summer","Dornburg_2016_barley","Dornburg_2016","Dornburg_2016_barley_7", 4.8151500, 4, 4.372744,1.010807002,1.10117361,0.29166667, 1.34641748, 1.7912023,"prop_swf.2015",0.0040026247,0.0008116413,0.0041673178,0.0057593353,0.0012090332,0.0005571474,0.0026555527,0.0008249124,0.0043139527,0.0084773986, 100, 200, 300, 400, 500, 600, 700, 800, 900,1000
"D_AF_r2_1m","Dornburg","2016","barley", 1.0,12.430837,25.46429,18.21099,322,160,519, 9,2,0.8604143,29.99922,134,75.63238,1.0686394,"Mar","Jul", 3.78770000,"summer","Dornburg_2016_barley","Dornburg_2016","Dornburg_2016_barley_1", 3.6448750, 4, 4.372744,0.866206715,0.83354416,0.04166667, 1.34641748, 1.7912023,"prop_swf.2015",0.0040026247,0.0008116413,0.0041673178,0.0057593353,0.0012090332,0.0005571474,0.0026555527,0.0008249124,0.0043139527,0.0084773986, 100, 200, 300, 400, 500, 600, 700, 800, 900,1000
"D_AF_r2_4m","Dornburg","2016","barley", 4.0,12.430837,25.46429,18.21099,322,160,519, 9,2,0.8604143,29.99922,134,75.63238,1.0686394,"Mar","Jul", 4.97720000,"summer","Dornburg_2016_barley","Dornburg_2016","Dornburg_2016_barley_4", 4.7482250, 4, 4.372744,1.138232717,1.08586857,0.16666667, 1.34641748, 1.7912023,"prop_swf.2015",0.0040026247,0.0008116413,0.0041673178,0.0057593353,0.0012090332,0.0005571474,0.0026555527,0.0008249124,0.0043139527,0.0084773986, 100, 200, 300, 400, 500, 600, 700, 800, 900,1000
"D_AF_r2_7m","Dornburg","2016","barley", 7.0,12.430837,25.46429,18.21099,322,160,519, 9,2,0.8604143,29.99922,134,75.63238,1.0686394,"Mar","Jul", 4.55500000,"summer","Dornburg_2016_barley","Dornburg_2016","Dornburg_2016_barley_7", 4.8151500, 4, 4.372744,1.041680066,1.10117361,0.29166667, 1.34641748, 1.7912023,"prop_swf.2015",0.0040026247,0.0008116413,0.0041673178,0.0057593353,0.0012090332,0.0005571474,0.0026555527,0.0008249124,0.0043139527,0.0084773986, 100, 200, 300, 400, 500, 600, 700, 800, 900,1000
"D_AF_r3_1m","Dornburg","2016","barley", 1.0,12.430837,25.46429,18.21099,322,160,519, 9,2,0.8604143,29.99922,134,75.63238,1.0686394,"Mar","Jul", 3.80290000,"summer","Dornburg_2016_barley","Dornburg_2016","Dornburg_2016_barley_1", 3.6448750, 4, 4.372744,0.869682794,0.83354416,0.04166667, 1.34641748, 1.7912023,"prop_swf.2015",0.0040026247,0.0008116413,0.0041673178,0.0057593353,0.0012090332,0.0005571474,0.0026555527,0.0008249124,0.0043139527,0.0084773986, 100, 200, 300, 400, 500, 600, 700, 800, 900,1000
"D_AF_r3_4m","Dornburg","2016","barley", 4.0,12.430837,25.46429,18.21099,322,160,519, 9,2,0.8604143,29.99922,134,75.63238,1.0686394,"Mar","Jul", 4.35340000,"summer","Dornburg_2016_barley","Dornburg_2016","Dornburg_2016_barley_4", 4.7482250, 4, 4.372744,0.995576290,1.08586857,0.16666667, 1.34641748, 1.7912023,"prop_swf.2015",0.0040026247,0.0008116413,0.0041673178,0.0057593353,0.0012090332,0.0005571474,0.0026555527,0.0008249124,0.0043139527,0.0084773986, 100, 200, 300, 400, 500, 600, 700, 800, 900,1000
"D_AF_r3_7m","Dornburg","2016","barley", 7.0,12.430837,25.46429,18.21099,322,160,519, 9,2,0.8604143,29.99922,134,75.63238,1.0686394,"Mar","Jul", 4.61810000,"summer","Dornburg_2016_barley","Dornburg_2016","Dornburg_2016_barley_7", 4.8151500, 4, 4.372744,1.056110365,1.10117361,0.29166667, 1.34641748, 1.7912023,"prop_swf.2015",0.0040026247,0.0008116413,0.0041673178,0.0057593353,0.0012090332,0.0005571474,0.0026555527,0.0008249124,0.0043139527,0.0084773986, 100, 200, 300, 400, 500, 600, 700, 800, 900,1000
"D_AF_r4_1m","Dornburg","2016","barley", 1.0,12.430837,25.46429,18.21099,322,160,519, 9,2,0.8604143,29.99922,134,75.63238,1.0686394,"Mar","Jul", 3.96750000,"summer","Dornburg_2016_barley","Dornburg_2016","Dornburg_2016_barley_1", 3.6448750, 4, 4.372744,0.907325063,0.83354416,0.04166667, 1.34641748, 1.7912023,"prop_swf.2015",0.0040026247,0.0008116413,0.0041673178,0.0057593353,0.0012090332,0.0005571474,0.0026555527,0.0008249124,0.0043139527,0.0084773986, 100, 200, 300, 400, 500, 600, 700, 800, 900,1000
"D_AF_r4_4m","Dornburg","2016","barley", 4.0,12.430837,25.46429,18.21099,322,160,519, 9,2,0.8604143,29.99922,134,75.63238,1.0686394,"Mar","Jul", 5.22410000,"summer","Dornburg_2016_barley","Dornburg_2016","Dornburg_2016_barley_4", 4.7482250, 4, 4.372744,1.194696122,1.08586857,0.16666667, 1.34641748, 1.7912023,"prop_swf.2015",0.0040026247,0.0008116413,0.0041673178,0.0057593353,0.0012090332,0.0005571474,0.0026555527,0.0008249124,0.0043139527,0.0084773986, 100, 200, 300, 400, 500, 600, 700, 800, 900,1000
"D_AF_r4_7m","Dornburg","2016","barley", 7.0,12.430837,25.46429,18.21099,322,160,519, 9,2,0.8604143,29.99922,134,75.63238,1.0686394,"Mar","Jul", 5.66750000,"summer","Dornburg_2016_barley","Dornburg_2016","Dornburg_2016_barley_7", 4.8151500, 4, 4.372744,1.296096987,1.10117361,0.29166667, 1.34641748, 1.7912023,"prop_swf.2015",0.0040026247,0.0008116413,0.0041673178,0.0057593353,0.0012090332,0.0005571474,0.0026555527,0.0008249124,0.0043139527,0.0084773986, 100, 200, 300, 400, 500, 600, 700, 800, 900,1000
"D_AF_r1_24m","Dornburg","2016","barley",24.0,12.430837,25.46429,18.21099,322,160,519, 9,2,0.8604143,29.99922,134,75.63238,1.0686394,"Mar","Jul", 4.12660000,"summer","Dornburg_2016_barley","Dornburg_2016","Dornburg_2016_barley_24", 4.2827250, 4, 4.372744,0.943709542,0.97941367,1.00000000, 1.34641748, 1.7912023,"prop_swf.2015",0.0040026247,0.0008116413,0.0041673178,0.0057593353,0.0012090332,0.0005571474,0.0026555527,0.0008249124,0.0043139527,0.0084773986, 100, 200, 300, 400, 500, 600, 700, 800, 900,1000
"D_AF_r2_24m","Dornburg","2016","barley",24.0,12.430837,25.46429,18.21099,322,160,519, 9,2,0.8604143,29.99922,134,75.63238,1.0686394,"Mar","Jul", 4.17940000,"summer","Dornburg_2016_barley","Dornburg_2016","Dornburg_2016_barley_24", 4.2827250, 4, 4.372744,0.955784340,0.97941367,1.00000000, 1.34641748, 1.7912023,"prop_swf.2015",0.0040026247,0.0008116413,0.0041673178,0.0057593353,0.0012090332,0.0005571474,0.0026555527,0.0008249124,0.0043139527,0.0084773986, 100, 200, 300, 400, 500, 600, 700, 800, 900,1000
"D_AF_r3_24m","Dornburg","2016","barley",24.0,12.430837,25.46429,18.21099,322,160,519, 9,2,0.8604143,29.99922,134,75.63238,1.0686394,"Mar","Jul", 4.49170000,"summer","Dornburg_2016_barley","Dornburg_2016","Dornburg_2016_barley_24", 4.2827250, 4, 4.372744,1.027204030,0.97941367,1.00000000, 1.34641748, 1.7912023,"prop_swf.2015",0.0040026247,0.0008116413,0.0041673178,0.0057593353,0.0012090332,0.0005571474,0.0026555527,0.0008249124,0.0043139527,0.0084773986, 100, 200, 300, 400, 500, 600, 700, 800, 900,1000
"D_AF_r4_24m","Dornburg","2016","barley",24.0,12.430837,25.46429,18.21099,322,160,519, 9,2,0.8604143,29.99922,134,75.63238,1.0686394,"Mar","Jul", 4.33320000,"summer","Dornburg_2016_barley","Dornburg_2016","Dornburg_2016_barley_24", 4.2827250, 4, 4.372744,0.990956765,0.97941367,1.00000000, 1.34641748, 1.7912023,"prop_swf.2015",0.0040026247,0.0008116413,0.0041673178,0.0057593353,0.0012090332,0.0005571474,0.0026555527,0.0008249124,0.0043139527,0.0084773986, 100, 200, 300, 400, 500, 600, 700, 800, 900,1000
"D_AF_r1_1m","Dornburg","2017","rapeseed", 1.0, 8.797924,59.40558,13.67292,322,160,519,10,3,0.8604143,29.99922,134,75.63238,1.0686394,"Sep","Jul", 1.19700000,"winter","Dornburg_2017_rapeseed","Dornburg_2017","Dornburg_2017_rapeseed_1", 1.5340000, 4, 2.313125,0.517481762,0.66317212,0.04166667,-1.24250592, 1.7912023,"prop_swf.2018",0.0390165962,0.0210511896,0.0132743363,0.0181197089,0.0151144623,0.0161229729,0.0271862125,0.0261513914,0.0214479248,0.0274615348, 100, 200, 300, 400, 500, 600, 700, 800, 900,1000
"D_AF_r1_4m","Dornburg","2017","rapeseed", 4.0, 8.797924,59.40558,13.67292,322,160,519,10,3,0.8604143,29.99922,134,75.63238,1.0686394,"Sep","Jul", 1.91200000,"winter","Dornburg_2017_rapeseed","Dornburg_2017","Dornburg_2017_rapeseed_4", 2.1565000, 4, 2.313125,0.826587409,0.93228857,0.16666667,-1.24250592, 1.7912023,"prop_swf.2018",0.0390165962,0.0210511896,0.0132743363,0.0181197089,0.0151144623,0.0161229729,0.0271862125,0.0261513914,0.0214479248,0.0274615348, 100, 200, 300, 400, 500, 600, 700, 800, 900,1000
"D_AF_r1_7m","Dornburg","2017","rapeseed", 7.0, 8.797924,59.40558,13.67292,322,160,519,10,3,0.8604143,29.99922,134,75.63238,1.0686394,"Sep","Jul", 2.02300000,"winter","Dornburg_2017_rapeseed","Dornburg_2017","Dornburg_2017_rapeseed_7", 2.1612500, 4, 2.313125,0.874574439,0.93434207,0.29166667,-1.24250592, 1.7912023,"prop_swf.2018",0.0390165962,0.0210511896,0.0132743363,0.0181197089,0.0151144623,0.0161229729,0.0271862125,0.0261513914,0.0214479248,0.0274615348, 100, 200, 300, 400, 500, 600, 700, 800, 900,1000
"D_AF_r2_1m","Dornburg","2017","rapeseed", 1.0, 8.797924,59.40558,13.67292,322,160,519,10,3,0.8604143,29.99922,134,75.63238,1.0686394,"Sep","Jul", 1.75400000,"winter","Dornburg_2017_rapeseed","Dornburg_2017","Dornburg_2017_rapeseed_1", 1.5340000, 4, 2.313125,0.758281546,0.66317212,0.04166667,-1.24250592, 1.7912023,"prop_swf.2018",0.0390165962,0.0210511896,0.0132743363,0.0181197089,0.0151144623,0.0161229729,0.0271862125,0.0261513914,0.0214479248,0.0274615348, 100, 200, 300, 400, 500, 600, 700, 800, 900,1000
"D_AF_r2_4m","Dornburg","2017","rapeseed", 4.0, 8.797924,59.40558,13.67292,322,160,519,10,3,0.8604143,29.99922,134,75.63238,1.0686394,"Sep","Jul", 2.36700000,"winter","Dornburg_2017_rapeseed","Dornburg_2017","Dornburg_2017_rapeseed_4", 2.1565000, 4, 2.313125,1.023291002,0.93228857,0.16666667,-1.24250592, 1.7912023,"prop_swf.2018",0.0390165962,0.0210511896,0.0132743363,0.0181197089,0.0151144623,0.0161229729,0.0271862125,0.0261513914,0.0214479248,0.0274615348, 100, 200, 300, 400, 500, 600, 700, 800, 900,1000
"D_AF_r2_7m","Dornburg","2017","rapeseed", 7.0, 8.797924,59.40558,13.67292,322,160,519,10,3,0.8604143,29.99922,134,75.63238,1.0686394,"Sep","Jul", 1.95300000,"winter","Dornburg_2017_rapeseed","Dornburg_2017","Dornburg_2017_rapeseed_7", 2.1612500, 4, 2.313125,0.844312348,0.93434207,0.29166667,-1.24250592, 1.7912023,"prop_swf.2018",0.0390165962,0.0210511896,0.0132743363,0.0181197089,0.0151144623,0.0161229729,0.0271862125,0.0261513914,0.0214479248,0.0274615348, 100, 200, 300, 400, 500, 600, 700, 800, 900,1000
"D_AF_r3_1m","Dornburg","2017","rapeseed", 1.0, 8.797924,59.40558,13.67292,322,160,519,10,3,0.8604143,29.99922,134,75.63238,1.0686394,"Sep","Jul", 1.81400000,"winter","Dornburg_2017_rapeseed","Dornburg_2017","Dornburg_2017_rapeseed_1", 1.5340000, 4, 2.313125,0.784220481,0.66317212,0.04166667,-1.24250592, 1.7912023,"prop_swf.2018",0.0390165962,0.0210511896,0.0132743363,0.0181197089,0.0151144623,0.0161229729,0.0271862125,0.0261513914,0.0214479248,0.0274615348, 100, 200, 300, 400, 500, 600, 700, 800, 900,1000
"D_AF_r3_4m","Dornburg","2017","rapeseed", 4.0, 8.797924,59.40558,13.67292,322,160,519,10,3,0.8604143,29.99922,134,75.63238,1.0686394,"Sep","Jul", 1.63000000,"winter","Dornburg_2017_rapeseed","Dornburg_2017","Dornburg_2017_rapeseed_4", 2.1565000, 4, 2.313125,0.704674412,0.93228857,0.16666667,-1.24250592, 1.7912023,"prop_swf.2018",0.0390165962,0.0210511896,0.0132743363,0.0181197089,0.0151144623,0.0161229729,0.0271862125,0.0261513914,0.0214479248,0.0274615348, 100, 200, 300, 400, 500, 600, 700, 800, 900,1000
"D_AF_r3_7m","Dornburg","2017","rapeseed", 7.0, 8.797924,59.40558,13.67292,322,160,519,10,3,0.8604143,29.99922,134,75.63238,1.0686394,"Sep","Jul", 2.15900000,"winter","Dornburg_2017_rapeseed","Dornburg_2017","Dornburg_2017_rapeseed_7", 2.1612500, 4, 2.313125,0.933369360,0.93434207,0.29166667,-1.24250592, 1.7912023,"prop_swf.2018",0.0390165962,0.0210511896,0.0132743363,0.0181197089,0.0151144623,0.0161229729,0.0271862125,0.0261513914,0.0214479248,0.0274615348, 100, 200, 300, 400, 500, 600, 700, 800, 900,1000
"D_AF_r4_1m","Dornburg","2017","rapeseed", 1.0, 8.797924,59.40558,13.67292,322,160,519,10,3,0.8604143,29.99922,134,75.63238,1.0686394,"Sep","Jul", 1.37100000,"winter","Dornburg_2017_rapeseed","Dornburg_2017","Dornburg_2017_rapeseed_1", 1.5340000, 4, 2.313125,0.592704674,0.66317212,0.04166667,-1.24250592, 1.7912023,"prop_swf.2018",0.0390165962,0.0210511896,0.0132743363,0.0181197089,0.0151144623,0.0161229729,0.0271862125,0.0261513914,0.0214479248,0.0274615348, 100, 200, 300, 400, 500, 600, 700, 800, 900,1000
"D_AF_r4_4m","Dornburg","2017","rapeseed", 4.0, 8.797924,59.40558,13.67292,322,160,519,10,3,0.8604143,29.99922,134,75.63238,1.0686394,"Sep","Jul", 2.71700000,"winter","Dornburg_2017_rapeseed","Dornburg_2017","Dornburg_2017_rapeseed_4", 2.1565000, 4, 2.313125,1.174601459,0.93228857,0.16666667,-1.24250592, 1.7912023,"prop_swf.2018",0.0390165962,0.0210511896,0.0132743363,0.0181197089,0.0151144623,0.0161229729,0.0271862125,0.0261513914,0.0214479248,0.0274615348, 100, 200, 300, 400, 500, 600, 700, 800, 900,1000
"D_AF_r4_7m","Dornburg","2017","rapeseed", 7.0, 8.797924,59.40558,13.67292,322,160,519,10,3,0.8604143,29.99922,134,75.63238,1.0686394,"Sep","Jul", 2.51000000,"winter","Dornburg_2017_rapeseed","Dornburg_2017","Dornburg_2017_rapeseed_7", 2.1612500, 4, 2.313125,1.085112132,0.93434207,0.29166667,-1.24250592, 1.7912023,"prop_swf.2018",0.0390165962,0.0210511896,0.0132743363,0.0181197089,0.0151144623,0.0161229729,0.0271862125,0.0261513914,0.0214479248,0.0274615348, 100, 200, 300, 400, 500, 600, 700, 800, 900,1000
"D_AF_r1_24m","Dornburg","2017","rapeseed",24.0, 8.797924,59.40558,13.67292,322,160,519,10,3,0.8604143,29.99922,134,75.63238,1.0686394,"Sep","Jul", 3.21200000,"winter","Dornburg_2017_rapeseed","Dornburg_2017","Dornburg_2017_rapeseed_24", 3.4007500, 4, 2.313125,1.388597676,1.47019724,1.00000000,-1.24250592, 1.7912023,"prop_swf.2018",0.0390165962,0.0210511896,0.0132743363,0.0181197089,0.0151144623,0.0161229729,0.0271862125,0.0261513914,0.0214479248,0.0274615348, 100, 200, 300, 400, 500, 600, 700, 800, 900,1000
"D_AF_r2_24m","Dornburg","2017","rapeseed",24.0, 8.797924,59.40558,13.67292,322,160,519,10,3,0.8604143,29.99922,134,75.63238,1.0686394,"Sep","Jul", 3.36200000,"winter","Dornburg_2017_rapeseed","Dornburg_2017","Dornburg_2017_rapeseed_24", 3.4007500, 4, 2.313125,1.453445015,1.47019724,1.00000000,-1.24250592, 1.7912023,"prop_swf.2018",0.0390165962,0.0210511896,0.0132743363,0.0181197089,0.0151144623,0.0161229729,0.0271862125,0.0261513914,0.0214479248,0.0274615348, 100, 200, 300, 400, 500, 600, 700, 800, 900,1000
"D_AF_r3_24m","Dornburg","2017","rapeseed",24.0, 8.797924,59.40558,13.67292,322,160,519,10,3,0.8604143,29.99922,134,75.63238,1.0686394,"Sep","Jul", 3.09700000,"winter","Dornburg_2017_rapeseed","Dornburg_2017","Dornburg_2017_rapeseed_24", 3.4007500, 4, 2.313125,1.338881383,1.47019724,1.00000000,-1.24250592, 1.7912023,"prop_swf.2018",0.0390165962,0.0210511896,0.0132743363,0.0181197089,0.0151144623,0.0161229729,0.0271862125,0.0261513914,0.0214479248,0.0274615348, 100, 200, 300, 400, 500, 600, 700, 800, 900,1000
"D_AF_r4_24m","Dornburg","2017","rapeseed",24.0, 8.797924,59.40558,13.67292,322,160,519,10,3,0.8604143,29.99922,134,75.63238,1.0686394,"Sep","Jul", 3.93200000,"winter","Dornburg_2017_rapeseed","Dornburg_2017","Dornburg_2017_rapeseed_24", 3.4007500, 4, 2.313125,1.699864901,1.47019724,1.00000000,-1.24250592, 1.7912023,"prop_swf.2018",0.0390165962,0.0210511896,0.0132743363,0.0181197089,0.0151144623,0.0161229729,0.0271862125,0.0261513914,0.0214479248,0.0274615348, 100, 200, 300, 400, 500, 600, 700, 800, 900,1000
"D_AF_r1_1m","Dornburg","2018","wheat", 1.0, 9.009946,37.84279,14.77680,322,160,519,11,4,0.8349939,29.19224,118,71.42153,1.0686394,"Oct","Jul", 4.20000000,"winter","Dornburg_2018_wheat","Dornburg_2018","Dornburg_2018_wheat_1", 4.3325000, 4, 6.273125,0.669522766,0.69064461,0.04166667,-0.33159059, 1.7912023,"prop_swf.2018",0.0390165962,0.0210511896,0.0132743363,0.0181197089,0.0151144623,0.0161229729,0.0271862125,0.0261513914,0.0214479248,0.0274615348, 100, 200, 300, 400, 500, 600, 700, 800, 900,1000
"D_AF_r1_4m","Dornburg","2018","wheat", 4.0, 9.009946,37.84279,14.77680,322,160,519,11,4,0.8349939,29.19224,118,71.42153,1.0686394,"Oct","Jul", 5.73000000,"winter","Dornburg_2018_wheat","Dornburg_2018","Dornburg_2018_wheat_4", 6.5125000, 4, 6.273125,0.913420345,1.03815881,0.16666667,-0.33159059, 1.7912023,"prop_swf.2018",0.0390165962,0.0210511896,0.0132743363,0.0181197089,0.0151144623,0.0161229729,0.0271862125,0.0261513914,0.0214479248,0.0274615348, 100, 200, 300, 400, 500, 600, 700, 800, 900,1000
"D_AF_r1_7m","Dornburg","2018","wheat", 7.0, 9.009946,37.84279,14.77680,322,160,519,11,4,0.8349939,29.19224,118,71.42153,1.0686394,"Oct","Jul", 6.10000000,"winter","Dornburg_2018_wheat","Dornburg_2018","Dornburg_2018_wheat_7", 7.2525000, 4, 6.273125,0.972402112,1.15612235,0.29166667,-0.33159059, 1.7912023,"prop_swf.2018",0.0390165962,0.0210511896,0.0132743363,0.0181197089,0.0151144623,0.0161229729,0.0271862125,0.0261513914,0.0214479248,0.0274615348, 100, 200, 300, 400, 500, 600, 700, 800, 900,1000
"D_AF_r1_24m","Dornburg","2018","wheat",24.0, 9.009946,37.84279,14.77680,322,160,519,11,4,0.8349939,29.19224,118,71.42153,1.0686394,"Oct","Jul", 7.33000000,"winter","Dornburg_2018_wheat","Dornburg_2018","Dornburg_2018_wheat_24", 6.9950000, 4, 6.273125,1.168476636,1.11507423,1.00000000,-0.33159059, 1.7912023,"prop_swf.2018",0.0390165962,0.0210511896,0.0132743363,0.0181197089,0.0151144623,0.0161229729,0.0271862125,0.0261513914,0.0214479248,0.0274615348, 100, 200, 300, 400, 500, 600, 700, 800, 900,1000
"D_AF_r2_1m","Dornburg","2018","wheat", 1.0, 9.009946,37.84279,14.77680,322,160,519,11,4,0.8349939,29.19224,118,71.42153,1.0686394,"Oct","Jul", 4.43000000,"winter","Dornburg_2018_wheat","Dornburg_2018","Dornburg_2018_wheat_1", 4.3325000, 4, 6.273125,0.706187108,0.69064461,0.04166667,-0.33159059, 1.7912023,"prop_swf.2018",0.0390165962,0.0210511896,0.0132743363,0.0181197089,0.0151144623,0.0161229729,0.0271862125,0.0261513914,0.0214479248,0.0274615348, 100, 200, 300, 400, 500, 600, 700, 800, 900,1000
"D_AF_r2_4m","Dornburg","2018","wheat", 4.0, 9.009946,37.84279,14.77680,322,160,519,11,4,0.8349939,29.19224,118,71.42153,1.0686394,"Oct","Jul", 6.89000000,"winter","Dornburg_2018_wheat","Dornburg_2018","Dornburg_2018_wheat_4", 6.5125000, 4, 6.273125,1.098336156,1.03815881,0.16666667,-0.33159059, 1.7912023,"prop_swf.2018",0.0390165962,0.0210511896,0.0132743363,0.0181197089,0.0151144623,0.0161229729,0.0271862125,0.0261513914,0.0214479248,0.0274615348, 100, 200, 300, 400, 500, 600, 700, 800, 900,1000
"D_AF_r2_7m","Dornburg","2018","wheat", 7.0, 9.009946,37.84279,14.77680,322,160,519,11,4,0.8349939,29.19224,118,71.42153,1.0686394,"Oct","Jul", 7.37000000,"winter","Dornburg_2018_wheat","Dornburg_2018","Dornburg_2018_wheat_7", 7.2525000, 4, 6.273125,1.174853044,1.15612235,0.29166667,-0.33159059, 1.7912023,"prop_swf.2018",0.0390165962,0.0210511896,0.0132743363,0.0181197089,0.0151144623,0.0161229729,0.0271862125,0.0261513914,0.0214479248,0.0274615348, 100, 200, 300, 400, 500, 600, 700, 800, 900,1000
"D_AF_r2_24m","Dornburg","2018","wheat",24.0, 9.009946,37.84279,14.77680,322,160,519,11,4,0.8349939,29.19224,118,71.42153,1.0686394,"Oct","Jul", 6.77000000,"winter","Dornburg_2018_wheat","Dornburg_2018","Dornburg_2018_wheat_24", 6.9950000, 4, 6.273125,1.079206934,1.11507423,1.00000000,-0.33159059, 1.7912023,"prop_swf.2018",0.0390165962,0.0210511896,0.0132743363,0.0181197089,0.0151144623,0.0161229729,0.0271862125,0.0261513914,0.0214479248,0.0274615348, 100, 200, 300, 400, 500, 600, 700, 800, 900,1000
"D_AF_r3_1m","Dornburg","2018","wheat", 1.0, 9.009946,37.84279,14.77680,322,160,519,11,4,0.8349939,29.19224,118,71.42153,1.0686394,"Oct","Jul", 4.17000000,"winter","Dornburg_2018_wheat","Dornburg_2018","Dornburg_2018_wheat_1", 4.3325000, 4, 6.273125,0.664740460,0.69064461,0.04166667,-0.33159059, 1.7912023,"prop_swf.2018",0.0390165962,0.0210511896,0.0132743363,0.0181197089,0.0151144623,0.0161229729,0.0271862125,0.0261513914,0.0214479248,0.0274615348, 100, 200, 300, 400, 500, 600, 700, 800, 900,1000
"D_AF_r3_4m","Dornburg","2018","wheat", 4.0, 9.009946,37.84279,14.77680,322,160,519,11,4,0.8349939,29.19224,118,71.42153,1.0686394,"Oct","Jul", 6.14000000,"winter","Dornburg_2018_wheat","Dornburg_2018","Dornburg_2018_wheat_4", 6.5125000, 4, 6.273125,0.978778519,1.03815881,0.16666667,-0.33159059, 1.7912023,"prop_swf.2018",0.0390165962,0.0210511896,0.0132743363,0.0181197089,0.0151144623,0.0161229729,0.0271862125,0.0261513914,0.0214479248,0.0274615348, 100, 200, 300, 400, 500, 600, 700, 800, 900,1000
"D_AF_r3_7m","Dornburg","2018","wheat", 7.0, 9.009946,37.84279,14.77680,322,160,519,11,4,0.8349939,29.19224,118,71.42153,1.0686394,"Oct","Jul", 7.36000000,"winter","Dornburg_2018_wheat","Dornburg_2018","Dornburg_2018_wheat_7", 7.2525000, 4, 6.273125,1.173258942,1.15612235,0.29166667,-0.33159059, 1.7912023,"prop_swf.2018",0.0390165962,0.0210511896,0.0132743363,0.0181197089,0.0151144623,0.0161229729,0.0271862125,0.0261513914,0.0214479248,0.0274615348, 100, 200, 300, 400, 500, 600, 700, 800, 900,1000
"D_AF_r3_24m","Dornburg","2018","wheat",24.0, 9.009946,37.84279,14.77680,322,160,519,11,4,0.8349939,29.19224,118,71.42153,1.0686394,"Oct","Jul", 7.14000000,"winter","Dornburg_2018_wheat","Dornburg_2018","Dornburg_2018_wheat_24", 6.9950000, 4, 6.273125,1.138188702,1.11507423,1.00000000,-0.33159059, 1.7912023,"prop_swf.2018",0.0390165962,0.0210511896,0.0132743363,0.0181197089,0.0151144623,0.0161229729,0.0271862125,0.0261513914,0.0214479248,0.0274615348, 100, 200, 300, 400, 500, 600, 700, 800, 900,1000
"D_AF_r4_1m","Dornburg","2018","wheat", 1.0, 9.009946,37.84279,14.77680,322,160,519,11,4,0.8349939,29.19224,118,71.42153,1.0686394,"Oct","Jul", 4.53000000,"winter","Dornburg_2018_wheat","Dornburg_2018","Dornburg_2018_wheat_1", 4.3325000, 4, 6.273125,0.722128126,0.69064461,0.04166667,-0.33159059, 1.7912023,"prop_swf.2018",0.0390165962,0.0210511896,0.0132743363,0.0181197089,0.0151144623,0.0161229729,0.0271862125,0.0261513914,0.0214479248,0.0274615348, 100, 200, 300, 400, 500, 600, 700, 800, 900,1000
"D_AF_r4_4m","Dornburg","2018","wheat", 4.0, 9.009946,37.84279,14.77680,322,160,519,11,4,0.8349939,29.19224,118,71.42153,1.0686394,"Oct","Jul", 7.29000000,"winter","Dornburg_2018_wheat","Dornburg_2018","Dornburg_2018_wheat_4", 6.5125000, 4, 6.273125,1.162100229,1.03815881,0.16666667,-0.33159059, 1.7912023,"prop_swf.2018",0.0390165962,0.0210511896,0.0132743363,0.0181197089,0.0151144623,0.0161229729,0.0271862125,0.0261513914,0.0214479248,0.0274615348, 100, 200, 300, 400, 500, 600, 700, 800, 900,1000
"D_AF_r4_7m","Dornburg","2018","wheat", 7.0, 9.009946,37.84279,14.77680,322,160,519,11,4,0.8349939,29.19224,118,71.42153,1.0686394,"Oct","Jul", 8.18000000,"winter","Dornburg_2018_wheat","Dornburg_2018","Dornburg_2018_wheat_7", 7.2525000, 4, 6.273125,1.303975291,1.15612235,0.29166667,-0.33159059, 1.7912023,"prop_swf.2018",0.0390165962,0.0210511896,0.0132743363,0.0181197089,0.0151144623,0.0161229729,0.0271862125,0.0261513914,0.0214479248,0.0274615348, 100, 200, 300, 400, 500, 600, 700, 800, 900,1000
"D_AF_r4_24m","Dornburg","2018","wheat",24.0, 9.009946,37.84279,14.77680,322,160,519,11,4,0.8349939,29.19224,118,71.42153,1.0686394,"Oct","Jul", 6.74000000,"winter","Dornburg_2018_wheat","Dornburg_2018","Dornburg_2018_wheat_24", 6.9950000, 4, 6.273125,1.074424629,1.11507423,1.00000000,-0.33159059, 1.7912023,"prop_swf.2018",0.0390165962,0.0210511896,0.0132743363,0.0181197089,0.0151144623,0.0161229729,0.0271862125,0.0261513914,0.0214479248,0.0274615348, 100, 200, 300, 400, 500, 600, 700, 800, 900,1000
"D_AF_r1_1m","Dornburg","2019","barley", 1.0,13.369363,20.82727,21.71985,322,160,519,12,5,0.8276570,30.54191,140,71.55876,1.0686394,"Mar","Jul", 2.24000000,"summer","Dornburg_2019_barley","Dornburg_2019","Dornburg_2019_barley_1", 2.0225000, 8, 4.323125,0.518143704,0.46783288,0.04166667, 2.24393350, 1.7912023,"prop_swf.2018",0.0390165962,0.0210511896,0.0132743363,0.0181197089,0.0151144623,0.0161229729,0.0271862125,0.0261513914,0.0214479248,0.0274615348, 100, 200, 300, 400, 500, 600, 700, 800, 900,1000
"D_AF_r1_4m","Dornburg","2019","barley", 4.0,13.369363,20.82727,21.71985,322,160,519,12,5,0.8276570,30.54191,140,71.55876,1.0686394,"Mar","Jul", 4.78000000,"summer","Dornburg_2019_barley","Dornburg_2019","Dornburg_2019_barley_4", 4.7962500, 8, 4.323125,1.105681654,1.10944051,0.16666667, 2.24393350, 1.7912023,"prop_swf.2018",0.0390165962,0.0210511896,0.0132743363,0.0181197089,0.0151144623,0.0161229729,0.0271862125,0.0261513914,0.0214479248,0.0274615348, 100, 200, 300, 400, 500, 600, 700, 800, 900,1000
"D_AF_r1_7m","Dornburg","2019","barley", 7.0,13.369363,20.82727,21.71985,322,160,519,12,5,0.8276570,30.54191,140,71.55876,1.0686394,"Mar","Jul", 5.21000000,"summer","Dornburg_2019_barley","Dornburg_2019","Dornburg_2019_barley_7", 4.8200000, 8, 4.323125,1.205146740,1.11493422,0.29166667, 2.24393350, 1.7912023,"prop_swf.2018",0.0390165962,0.0210511896,0.0132743363,0.0181197089,0.0151144623,0.0161229729,0.0271862125,0.0261513914,0.0214479248,0.0274615348, 100, 200, 300, 400, 500, 600, 700, 800, 900,1000
"D_AF_r1_24m","Dornburg","2019","barley",24.0,13.369363,20.82727,21.71985,322,160,519,12,5,0.8276570,30.54191,140,71.55876,1.0686394,"Mar","Jul", 6.03000000,"summer","Dornburg_2019_barley","Dornburg_2019","Dornburg_2019_barley_24", 5.6537500, 8, 4.323125,1.394824346,1.30779240,1.00000000, 2.24393350, 1.7912023,"prop_swf.2018",0.0390165962,0.0210511896,0.0132743363,0.0181197089,0.0151144623,0.0161229729,0.0271862125,0.0261513914,0.0214479248,0.0274615348, 100, 200, 300, 400, 500, 600, 700, 800, 900,1000
"D_AF_r2_1m","Dornburg","2019","barley", 1.0,13.369363,20.82727,21.71985,322,160,519,12,5,0.8276570,30.54191,140,71.55876,1.0686394,"Mar","Jul", 1.67000000,"summer","Dornburg_2019_barley","Dornburg_2019","Dornburg_2019_barley_1", 2.0225000, 8, 4.323125,0.386294636,0.46783288,0.04166667, 2.24393350, 1.7912023,"prop_swf.2018",0.0390165962,0.0210511896,0.0132743363,0.0181197089,0.0151144623,0.0161229729,0.0271862125,0.0261513914,0.0214479248,0.0274615348, 100, 200, 300, 400, 500, 600, 700, 800, 900,1000
"D_AF_r2_4m","Dornburg","2019","barley", 4.0,13.369363,20.82727,21.71985,322,160,519,12,5,0.8276570,30.54191,140,71.55876,1.0686394,"Mar","Jul", 5.00000000,"summer","Dornburg_2019_barley","Dornburg_2019","Dornburg_2019_barley_4", 4.7962500, 8, 4.323125,1.156570768,1.10944051,0.16666667, 2.24393350, 1.7912023,"prop_swf.2018",0.0390165962,0.0210511896,0.0132743363,0.0181197089,0.0151144623,0.0161229729,0.0271862125,0.0261513914,0.0214479248,0.0274615348, 100, 200, 300, 400, 500, 600, 700, 800, 900,1000
"D_AF_r2_7m","Dornburg","2019","barley", 7.0,13.369363,20.82727,21.71985,322,160,519,12,5,0.8276570,30.54191,140,71.55876,1.0686394,"Mar","Jul", 5.00000000,"summer","Dornburg_2019_barley","Dornburg_2019","Dornburg_2019_barley_7", 4.8200000, 8, 4.323125,1.156570768,1.11493422,0.29166667, 2.24393350, 1.7912023,"prop_swf.2018",0.0390165962,0.0210511896,0.0132743363,0.0181197089,0.0151144623,0.0161229729,0.0271862125,0.0261513914,0.0214479248,0.0274615348, 100, 200, 300, 400, 500, 600, 700, 800, 900,1000
"D_AF_r2_24m","Dornburg","2019","barley",24.0,13.369363,20.82727,21.71985,322,160,519,12,5,0.8276570,30.54191,140,71.55876,1.0686394,"Mar","Jul", 5.97000000,"summer","Dornburg_2019_barley","Dornburg_2019","Dornburg_2019_barley_24", 5.6537500, 8, 4.323125,1.380945497,1.30779240,1.00000000, 2.24393350, 1.7912023,"prop_swf.2018",0.0390165962,0.0210511896,0.0132743363,0.0181197089,0.0151144623,0.0161229729,0.0271862125,0.0261513914,0.0214479248,0.0274615348, 100, 200, 300, 400, 500, 600, 700, 800, 900,1000
"D_AF_r3_1m","Dornburg","2019","barley", 1.0,13.369363,20.82727,21.71985,322,160,519,12,5,0.8276570,30.54191,140,71.55876,1.0686394,"Mar","Jul", 2.52000000,"summer","Dornburg_2019_barley","Dornburg_2019","Dornburg_2019_barley_1", 2.0225000, 8, 4.323125,0.582911667,0.46783288,0.04166667, 2.24393350, 1.7912023,"prop_swf.2018",0.0390165962,0.0210511896,0.0132743363,0.0181197089,0.0151144623,0.0161229729,0.0271862125,0.0261513914,0.0214479248,0.0274615348, 100, 200, 300, 400, 500, 600, 700, 800, 900,1000
"D_AF_r3_4m","Dornburg","2019","barley", 4.0,13.369363,20.82727,21.71985,322,160,519,12,5,0.8276570,30.54191,140,71.55876,1.0686394,"Mar","Jul", 5.20000000,"summer","Dornburg_2019_barley","Dornburg_2019","Dornburg_2019_barley_4", 4.7962500, 8, 4.323125,1.202833598,1.10944051,0.16666667, 2.24393350, 1.7912023,"prop_swf.2018",0.0390165962,0.0210511896,0.0132743363,0.0181197089,0.0151144623,0.0161229729,0.0271862125,0.0261513914,0.0214479248,0.0274615348, 100, 200, 300, 400, 500, 600, 700, 800, 900,1000
"D_AF_r3_7m","Dornburg","2019","barley", 7.0,13.369363,20.82727,21.71985,322,160,519,12,5,0.8276570,30.54191,140,71.55876,1.0686394,"Mar","Jul", 5.02000000,"summer","Dornburg_2019_barley","Dornburg_2019","Dornburg_2019_barley_7", 4.8200000, 8, 4.323125,1.161197051,1.11493422,0.29166667, 2.24393350, 1.7912023,"prop_swf.2018",0.0390165962,0.0210511896,0.0132743363,0.0181197089,0.0151144623,0.0161229729,0.0271862125,0.0261513914,0.0214479248,0.0274615348, 100, 200, 300, 400, 500, 600, 700, 800, 900,1000
"D_AF_r3_24m","Dornburg","2019","barley",24.0,13.369363,20.82727,21.71985,322,160,519,12,5,0.8276570,30.54191,140,71.55876,1.0686394,"Mar","Jul", 5.03000000,"summer","Dornburg_2019_barley","Dornburg_2019","Dornburg_2019_barley_24", 5.6537500, 8, 4.323125,1.163510192,1.30779240,1.00000000, 2.24393350, 1.7912023,"prop_swf.2018",0.0390165962,0.0210511896,0.0132743363,0.0181197089,0.0151144623,0.0161229729,0.0271862125,0.0261513914,0.0214479248,0.0274615348, 100, 200, 300, 400, 500, 600, 700, 800, 900,1000
"D_AF_r4_1m","Dornburg","2019","barley", 1.0,13.369363,20.82727,21.71985,322,160,519,12,5,0.8276570,30.54191,140,71.55876,1.0686394,"Mar","Jul", 2.13000000,"summer","Dornburg_2019_barley","Dornburg_2019","Dornburg_2019_barley_1", 2.0225000, 8, 4.323125,0.492699147,0.46783288,0.04166667, 2.24393350, 1.7912023,"prop_swf.2018",0.0390165962,0.0210511896,0.0132743363,0.0181197089,0.0151144623,0.0161229729,0.0271862125,0.0261513914,0.0214479248,0.0274615348, 100, 200, 300, 400, 500, 600, 700, 800, 900,1000
"D_AF_r4_4m","Dornburg","2019","barley", 4.0,13.369363,20.82727,21.71985,322,160,519,12,5,0.8276570,30.54191,140,71.55876,1.0686394,"Mar","Jul", 4.47000000,"summer","Dornburg_2019_barley","Dornburg_2019","Dornburg_2019_barley_4", 4.7962500, 8, 4.323125,1.033974266,1.10944051,0.16666667, 2.24393350, 1.7912023,"prop_swf.2018",0.0390165962,0.0210511896,0.0132743363,0.0181197089,0.0151144623,0.0161229729,0.0271862125,0.0261513914,0.0214479248,0.0274615348, 100, 200, 300, 400, 500, 600, 700, 800, 900,1000
"D_AF_r4_7m","Dornburg","2019","barley", 7.0,13.369363,20.82727,21.71985,322,160,519,12,5,0.8276570,30.54191,140,71.55876,1.0686394,"Mar","Jul", 5.13000000,"summer","Dornburg_2019_barley","Dornburg_2019","Dornburg_2019_barley_7", 4.8200000, 8, 4.323125,1.186641608,1.11493422,0.29166667, 2.24393350, 1.7912023,"prop_swf.2018",0.0390165962,0.0210511896,0.0132743363,0.0181197089,0.0151144623,0.0161229729,0.0271862125,0.0261513914,0.0214479248,0.0274615348, 100, 200, 300, 400, 500, 600, 700, 800, 900,1000
"D_AF_r4_24m","Dornburg","2019","barley",24.0,13.369363,20.82727,21.71985,322,160,519,12,5,0.8276570,30.54191,140,71.55876,1.0686394,"Mar","Jul", 5.95000000,"summer","Dornburg_2019_barley","Dornburg_2019","Dornburg_2019_barley_24", 5.6537500, 8, 4.323125,1.376319214,1.30779240,1.00000000, 2.24393350, 1.7912023,"prop_swf.2018",0.0390165962,0.0210511896,0.0132743363,0.0181197089,0.0151144623,0.0161229729,0.0271862125,0.0261513914,0.0214479248,0.0274615348, 100, 200, 300, 400, 500, 600, 700, 800, 900,1000
"D_AF_r5_1m","Dornburg","2019","barley", 1.0,13.369363,20.82727,21.71985,322,160,519,12,5,0.8276570,30.54191,140,71.55876,1.0686394,"Mar","Jul", 0.64000000,"summer","Dornburg_2019_barley","Dornburg_2019","Dornburg_2019_barley_1", 2.0225000, 8, 4.323125,0.148041058,0.46783288,0.04166667, 2.24393350, 1.7912023,"prop_swf.2018",0.0390165962,0.0210511896,0.0132743363,0.0181197089,0.0151144623,0.0161229729,0.0271862125,0.0261513914,0.0214479248,0.0274615348, 100, 200, 300, 400, 500, 600, 700, 800, 900,1000
"D_AF_r5_4m","Dornburg","2019","barley", 4.0,13.369363,20.82727,21.71985,322,160,519,12,5,0.8276570,30.54191,140,71.55876,1.0686394,"Mar","Jul", 3.78000000,"summer","Dornburg_2019_barley","Dornburg_2019","Dornburg_2019_barley_4", 4.7962500, 8, 4.323125,0.874367500,1.10944051,0.16666667, 2.24393350, 1.7912023,"prop_swf.2018",0.0390165962,0.0210511896,0.0132743363,0.0181197089,0.0151144623,0.0161229729,0.0271862125,0.0261513914,0.0214479248,0.0274615348, 100, 200, 300, 400, 500, 600, 700, 800, 900,1000
"D_AF_r5_7m","Dornburg","2019","barley", 7.0,13.369363,20.82727,21.71985,322,160,519,12,5,0.8276570,30.54191,140,71.55876,1.0686394,"Mar","Jul", 4.38000000,"summer","Dornburg_2019_barley","Dornburg_2019","Dornburg_2019_barley_7", 4.8200000, 8, 4.323125,1.013155992,1.11493422,0.29166667, 2.24393350, 1.7912023,"prop_swf.2018",0.0390165962,0.0210511896,0.0132743363,0.0181197089,0.0151144623,0.0161229729,0.0271862125,0.0261513914,0.0214479248,0.0274615348, 100, 200, 300, 400, 500, 600, 700, 800, 900,1000
"D_AF_r5_24m","Dornburg","2019","barley",24.0,13.369363,20.82727,21.71985,322,160,519,12,5,0.8276570,30.54191,140,71.55876,1.0686394,"Mar","Jul", 4.83000000,"summer","Dornburg_2019_barley","Dornburg_2019","Dornburg_2019_barley_24", 5.6537500, 8, 4.323125,1.117247362,1.30779240,1.00000000, 2.24393350, 1.7912023,"prop_swf.2018",0.0390165962,0.0210511896,0.0132743363,0.0181197089,0.0151144623,0.0161229729,0.0271862125,0.0261513914,0.0214479248,0.0274615348, 100, 200, 300, 400, 500, 600, 700, 800, 900,1000
"D_AF_r6_1m","Dornburg","2019","barley", 1.0,13.369363,20.82727,21.71985,322,160,519,12,5,0.8276570,30.54191,140,71.55876,1.0686394,"Mar","Jul", 2.15000000,"summer","Dornburg_2019_barley","Dornburg_2019","Dornburg_2019_barley_1", 2.0225000, 8, 4.323125,0.497325430,0.46783288,0.04166667, 2.24393350, 1.7912023,"prop_swf.2018",0.0390165962,0.0210511896,0.0132743363,0.0181197089,0.0151144623,0.0161229729,0.0271862125,0.0261513914,0.0214479248,0.0274615348, 100, 200, 300, 400, 500, 600, 700, 800, 900,1000
"D_AF_r6_4m","Dornburg","2019","barley", 4.0,13.369363,20.82727,21.71985,322,160,519,12,5,0.8276570,30.54191,140,71.55876,1.0686394,"Mar","Jul", 5.13000000,"summer","Dornburg_2019_barley","Dornburg_2019","Dornburg_2019_barley_4", 4.7962500, 8, 4.323125,1.186641608,1.10944051,0.16666667, 2.24393350, 1.7912023,"prop_swf.2018",0.0390165962,0.0210511896,0.0132743363,0.0181197089,0.0151144623,0.0161229729,0.0271862125,0.0261513914,0.0214479248,0.0274615348, 100, 200, 300, 400, 500, 600, 700, 800, 900,1000
"D_AF_r6_7m","Dornburg","2019","barley", 7.0,13.369363,20.82727,21.71985,322,160,519,12,5,0.8276570,30.54191,140,71.55876,1.0686394,"Mar","Jul", 4.61000000,"summer","Dornburg_2019_barley","Dornburg_2019","Dornburg_2019_barley_7", 4.8200000, 8, 4.323125,1.066358248,1.11493422,0.29166667, 2.24393350, 1.7912023,"prop_swf.2018",0.0390165962,0.0210511896,0.0132743363,0.0181197089,0.0151144623,0.0161229729,0.0271862125,0.0261513914,0.0214479248,0.0274615348, 100, 200, 300, 400, 500, 600, 700, 800, 900,1000
"D_AF_r6_24m","Dornburg","2019","barley",24.0,13.369363,20.82727,21.71985,322,160,519,12,5,0.8276570,30.54191,140,71.55876,1.0686394,"Mar","Jul", 5.53000000,"summer","Dornburg_2019_barley","Dornburg_2019","Dornburg_2019_barley_24", 5.6537500, 8, 4.323125,1.279167269,1.30779240,1.00000000, 2.24393350, 1.7912023,"prop_swf.2018",0.0390165962,0.0210511896,0.0132743363,0.0181197089,0.0151144623,0.0161229729,0.0271862125,0.0261513914,0.0214479248,0.0274615348, 100, 200, 300, 400, 500, 600, 700, 800, 900,1000
"D_AF_r7_1m","Dornburg","2019","barley", 1.0,13.369363,20.82727,21.71985,322,160,519,12,5,0.8276570,30.54191,140,71.55876,1.0686394,"Mar","Jul", 2.03000000,"summer","Dornburg_2019_barley","Dornburg_2019","Dornburg_2019_barley_1", 2.0225000, 8, 4.323125,0.469567732,0.46783288,0.04166667, 2.24393350, 1.7912023,"prop_swf.2018",0.0390165962,0.0210511896,0.0132743363,0.0181197089,0.0151144623,0.0161229729,0.0271862125,0.0261513914,0.0214479248,0.0274615348, 100, 200, 300, 400, 500, 600, 700, 800, 900,1000
"D_AF_r7_4m","Dornburg","2019","barley", 4.0,13.369363,20.82727,21.71985,322,160,519,12,5,0.8276570,30.54191,140,71.55876,1.0686394,"Mar","Jul", 5.14000000,"summer","Dornburg_2019_barley","Dornburg_2019","Dornburg_2019_barley_4", 4.7962500, 8, 4.323125,1.188954749,1.10944051,0.16666667, 2.24393350, 1.7912023,"prop_swf.2018",0.0390165962,0.0210511896,0.0132743363,0.0181197089,0.0151144623,0.0161229729,0.0271862125,0.0261513914,0.0214479248,0.0274615348, 100, 200, 300, 400, 500, 600, 700, 800, 900,1000
"D_AF_r7_7m","Dornburg","2019","barley", 7.0,13.369363,20.82727,21.71985,322,160,519,12,5,0.8276570,30.54191,140,71.55876,1.0686394,"Mar","Jul", 4.64000000,"summer","Dornburg_2019_barley","Dornburg_2019","Dornburg_2019_barley_7", 4.8200000, 8, 4.323125,1.073297672,1.11493422,0.29166667, 2.24393350, 1.7912023,"prop_swf.2018",0.0390165962,0.0210511896,0.0132743363,0.0181197089,0.0151144623,0.0161229729,0.0271862125,0.0261513914,0.0214479248,0.0274615348, 100, 200, 300, 400, 500, 600, 700, 800, 900,1000
"D_AF_r7_24m","Dornburg","2019","barley",24.0,13.369363,20.82727,21.71985,322,160,519,12,5,0.8276570,30.54191,140,71.55876,1.0686394,"Mar","Jul", 5.77000000,"summer","Dornburg_2019_barley","Dornburg_2019","Dornburg_2019_barley_24", 5.6537500, 8, 4.323125,1.334682666,1.30779240,1.00000000, 2.24393350, 1.7912023,"prop_swf.2018",0.0390165962,0.0210511896,0.0132743363,0.0181197089,0.0151144623,0.0161229729,0.0271862125,0.0261513914,0.0214479248,0.0274615348, 100, 200, 300, 400, 500, 600, 700, 800, 900,1000
"D_AF_r8_1m","Dornburg","2019","barley", 1.0,13.369363,20.82727,21.71985,322,160,519,12,5,0.8276570,30.54191,140,71.55876,1.0686394,"Mar","Jul", 2.80000000,"summer","Dornburg_2019_barley","Dornburg_2019","Dornburg_2019_barley_1", 2.0225000, 8, 4.323125,0.647679630,0.46783288,0.04166667, 2.24393350, 1.7912023,"prop_swf.2018",0.0390165962,0.0210511896,0.0132743363,0.0181197089,0.0151144623,0.0161229729,0.0271862125,0.0261513914,0.0214479248,0.0274615348, 100, 200, 300, 400, 500, 600, 700, 800, 900,1000
"D_AF_r8_4m","Dornburg","2019","barley", 4.0,13.369363,20.82727,21.71985,322,160,519,12,5,0.8276570,30.54191,140,71.55876,1.0686394,"Mar","Jul", 4.87000000,"summer","Dornburg_2019_barley","Dornburg_2019","Dornburg_2019_barley_4", 4.7962500, 8, 4.323125,1.126499928,1.10944051,0.16666667, 2.24393350, 1.7912023,"prop_swf.2018",0.0390165962,0.0210511896,0.0132743363,0.0181197089,0.0151144623,0.0161229729,0.0271862125,0.0261513914,0.0214479248,0.0274615348, 100, 200, 300, 400, 500, 600, 700, 800, 900,1000
"D_AF_r8_7m","Dornburg","2019","barley", 7.0,13.369363,20.82727,21.71985,322,160,519,12,5,0.8276570,30.54191,140,71.55876,1.0686394,"Mar","Jul", 4.57000000,"summer","Dornburg_2019_barley","Dornburg_2019","Dornburg_2019_barley_7", 4.8200000, 8, 4.323125,1.057105682,1.11493422,0.29166667, 2.24393350, 1.7912023,"prop_swf.2018",0.0390165962,0.0210511896,0.0132743363,0.0181197089,0.0151144623,0.0161229729,0.0271862125,0.0261513914,0.0214479248,0.0274615348, 100, 200, 300, 400, 500, 600, 700, 800, 900,1000
"D_AF_r8_24m","Dornburg","2019","barley",24.0,13.369363,20.82727,21.71985,322,160,519,12,5,0.8276570,30.54191,140,71.55876,1.0686394,"Mar","Jul", 6.12000000,"summer","Dornburg_2019_barley","Dornburg_2019","Dornburg_2019_barley_24", 5.6537500, 8, 4.323125,1.415642620,1.30779240,1.00000000, 2.24393350, 1.7912023,"prop_swf.2018",0.0390165962,0.0210511896,0.0132743363,0.0181197089,0.0151144623,0.0161229729,0.0271862125,0.0261513914,0.0214479248,0.0274615348, 100, 200, 300, 400, 500, 600, 700, 800, 900,1000
"D_AF_r1_1m","Dornburg","2020","barley", 1.0,12.289363,19.07831,22.64574,322,160,519,13,6,0.8278522,29.66798,120,74.50347,1.0686394,"Mar","Jul", 0.56000000,"summer","Dornburg_2020_barley","Dornburg_2020","Dornburg_2020_barley_1", 0.7242857, 7, 2.100938,0.266547672,0.34474406,0.04166667, 2.20725241, 1.7912023,"prop_swf.2021",0.0459746418,0.0160281291,0.0190511308,0.0278107827,0.0224509205,0.0366915033,0.0460453781,0.0413770722,0.0370210934,0.0289382175, 100, 200, 300, 400, 500, 600, 700, 800, 900,1000
"D_AF_r1_4m","Dornburg","2020","barley", 4.0,12.289363,19.07831,22.64574,322,160,519,13,6,0.8278522,29.66798,120,74.50347,1.0686394,"Mar","Jul", 1.66000000,"summer","Dornburg_2020_barley","Dornburg_2020","Dornburg_2020_barley_4", 2.0257143, 7, 2.100938,0.790123457,0.96419541,0.16666667, 2.20725241, 1.7912023,"prop_swf.2021",0.0459746418,0.0160281291,0.0190511308,0.0278107827,0.0224509205,0.0366915033,0.0460453781,0.0413770722,0.0370210934,0.0289382175, 100, 200, 300, 400, 500, 600, 700, 800, 900,1000
"D_AF_r1_7m","Dornburg","2020","barley", 7.0,12.289363,19.07831,22.64574,322,160,519,13,6,0.8278522,29.66798,120,74.50347,1.0686394,"Mar","Jul", 2.80000000,"summer","Dornburg_2020_barley","Dornburg_2020","Dornburg_2020_barley_7", 2.6525000, 8, 2.100938,1.332738361,1.26253161,0.29166667, 2.20725241, 1.7912023,"prop_swf.2021",0.0459746418,0.0160281291,0.0190511308,0.0278107827,0.0224509205,0.0366915033,0.0460453781,0.0413770722,0.0370210934,0.0289382175, 100, 200, 300, 400, 500, 600, 700, 800, 900,1000
"D_AF_r1_24m","Dornburg","2020","barley",24.0,12.289363,19.07831,22.64574,322,160,519,13,6,0.8278522,29.66798,120,74.50347,1.0686394,"Mar","Jul", 3.48000000,"summer","Dornburg_2020_barley","Dornburg_2020","Dornburg_2020_barley_24", 3.0012500, 8, 2.100938,1.656403391,1.42852893,1.00000000, 2.20725241, 1.7912023,"prop_swf.2021",0.0459746418,0.0160281291,0.0190511308,0.0278107827,0.0224509205,0.0366915033,0.0460453781,0.0413770722,0.0370210934,0.0289382175, 100, 200, 300, 400, 500, 600, 700, 800, 900,1000
"D_AF_r2_1m","Dornburg","2020","barley", 1.0,12.289363,19.07831,22.64574,322,160,519,13,6,0.8278522,29.66798,120,74.50347,1.0686394,"Mar","Jul", 1.22000000,"summer","Dornburg_2020_barley","Dornburg_2020","Dornburg_2020_barley_1", 0.7242857, 7, 2.100938,0.580693143,0.34474406,0.04166667, 2.20725241, 1.7912023,"prop_swf.2021",0.0459746418,0.0160281291,0.0190511308,0.0278107827,0.0224509205,0.0366915033,0.0460453781,0.0413770722,0.0370210934,0.0289382175, 100, 200, 300, 400, 500, 600, 700, 800, 900,1000
"D_AF_r2_4m","Dornburg","2020","barley", 4.0,12.289363,19.07831,22.64574,322,160,519,13,6,0.8278522,29.66798,120,74.50347,1.0686394,"Mar","Jul", 2.68000000,"summer","Dornburg_2020_barley","Dornburg_2020","Dornburg_2020_barley_4", 2.0257143, 7, 2.100938,1.275621003,0.96419541,0.16666667, 2.20725241, 1.7912023,"prop_swf.2021",0.0459746418,0.0160281291,0.0190511308,0.0278107827,0.0224509205,0.0366915033,0.0460453781,0.0413770722,0.0370210934,0.0289382175, 100, 200, 300, 400, 500, 600, 700, 800, 900,1000
"D_AF_r2_7m","Dornburg","2020","barley", 7.0,12.289363,19.07831,22.64574,322,160,519,13,6,0.8278522,29.66798,120,74.50347,1.0686394,"Mar","Jul", 2.65000000,"summer","Dornburg_2020_barley","Dornburg_2020","Dornburg_2020_barley_7", 2.6525000, 8, 2.100938,1.261341663,1.26253161,0.29166667, 2.20725241, 1.7912023,"prop_swf.2021",0.0459746418,0.0160281291,0.0190511308,0.0278107827,0.0224509205,0.0366915033,0.0460453781,0.0413770722,0.0370210934,0.0289382175, 100, 200, 300, 400, 500, 600, 700, 800, 900,1000
"D_AF_r2_24m","Dornburg","2020","barley",24.0,12.289363,19.07831,22.64574,322,160,519,13,6,0.8278522,29.66798,120,74.50347,1.0686394,"Mar","Jul", 2.58000000,"summer","Dornburg_2020_barley","Dornburg_2020","Dornburg_2020_barley_24", 3.0012500, 8, 2.100938,1.228023204,1.42852893,1.00000000, 2.20725241, 1.7912023,"prop_swf.2021",0.0459746418,0.0160281291,0.0190511308,0.0278107827,0.0224509205,0.0366915033,0.0460453781,0.0413770722,0.0370210934,0.0289382175, 100, 200, 300, 400, 500, 600, 700, 800, 900,1000
"D_AF_r3_7m","Dornburg","2020","barley", 7.0,12.289363,19.07831,22.64574,322,160,519,13,6,0.8278522,29.66798,120,74.50347,1.0686394,"Mar","Jul", 3.15000000,"summer","Dornburg_2020_barley","Dornburg_2020","Dornburg_2020_barley_7", 2.6525000, 8, 2.100938,1.499330656,1.26253161,0.29166667, 2.20725241, 1.7912023,"prop_swf.2021",0.0459746418,0.0160281291,0.0190511308,0.0278107827,0.0224509205,0.0366915033,0.0460453781,0.0413770722,0.0370210934,0.0289382175, 100, 200, 300, 400, 500, 600, 700, 800, 900,1000
"D_AF_r3_24m","Dornburg","2020","barley",24.0,12.289363,19.07831,22.64574,322,160,519,13,6,0.8278522,29.66798,120,74.50347,1.0686394,"Mar","Jul", 3.62000000,"summer","Dornburg_2020_barley","Dornburg_2020","Dornburg_2020_barley_24", 3.0012500, 8, 2.100938,1.723040309,1.42852893,1.00000000, 2.20725241, 1.7912023,"prop_swf.2021",0.0459746418,0.0160281291,0.0190511308,0.0278107827,0.0224509205,0.0366915033,0.0460453781,0.0413770722,0.0370210934,0.0289382175, 100, 200, 300, 400, 500, 600, 700, 800, 900,1000
"D_AF_r4_1m","Dornburg","2020","barley", 1.0,12.289363,19.07831,22.64574,322,160,519,13,6,0.8278522,29.66798,120,74.50347,1.0686394,"Mar","Jul", 0.54000000,"summer","Dornburg_2020_barley","Dornburg_2020","Dornburg_2020_barley_1", 0.7242857, 7, 2.100938,0.257028112,0.34474406,0.04166667, 2.20725241, 1.7912023,"prop_swf.2021",0.0459746418,0.0160281291,0.0190511308,0.0278107827,0.0224509205,0.0366915033,0.0460453781,0.0413770722,0.0370210934,0.0289382175, 100, 200, 300, 400, 500, 600, 700, 800, 900,1000
"D_AF_r4_4m","Dornburg","2020","barley", 4.0,12.289363,19.07831,22.64574,322,160,519,13,6,0.8278522,29.66798,120,74.50347,1.0686394,"Mar","Jul", 2.17000000,"summer","Dornburg_2020_barley","Dornburg_2020","Dornburg_2020_barley_4", 2.0257143, 7, 2.100938,1.032872230,0.96419541,0.16666667, 2.20725241, 1.7912023,"prop_swf.2021",0.0459746418,0.0160281291,0.0190511308,0.0278107827,0.0224509205,0.0366915033,0.0460453781,0.0413770722,0.0370210934,0.0289382175, 100, 200, 300, 400, 500, 600, 700, 800, 900,1000
"D_AF_r4_7m","Dornburg","2020","barley", 7.0,12.289363,19.07831,22.64574,322,160,519,13,6,0.8278522,29.66798,120,74.50347,1.0686394,"Mar","Jul", 3.39000000,"summer","Dornburg_2020_barley","Dornburg_2020","Dornburg_2020_barley_7", 2.6525000, 8, 2.100938,1.613565373,1.26253161,0.29166667, 2.20725241, 1.7912023,"prop_swf.2021",0.0459746418,0.0160281291,0.0190511308,0.0278107827,0.0224509205,0.0366915033,0.0460453781,0.0413770722,0.0370210934,0.0289382175, 100, 200, 300, 400, 500, 600, 700, 800, 900,1000
"D_AF_r4_24m","Dornburg","2020","barley",24.0,12.289363,19.07831,22.64574,322,160,519,13,6,0.8278522,29.66798,120,74.50347,1.0686394,"Mar","Jul", 2.51000000,"summer","Dornburg_2020_barley","Dornburg_2020","Dornburg_2020_barley_24", 3.0012500, 8, 2.100938,1.194704745,1.42852893,1.00000000, 2.20725241, 1.7912023,"prop_swf.2021",0.0459746418,0.0160281291,0.0190511308,0.0278107827,0.0224509205,0.0366915033,0.0460453781,0.0413770722,0.0370210934,0.0289382175, 100, 200, 300, 400, 500, 600, 700, 800, 900,1000
"D_AF_r5_1m","Dornburg","2020","barley", 1.0,12.289363,19.07831,22.64574,322,160,519,13,6,0.8278522,29.66798,120,74.50347,1.0686394,"Mar","Jul", 0.48000000,"summer","Dornburg_2020_barley","Dornburg_2020","Dornburg_2020_barley_1", 0.7242857, 7, 2.100938,0.228469433,0.34474406,0.04166667, 2.20725241, 1.7912023,"prop_swf.2021",0.0459746418,0.0160281291,0.0190511308,0.0278107827,0.0224509205,0.0366915033,0.0460453781,0.0413770722,0.0370210934,0.0289382175, 100, 200, 300, 400, 500, 600, 700, 800, 900,1000
"D_AF_r5_4m","Dornburg","2020","barley", 4.0,12.289363,19.07831,22.64574,322,160,519,13,6,0.8278522,29.66798,120,74.50347,1.0686394,"Mar","Jul", 2.13000000,"summer","Dornburg_2020_barley","Dornburg_2020","Dornburg_2020_barley_4", 2.0257143, 7, 2.100938,1.013833110,0.96419541,0.16666667, 2.20725241, 1.7912023,"prop_swf.2021",0.0459746418,0.0160281291,0.0190511308,0.0278107827,0.0224509205,0.0366915033,0.0460453781,0.0413770722,0.0370210934,0.0289382175, 100, 200, 300, 400, 500, 600, 700, 800, 900,1000
"D_AF_r5_7m","Dornburg","2020","barley", 7.0,12.289363,19.07831,22.64574,322,160,519,13,6,0.8278522,29.66798,120,74.50347,1.0686394,"Mar","Jul", 2.53000000,"summer","Dornburg_2020_barley","Dornburg_2020","Dornburg_2020_barley_7", 2.6525000, 8, 2.100938,1.204224305,1.26253161,0.29166667, 2.20725241, 1.7912023,"prop_swf.2021",0.0459746418,0.0160281291,0.0190511308,0.0278107827,0.0224509205,0.0366915033,0.0460453781,0.0413770722,0.0370210934,0.0289382175, 100, 200, 300, 400, 500, 600, 700, 800, 900,1000
"D_AF_r5_24m","Dornburg","2020","barley",24.0,12.289363,19.07831,22.64574,322,160,519,13,6,0.8278522,29.66798,120,74.50347,1.0686394,"Mar","Jul", 3.20000000,"summer","Dornburg_2020_barley","Dornburg_2020","Dornburg_2020_barley_24", 3.0012500, 8, 2.100938,1.523129555,1.42852893,1.00000000, 2.20725241, 1.7912023,"prop_swf.2021",0.0459746418,0.0160281291,0.0190511308,0.0278107827,0.0224509205,0.0366915033,0.0460453781,0.0413770722,0.0370210934,0.0289382175, 100, 200, 300, 400, 500, 600, 700, 800, 900,1000
"D_AF_r6_1m","Dornburg","2020","barley", 1.0,12.289363,19.07831,22.64574,322,160,519,13,6,0.8278522,29.66798,120,74.50347,1.0686394,"Mar","Jul", 0.44000000,"summer","Dornburg_2020_barley","Dornburg_2020","Dornburg_2020_barley_1", 0.7242857, 7, 2.100938,0.209430314,0.34474406,0.04166667, 2.20725241, 1.7912023,"prop_swf.2021",0.0459746418,0.0160281291,0.0190511308,0.0278107827,0.0224509205,0.0366915033,0.0460453781,0.0413770722,0.0370210934,0.0289382175, 100, 200, 300, 400, 500, 600, 700, 800, 900,1000
"D_AF_r6_4m","Dornburg","2020","barley", 4.0,12.289363,19.07831,22.64574,322,160,519,13,6,0.8278522,29.66798,120,74.50347,1.0686394,"Mar","Jul", 0.90000000,"summer","Dornburg_2020_barley","Dornburg_2020","Dornburg_2020_barley_4", 2.0257143, 7, 2.100938,0.428380187,0.96419541,0.16666667, 2.20725241, 1.7912023,"prop_swf.2021",0.0459746418,0.0160281291,0.0190511308,0.0278107827,0.0224509205,0.0366915033,0.0460453781,0.0413770722,0.0370210934,0.0289382175, 100, 200, 300, 400, 500, 600, 700, 800, 900,1000
"D_AF_r6_7m","Dornburg","2020","barley", 7.0,12.289363,19.07831,22.64574,322,160,519,13,6,0.8278522,29.66798,120,74.50347,1.0686394,"Mar","Jul", 1.41000000,"summer","Dornburg_2020_barley","Dornburg_2020","Dornburg_2020_barley_7", 2.6525000, 8, 2.100938,0.671128960,1.26253161,0.29166667, 2.20725241, 1.7912023,"prop_swf.2021",0.0459746418,0.0160281291,0.0190511308,0.0278107827,0.0224509205,0.0366915033,0.0460453781,0.0413770722,0.0370210934,0.0289382175, 100, 200, 300, 400, 500, 600, 700, 800, 900,1000
"D_AF_r6_24m","Dornburg","2020","barley",24.0,12.289363,19.07831,22.64574,322,160,519,13,6,0.8278522,29.66798,120,74.50347,1.0686394,"Mar","Jul", 2.12000000,"summer","Dornburg_2020_barley","Dornburg_2020","Dornburg_2020_barley_24", 3.0012500, 8, 2.100938,1.009073330,1.42852893,1.00000000, 2.20725241, 1.7912023,"prop_swf.2021",0.0459746418,0.0160281291,0.0190511308,0.0278107827,0.0224509205,0.0366915033,0.0460453781,0.0413770722,0.0370210934,0.0289382175, 100, 200, 300, 400, 500, 600, 700, 800, 900,1000
"D_AF_r7_1m","Dornburg","2020","barley", 1.0,12.289363,19.07831,22.64574,322,160,519,13,6,0.8278522,29.66798,120,74.50347,1.0686394,"Mar","Jul", 0.88000000,"summer","Dornburg_2020_barley","Dornburg_2020","Dornburg_2020_barley_1", 0.7242857, 7, 2.100938,0.418860628,0.34474406,0.04166667, 2.20725241, 1.7912023,"prop_swf.2021",0.0459746418,0.0160281291,0.0190511308,0.0278107827,0.0224509205,0.0366915033,0.0460453781,0.0413770722,0.0370210934,0.0289382175, 100, 200, 300, 400, 500, 600, 700, 800, 900,1000
"D_AF_r7_4m","Dornburg","2020","barley", 4.0,12.289363,19.07831,22.64574,322,160,519,13,6,0.8278522,29.66798,120,74.50347,1.0686394,"Mar","Jul", 3.03000000,"summer","Dornburg_2020_barley","Dornburg_2020","Dornburg_2020_barley_4", 2.0257143, 7, 2.100938,1.442213298,0.96419541,0.16666667, 2.20725241, 1.7912023,"prop_swf.2021",0.0459746418,0.0160281291,0.0190511308,0.0278107827,0.0224509205,0.0366915033,0.0460453781,0.0413770722,0.0370210934,0.0289382175, 100, 200, 300, 400, 500, 600, 700, 800, 900,1000
"D_AF_r7_7m","Dornburg","2020","barley", 7.0,12.289363,19.07831,22.64574,322,160,519,13,6,0.8278522,29.66798,120,74.50347,1.0686394,"Mar","Jul", 2.87000000,"summer","Dornburg_2020_barley","Dornburg_2020","Dornburg_2020_barley_7", 2.6525000, 8, 2.100938,1.366056820,1.26253161,0.29166667, 2.20725241, 1.7912023,"prop_swf.2021",0.0459746418,0.0160281291,0.0190511308,0.0278107827,0.0224509205,0.0366915033,0.0460453781,0.0413770722,0.0370210934,0.0289382175, 100, 200, 300, 400, 500, 600, 700, 800, 900,1000
"D_AF_r7_24m","Dornburg","2020","barley",24.0,12.289363,19.07831,22.64574,322,160,519,13,6,0.8278522,29.66798,120,74.50347,1.0686394,"Mar","Jul", 3.50000000,"summer","Dornburg_2020_barley","Dornburg_2020","Dornburg_2020_barley_24", 3.0012500, 8, 2.100938,1.665922951,1.42852893,1.00000000, 2.20725241, 1.7912023,"prop_swf.2021",0.0459746418,0.0160281291,0.0190511308,0.0278107827,0.0224509205,0.0366915033,0.0460453781,0.0413770722,0.0370210934,0.0289382175, 100, 200, 300, 400, 500, 600, 700, 800, 900,1000
"D_AF_r8_1m","Dornburg","2020","barley", 1.0,12.289363,19.07831,22.64574,322,160,519,13,6,0.8278522,29.66798,120,74.50347,1.0686394,"Mar","Jul", 0.95000000,"summer","Dornburg_2020_barley","Dornburg_2020","Dornburg_2020_barley_1", 0.7242857, 7, 2.100938,0.452179087,0.34474406,0.04166667, 2.20725241, 1.7912023,"prop_swf.2021",0.0459746418,0.0160281291,0.0190511308,0.0278107827,0.0224509205,0.0366915033,0.0460453781,0.0413770722,0.0370210934,0.0289382175, 100, 200, 300, 400, 500, 600, 700, 800, 900,1000
"D_AF_r8_4m","Dornburg","2020","barley", 4.0,12.289363,19.07831,22.64574,322,160,519,13,6,0.8278522,29.66798,120,74.50347,1.0686394,"Mar","Jul", 1.61000000,"summer","Dornburg_2020_barley","Dornburg_2020","Dornburg_2020_barley_4", 2.0257143, 7, 2.100938,0.766324557,0.96419541,0.16666667, 2.20725241, 1.7912023,"prop_swf.2021",0.0459746418,0.0160281291,0.0190511308,0.0278107827,0.0224509205,0.0366915033,0.0460453781,0.0413770722,0.0370210934,0.0289382175, 100, 200, 300, 400, 500, 600, 700, 800, 900,1000
"D_AF_r8_7m","Dornburg","2020","barley", 7.0,12.289363,19.07831,22.64574,322,160,519,13,6,0.8278522,29.66798,120,74.50347,1.0686394,"Mar","Jul", 2.42000000,"summer","Dornburg_2020_barley","Dornburg_2020","Dornburg_2020_barley_7", 2.6525000, 8, 2.100938,1.151866726,1.26253161,0.29166667, 2.20725241, 1.7912023,"prop_swf.2021",0.0459746418,0.0160281291,0.0190511308,0.0278107827,0.0224509205,0.0366915033,0.0460453781,0.0413770722,0.0370210934,0.0289382175, 100, 200, 300, 400, 500, 600, 700, 800, 900,1000
"D_AF_r8_24m","Dornburg","2020","barley",24.0,12.289363,19.07831,22.64574,322,160,519,13,6,0.8278522,29.66798,120,74.50347,1.0686394,"Mar","Jul", 3.00000000,"summer","Dornburg_2020_barley","Dornburg_2020","Dornburg_2020_barley_24", 3.0012500, 8, 2.100938,1.427933958,1.42852893,1.00000000, 2.20725241, 1.7912023,"prop_swf.2021",0.0459746418,0.0160281291,0.0190511308,0.0278107827,0.0224509205,0.0366915033,0.0460453781,0.0413770722,0.0370210934,0.0289382175, 100, 200, 300, 400, 500, 600, 700, 800, 900,1000
"D_AF_r1_1m","Dornburg","2021","wheat", 1.0, 7.914577,53.73398,12.86173,322,160,519,14,7,0.8492356,29.49883,120,73.89703,1.0686394,"Oct","Jul", 3.51000000,"winter","Dornburg_2021_wheat","Dornburg_2021","Dornburg_2021_wheat_1", 4.1525000, 8, 6.297500,0.557364033,0.65938865,0.04166667,-1.37881151, 1.7912023,"prop_swf.2021",0.0459746418,0.0160281291,0.0190511308,0.0278107827,0.0224509205,0.0366915033,0.0460453781,0.0413770722,0.0370210934,0.0289382175, 100, 200, 300, 400, 500, 600, 700, 800, 900,1000
"D_AF_r1_4m","Dornburg","2021","wheat", 4.0, 7.914577,53.73398,12.86173,322,160,519,14,7,0.8492356,29.49883,120,73.89703,1.0686394,"Oct","Jul", 5.48000000,"winter","Dornburg_2021_wheat","Dornburg_2021","Dornburg_2021_wheat_4", 6.3575000, 8, 6.297500,0.870186582,1.00952759,0.16666667,-1.37881151, 1.7912023,"prop_swf.2021",0.0459746418,0.0160281291,0.0190511308,0.0278107827,0.0224509205,0.0366915033,0.0460453781,0.0413770722,0.0370210934,0.0289382175, 100, 200, 300, 400, 500, 600, 700, 800, 900,1000
"D_AF_r1_7m","Dornburg","2021","wheat", 7.0, 7.914577,53.73398,12.86173,322,160,519,14,7,0.8492356,29.49883,120,73.89703,1.0686394,"Oct","Jul", 6.76000000,"winter","Dornburg_2021_wheat","Dornburg_2021","Dornburg_2021_wheat_7", 6.7125000, 8, 6.297500,1.073441842,1.06589917,0.29166667,-1.37881151, 1.7912023,"prop_swf.2021",0.0459746418,0.0160281291,0.0190511308,0.0278107827,0.0224509205,0.0366915033,0.0460453781,0.0413770722,0.0370210934,0.0289382175, 100, 200, 300, 400, 500, 600, 700, 800, 900,1000
"D_AF_r1_18m","Dornburg","2021","wheat",18.0, 7.914577,53.73398,12.86173,322,160,519,14,7,0.8492356,29.49883,120,73.89703,1.0686394,"Oct","Jul", 7.26000000,"winter","Dornburg_2021_wheat","Dornburg_2021","Dornburg_2021_wheat_18", 7.2000000, 8, 6.297500,1.152838428,1.14331084,0.75000000,-1.37881151, 1.7912023,"prop_swf.2021",0.0459746418,0.0160281291,0.0190511308,0.0278107827,0.0224509205,0.0366915033,0.0460453781,0.0413770722,0.0370210934,0.0289382175, 100, 200, 300, 400, 500, 600, 700, 800, 900,1000
"D_AF_r1_24m","Dornburg","2021","wheat",24.0, 7.914577,53.73398,12.86173,322,160,519,14,7,0.8492356,29.49883,120,73.89703,1.0686394,"Oct","Jul", 7.10000000,"winter","Dornburg_2021_wheat","Dornburg_2021","Dornburg_2021_wheat_24", 7.0650000, 8, 6.297500,1.127431520,1.12187376,1.00000000,-1.37881151, 1.7912023,"prop_swf.2021",0.0459746418,0.0160281291,0.0190511308,0.0278107827,0.0224509205,0.0366915033,0.0460453781,0.0413770722,0.0370210934,0.0289382175, 100, 200, 300, 400, 500, 600, 700, 800, 900,1000
"D_AF_r2_1m","Dornburg","2021","wheat", 1.0, 7.914577,53.73398,12.86173,322,160,519,14,7,0.8492356,29.49883,120,73.89703,1.0686394,"Oct","Jul", 4.35000000,"winter","Dornburg_2021_wheat","Dornburg_2021","Dornburg_2021_wheat_1", 4.1525000, 8, 6.297500,0.690750298,0.65938865,0.04166667,-1.37881151, 1.7912023,"prop_swf.2021",0.0459746418,0.0160281291,0.0190511308,0.0278107827,0.0224509205,0.0366915033,0.0460453781,0.0413770722,0.0370210934,0.0289382175, 100, 200, 300, 400, 500, 600, 700, 800, 900,1000
"D_AF_r2_4m","Dornburg","2021","wheat", 4.0, 7.914577,53.73398,12.86173,322,160,519,14,7,0.8492356,29.49883,120,73.89703,1.0686394,"Oct","Jul", 6.69000000,"winter","Dornburg_2021_wheat","Dornburg_2021","Dornburg_2021_wheat_4", 6.3575000, 8, 6.297500,1.062326320,1.00952759,0.16666667,-1.37881151, 1.7912023,"prop_swf.2021",0.0459746418,0.0160281291,0.0190511308,0.0278107827,0.0224509205,0.0366915033,0.0460453781,0.0413770722,0.0370210934,0.0289382175, 100, 200, 300, 400, 500, 600, 700, 800, 900,1000
"D_AF_r2_7m","Dornburg","2021","wheat", 7.0, 7.914577,53.73398,12.86173,322,160,519,14,7,0.8492356,29.49883,120,73.89703,1.0686394,"Oct","Jul", 5.89000000,"winter","Dornburg_2021_wheat","Dornburg_2021","Dornburg_2021_wheat_7", 6.7125000, 8, 6.297500,0.935291782,1.06589917,0.29166667,-1.37881151, 1.7912023,"prop_swf.2021",0.0459746418,0.0160281291,0.0190511308,0.0278107827,0.0224509205,0.0366915033,0.0460453781,0.0413770722,0.0370210934,0.0289382175, 100, 200, 300, 400, 500, 600, 700, 800, 900,1000
"D_AF_r2_18m","Dornburg","2021","wheat",18.0, 7.914577,53.73398,12.86173,322,160,519,14,7,0.8492356,29.49883,120,73.89703,1.0686394,"Oct","Jul", 7.81000000,"winter","Dornburg_2021_wheat","Dornburg_2021","Dornburg_2021_wheat_18", 7.2000000, 8, 6.297500,1.240174672,1.14331084,0.75000000,-1.37881151, 1.7912023,"prop_swf.2021",0.0459746418,0.0160281291,0.0190511308,0.0278107827,0.0224509205,0.0366915033,0.0460453781,0.0413770722,0.0370210934,0.0289382175, 100, 200, 300, 400, 500, 600, 700, 800, 900,1000
"D_AF_r2_24m","Dornburg","2021","wheat",24.0, 7.914577,53.73398,12.86173,322,160,519,14,7,0.8492356,29.49883,120,73.89703,1.0686394,"Oct","Jul", 7.11000000,"winter","Dornburg_2021_wheat","Dornburg_2021","Dornburg_2021_wheat_24", 7.0650000, 8, 6.297500,1.129019452,1.12187376,1.00000000,-1.37881151, 1.7912023,"prop_swf.2021",0.0459746418,0.0160281291,0.0190511308,0.0278107827,0.0224509205,0.0366915033,0.0460453781,0.0413770722,0.0370210934,0.0289382175, 100, 200, 300, 400, 500, 600, 700, 800, 900,1000
"D_AF_r3_1m","Dornburg","2021","wheat", 1.0, 7.914577,53.73398,12.86173,322,160,519,14,7,0.8492356,29.49883,120,73.89703,1.0686394,"Oct","Jul", 5.24000000,"winter","Dornburg_2021_wheat","Dornburg_2021","Dornburg_2021_wheat_1", 4.1525000, 8, 6.297500,0.832076221,0.65938865,0.04166667,-1.37881151, 1.7912023,"prop_swf.2021",0.0459746418,0.0160281291,0.0190511308,0.0278107827,0.0224509205,0.0366915033,0.0460453781,0.0413770722,0.0370210934,0.0289382175, 100, 200, 300, 400, 500, 600, 700, 800, 900,1000
"D_AF_r3_4m","Dornburg","2021","wheat", 4.0, 7.914577,53.73398,12.86173,322,160,519,14,7,0.8492356,29.49883,120,73.89703,1.0686394,"Oct","Jul", 7.22000000,"winter","Dornburg_2021_wheat","Dornburg_2021","Dornburg_2021_wheat_4", 6.3575000, 8, 6.297500,1.146486701,1.00952759,0.16666667,-1.37881151, 1.7912023,"prop_swf.2021",0.0459746418,0.0160281291,0.0190511308,0.0278107827,0.0224509205,0.0366915033,0.0460453781,0.0413770722,0.0370210934,0.0289382175, 100, 200, 300, 400, 500, 600, 700, 800, 900,1000
"D_AF_r3_7m","Dornburg","2021","wheat", 7.0, 7.914577,53.73398,12.86173,322,160,519,14,7,0.8492356,29.49883,120,73.89703,1.0686394,"Oct","Jul", 7.47000000,"winter","Dornburg_2021_wheat","Dornburg_2021","Dornburg_2021_wheat_7", 6.7125000, 8, 6.297500,1.186184994,1.06589917,0.29166667,-1.37881151, 1.7912023,"prop_swf.2021",0.0459746418,0.0160281291,0.0190511308,0.0278107827,0.0224509205,0.0366915033,0.0460453781,0.0413770722,0.0370210934,0.0289382175, 100, 200, 300, 400, 500, 600, 700, 800, 900,1000
"D_AF_r3_18m","Dornburg","2021","wheat",18.0, 7.914577,53.73398,12.86173,322,160,519,14,7,0.8492356,29.49883,120,73.89703,1.0686394,"Oct","Jul", 7.25000000,"winter","Dornburg_2021_wheat","Dornburg_2021","Dornburg_2021_wheat_18", 7.2000000, 8, 6.297500,1.151250496,1.14331084,0.75000000,-1.37881151, 1.7912023,"prop_swf.2021",0.0459746418,0.0160281291,0.0190511308,0.0278107827,0.0224509205,0.0366915033,0.0460453781,0.0413770722,0.0370210934,0.0289382175, 100, 200, 300, 400, 500, 600, 700, 800, 900,1000
"D_AF_r3_24m","Dornburg","2021","wheat",24.0, 7.914577,53.73398,12.86173,322,160,519,14,7,0.8492356,29.49883,120,73.89703,1.0686394,"Oct","Jul", 6.70000000,"winter","Dornburg_2021_wheat","Dornburg_2021","Dornburg_2021_wheat_24", 7.0650000, 8, 6.297500,1.063914252,1.12187376,1.00000000,-1.37881151, 1.7912023,"prop_swf.2021",0.0459746418,0.0160281291,0.0190511308,0.0278107827,0.0224509205,0.0366915033,0.0460453781,0.0413770722,0.0370210934,0.0289382175, 100, 200, 300, 400, 500, 600, 700, 800, 900,1000
"D_AF_r4_1m","Dornburg","2021","wheat", 1.0, 7.914577,53.73398,12.86173,322,160,519,14,7,0.8492356,29.49883,120,73.89703,1.0686394,"Oct","Jul", 5.02000000,"winter","Dornburg_2021_wheat","Dornburg_2021","Dornburg_2021_wheat_1", 4.1525000, 8, 6.297500,0.797141723,0.65938865,0.04166667,-1.37881151, 1.7912023,"prop_swf.2021",0.0459746418,0.0160281291,0.0190511308,0.0278107827,0.0224509205,0.0366915033,0.0460453781,0.0413770722,0.0370210934,0.0289382175, 100, 200, 300, 400, 500, 600, 700, 800, 900,1000
"D_AF_r4_4m","Dornburg","2021","wheat", 4.0, 7.914577,53.73398,12.86173,322,160,519,14,7,0.8492356,29.49883,120,73.89703,1.0686394,"Oct","Jul", 7.34000000,"winter","Dornburg_2021_wheat","Dornburg_2021","Dornburg_2021_wheat_4", 6.3575000, 8, 6.297500,1.165541882,1.00952759,0.16666667,-1.37881151, 1.7912023,"prop_swf.2021",0.0459746418,0.0160281291,0.0190511308,0.0278107827,0.0224509205,0.0366915033,0.0460453781,0.0413770722,0.0370210934,0.0289382175, 100, 200, 300, 400, 500, 600, 700, 800, 900,1000
"D_AF_r4_7m","Dornburg","2021","wheat", 7.0, 7.914577,53.73398,12.86173,322,160,519,14,7,0.8492356,29.49883,120,73.89703,1.0686394,"Oct","Jul", 7.31000000,"winter","Dornburg_2021_wheat","Dornburg_2021","Dornburg_2021_wheat_7", 6.7125000, 8, 6.297500,1.160778087,1.06589917,0.29166667,-1.37881151, 1.7912023,"prop_swf.2021",0.0459746418,0.0160281291,0.0190511308,0.0278107827,0.0224509205,0.0366915033,0.0460453781,0.0413770722,0.0370210934,0.0289382175, 100, 200, 300, 400, 500, 600, 700, 800, 900,1000
"D_AF_r4_18m","Dornburg","2021","wheat",18.0, 7.914577,53.73398,12.86173,322,160,519,14,7,0.8492356,29.49883,120,73.89703,1.0686394,"Oct","Jul", 7.85000000,"winter","Dornburg_2021_wheat","Dornburg_2021","Dornburg_2021_wheat_18", 7.2000000, 8, 6.297500,1.246526399,1.14331084,0.75000000,-1.37881151, 1.7912023,"prop_swf.2021",0.0459746418,0.0160281291,0.0190511308,0.0278107827,0.0224509205,0.0366915033,0.0460453781,0.0413770722,0.0370210934,0.0289382175, 100, 200, 300, 400, 500, 600, 700, 800, 900,1000
"D_AF_r4_24m","Dornburg","2021","wheat",24.0, 7.914577,53.73398,12.86173,322,160,519,14,7,0.8492356,29.49883,120,73.89703,1.0686394,"Oct","Jul", 7.74000000,"winter","Dornburg_2021_wheat","Dornburg_2021","Dornburg_2021_wheat_24", 7.0650000, 8, 6.297500,1.229059150,1.12187376,1.00000000,-1.37881151, 1.7912023,"prop_swf.2021",0.0459746418,0.0160281291,0.0190511308,0.0278107827,0.0224509205,0.0366915033,0.0460453781,0.0413770722,0.0370210934,0.0289382175, 100, 200, 300, 400, 500, 600, 700, 800, 900,1000
"D_AF_r5_1m","Dornburg","2021","wheat", 1.0, 7.914577,53.73398,12.86173,322,160,519,14,7,0.8492356,29.49883,120,73.89703,1.0686394,"Oct","Jul", 3.23000000,"winter","Dornburg_2021_wheat","Dornburg_2021","Dornburg_2021_wheat_1", 4.1525000, 8, 6.297500,0.512901945,0.65938865,0.04166667,-1.37881151, 1.7912023,"prop_swf.2021",0.0459746418,0.0160281291,0.0190511308,0.0278107827,0.0224509205,0.0366915033,0.0460453781,0.0413770722,0.0370210934,0.0289382175, 100, 200, 300, 400, 500, 600, 700, 800, 900,1000
"D_AF_r5_4m","Dornburg","2021","wheat", 4.0, 7.914577,53.73398,12.86173,322,160,519,14,7,0.8492356,29.49883,120,73.89703,1.0686394,"Oct","Jul", 6.03000000,"winter","Dornburg_2021_wheat","Dornburg_2021","Dornburg_2021_wheat_4", 6.3575000, 8, 6.297500,0.957522827,1.00952759,0.16666667,-1.37881151, 1.7912023,"prop_swf.2021",0.0459746418,0.0160281291,0.0190511308,0.0278107827,0.0224509205,0.0366915033,0.0460453781,0.0413770722,0.0370210934,0.0289382175, 100, 200, 300, 400, 500, 600, 700, 800, 900,1000
"D_AF_r5_7m","Dornburg","2021","wheat", 7.0, 7.914577,53.73398,12.86173,322,160,519,14,7,0.8492356,29.49883,120,73.89703,1.0686394,"Oct","Jul", 6.66000000,"winter","Dornburg_2021_wheat","Dornburg_2021","Dornburg_2021_wheat_7", 6.7125000, 8, 6.297500,1.057562525,1.06589917,0.29166667,-1.37881151, 1.7912023,"prop_swf.2021",0.0459746418,0.0160281291,0.0190511308,0.0278107827,0.0224509205,0.0366915033,0.0460453781,0.0413770722,0.0370210934,0.0289382175, 100, 200, 300, 400, 500, 600, 700, 800, 900,1000
"D_AF_r5_18m","Dornburg","2021","wheat",18.0, 7.914577,53.73398,12.86173,322,160,519,14,7,0.8492356,29.49883,120,73.89703,1.0686394,"Oct","Jul", 6.63000000,"winter","Dornburg_2021_wheat","Dornburg_2021","Dornburg_2021_wheat_18", 7.2000000, 8, 6.297500,1.052798730,1.14331084,0.75000000,-1.37881151, 1.7912023,"prop_swf.2021",0.0459746418,0.0160281291,0.0190511308,0.0278107827,0.0224509205,0.0366915033,0.0460453781,0.0413770722,0.0370210934,0.0289382175, 100, 200, 300, 400, 500, 600, 700, 800, 900,1000
"D_AF_r5_24m","Dornburg","2021","wheat",24.0, 7.914577,53.73398,12.86173,322,160,519,14,7,0.8492356,29.49883,120,73.89703,1.0686394,"Oct","Jul", 6.46000000,"winter","Dornburg_2021_wheat","Dornburg_2021","Dornburg_2021_wheat_24", 7.0650000, 8, 6.297500,1.025803890,1.12187376,1.00000000,-1.37881151, 1.7912023,"prop_swf.2021",0.0459746418,0.0160281291,0.0190511308,0.0278107827,0.0224509205,0.0366915033,0.0460453781,0.0413770722,0.0370210934,0.0289382175, 100, 200, 300, 400, 500, 600, 700, 800, 900,1000
"D_AF_r6_1m","Dornburg","2021","wheat", 1.0, 7.914577,53.73398,12.86173,322,160,519,14,7,0.8492356,29.49883,120,73.89703,1.0686394,"Oct","Jul", 4.17000000,"winter","Dornburg_2021_wheat","Dornburg_2021","Dornburg_2021_wheat_1", 4.1525000, 8, 6.297500,0.662167527,0.65938865,0.04166667,-1.37881151, 1.7912023,"prop_swf.2021",0.0459746418,0.0160281291,0.0190511308,0.0278107827,0.0224509205,0.0366915033,0.0460453781,0.0413770722,0.0370210934,0.0289382175, 100, 200, 300, 400, 500, 600, 700, 800, 900,1000
"D_AF_r6_4m","Dornburg","2021","wheat", 4.0, 7.914577,53.73398,12.86173,322,160,519,14,7,0.8492356,29.49883,120,73.89703,1.0686394,"Oct","Jul", 5.48000000,"winter","Dornburg_2021_wheat","Dornburg_2021","Dornburg_2021_wheat_4", 6.3575000, 8, 6.297500,0.870186582,1.00952759,0.16666667,-1.37881151, 1.7912023,"prop_swf.2021",0.0459746418,0.0160281291,0.0190511308,0.0278107827,0.0224509205,0.0366915033,0.0460453781,0.0413770722,0.0370210934,0.0289382175, 100, 200, 300, 400, 500, 600, 700, 800, 900,1000
"D_AF_r6_7m","Dornburg","2021","wheat", 7.0, 7.914577,53.73398,12.86173,322,160,519,14,7,0.8492356,29.49883,120,73.89703,1.0686394,"Oct","Jul", 6.46000000,"winter","Dornburg_2021_wheat","Dornburg_2021","Dornburg_2021_wheat_7", 6.7125000, 8, 6.297500,1.025803890,1.06589917,0.29166667,-1.37881151, 1.7912023,"prop_swf.2021",0.0459746418,0.0160281291,0.0190511308,0.0278107827,0.0224509205,0.0366915033,0.0460453781,0.0413770722,0.0370210934,0.0289382175, 100, 200, 300, 400, 500, 600, 700, 800, 900,1000
"D_AF_r6_18m","Dornburg","2021","wheat",18.0, 7.914577,53.73398,12.86173,322,160,519,14,7,0.8492356,29.49883,120,73.89703,1.0686394,"Oct","Jul", 6.71000000,"winter","Dornburg_2021_wheat","Dornburg_2021","Dornburg_2021_wheat_18", 7.2000000, 8, 6.297500,1.065502183,1.14331084,0.75000000,-1.37881151, 1.7912023,"prop_swf.2021",0.0459746418,0.0160281291,0.0190511308,0.0278107827,0.0224509205,0.0366915033,0.0460453781,0.0413770722,0.0370210934,0.0289382175, 100, 200, 300, 400, 500, 600, 700, 800, 900,1000
"D_AF_r6_24m","Dornburg","2021","wheat",24.0, 7.914577,53.73398,12.86173,322,160,519,14,7,0.8492356,29.49883,120,73.89703,1.0686394,"Oct","Jul", 7.38000000,"winter","Dornburg_2021_wheat","Dornburg_2021","Dornburg_2021_wheat_24", 7.0650000, 8, 6.297500,1.171893609,1.12187376,1.00000000,-1.37881151, 1.7912023,"prop_swf.2021",0.0459746418,0.0160281291,0.0190511308,0.0278107827,0.0224509205,0.0366915033,0.0460453781,0.0413770722,0.0370210934,0.0289382175, 100, 200, 300, 400, 500, 600, 700, 800, 900,1000
"D_AF_r7_1m","Dornburg","2021","wheat", 1.0, 7.914577,53.73398,12.86173,322,160,519,14,7,0.8492356,29.49883,120,73.89703,1.0686394,"Oct","Jul", 3.11000000,"winter","Dornburg_2021_wheat","Dornburg_2021","Dornburg_2021_wheat_1", 4.1525000, 8, 6.297500,0.493846765,0.65938865,0.04166667,-1.37881151, 1.7912023,"prop_swf.2021",0.0459746418,0.0160281291,0.0190511308,0.0278107827,0.0224509205,0.0366915033,0.0460453781,0.0413770722,0.0370210934,0.0289382175, 100, 200, 300, 400, 500, 600, 700, 800, 900,1000
"D_AF_r7_4m","Dornburg","2021","wheat", 4.0, 7.914577,53.73398,12.86173,322,160,519,14,7,0.8492356,29.49883,120,73.89703,1.0686394,"Oct","Jul", 6.26000000,"winter","Dornburg_2021_wheat","Dornburg_2021","Dornburg_2021_wheat_4", 6.3575000, 8, 6.297500,0.994045256,1.00952759,0.16666667,-1.37881151, 1.7912023,"prop_swf.2021",0.0459746418,0.0160281291,0.0190511308,0.0278107827,0.0224509205,0.0366915033,0.0460453781,0.0413770722,0.0370210934,0.0289382175, 100, 200, 300, 400, 500, 600, 700, 800, 900,1000
"D_AF_r7_7m","Dornburg","2021","wheat", 7.0, 7.914577,53.73398,12.86173,322,160,519,14,7,0.8492356,29.49883,120,73.89703,1.0686394,"Oct","Jul", 6.67000000,"winter","Dornburg_2021_wheat","Dornburg_2021","Dornburg_2021_wheat_7", 6.7125000, 8, 6.297500,1.059150457,1.06589917,0.29166667,-1.37881151, 1.7912023,"prop_swf.2021",0.0459746418,0.0160281291,0.0190511308,0.0278107827,0.0224509205,0.0366915033,0.0460453781,0.0413770722,0.0370210934,0.0289382175, 100, 200, 300, 400, 500, 600, 700, 800, 900,1000
"D_AF_r7_18m","Dornburg","2021","wheat",18.0, 7.914577,53.73398,12.86173,322,160,519,14,7,0.8492356,29.49883,120,73.89703,1.0686394,"Oct","Jul", 7.32000000,"winter","Dornburg_2021_wheat","Dornburg_2021","Dornburg_2021_wheat_18", 7.2000000, 8, 6.297500,1.162366018,1.14331084,0.75000000,-1.37881151, 1.7912023,"prop_swf.2021",0.0459746418,0.0160281291,0.0190511308,0.0278107827,0.0224509205,0.0366915033,0.0460453781,0.0413770722,0.0370210934,0.0289382175, 100, 200, 300, 400, 500, 600, 700, 800, 900,1000
"D_AF_r7_24m","Dornburg","2021","wheat",24.0, 7.914577,53.73398,12.86173,322,160,519,14,7,0.8492356,29.49883,120,73.89703,1.0686394,"Oct","Jul", 7.03000000,"winter","Dornburg_2021_wheat","Dornburg_2021","Dornburg_2021_wheat_24", 7.0650000, 8, 6.297500,1.116315998,1.12187376,1.00000000,-1.37881151, 1.7912023,"prop_swf.2021",0.0459746418,0.0160281291,0.0190511308,0.0278107827,0.0224509205,0.0366915033,0.0460453781,0.0413770722,0.0370210934,0.0289382175, 100, 200, 300, 400, 500, 600, 700, 800, 900,1000
"D_AF_r8_1m","Dornburg","2021","wheat", 1.0, 7.914577,53.73398,12.86173,322,160,519,14,7,0.8492356,29.49883,120,73.89703,1.0686394,"Oct","Jul", 4.59000000,"winter","Dornburg_2021_wheat","Dornburg_2021","Dornburg_2021_wheat_1", 4.1525000, 8, 6.297500,0.728860659,0.65938865,0.04166667,-1.37881151, 1.7912023,"prop_swf.2021",0.0459746418,0.0160281291,0.0190511308,0.0278107827,0.0224509205,0.0366915033,0.0460453781,0.0413770722,0.0370210934,0.0289382175, 100, 200, 300, 400, 500, 600, 700, 800, 900,1000
"D_AF_r8_4m","Dornburg","2021","wheat", 4.0, 7.914577,53.73398,12.86173,322,160,519,14,7,0.8492356,29.49883,120,73.89703,1.0686394,"Oct","Jul", 6.36000000,"winter","Dornburg_2021_wheat","Dornburg_2021","Dornburg_2021_wheat_4", 6.3575000, 8, 6.297500,1.009924573,1.00952759,0.16666667,-1.37881151, 1.7912023,"prop_swf.2021",0.0459746418,0.0160281291,0.0190511308,0.0278107827,0.0224509205,0.0366915033,0.0460453781,0.0413770722,0.0370210934,0.0289382175, 100, 200, 300, 400, 500, 600, 700, 800, 900,1000
"D_AF_r8_7m","Dornburg","2021","wheat", 7.0, 7.914577,53.73398,12.86173,322,160,519,14,7,0.8492356,29.49883,120,73.89703,1.0686394,"Oct","Jul", 6.48000000,"winter","Dornburg_2021_wheat","Dornburg_2021","Dornburg_2021_wheat_7", 6.7125000, 8, 6.297500,1.028979754,1.06589917,0.29166667,-1.37881151, 1.7912023,"prop_swf.2021",0.0459746418,0.0160281291,0.0190511308,0.0278107827,0.0224509205,0.0366915033,0.0460453781,0.0413770722,0.0370210934,0.0289382175, 100, 200, 300, 400, 500, 600, 700, 800, 900,1000
"D_AF_r8_18m","Dornburg","2021","wheat",18.0, 7.914577,53.73398,12.86173,322,160,519,14,7,0.8492356,29.49883,120,73.89703,1.0686394,"Oct","Jul", 6.77000000,"winter","Dornburg_2021_wheat","Dornburg_2021","Dornburg_2021_wheat_18", 7.2000000, 8, 6.297500,1.075029774,1.14331084,0.75000000,-1.37881151, 1.7912023,"prop_swf.2021",0.0459746418,0.0160281291,0.0190511308,0.0278107827,0.0224509205,0.0366915033,0.0460453781,0.0413770722,0.0370210934,0.0289382175, 100, 200, 300, 400, 500, 600, 700, 800, 900,1000
"D_AF_r8_24m","Dornburg","2021","wheat",24.0, 7.914577,53.73398,12.86173,322,160,519,14,7,0.8492356,29.49883,120,73.89703,1.0686394,"Oct","Jul", 7.00000000,"winter","Dornburg_2021_wheat","Dornburg_2021","Dornburg_2021_wheat_24", 7.0650000, 8, 6.297500,1.111552203,1.12187376,1.00000000,-1.37881151, 1.7912023,"prop_swf.2021",0.0459746418,0.0160281291,0.0190511308,0.0278107827,0.0224509205,0.0366915033,0.0460453781,0.0413770722,0.0370210934,0.0289382175, 100, 200, 300, 400, 500, 600, 700, 800, 900,1000
"D_AF_r1_1m","Dornburg","2022","barley", 1.0, 9.416519,41.04902,15.71841,322,160,519,15,8,0.8429964,31.22555,132,73.95876,1.0686394,"Sep","Jul", 3.62000000,"winter","Dornburg_2022_barley","Dornburg_2022","Dornburg_2022_barley_1", 4.3215375, 8, 6.524757,0.554809891,0.66232921,0.04166667,-0.20007586, 1.7912023,"prop_swf.2021",0.0459746418,0.0160281291,0.0190511308,0.0278107827,0.0224509205,0.0366915033,0.0460453781,0.0413770722,0.0370210934,0.0289382175, 100, 200, 300, 400, 500, 600, 700, 800, 900,1000
"D_AF_r1_4m","Dornburg","2022","barley", 4.0, 9.416519,41.04902,15.71841,322,160,519,15,8,0.8429964,31.22555,132,73.95876,1.0686394,"Sep","Jul", 5.71000000,"winter","Dornburg_2022_barley","Dornburg_2022","Dornburg_2022_barley_4", 6.6171875, 8, 6.524757,0.875128309,1.01416604,0.16666667,-0.20007586, 1.7912023,"prop_swf.2021",0.0459746418,0.0160281291,0.0190511308,0.0278107827,0.0224509205,0.0366915033,0.0460453781,0.0413770722,0.0370210934,0.0289382175, 100, 200, 300, 400, 500, 600, 700, 800, 900,1000
"D_AF_r1_7m","Dornburg","2022","barley", 7.0, 9.416519,41.04902,15.71841,322,160,519,15,8,0.8429964,31.22555,132,73.95876,1.0686394,"Sep","Jul", 7.00000000,"winter","Dornburg_2022_barley","Dornburg_2022","Dornburg_2022_barley_7", 6.9329125, 8, 6.524757,1.072836807,1.06255482,0.29166667,-0.20007586, 1.7912023,"prop_swf.2021",0.0459746418,0.0160281291,0.0190511308,0.0278107827,0.0224509205,0.0366915033,0.0460453781,0.0413770722,0.0370210934,0.0289382175, 100, 200, 300, 400, 500, 600, 700, 800, 900,1000
"D_AF_r1_18m","Dornburg","2022","barley",18.0, 9.416519,41.04902,15.71841,322,160,519,15,8,0.8429964,31.22555,132,73.95876,1.0686394,"Sep","Jul", 7.53000000,"winter","Dornburg_2022_barley","Dornburg_2022","Dornburg_2022_barley_18", 7.4433000, 8, 6.524757,1.154065879,1.14077803,0.75000000,-0.20007586, 1.7912023,"prop_swf.2021",0.0459746418,0.0160281291,0.0190511308,0.0278107827,0.0224509205,0.0366915033,0.0460453781,0.0413770722,0.0370210934,0.0289382175, 100, 200, 300, 400, 500, 600, 700, 800, 900,1000
"D_AF_r1_24m","Dornburg","2022","barley",24.0, 9.416519,41.04902,15.71841,322,160,519,15,8,0.8429964,31.22555,132,73.95876,1.0686394,"Sep","Jul", 7.36000000,"winter","Dornburg_2022_barley","Dornburg_2022","Dornburg_2022_barley_24", 7.3088500, 8, 6.524757,1.128011271,1.12017190,1.00000000,-0.20007586, 1.7912023,"prop_swf.2021",0.0459746418,0.0160281291,0.0190511308,0.0278107827,0.0224509205,0.0366915033,0.0460453781,0.0413770722,0.0370210934,0.0289382175, 100, 200, 300, 400, 500, 600, 700, 800, 900,1000
"D_AF_r2_1m","Dornburg","2022","barley", 1.0, 9.416519,41.04902,15.71841,322,160,519,15,8,0.8429964,31.22555,132,73.95876,1.0686394,"Sep","Jul", 4.51000000,"winter","Dornburg_2022_barley","Dornburg_2022","Dornburg_2022_barley_1", 4.3215375, 8, 6.524757,0.691213428,0.66232921,0.04166667,-0.20007586, 1.7912023,"prop_swf.2021",0.0459746418,0.0160281291,0.0190511308,0.0278107827,0.0224509205,0.0366915033,0.0460453781,0.0413770722,0.0370210934,0.0289382175, 100, 200, 300, 400, 500, 600, 700, 800, 900,1000
"D_AF_r2_4m","Dornburg","2022","barley", 4.0, 9.416519,41.04902,15.71841,322,160,519,15,8,0.8429964,31.22555,132,73.95876,1.0686394,"Sep","Jul", 6.91000000,"winter","Dornburg_2022_barley","Dornburg_2022","Dornburg_2022_barley_4", 6.6171875, 8, 6.524757,1.059043190,1.01416604,0.16666667,-0.20007586, 1.7912023,"prop_swf.2021",0.0459746418,0.0160281291,0.0190511308,0.0278107827,0.0224509205,0.0366915033,0.0460453781,0.0413770722,0.0370210934,0.0289382175, 100, 200, 300, 400, 500, 600, 700, 800, 900,1000
"D_AF_r2_7m","Dornburg","2022","barley", 7.0, 9.416519,41.04902,15.71841,322,160,519,15,8,0.8429964,31.22555,132,73.95876,1.0686394,"Sep","Jul", 6.02000000,"winter","Dornburg_2022_barley","Dornburg_2022","Dornburg_2022_barley_7", 6.9329125, 8, 6.524757,0.922639654,1.06255482,0.29166667,-0.20007586, 1.7912023,"prop_swf.2021",0.0459746418,0.0160281291,0.0190511308,0.0278107827,0.0224509205,0.0366915033,0.0460453781,0.0413770722,0.0370210934,0.0289382175, 100, 200, 300, 400, 500, 600, 700, 800, 900,1000
"D_AF_r2_18m","Dornburg","2022","barley",18.0, 9.416519,41.04902,15.71841,322,160,519,15,8,0.8429964,31.22555,132,73.95876,1.0686394,"Sep","Jul", 8.10000000,"winter","Dornburg_2022_barley","Dornburg_2022","Dornburg_2022_barley_18", 7.4433000, 8, 6.524757,1.241425448,1.14077803,0.75000000,-0.20007586, 1.7912023,"prop_swf.2021",0.0459746418,0.0160281291,0.0190511308,0.0278107827,0.0224509205,0.0366915033,0.0460453781,0.0413770722,0.0370210934,0.0289382175, 100, 200, 300, 400, 500, 600, 700, 800, 900,1000
"D_AF_r2_24m","Dornburg","2022","barley",24.0, 9.416519,41.04902,15.71841,322,160,519,15,8,0.8429964,31.22555,132,73.95876,1.0686394,"Sep","Jul", 7.35000000,"winter","Dornburg_2022_barley","Dornburg_2022","Dornburg_2022_barley_24", 7.3088500, 8, 6.524757,1.126478647,1.12017190,1.00000000,-0.20007586, 1.7912023,"prop_swf.2021",0.0459746418,0.0160281291,0.0190511308,0.0278107827,0.0224509205,0.0366915033,0.0460453781,0.0413770722,0.0370210934,0.0289382175, 100, 200, 300, 400, 500, 600, 700, 800, 900,1000
"D_AF_r3_1m","Dornburg","2022","barley", 1.0, 9.416519,41.04902,15.71841,322,160,519,15,8,0.8429964,31.22555,132,73.95876,1.0686394,"Sep","Jul", 5.52000000,"winter","Dornburg_2022_barley","Dornburg_2022","Dornburg_2022_barley_1", 4.3215375, 8, 6.524757,0.846008453,0.66232921,0.04166667,-0.20007586, 1.7912023,"prop_swf.2021",0.0459746418,0.0160281291,0.0190511308,0.0278107827,0.0224509205,0.0366915033,0.0460453781,0.0413770722,0.0370210934,0.0289382175, 100, 200, 300, 400, 500, 600, 700, 800, 900,1000
"D_AF_r3_4m","Dornburg","2022","barley", 4.0, 9.416519,41.04902,15.71841,322,160,519,15,8,0.8429964,31.22555,132,73.95876,1.0686394,"Sep","Jul", 7.59000000,"winter","Dornburg_2022_barley","Dornburg_2022","Dornburg_2022_barley_4", 6.6171875, 8, 6.524757,1.163261623,1.01416604,0.16666667,-0.20007586, 1.7912023,"prop_swf.2021",0.0459746418,0.0160281291,0.0190511308,0.0278107827,0.0224509205,0.0366915033,0.0460453781,0.0413770722,0.0370210934,0.0289382175, 100, 200, 300, 400, 500, 600, 700, 800, 900,1000
"D_AF_r3_7m","Dornburg","2022","barley", 7.0, 9.416519,41.04902,15.71841,322,160,519,15,8,0.8429964,31.22555,132,73.95876,1.0686394,"Sep","Jul", 7.82000000,"winter","Dornburg_2022_barley","Dornburg_2022","Dornburg_2022_barley_7", 6.9329125, 8, 6.524757,1.198511975,1.06255482,0.29166667,-0.20007586, 1.7912023,"prop_swf.2021",0.0459746418,0.0160281291,0.0190511308,0.0278107827,0.0224509205,0.0366915033,0.0460453781,0.0413770722,0.0370210934,0.0289382175, 100, 200, 300, 400, 500, 600, 700, 800, 900,1000
"D_AF_r3_18m","Dornburg","2022","barley",18.0, 9.416519,41.04902,15.71841,322,160,519,15,8,0.8429964,31.22555,132,73.95876,1.0686394,"Sep","Jul", 7.53000000,"winter","Dornburg_2022_barley","Dornburg_2022","Dornburg_2022_barley_18", 7.4433000, 8, 6.524757,1.154065879,1.14077803,0.75000000,-0.20007586, 1.7912023,"prop_swf.2021",0.0459746418,0.0160281291,0.0190511308,0.0278107827,0.0224509205,0.0366915033,0.0460453781,0.0413770722,0.0370210934,0.0289382175, 100, 200, 300, 400, 500, 600, 700, 800, 900,1000
"D_AF_r3_24m","Dornburg","2022","barley",24.0, 9.416519,41.04902,15.71841,322,160,519,15,8,0.8429964,31.22555,132,73.95876,1.0686394,"Sep","Jul", 6.96000000,"winter","Dornburg_2022_barley","Dornburg_2022","Dornburg_2022_barley_24", 7.3088500, 8, 6.524757,1.066706311,1.12017190,1.00000000,-0.20007586, 1.7912023,"prop_swf.2021",0.0459746418,0.0160281291,0.0190511308,0.0278107827,0.0224509205,0.0366915033,0.0460453781,0.0413770722,0.0370210934,0.0289382175, 100, 200, 300, 400, 500, 600, 700, 800, 900,1000
"D_AF_r4_1m","Dornburg","2022","barley", 1.0, 9.416519,41.04902,15.71841,322,160,519,15,8,0.8429964,31.22555,132,73.95876,1.0686394,"Sep","Jul", 5.20000000,"winter","Dornburg_2022_barley","Dornburg_2022","Dornburg_2022_barley_1", 4.3215375, 8, 6.524757,0.796964485,0.66232921,0.04166667,-0.20007586, 1.7912023,"prop_swf.2021",0.0459746418,0.0160281291,0.0190511308,0.0278107827,0.0224509205,0.0366915033,0.0460453781,0.0413770722,0.0370210934,0.0289382175, 100, 200, 300, 400, 500, 600, 700, 800, 900,1000
"D_AF_r4_4m","Dornburg","2022","barley", 4.0, 9.416519,41.04902,15.71841,322,160,519,15,8,0.8429964,31.22555,132,73.95876,1.0686394,"Sep","Jul", 7.64000000,"winter","Dornburg_2022_barley","Dornburg_2022","Dornburg_2022_barley_4", 6.6171875, 8, 6.524757,1.170924743,1.01416604,0.16666667,-0.20007586, 1.7912023,"prop_swf.2021",0.0459746418,0.0160281291,0.0190511308,0.0278107827,0.0224509205,0.0366915033,0.0460453781,0.0413770722,0.0370210934,0.0289382175, 100, 200, 300, 400, 500, 600, 700, 800, 900,1000
"D_AF_r4_7m","Dornburg","2022","barley", 7.0, 9.416519,41.04902,15.71841,322,160,519,15,8,0.8429964,31.22555,132,73.95876,1.0686394,"Sep","Jul", 7.58000000,"winter","Dornburg_2022_barley","Dornburg_2022","Dornburg_2022_barley_7", 6.9329125, 8, 6.524757,1.161728999,1.06255482,0.29166667,-0.20007586, 1.7912023,"prop_swf.2021",0.0459746418,0.0160281291,0.0190511308,0.0278107827,0.0224509205,0.0366915033,0.0460453781,0.0413770722,0.0370210934,0.0289382175, 100, 200, 300, 400, 500, 600, 700, 800, 900,1000
"D_AF_r4_18m","Dornburg","2022","barley",18.0, 9.416519,41.04902,15.71841,322,160,519,15,8,0.8429964,31.22555,132,73.95876,1.0686394,"Sep","Jul", 8.12000000,"winter","Dornburg_2022_barley","Dornburg_2022","Dornburg_2022_barley_18", 7.4433000, 8, 6.524757,1.244490696,1.14077803,0.75000000,-0.20007586, 1.7912023,"prop_swf.2021",0.0459746418,0.0160281291,0.0190511308,0.0278107827,0.0224509205,0.0366915033,0.0460453781,0.0413770722,0.0370210934,0.0289382175, 100, 200, 300, 400, 500, 600, 700, 800, 900,1000
"D_AF_r4_24m","Dornburg","2022","barley",24.0, 9.416519,41.04902,15.71841,322,160,519,15,8,0.8429964,31.22555,132,73.95876,1.0686394,"Sep","Jul", 7.98000000,"winter","Dornburg_2022_barley","Dornburg_2022","Dornburg_2022_barley_24", 7.3088500, 8, 6.524757,1.223033959,1.12017190,1.00000000,-0.20007586, 1.7912023,"prop_swf.2021",0.0459746418,0.0160281291,0.0190511308,0.0278107827,0.0224509205,0.0366915033,0.0460453781,0.0413770722,0.0370210934,0.0289382175, 100, 200, 300, 400, 500, 600, 700, 800, 900,1000
"D_AF_r5_1m","Dornburg","2022","barley", 1.0, 9.416519,41.04902,15.71841,322,160,519,15,8,0.8429964,31.22555,132,73.95876,1.0686394,"Sep","Jul", 3.39390000,"winter","Dornburg_2022_barley","Dornburg_2022","Dornburg_2022_barley_1", 4.3215375, 8, 6.524757,0.520157263,0.66232921,0.04166667,-0.20007586, 1.7912023,"prop_swf.2021",0.0459746418,0.0160281291,0.0190511308,0.0278107827,0.0224509205,0.0366915033,0.0460453781,0.0413770722,0.0370210934,0.0289382175, 100, 200, 300, 400, 500, 600, 700, 800, 900,1000
"D_AF_r5_4m","Dornburg","2022","barley", 4.0, 9.416519,41.04902,15.71841,322,160,519,15,8,0.8429964,31.22555,132,73.95876,1.0686394,"Sep","Jul", 6.30600000,"winter","Dornburg_2022_barley","Dornburg_2022","Dornburg_2022_barley_4", 6.6171875, 8, 6.524757,0.966472700,1.01416604,0.16666667,-0.20007586, 1.7912023,"prop_swf.2021",0.0459746418,0.0160281291,0.0190511308,0.0278107827,0.0224509205,0.0366915033,0.0460453781,0.0413770722,0.0370210934,0.0289382175, 100, 200, 300, 400, 500, 600, 700, 800, 900,1000
"D_AF_r5_7m","Dornburg","2022","barley", 7.0, 9.416519,41.04902,15.71841,322,160,519,15,8,0.8429964,31.22555,132,73.95876,1.0686394,"Sep","Jul", 6.90680000,"winter","Dornburg_2022_barley","Dornburg_2022","Dornburg_2022_barley_7", 6.9329125, 8, 6.524757,1.058552751,1.06255482,0.29166667,-0.20007586, 1.7912023,"prop_swf.2021",0.0459746418,0.0160281291,0.0190511308,0.0278107827,0.0224509205,0.0366915033,0.0460453781,0.0413770722,0.0370210934,0.0289382175, 100, 200, 300, 400, 500, 600, 700, 800, 900,1000
"D_AF_r5_18m","Dornburg","2022","barley",18.0, 9.416519,41.04902,15.71841,322,160,519,15,8,0.8429964,31.22555,132,73.95876,1.0686394,"Sep","Jul", 6.77430000,"winter","Dornburg_2022_barley","Dornburg_2022","Dornburg_2022_barley_18", 7.4433000, 8, 6.524757,1.038245483,1.14077803,0.75000000,-0.20007586, 1.7912023,"prop_swf.2021",0.0459746418,0.0160281291,0.0190511308,0.0278107827,0.0224509205,0.0366915033,0.0460453781,0.0413770722,0.0370210934,0.0289382175, 100, 200, 300, 400, 500, 600, 700, 800, 900,1000
"D_AF_r5_24m","Dornburg","2022","barley",24.0, 9.416519,41.04902,15.71841,322,160,519,15,8,0.8429964,31.22555,132,73.95876,1.0686394,"Sep","Jul", 6.67220000,"winter","Dornburg_2022_barley","Dornburg_2022","Dornburg_2022_barley_24", 7.3088500, 8, 6.524757,1.022597392,1.12017190,1.00000000,-0.20007586, 1.7912023,"prop_swf.2021",0.0459746418,0.0160281291,0.0190511308,0.0278107827,0.0224509205,0.0366915033,0.0460453781,0.0413770722,0.0370210934,0.0289382175, 100, 200, 300, 400, 500, 600, 700, 800, 900,1000
"D_AF_r6_1m","Dornburg","2022","barley", 1.0, 9.416519,41.04902,15.71841,322,160,519,15,8,0.8429964,31.22555,132,73.95876,1.0686394,"Sep","Jul", 4.31740000,"winter","Dornburg_2022_barley","Dornburg_2022","Dornburg_2022_barley_1", 4.3215375, 8, 6.524757,0.661695090,0.66232921,0.04166667,-0.20007586, 1.7912023,"prop_swf.2021",0.0459746418,0.0160281291,0.0190511308,0.0278107827,0.0224509205,0.0366915033,0.0460453781,0.0413770722,0.0370210934,0.0289382175, 100, 200, 300, 400, 500, 600, 700, 800, 900,1000
"D_AF_r6_4m","Dornburg","2022","barley", 4.0, 9.416519,41.04902,15.71841,322,160,519,15,8,0.8429964,31.22555,132,73.95876,1.0686394,"Sep","Jul", 5.66040000,"winter","Dornburg_2022_barley","Dornburg_2022","Dornburg_2022_barley_4", 6.6171875, 8, 6.524757,0.867526494,1.01416604,0.16666667,-0.20007586, 1.7912023,"prop_swf.2021",0.0459746418,0.0160281291,0.0190511308,0.0278107827,0.0224509205,0.0366915033,0.0460453781,0.0413770722,0.0370210934,0.0289382175, 100, 200, 300, 400, 500, 600, 700, 800, 900,1000
"D_AF_r6_7m","Dornburg","2022","barley", 7.0, 9.416519,41.04902,15.71841,322,160,519,15,8,0.8429964,31.22555,132,73.95876,1.0686394,"Sep","Jul", 6.62810000,"winter","Dornburg_2022_barley","Dornburg_2022","Dornburg_2022_barley_7", 6.9329125, 8, 6.524757,1.015838520,1.06255482,0.29166667,-0.20007586, 1.7912023,"prop_swf.2021",0.0459746418,0.0160281291,0.0190511308,0.0278107827,0.0224509205,0.0366915033,0.0460453781,0.0413770722,0.0370210934,0.0289382175, 100, 200, 300, 400, 500, 600, 700, 800, 900,1000
"D_AF_r6_18m","Dornburg","2022","barley",18.0, 9.416519,41.04902,15.71841,322,160,519,15,8,0.8429964,31.22555,132,73.95876,1.0686394,"Sep","Jul", 6.92980000,"winter","Dornburg_2022_barley","Dornburg_2022","Dornburg_2022_barley_18", 7.4433000, 8, 6.524757,1.062077786,1.14077803,0.75000000,-0.20007586, 1.7912023,"prop_swf.2021",0.0459746418,0.0160281291,0.0190511308,0.0278107827,0.0224509205,0.0366915033,0.0460453781,0.0413770722,0.0370210934,0.0289382175, 100, 200, 300, 400, 500, 600, 700, 800, 900,1000
"D_AF_r6_24m","Dornburg","2022","barley",24.0, 9.416519,41.04902,15.71841,322,160,519,15,8,0.8429964,31.22555,132,73.95876,1.0686394,"Sep","Jul", 7.62740000,"winter","Dornburg_2022_barley","Dornburg_2022","Dornburg_2022_barley_24", 7.3088500, 8, 6.524757,1.168993637,1.12017190,1.00000000,-0.20007586, 1.7912023,"prop_swf.2021",0.0459746418,0.0160281291,0.0190511308,0.0278107827,0.0224509205,0.0366915033,0.0460453781,0.0413770722,0.0370210934,0.0289382175, 100, 200, 300, 400, 500, 600, 700, 800, 900,1000
"D_AF_r7_1m","Dornburg","2022","barley", 1.0, 9.416519,41.04902,15.71841,322,160,519,15,8,0.8429964,31.22555,132,73.95876,1.0686394,"Sep","Jul", 3.27980000,"winter","Dornburg_2022_barley","Dornburg_2022","Dornburg_2022_barley_1", 4.3215375, 8, 6.524757,0.502670023,0.66232921,0.04166667,-0.20007586, 1.7912023,"prop_swf.2021",0.0459746418,0.0160281291,0.0190511308,0.0278107827,0.0224509205,0.0366915033,0.0460453781,0.0413770722,0.0370210934,0.0289382175, 100, 200, 300, 400, 500, 600, 700, 800, 900,1000
"D_AF_r7_4m","Dornburg","2022","barley", 4.0, 9.416519,41.04902,15.71841,322,160,519,15,8,0.8429964,31.22555,132,73.95876,1.0686394,"Sep","Jul", 6.57190000,"winter","Dornburg_2022_barley","Dornburg_2022","Dornburg_2022_barley_4", 6.6171875, 8, 6.524757,1.007225173,1.01416604,0.16666667,-0.20007586, 1.7912023,"prop_swf.2021",0.0459746418,0.0160281291,0.0190511308,0.0278107827,0.0224509205,0.0366915033,0.0460453781,0.0413770722,0.0370210934,0.0289382175, 100, 200, 300, 400, 500, 600, 700, 800, 900,1000
"D_AF_r7_7m","Dornburg","2022","barley", 7.0, 9.416519,41.04902,15.71841,322,160,519,15,8,0.8429964,31.22555,132,73.95876,1.0686394,"Sep","Jul", 6.93700000,"winter","Dornburg_2022_barley","Dornburg_2022","Dornburg_2022_barley_7", 6.9329125, 8, 6.524757,1.063181275,1.06255482,0.29166667,-0.20007586, 1.7912023,"prop_swf.2021",0.0459746418,0.0160281291,0.0190511308,0.0278107827,0.0224509205,0.0366915033,0.0460453781,0.0413770722,0.0370210934,0.0289382175, 100, 200, 300, 400, 500, 600, 700, 800, 900,1000
"D_AF_r7_18m","Dornburg","2022","barley",18.0, 9.416519,41.04902,15.71841,322,160,519,15,8,0.8429964,31.22555,132,73.95876,1.0686394,"Sep","Jul", 7.56230000,"winter","Dornburg_2022_barley","Dornburg_2022","Dornburg_2022_barley_18", 7.4433000, 8, 6.524757,1.159016255,1.14077803,0.75000000,-0.20007586, 1.7912023,"prop_swf.2021",0.0459746418,0.0160281291,0.0190511308,0.0278107827,0.0224509205,0.0366915033,0.0460453781,0.0413770722,0.0370210934,0.0289382175, 100, 200, 300, 400, 500, 600, 700, 800, 900,1000
"D_AF_r7_24m","Dornburg","2022","barley",24.0, 9.416519,41.04902,15.71841,322,160,519,15,8,0.8429964,31.22555,132,73.95876,1.0686394,"Sep","Jul", 7.29390000,"winter","Dornburg_2022_barley","Dornburg_2022","Dornburg_2022_barley_24", 7.3088500, 8, 6.524757,1.117880626,1.12017190,1.00000000,-0.20007586, 1.7912023,"prop_swf.2021",0.0459746418,0.0160281291,0.0190511308,0.0278107827,0.0224509205,0.0366915033,0.0460453781,0.0413770722,0.0370210934,0.0289382175, 100, 200, 300, 400, 500, 600, 700, 800, 900,1000
"D_AF_r8_1m","Dornburg","2022","barley", 1.0, 9.416519,41.04902,15.71841,322,160,519,15,8,0.8429964,31.22555,132,73.95876,1.0686394,"Sep","Jul", 4.73120000,"winter","Dornburg_2022_barley","Dornburg_2022","Dornburg_2022_barley_1", 4.3215375, 8, 6.524757,0.725115071,0.66232921,0.04166667,-0.20007586, 1.7912023,"prop_swf.2021",0.0459746418,0.0160281291,0.0190511308,0.0278107827,0.0224509205,0.0366915033,0.0460453781,0.0413770722,0.0370210934,0.0289382175, 100, 200, 300, 400, 500, 600, 700, 800, 900,1000
"D_AF_r8_4m","Dornburg","2022","barley", 4.0, 9.416519,41.04902,15.71841,322,160,519,15,8,0.8429964,31.22555,132,73.95876,1.0686394,"Sep","Jul", 6.54920000,"winter","Dornburg_2022_barley","Dornburg_2022","Dornburg_2022_barley_4", 6.6171875, 8, 6.524757,1.003746116,1.01416604,0.16666667,-0.20007586, 1.7912023,"prop_swf.2021",0.0459746418,0.0160281291,0.0190511308,0.0278107827,0.0224509205,0.0366915033,0.0460453781,0.0413770722,0.0370210934,0.0289382175, 100, 200, 300, 400, 500, 600, 700, 800, 900,1000
"D_AF_r8_7m","Dornburg","2022","barley", 7.0, 9.416519,41.04902,15.71841,322,160,519,15,8,0.8429964,31.22555,132,73.95876,1.0686394,"Sep","Jul", 6.57140000,"winter","Dornburg_2022_barley","Dornburg_2022","Dornburg_2022_barley_7", 6.9329125, 8, 6.524757,1.007148542,1.06255482,0.29166667,-0.20007586, 1.7912023,"prop_swf.2021",0.0459746418,0.0160281291,0.0190511308,0.0278107827,0.0224509205,0.0366915033,0.0460453781,0.0413770722,0.0370210934,0.0289382175, 100, 200, 300, 400, 500, 600, 700, 800, 900,1000
"D_AF_r8_18m","Dornburg","2022","barley",18.0, 9.416519,41.04902,15.71841,322,160,519,15,8,0.8429964,31.22555,132,73.95876,1.0686394,"Sep","Jul", 7.00000000,"winter","Dornburg_2022_barley","Dornburg_2022","Dornburg_2022_barley_18", 7.4433000, 8, 6.524757,1.072836807,1.14077803,0.75000000,-0.20007586, 1.7912023,"prop_swf.2021",0.0459746418,0.0160281291,0.0190511308,0.0278107827,0.0224509205,0.0366915033,0.0460453781,0.0413770722,0.0370210934,0.0289382175, 100, 200, 300, 400, 500, 600, 700, 800, 900,1000
"D_AF_r8_24m","Dornburg","2022","barley",24.0, 9.416519,41.04902,15.71841,322,160,519,15,8,0.8429964,31.22555,132,73.95876,1.0686394,"Sep","Jul", 7.22730000,"winter","Dornburg_2022_barley","Dornburg_2022","Dornburg_2022_barley_24", 7.3088500, 8, 6.524757,1.107673350,1.12017190,1.00000000,-0.20007586, 1.7912023,"prop_swf.2021",0.0459746418,0.0160281291,0.0190511308,0.0278107827,0.0224509205,0.0366915033,0.0460453781,0.0413770722,0.0370210934,0.0289382175, 100, 200, 300, 400, 500, 600, 700, 800, 900,1000
"D_AF_r1_1m","Dornburg","2023","rapeseed", 1.0, 9.357093,53.58714,14.37193,322,160,519,16,9,0.8535958,31.88453,150,73.60277,1.0686394,"Sep","Jul", 1.12000000,"winter","Dornburg_2023_rapeseed","Dornburg_2023","Dornburg_2023_rapeseed_1", 1.6962500, 8, 3.625500,0.308922907,0.46786650,0.04166667,-0.82482499, 1.7912023,"prop_swf.2021",0.0459746418,0.0160281291,0.0190511308,0.0278107827,0.0224509205,0.0366915033,0.0460453781,0.0413770722,0.0370210934,0.0289382175, 100, 200, 300, 400, 500, 600, 700, 800, 900,1000
"D_AF_r1_4m","Dornburg","2023","rapeseed", 4.0, 9.357093,53.58714,14.37193,322,160,519,16,9,0.8535958,31.88453,150,73.60277,1.0686394,"Sep","Jul", 3.26000000,"winter","Dornburg_2023_rapeseed","Dornburg_2023","Dornburg_2023_rapeseed_4", 3.7250000, 8, 3.625500,0.899186319,1.02744449,0.16666667,-0.82482499, 1.7912023,"prop_swf.2021",0.0459746418,0.0160281291,0.0190511308,0.0278107827,0.0224509205,0.0366915033,0.0460453781,0.0413770722,0.0370210934,0.0289382175, 100, 200, 300, 400, 500, 600, 700, 800, 900,1000
"D_AF_r1_18m","Dornburg","2023","rapeseed",18.0, 9.357093,53.58714,14.37193,322,160,519,16,9,0.8535958,31.88453,150,73.60277,1.0686394,"Sep","Jul", 3.83000000,"winter","Dornburg_2023_rapeseed","Dornburg_2023","Dornburg_2023_rapeseed_18", 4.1862500, 8, 3.625500,1.056406013,1.15466832,0.75000000,-0.82482499, 1.7912023,"prop_swf.2021",0.0459746418,0.0160281291,0.0190511308,0.0278107827,0.0224509205,0.0366915033,0.0460453781,0.0413770722,0.0370210934,0.0289382175, 100, 200, 300, 400, 500, 600, 700, 800, 900,1000
"D_AF_r1_24m","Dornburg","2023","rapeseed",24.0, 9.357093,53.58714,14.37193,322,160,519,16,9,0.8535958,31.88453,150,73.60277,1.0686394,"Sep","Jul", 4.06000000,"winter","Dornburg_2023_rapeseed","Dornburg_2023","Dornburg_2023_rapeseed_24", 4.2150000, 8, 3.625500,1.119845539,1.16259826,1.00000000,-0.82482499, 1.7912023,"prop_swf.2021",0.0459746418,0.0160281291,0.0190511308,0.0278107827,0.0224509205,0.0366915033,0.0460453781,0.0413770722,0.0370210934,0.0289382175, 100, 200, 300, 400, 500, 600, 700, 800, 900,1000
"D_AF_r2_1m","Dornburg","2023","rapeseed", 1.0, 9.357093,53.58714,14.37193,322,160,519,16,9,0.8535958,31.88453,150,73.60277,1.0686394,"Sep","Jul", 2.20000000,"winter","Dornburg_2023_rapeseed","Dornburg_2023","Dornburg_2023_rapeseed_1", 1.6962500, 8, 3.625500,0.606812853,0.46786650,0.04166667,-0.82482499, 1.7912023,"prop_swf.2021",0.0459746418,0.0160281291,0.0190511308,0.0278107827,0.0224509205,0.0366915033,0.0460453781,0.0413770722,0.0370210934,0.0289382175, 100, 200, 300, 400, 500, 600, 700, 800, 900,1000
"D_AF_r2_4m","Dornburg","2023","rapeseed", 4.0, 9.357093,53.58714,14.37193,322,160,519,16,9,0.8535958,31.88453,150,73.60277,1.0686394,"Sep","Jul", 3.57000000,"winter","Dornburg_2023_rapeseed","Dornburg_2023","Dornburg_2023_rapeseed_4", 3.7250000, 8, 3.625500,0.984691767,1.02744449,0.16666667,-0.82482499, 1.7912023,"prop_swf.2021",0.0459746418,0.0160281291,0.0190511308,0.0278107827,0.0224509205,0.0366915033,0.0460453781,0.0413770722,0.0370210934,0.0289382175, 100, 200, 300, 400, 500, 600, 700, 800, 900,1000
"D_AF_r2_7m","Dornburg","2023","rapeseed", 7.0, 9.357093,53.58714,14.37193,322,160,519,16,9,0.8535958,31.88453,150,73.60277,1.0686394,"Sep","Jul", 3.85000000,"winter","Dornburg_2023_rapeseed","Dornburg_2023","Dornburg_2023_rapeseed_7", 4.3050000, 4, 3.625500,1.061922493,1.18742242,0.29166667,-0.82482499, 1.7912023,"prop_swf.2021",0.0459746418,0.0160281291,0.0190511308,0.0278107827,0.0224509205,0.0366915033,0.0460453781,0.0413770722,0.0370210934,0.0289382175, 100, 200, 300, 400, 500, 600, 700, 800, 900,1000
"D_AF_r2_18m","Dornburg","2023","rapeseed",18.0, 9.357093,53.58714,14.37193,322,160,519,16,9,0.8535958,31.88453,150,73.60277,1.0686394,"Sep","Jul", 4.14000000,"winter","Dornburg_2023_rapeseed","Dornburg_2023","Dornburg_2023_rapeseed_18", 4.1862500, 8, 3.625500,1.141911460,1.15466832,0.75000000,-0.82482499, 1.7912023,"prop_swf.2021",0.0459746418,0.0160281291,0.0190511308,0.0278107827,0.0224509205,0.0366915033,0.0460453781,0.0413770722,0.0370210934,0.0289382175, 100, 200, 300, 400, 500, 600, 700, 800, 900,1000
"D_AF_r2_24m","Dornburg","2023","rapeseed",24.0, 9.357093,53.58714,14.37193,322,160,519,16,9,0.8535958,31.88453,150,73.60277,1.0686394,"Sep","Jul", 4.01000000,"winter","Dornburg_2023_rapeseed","Dornburg_2023","Dornburg_2023_rapeseed_24", 4.2150000, 8, 3.625500,1.106054337,1.16259826,1.00000000,-0.82482499, 1.7912023,"prop_swf.2021",0.0459746418,0.0160281291,0.0190511308,0.0278107827,0.0224509205,0.0366915033,0.0460453781,0.0413770722,0.0370210934,0.0289382175, 100, 200, 300, 400, 500, 600, 700, 800, 900,1000
"D_AF_r3_1m","Dornburg","2023","rapeseed", 1.0, 9.357093,53.58714,14.37193,322,160,519,16,9,0.8535958,31.88453,150,73.60277,1.0686394,"Sep","Jul", 1.78000000,"winter","Dornburg_2023_rapeseed","Dornburg_2023","Dornburg_2023_rapeseed_1", 1.6962500, 8, 3.625500,0.490966763,0.46786650,0.04166667,-0.82482499, 1.7912023,"prop_swf.2021",0.0459746418,0.0160281291,0.0190511308,0.0278107827,0.0224509205,0.0366915033,0.0460453781,0.0413770722,0.0370210934,0.0289382175, 100, 200, 300, 400, 500, 600, 700, 800, 900,1000
"D_AF_r3_4m","Dornburg","2023","rapeseed", 4.0, 9.357093,53.58714,14.37193,322,160,519,16,9,0.8535958,31.88453,150,73.60277,1.0686394,"Sep","Jul", 3.73000000,"winter","Dornburg_2023_rapeseed","Dornburg_2023","Dornburg_2023_rapeseed_4", 3.7250000, 8, 3.625500,1.028823611,1.02744449,0.16666667,-0.82482499, 1.7912023,"prop_swf.2021",0.0459746418,0.0160281291,0.0190511308,0.0278107827,0.0224509205,0.0366915033,0.0460453781,0.0413770722,0.0370210934,0.0289382175, 100, 200, 300, 400, 500, 600, 700, 800, 900,1000
"D_AF_r3_18m","Dornburg","2023","rapeseed",18.0, 9.357093,53.58714,14.37193,322,160,519,16,9,0.8535958,31.88453,150,73.60277,1.0686394,"Sep","Jul", 3.92000000,"winter","Dornburg_2023_rapeseed","Dornburg_2023","Dornburg_2023_rapeseed_18", 4.1862500, 8, 3.625500,1.081230175,1.15466832,0.75000000,-0.82482499, 1.7912023,"prop_swf.2021",0.0459746418,0.0160281291,0.0190511308,0.0278107827,0.0224509205,0.0366915033,0.0460453781,0.0413770722,0.0370210934,0.0289382175, 100, 200, 300, 400, 500, 600, 700, 800, 900,1000
"D_AF_r3_24m","Dornburg","2023","rapeseed",24.0, 9.357093,53.58714,14.37193,322,160,519,16,9,0.8535958,31.88453,150,73.60277,1.0686394,"Sep","Jul", 4.01000000,"winter","Dornburg_2023_rapeseed","Dornburg_2023","Dornburg_2023_rapeseed_24", 4.2150000, 8, 3.625500,1.106054337,1.16259826,1.00000000,-0.82482499, 1.7912023,"prop_swf.2021",0.0459746418,0.0160281291,0.0190511308,0.0278107827,0.0224509205,0.0366915033,0.0460453781,0.0413770722,0.0370210934,0.0289382175, 100, 200, 300, 400, 500, 600, 700, 800, 900,1000
"D_AF_r4_1m","Dornburg","2023","rapeseed", 1.0, 9.357093,53.58714,14.37193,322,160,519,16,9,0.8535958,31.88453,150,73.60277,1.0686394,"Sep","Jul", 1.56000000,"winter","Dornburg_2023_rapeseed","Dornburg_2023","Dornburg_2023_rapeseed_1", 1.6962500, 8, 3.625500,0.430285478,0.46786650,0.04166667,-0.82482499, 1.7912023,"prop_swf.2021",0.0459746418,0.0160281291,0.0190511308,0.0278107827,0.0224509205,0.0366915033,0.0460453781,0.0413770722,0.0370210934,0.0289382175, 100, 200, 300, 400, 500, 600, 700, 800, 900,1000
"D_AF_r4_4m","Dornburg","2023","rapeseed", 4.0, 9.357093,53.58714,14.37193,322,160,519,16,9,0.8535958,31.88453,150,73.60277,1.0686394,"Sep","Jul", 4.67000000,"winter","Dornburg_2023_rapeseed","Dornburg_2023","Dornburg_2023_rapeseed_4", 3.7250000, 8, 3.625500,1.288098193,1.02744449,0.16666667,-0.82482499, 1.7912023,"prop_swf.2021",0.0459746418,0.0160281291,0.0190511308,0.0278107827,0.0224509205,0.0366915033,0.0460453781,0.0413770722,0.0370210934,0.0289382175, 100, 200, 300, 400, 500, 600, 700, 800, 900,1000
"D_AF_r4_7m","Dornburg","2023","rapeseed", 7.0, 9.357093,53.58714,14.37193,322,160,519,16,9,0.8535958,31.88453,150,73.60277,1.0686394,"Sep","Jul", 5.60000000,"winter","Dornburg_2023_rapeseed","Dornburg_2023","Dornburg_2023_rapeseed_7", 4.3050000, 4, 3.625500,1.544614536,1.18742242,0.29166667,-0.82482499, 1.7912023,"prop_swf.2021",0.0459746418,0.0160281291,0.0190511308,0.0278107827,0.0224509205,0.0366915033,0.0460453781,0.0413770722,0.0370210934,0.0289382175, 100, 200, 300, 400, 500, 600, 700, 800, 900,1000
"D_AF_r4_18m","Dornburg","2023","rapeseed",18.0, 9.357093,53.58714,14.37193,322,160,519,16,9,0.8535958,31.88453,150,73.60277,1.0686394,"Sep","Jul", 4.86000000,"winter","Dornburg_2023_rapeseed","Dornburg_2023","Dornburg_2023_rapeseed_18", 4.1862500, 8, 3.625500,1.340504758,1.15466832,0.75000000,-0.82482499, 1.7912023,"prop_swf.2021",0.0459746418,0.0160281291,0.0190511308,0.0278107827,0.0224509205,0.0366915033,0.0460453781,0.0413770722,0.0370210934,0.0289382175, 100, 200, 300, 400, 500, 600, 700, 800, 900,1000
"D_AF_r4_24m","Dornburg","2023","rapeseed",24.0, 9.357093,53.58714,14.37193,322,160,519,16,9,0.8535958,31.88453,150,73.60277,1.0686394,"Sep","Jul", 4.53000000,"winter","Dornburg_2023_rapeseed","Dornburg_2023","Dornburg_2023_rapeseed_24", 4.2150000, 8, 3.625500,1.249482830,1.16259826,1.00000000,-0.82482499, 1.7912023,"prop_swf.2021",0.0459746418,0.0160281291,0.0190511308,0.0278107827,0.0224509205,0.0366915033,0.0460453781,0.0413770722,0.0370210934,0.0289382175, 100, 200, 300, 400, 500, 600, 700, 800, 900,1000
"D_AF_r5_1m","Dornburg","2023","rapeseed", 1.0, 9.357093,53.58714,14.37193,322,160,519,16,9,0.8535958,31.88453,150,73.60277,1.0686394,"Sep","Jul", 0.95000000,"winter","Dornburg_2023_rapeseed","Dornburg_2023","Dornburg_2023_rapeseed_1", 1.6962500, 8, 3.625500,0.262032823,0.46786650,0.04166667,-0.82482499, 1.7912023,"prop_swf.2021",0.0459746418,0.0160281291,0.0190511308,0.0278107827,0.0224509205,0.0366915033,0.0460453781,0.0413770722,0.0370210934,0.0289382175, 100, 200, 300, 400, 500, 600, 700, 800, 900,1000
"D_AF_r5_4m","Dornburg","2023","rapeseed", 4.0, 9.357093,53.58714,14.37193,322,160,519,16,9,0.8535958,31.88453,150,73.60277,1.0686394,"Sep","Jul", 3.79000000,"winter","Dornburg_2023_rapeseed","Dornburg_2023","Dornburg_2023_rapeseed_4", 3.7250000, 8, 3.625500,1.045373052,1.02744449,0.16666667,-0.82482499, 1.7912023,"prop_swf.2021",0.0459746418,0.0160281291,0.0190511308,0.0278107827,0.0224509205,0.0366915033,0.0460453781,0.0413770722,0.0370210934,0.0289382175, 100, 200, 300, 400, 500, 600, 700, 800, 900,1000
"D_AF_r5_7m","Dornburg","2023","rapeseed", 7.0, 9.357093,53.58714,14.37193,322,160,519,16,9,0.8535958,31.88453,150,73.60277,1.0686394,"Sep","Jul", 3.78000000,"winter","Dornburg_2023_rapeseed","Dornburg_2023","Dornburg_2023_rapeseed_7", 4.3050000, 4, 3.625500,1.042614812,1.18742242,0.29166667,-0.82482499, 1.7912023,"prop_swf.2021",0.0459746418,0.0160281291,0.0190511308,0.0278107827,0.0224509205,0.0366915033,0.0460453781,0.0413770722,0.0370210934,0.0289382175, 100, 200, 300, 400, 500, 600, 700, 800, 900,1000
"D_AF_r5_18m","Dornburg","2023","rapeseed",18.0, 9.357093,53.58714,14.37193,322,160,519,16,9,0.8535958,31.88453,150,73.60277,1.0686394,"Sep","Jul", 4.04000000,"winter","Dornburg_2023_rapeseed","Dornburg_2023","Dornburg_2023_rapeseed_18", 4.1862500, 8, 3.625500,1.114329058,1.15466832,0.75000000,-0.82482499, 1.7912023,"prop_swf.2021",0.0459746418,0.0160281291,0.0190511308,0.0278107827,0.0224509205,0.0366915033,0.0460453781,0.0413770722,0.0370210934,0.0289382175, 100, 200, 300, 400, 500, 600, 700, 800, 900,1000
"D_AF_r5_24m","Dornburg","2023","rapeseed",24.0, 9.357093,53.58714,14.37193,322,160,519,16,9,0.8535958,31.88453,150,73.60277,1.0686394,"Sep","Jul", 3.92000000,"winter","Dornburg_2023_rapeseed","Dornburg_2023","Dornburg_2023_rapeseed_24", 4.2150000, 8, 3.625500,1.081230175,1.16259826,1.00000000,-0.82482499, 1.7912023,"prop_swf.2021",0.0459746418,0.0160281291,0.0190511308,0.0278107827,0.0224509205,0.0366915033,0.0460453781,0.0413770722,0.0370210934,0.0289382175, 100, 200, 300, 400, 500, 600, 700, 800, 900,1000
"D_AF_r6_1m","Dornburg","2023","rapeseed", 1.0, 9.357093,53.58714,14.37193,322,160,519,16,9,0.8535958,31.88453,150,73.60277,1.0686394,"Sep","Jul", 2.04000000,"winter","Dornburg_2023_rapeseed","Dornburg_2023","Dornburg_2023_rapeseed_1", 1.6962500, 8, 3.625500,0.562681010,0.46786650,0.04166667,-0.82482499, 1.7912023,"prop_swf.2021",0.0459746418,0.0160281291,0.0190511308,0.0278107827,0.0224509205,0.0366915033,0.0460453781,0.0413770722,0.0370210934,0.0289382175, 100, 200, 300, 400, 500, 600, 700, 800, 900,1000
"D_AF_r6_4m","Dornburg","2023","rapeseed", 4.0, 9.357093,53.58714,14.37193,322,160,519,16,9,0.8535958,31.88453,150,73.60277,1.0686394,"Sep","Jul", 3.34000000,"winter","Dornburg_2023_rapeseed","Dornburg_2023","Dornburg_2023_rapeseed_4", 3.7250000, 8, 3.625500,0.921252241,1.02744449,0.16666667,-0.82482499, 1.7912023,"prop_swf.2021",0.0459746418,0.0160281291,0.0190511308,0.0278107827,0.0224509205,0.0366915033,0.0460453781,0.0413770722,0.0370210934,0.0289382175, 100, 200, 300, 400, 500, 600, 700, 800, 900,1000
"D_AF_r6_18m","Dornburg","2023","rapeseed",18.0, 9.357093,53.58714,14.37193,322,160,519,16,9,0.8535958,31.88453,150,73.60277,1.0686394,"Sep","Jul", 3.87000000,"winter","Dornburg_2023_rapeseed","Dornburg_2023","Dornburg_2023_rapeseed_18", 4.1862500, 8, 3.625500,1.067438974,1.15466832,0.75000000,-0.82482499, 1.7912023,"prop_swf.2021",0.0459746418,0.0160281291,0.0190511308,0.0278107827,0.0224509205,0.0366915033,0.0460453781,0.0413770722,0.0370210934,0.0289382175, 100, 200, 300, 400, 500, 600, 700, 800, 900,1000
"D_AF_r6_24m","Dornburg","2023","rapeseed",24.0, 9.357093,53.58714,14.37193,322,160,519,16,9,0.8535958,31.88453,150,73.60277,1.0686394,"Sep","Jul", 4.29000000,"winter","Dornburg_2023_rapeseed","Dornburg_2023","Dornburg_2023_rapeseed_24", 4.2150000, 8, 3.625500,1.183285064,1.16259826,1.00000000,-0.82482499, 1.7912023,"prop_swf.2021",0.0459746418,0.0160281291,0.0190511308,0.0278107827,0.0224509205,0.0366915033,0.0460453781,0.0413770722,0.0370210934,0.0289382175, 100, 200, 300, 400, 500, 600, 700, 800, 900,1000
"D_AF_r7_1m","Dornburg","2023","rapeseed", 1.0, 9.357093,53.58714,14.37193,322,160,519,16,9,0.8535958,31.88453,150,73.60277,1.0686394,"Sep","Jul", 2.21000000,"winter","Dornburg_2023_rapeseed","Dornburg_2023","Dornburg_2023_rapeseed_1", 1.6962500, 8, 3.625500,0.609571094,0.46786650,0.04166667,-0.82482499, 1.7912023,"prop_swf.2021",0.0459746418,0.0160281291,0.0190511308,0.0278107827,0.0224509205,0.0366915033,0.0460453781,0.0413770722,0.0370210934,0.0289382175, 100, 200, 300, 400, 500, 600, 700, 800, 900,1000
"D_AF_r7_4m","Dornburg","2023","rapeseed", 4.0, 9.357093,53.58714,14.37193,322,160,519,16,9,0.8535958,31.88453,150,73.60277,1.0686394,"Sep","Jul", 3.97000000,"winter","Dornburg_2023_rapeseed","Dornburg_2023","Dornburg_2023_rapeseed_4", 3.7250000, 8, 3.625500,1.095021376,1.02744449,0.16666667,-0.82482499, 1.7912023,"prop_swf.2021",0.0459746418,0.0160281291,0.0190511308,0.0278107827,0.0224509205,0.0366915033,0.0460453781,0.0413770722,0.0370210934,0.0289382175, 100, 200, 300, 400, 500, 600, 700, 800, 900,1000
"D_AF_r7_7m","Dornburg","2023","rapeseed", 7.0, 9.357093,53.58714,14.37193,322,160,519,16,9,0.8535958,31.88453,150,73.60277,1.0686394,"Sep","Jul", 3.99000000,"winter","Dornburg_2023_rapeseed","Dornburg_2023","Dornburg_2023_rapeseed_7", 4.3050000, 4, 3.625500,1.100537857,1.18742242,0.29166667,-0.82482499, 1.7912023,"prop_swf.2021",0.0459746418,0.0160281291,0.0190511308,0.0278107827,0.0224509205,0.0366915033,0.0460453781,0.0413770722,0.0370210934,0.0289382175, 100, 200, 300, 400, 500, 600, 700, 800, 900,1000
"D_AF_r7_18m","Dornburg","2023","rapeseed",18.0, 9.357093,53.58714,14.37193,322,160,519,16,9,0.8535958,31.88453,150,73.60277,1.0686394,"Sep","Jul", 4.42000000,"winter","Dornburg_2023_rapeseed","Dornburg_2023","Dornburg_2023_rapeseed_18", 4.1862500, 8, 3.625500,1.219142187,1.15466832,0.75000000,-0.82482499, 1.7912023,"prop_swf.2021",0.0459746418,0.0160281291,0.0190511308,0.0278107827,0.0224509205,0.0366915033,0.0460453781,0.0413770722,0.0370210934,0.0289382175, 100, 200, 300, 400, 500, 600, 700, 800, 900,1000
"D_AF_r7_24m","Dornburg","2023","rapeseed",24.0, 9.357093,53.58714,14.37193,322,160,519,16,9,0.8535958,31.88453,150,73.60277,1.0686394,"Sep","Jul", 4.22000000,"winter","Dornburg_2023_rapeseed","Dornburg_2023","Dornburg_2023_rapeseed_24", 4.2150000, 8, 3.625500,1.163977382,1.16259826,1.00000000,-0.82482499, 1.7912023,"prop_swf.2021",0.0459746418,0.0160281291,0.0190511308,0.0278107827,0.0224509205,0.0366915033,0.0460453781,0.0413770722,0.0370210934,0.0289382175, 100, 200, 300, 400, 500, 600, 700, 800, 900,1000
"D_AF_r8_1m","Dornburg","2023","rapeseed", 1.0, 9.357093,53.58714,14.37193,322,160,519,16,9,0.8535958,31.88453,150,73.60277,1.0686394,"Sep","Jul", 1.71000000,"winter","Dornburg_2023_rapeseed","Dornburg_2023","Dornburg_2023_rapeseed_1", 1.6962500, 8, 3.625500,0.471659082,0.46786650,0.04166667,-0.82482499, 1.7912023,"prop_swf.2021",0.0459746418,0.0160281291,0.0190511308,0.0278107827,0.0224509205,0.0366915033,0.0460453781,0.0413770722,0.0370210934,0.0289382175, 100, 200, 300, 400, 500, 600, 700, 800, 900,1000
"D_AF_r8_4m","Dornburg","2023","rapeseed", 4.0, 9.357093,53.58714,14.37193,322,160,519,16,9,0.8535958,31.88453,150,73.60277,1.0686394,"Sep","Jul", 3.47000000,"winter","Dornburg_2023_rapeseed","Dornburg_2023","Dornburg_2023_rapeseed_4", 3.7250000, 8, 3.625500,0.957109364,1.02744449,0.16666667,-0.82482499, 1.7912023,"prop_swf.2021",0.0459746418,0.0160281291,0.0190511308,0.0278107827,0.0224509205,0.0366915033,0.0460453781,0.0413770722,0.0370210934,0.0289382175, 100, 200, 300, 400, 500, 600, 700, 800, 900,1000
"D_AF_r8_18m","Dornburg","2023","rapeseed",18.0, 9.357093,53.58714,14.37193,322,160,519,16,9,0.8535958,31.88453,150,73.60277,1.0686394,"Sep","Jul", 4.41000000,"winter","Dornburg_2023_rapeseed","Dornburg_2023","Dornburg_2023_rapeseed_18", 4.1862500, 8, 3.625500,1.216383947,1.15466832,0.75000000,-0.82482499, 1.7912023,"prop_swf.2021",0.0459746418,0.0160281291,0.0190511308,0.0278107827,0.0224509205,0.0366915033,0.0460453781,0.0413770722,0.0370210934,0.0289382175, 100, 200, 300, 400, 500, 600, 700, 800, 900,1000
"D_AF_r8_24m","Dornburg","2023","rapeseed",24.0, 9.357093,53.58714,14.37193,322,160,519,16,9,0.8535958,31.88453,150,73.60277,1.0686394,"Sep","Jul", 4.68000000,"winter","Dornburg_2023_rapeseed","Dornburg_2023","Dornburg_2023_rapeseed_24", 4.2150000, 8, 3.625500,1.290856434,1.16259826,1.00000000,-0.82482499, 1.7912023,"prop_swf.2021",0.0459746418,0.0160281291,0.0190511308,0.0278107827,0.0224509205,0.0366915033,0.0460453781,0.0413770722,0.0370210934,0.0289382175, 100, 200, 300, 400, 500, 600, 700, 800, 900,1000
"V_AF_r1_1m","Vechta","2019","maize", 1.0,16.557576,25.10586,20.78298,111,606,284, 0,1,0.6089232,31.29262, 86,68.45905,0.8138427,"May","Sep",20.02000000,"summer","Vechta_2019_maize","Vechta_2019","Vechta_2019_maize_1",22.3075000, 4,22.593333,0.886102095,0.98734878,0.04166667, 2.65868874,-1.7925702,"prop_swf.2018",0.2014489367,0.1055424528,0.1613076675,0.1229896733,0.0469077202,0.0468350669,0.0858619798,0.0530261474,0.0324976406,0.0475658776, 100, 200, 300, 400, 500, 600, 700, 800, 900,1000
"V_AF_r1_7m","Vechta","2019","maize", 7.0,16.557576,25.10586,20.78298,111,606,284, 0,1,0.6089232,31.29262, 86,68.45905,0.8138427,"May","Sep",22.52000000,"summer","Vechta_2019_maize","Vechta_2019","Vechta_2019_maize_7",21.8175000, 4,22.593333,0.996754205,0.96566096,0.29166667, 2.65868874,-1.7925702,"prop_swf.2018",0.2014489367,0.1055424528,0.1613076675,0.1229896733,0.0469077202,0.0468350669,0.0858619798,0.0530261474,0.0324976406,0.0475658776, 100, 200, 300, 400, 500, 600, 700, 800, 900,1000
"V_AF_r1_24m","Vechta","2019","maize",24.0,16.557576,25.10586,20.78298,111,606,284, 0,1,0.6089232,31.29262, 86,68.45905,0.8138427,"May","Sep",27.60000000,"summer","Vechta_2019_maize","Vechta_2019","Vechta_2019_maize_24",23.6550000, 4,22.593333,1.221599292,1.04699026,1.00000000, 2.65868874,-1.7925702,"prop_swf.2018",0.2014489367,0.1055424528,0.1613076675,0.1229896733,0.0469077202,0.0468350669,0.0858619798,0.0530261474,0.0324976406,0.0475658776, 100, 200, 300, 400, 500, 600, 700, 800, 900,1000
"V_AF_r2_1m","Vechta","2019","maize", 1.0,16.557576,25.10586,20.78298,111,606,284, 0,1,0.6089232,31.29262, 86,68.45905,0.8138427,"May","Sep",19.77000000,"summer","Vechta_2019_maize","Vechta_2019","Vechta_2019_maize_1",22.3075000, 4,22.593333,0.875036884,0.98734878,0.04166667, 2.65868874,-1.7925702,"prop_swf.2018",0.2014489367,0.1055424528,0.1613076675,0.1229896733,0.0469077202,0.0468350669,0.0858619798,0.0530261474,0.0324976406,0.0475658776, 100, 200, 300, 400, 500, 600, 700, 800, 900,1000
"V_AF_r2_7m","Vechta","2019","maize", 7.0,16.557576,25.10586,20.78298,111,606,284, 0,1,0.6089232,31.29262, 86,68.45905,0.8138427,"May","Sep",17.90000000,"summer","Vechta_2019_maize","Vechta_2019","Vechta_2019_maize_7",21.8175000, 4,22.593333,0.792269106,0.96566096,0.29166667, 2.65868874,-1.7925702,"prop_swf.2018",0.2014489367,0.1055424528,0.1613076675,0.1229896733,0.0469077202,0.0468350669,0.0858619798,0.0530261474,0.0324976406,0.0475658776, 100, 200, 300, 400, 500, 600, 700, 800, 900,1000
"V_AF_r2_24m","Vechta","2019","maize",24.0,16.557576,25.10586,20.78298,111,606,284, 0,1,0.6089232,31.29262, 86,68.45905,0.8138427,"May","Sep",15.73000000,"summer","Vechta_2019_maize","Vechta_2019","Vechta_2019_maize_24",23.6550000, 4,22.593333,0.696223075,1.04699026,1.00000000, 2.65868874,-1.7925702,"prop_swf.2018",0.2014489367,0.1055424528,0.1613076675,0.1229896733,0.0469077202,0.0468350669,0.0858619798,0.0530261474,0.0324976406,0.0475658776, 100, 200, 300, 400, 500, 600, 700, 800, 900,1000
"V_AF_r3_1m","Vechta","2019","maize", 1.0,16.557576,25.10586,20.78298,111,606,284, 0,1,0.6089232,31.29262, 86,68.45905,0.8138427,"May","Sep",29.33000000,"summer","Vechta_2019_maize","Vechta_2019","Vechta_2019_maize_1",22.3075000, 4,22.593333,1.298170552,0.98734878,0.04166667, 2.65868874,-1.7925702,"prop_swf.2018",0.2014489367,0.1055424528,0.1613076675,0.1229896733,0.0469077202,0.0468350669,0.0858619798,0.0530261474,0.0324976406,0.0475658776, 100, 200, 300, 400, 500, 600, 700, 800, 900,1000
"V_AF_r3_7m","Vechta","2019","maize", 7.0,16.557576,25.10586,20.78298,111,606,284, 0,1,0.6089232,31.29262, 86,68.45905,0.8138427,"May","Sep",24.59000000,"summer","Vechta_2019_maize","Vechta_2019","Vechta_2019_maize_7",21.8175000, 4,22.593333,1.088374152,0.96566096,0.29166667, 2.65868874,-1.7925702,"prop_swf.2018",0.2014489367,0.1055424528,0.1613076675,0.1229896733,0.0469077202,0.0468350669,0.0858619798,0.0530261474,0.0324976406,0.0475658776, 100, 200, 300, 400, 500, 600, 700, 800, 900,1000
"V_AF_r3_24m","Vechta","2019","maize",24.0,16.557576,25.10586,20.78298,111,606,284, 0,1,0.6089232,31.29262, 86,68.45905,0.8138427,"May","Sep",25.27000000,"summer","Vechta_2019_maize","Vechta_2019","Vechta_2019_maize_24",23.6550000, 4,22.593333,1.118471526,1.04699026,1.00000000, 2.65868874,-1.7925702,"prop_swf.2018",0.2014489367,0.1055424528,0.1613076675,0.1229896733,0.0469077202,0.0468350669,0.0858619798,0.0530261474,0.0324976406,0.0475658776, 100, 200, 300, 400, 500, 600, 700, 800, 900,1000
"V_AF_r4_1m","Vechta","2019","maize", 1.0,16.557576,25.10586,20.78298,111,606,284, 0,1,0.6089232,31.29262, 86,68.45905,0.8138427,"May","Sep",20.11000000,"summer","Vechta_2019_maize","Vechta_2019","Vechta_2019_maize_1",22.3075000, 4,22.593333,0.890085571,0.98734878,0.04166667, 2.65868874,-1.7925702,"prop_swf.2018",0.2014489367,0.1055424528,0.1613076675,0.1229896733,0.0469077202,0.0468350669,0.0858619798,0.0530261474,0.0324976406,0.0475658776, 100, 200, 300, 400, 500, 600, 700, 800, 900,1000
"V_AF_r4_7m","Vechta","2019","maize", 7.0,16.557576,25.10586,20.78298,111,606,284, 0,1,0.6089232,31.29262, 86,68.45905,0.8138427,"May","Sep",22.26000000,"summer","Vechta_2019_maize","Vechta_2019","Vechta_2019_maize_7",21.8175000, 4,22.593333,0.985246385,0.96566096,0.29166667, 2.65868874,-1.7925702,"prop_swf.2018",0.2014489367,0.1055424528,0.1613076675,0.1229896733,0.0469077202,0.0468350669,0.0858619798,0.0530261474,0.0324976406,0.0475658776, 100, 200, 300, 400, 500, 600, 700, 800, 900,1000
"V_AF_r4_24m","Vechta","2019","maize",24.0,16.557576,25.10586,20.78298,111,606,284, 0,1,0.6089232,31.29262, 86,68.45905,0.8138427,"May","Sep",26.02000000,"summer","Vechta_2019_maize","Vechta_2019","Vechta_2019_maize_24",23.6550000, 4,22.593333,1.151667158,1.04699026,1.00000000, 2.65868874,-1.7925702,"prop_swf.2018",0.2014489367,0.1055424528,0.1613076675,0.1229896733,0.0469077202,0.0468350669,0.0858619798,0.0530261474,0.0324976406,0.0475658776, 100, 200, 300, 400, 500, 600, 700, 800, 900,1000
"V_AF_r1_1m","Vechta","2020","rye", 1.0,10.644634,69.28825,14.63672,111,606,284, 1,2,0.6042268,31.54987, 83,68.64749,0.8138427,"Oct","Aug", 4.99000000,"winter","Vechta_2020_rye","Vechta_2020","Vechta_2020_rye_1", 4.6100000, 4, 5.158750,0.967288587,0.89362733,0.04166667,-1.00732867,-1.7925702,"prop_swf.2021",0.2495910259,0.0571933962,0.0538767609,0.0789740985,0.0407650426,0.0180089153,0.0376324632,0.0254616932,0.0299536334,0.0381866905, 100, 200, 300, 400, 500, 600, 700, 800, 900,1000
"V_AF_r1_4m","Vechta","2020","rye", 4.0,10.644634,69.28825,14.63672,111,606,284, 1,2,0.6042268,31.54987, 83,68.64749,0.8138427,"Oct","Aug", 5.25000000,"winter","Vechta_2020_rye","Vechta_2020","Vechta_2020_rye_4", 5.2500000, 1, 5.158750,1.017688394,1.01768839,0.16666667,-1.00732867,-1.7925702,"prop_swf.2021",0.2495910259,0.0571933962,0.0538767609,0.0789740985,0.0407650426,0.0180089153,0.0376324632,0.0254616932,0.0299536334,0.0381866905, 100, 200, 300, 400, 500, 600, 700, 800, 900,1000
"V_AF_r1_7m","Vechta","2020","rye", 7.0,10.644634,69.28825,14.63672,111,606,284, 1,2,0.6042268,31.54987, 83,68.64749,0.8138427,"Oct","Aug", 5.85000000,"winter","Vechta_2020_rye","Vechta_2020","Vechta_2020_rye_7", 5.3100000, 4, 5.158750,1.133995638,1.02931912,0.29166667,-1.00732867,-1.7925702,"prop_swf.2021",0.2495910259,0.0571933962,0.0538767609,0.0789740985,0.0407650426,0.0180089153,0.0376324632,0.0254616932,0.0299536334,0.0381866905, 100, 200, 300, 400, 500, 600, 700, 800, 900,1000
"V_AF_r1_24m","Vechta","2020","rye",24.0,10.644634,69.28825,14.63672,111,606,284, 1,2,0.6042268,31.54987, 83,68.64749,0.8138427,"Oct","Aug", 5.15000000,"winter","Vechta_2020_rye","Vechta_2020","Vechta_2020_rye_24", 5.4650000, 4, 5.158750,0.998303853,1.05936516,1.00000000,-1.00732867,-1.7925702,"prop_swf.2021",0.2495910259,0.0571933962,0.0538767609,0.0789740985,0.0407650426,0.0180089153,0.0376324632,0.0254616932,0.0299536334,0.0381866905, 100, 200, 300, 400, 500, 600, 700, 800, 900,1000
"V_AF_r2_1m","Vechta","2020","rye", 1.0,10.644634,69.28825,14.63672,111,606,284, 1,2,0.6042268,31.54987, 83,68.64749,0.8138427,"Oct","Aug", 3.75000000,"winter","Vechta_2020_rye","Vechta_2020","Vechta_2020_rye_1", 4.6100000, 4, 5.158750,0.726920281,0.89362733,0.04166667,-1.00732867,-1.7925702,"prop_swf.2021",0.2495910259,0.0571933962,0.0538767609,0.0789740985,0.0407650426,0.0180089153,0.0376324632,0.0254616932,0.0299536334,0.0381866905, 100, 200, 300, 400, 500, 600, 700, 800, 900,1000
"V_AF_r2_7m","Vechta","2020","rye", 7.0,10.644634,69.28825,14.63672,111,606,284, 1,2,0.6042268,31.54987, 83,68.64749,0.8138427,"Oct","Aug", 4.38000000,"winter","Vechta_2020_rye","Vechta_2020","Vechta_2020_rye_7", 5.3100000, 4, 5.158750,0.849042888,1.02931912,0.29166667,-1.00732867,-1.7925702,"prop_swf.2021",0.2495910259,0.0571933962,0.0538767609,0.0789740985,0.0407650426,0.0180089153,0.0376324632,0.0254616932,0.0299536334,0.0381866905, 100, 200, 300, 400, 500, 600, 700, 800, 900,1000
"V_AF_r2_24m","Vechta","2020","rye",24.0,10.644634,69.28825,14.63672,111,606,284, 1,2,0.6042268,31.54987, 83,68.64749,0.8138427,"Oct","Aug", 5.07000000,"winter","Vechta_2020_rye","Vechta_2020","Vechta_2020_rye_24", 5.4650000, 4, 5.158750,0.982796220,1.05936516,1.00000000,-1.00732867,-1.7925702,"prop_swf.2021",0.2495910259,0.0571933962,0.0538767609,0.0789740985,0.0407650426,0.0180089153,0.0376324632,0.0254616932,0.0299536334,0.0381866905, 100, 200, 300, 400, 500, 600, 700, 800, 900,1000
"V_AF_r3_1m","Vechta","2020","rye", 1.0,10.644634,69.28825,14.63672,111,606,284, 1,2,0.6042268,31.54987, 83,68.64749,0.8138427,"Oct","Aug", 4.52000000,"winter","Vechta_2020_rye","Vechta_2020","Vechta_2020_rye_1", 4.6100000, 4, 5.158750,0.876181245,0.89362733,0.04166667,-1.00732867,-1.7925702,"prop_swf.2021",0.2495910259,0.0571933962,0.0538767609,0.0789740985,0.0407650426,0.0180089153,0.0376324632,0.0254616932,0.0299536334,0.0381866905, 100, 200, 300, 400, 500, 600, 700, 800, 900,1000
"V_AF_r3_7m","Vechta","2020","rye", 7.0,10.644634,69.28825,14.63672,111,606,284, 1,2,0.6042268,31.54987, 83,68.64749,0.8138427,"Oct","Aug", 5.60000000,"winter","Vechta_2020_rye","Vechta_2020","Vechta_2020_rye_7", 5.3100000, 4, 5.158750,1.085534286,1.02931912,0.29166667,-1.00732867,-1.7925702,"prop_swf.2021",0.2495910259,0.0571933962,0.0538767609,0.0789740985,0.0407650426,0.0180089153,0.0376324632,0.0254616932,0.0299536334,0.0381866905, 100, 200, 300, 400, 500, 600, 700, 800, 900,1000
"V_AF_r3_24m","Vechta","2020","rye",24.0,10.644634,69.28825,14.63672,111,606,284, 1,2,0.6042268,31.54987, 83,68.64749,0.8138427,"Oct","Aug", 5.79000000,"winter","Vechta_2020_rye","Vechta_2020","Vechta_2020_rye_24", 5.4650000, 4, 5.158750,1.122364914,1.05936516,1.00000000,-1.00732867,-1.7925702,"prop_swf.2021",0.2495910259,0.0571933962,0.0538767609,0.0789740985,0.0407650426,0.0180089153,0.0376324632,0.0254616932,0.0299536334,0.0381866905, 100, 200, 300, 400, 500, 600, 700, 800, 900,1000
"V_AF_r4_1m","Vechta","2020","rye", 1.0,10.644634,69.28825,14.63672,111,606,284, 1,2,0.6042268,31.54987, 83,68.64749,0.8138427,"Oct","Aug", 5.18000000,"winter","Vechta_2020_rye","Vechta_2020","Vechta_2020_rye_1", 4.6100000, 4, 5.158750,1.004119215,0.89362733,0.04166667,-1.00732867,-1.7925702,"prop_swf.2021",0.2495910259,0.0571933962,0.0538767609,0.0789740985,0.0407650426,0.0180089153,0.0376324632,0.0254616932,0.0299536334,0.0381866905, 100, 200, 300, 400, 500, 600, 700, 800, 900,1000
"V_AF_r4_7m","Vechta","2020","rye", 7.0,10.644634,69.28825,14.63672,111,606,284, 1,2,0.6042268,31.54987, 83,68.64749,0.8138427,"Oct","Aug", 5.41000000,"winter","Vechta_2020_rye","Vechta_2020","Vechta_2020_rye_7", 5.3100000, 4, 5.158750,1.048703659,1.02931912,0.29166667,-1.00732867,-1.7925702,"prop_swf.2021",0.2495910259,0.0571933962,0.0538767609,0.0789740985,0.0407650426,0.0180089153,0.0376324632,0.0254616932,0.0299536334,0.0381866905, 100, 200, 300, 400, 500, 600, 700, 800, 900,1000
"V_AF_r4_24m","Vechta","2020","rye",24.0,10.644634,69.28825,14.63672,111,606,284, 1,2,0.6042268,31.54987, 83,68.64749,0.8138427,"Oct","Aug", 5.85000000,"winter","Vechta_2020_rye","Vechta_2020","Vechta_2020_rye_24", 5.4650000, 4, 5.158750,1.133995638,1.05936516,1.00000000,-1.00732867,-1.7925702,"prop_swf.2021",0.2495910259,0.0571933962,0.0538767609,0.0789740985,0.0407650426,0.0180089153,0.0376324632,0.0254616932,0.0299536334,0.0381866905, 100, 200, 300, 400, 500, 600, 700, 800, 900,1000
"V_AF_r1_1m","Vechta","2021","potato", 1.0,13.970024,46.81256,16.14397,111,606,284, 2,3,0.5863674,30.04514, 83,69.62038,0.8138427,"Apr","Oct", 8.94920000,"summer","Vechta_2021_potato","Vechta_2021","Vechta_2021_potato_1", 9.4614500, 4,10.746719,0.832737900,0.88040361,0.04166667, 0.67640621,-1.7925702,"prop_swf.2021",0.2495910259,0.0571933962,0.0538767609,0.0789740985,0.0407650426,0.0180089153,0.0376324632,0.0254616932,0.0299536334,0.0381866905, 100, 200, 300, 400, 500, 600, 700, 800, 900,1000
"V_AF_r1_4m","Vechta","2021","potato", 4.0,13.970024,46.81256,16.14397,111,606,284, 2,3,0.5863674,30.04514, 83,69.62038,0.8138427,"Apr","Oct",12.19500000,"summer","Vechta_2021_potato","Vechta_2021","Vechta_2021_potato_4",11.6687500, 4,10.746719,1.134764972,1.08579654,0.16666667, 0.67640621,-1.7925702,"prop_swf.2021",0.2495910259,0.0571933962,0.0538767609,0.0789740985,0.0407650426,0.0180089153,0.0376324632,0.0254616932,0.0299536334,0.0381866905, 100, 200, 300, 400, 500, 600, 700, 800, 900,1000
"V_AF_r1_7m","Vechta","2021","potato", 7.0,13.970024,46.81256,16.14397,111,606,284, 2,3,0.5863674,30.04514, 83,69.62038,0.8138427,"Apr","Oct", 9.90710000,"summer","Vechta_2021_potato","Vechta_2021","Vechta_2021_potato_7",10.5072750, 4,10.746719,0.921872083,0.97771936,0.29166667, 0.67640621,-1.7925702,"prop_swf.2021",0.2495910259,0.0571933962,0.0538767609,0.0789740985,0.0407650426,0.0180089153,0.0376324632,0.0254616932,0.0299536334,0.0381866905, 100, 200, 300, 400, 500, 600, 700, 800, 900,1000
"V_AF_r1_24m","Vechta","2021","potato",24.0,13.970024,46.81256,16.14397,111,606,284, 2,3,0.5863674,30.04514, 83,69.62038,0.8138427,"Apr","Oct",10.05120000,"summer","Vechta_2021_potato","Vechta_2021","Vechta_2021_potato_24",11.3494000, 4,10.746719,0.935280827,1.05608049,1.00000000, 0.67640621,-1.7925702,"prop_swf.2021",0.2495910259,0.0571933962,0.0538767609,0.0789740985,0.0407650426,0.0180089153,0.0376324632,0.0254616932,0.0299536334,0.0381866905, 100, 200, 300, 400, 500, 600, 700, 800, 900,1000
"V_AF_r2_1m","Vechta","2021","potato", 1.0,13.970024,46.81256,16.14397,111,606,284, 2,3,0.5863674,30.04514, 83,69.62038,0.8138427,"Apr","Oct",11.59000000,"summer","Vechta_2021_potato","Vechta_2021","Vechta_2021_potato_1", 9.4614500, 4,10.746719,1.078468719,0.88040361,0.04166667, 0.67640621,-1.7925702,"prop_swf.2021",0.2495910259,0.0571933962,0.0538767609,0.0789740985,0.0407650426,0.0180089153,0.0376324632,0.0254616932,0.0299536334,0.0381866905, 100, 200, 300, 400, 500, 600, 700, 800, 900,1000
"V_AF_r2_4m","Vechta","2021","potato", 4.0,13.970024,46.81256,16.14397,111,606,284, 2,3,0.5863674,30.04514, 83,69.62038,0.8138427,"Apr","Oct",11.07140000,"summer","Vechta_2021_potato","Vechta_2021","Vechta_2021_potato_4",11.6687500, 4,10.746719,1.030212129,1.08579654,0.16666667, 0.67640621,-1.7925702,"prop_swf.2021",0.2495910259,0.0571933962,0.0538767609,0.0789740985,0.0407650426,0.0180089153,0.0376324632,0.0254616932,0.0299536334,0.0381866905, 100, 200, 300, 400, 500, 600, 700, 800, 900,1000
"V_AF_r2_7m","Vechta","2021","potato", 7.0,13.970024,46.81256,16.14397,111,606,284, 2,3,0.5863674,30.04514, 83,69.62038,0.8138427,"Apr","Oct",10.21260000,"summer","Vechta_2021_potato","Vechta_2021","Vechta_2021_potato_7",10.5072750, 4,10.746719,0.950299365,0.97771936,0.29166667, 0.67640621,-1.7925702,"prop_swf.2021",0.2495910259,0.0571933962,0.0538767609,0.0789740985,0.0407650426,0.0180089153,0.0376324632,0.0254616932,0.0299536334,0.0381866905, 100, 200, 300, 400, 500, 600, 700, 800, 900,1000
"V_AF_r2_24m","Vechta","2021","potato",24.0,13.970024,46.81256,16.14397,111,606,284, 2,3,0.5863674,30.04514, 83,69.62038,0.8138427,"Apr","Oct",12.35810000,"summer","Vechta_2021_potato","Vechta_2021","Vechta_2021_potato_24",11.3494000, 4,10.746719,1.149941697,1.05608049,1.00000000, 0.67640621,-1.7925702,"prop_swf.2021",0.2495910259,0.0571933962,0.0538767609,0.0789740985,0.0407650426,0.0180089153,0.0376324632,0.0254616932,0.0299536334,0.0381866905, 100, 200, 300, 400, 500, 600, 700, 800, 900,1000
"V_AF_r3_1m","Vechta","2021","potato", 1.0,13.970024,46.81256,16.14397,111,606,284, 2,3,0.5863674,30.04514, 83,69.62038,0.8138427,"Apr","Oct", 8.81840000,"summer","Vechta_2021_potato","Vechta_2021","Vechta_2021_potato_1", 9.4614500, 4,10.746719,0.820566743,0.88040361,0.04166667, 0.67640621,-1.7925702,"prop_swf.2021",0.2495910259,0.0571933962,0.0538767609,0.0789740985,0.0407650426,0.0180089153,0.0376324632,0.0254616932,0.0299536334,0.0381866905, 100, 200, 300, 400, 500, 600, 700, 800, 900,1000
"V_AF_r3_4m","Vechta","2021","potato", 4.0,13.970024,46.81256,16.14397,111,606,284, 2,3,0.5863674,30.04514, 83,69.62038,0.8138427,"Apr","Oct",12.01960000,"summer","Vechta_2021_potato","Vechta_2021","Vechta_2021_potato_4",11.6687500, 4,10.746719,1.118443711,1.08579654,0.16666667, 0.67640621,-1.7925702,"prop_swf.2021",0.2495910259,0.0571933962,0.0538767609,0.0789740985,0.0407650426,0.0180089153,0.0376324632,0.0254616932,0.0299536334,0.0381866905, 100, 200, 300, 400, 500, 600, 700, 800, 900,1000
"V_AF_r3_7m","Vechta","2021","potato", 7.0,13.970024,46.81256,16.14397,111,606,284, 2,3,0.5863674,30.04514, 83,69.62038,0.8138427,"Apr","Oct",10.58410000,"summer","Vechta_2021_potato","Vechta_2021","Vechta_2021_potato_7",10.5072750, 4,10.746719,0.984868056,0.97771936,0.29166667, 0.67640621,-1.7925702,"prop_swf.2021",0.2495910259,0.0571933962,0.0538767609,0.0789740985,0.0407650426,0.0180089153,0.0376324632,0.0254616932,0.0299536334,0.0381866905, 100, 200, 300, 400, 500, 600, 700, 800, 900,1000
"V_AF_r3_24m","Vechta","2021","potato",24.0,13.970024,46.81256,16.14397,111,606,284, 2,3,0.5863674,30.04514, 83,69.62038,0.8138427,"Apr","Oct",11.65930000,"summer","Vechta_2021_potato","Vechta_2021","Vechta_2021_potato_24",11.3494000, 4,10.746719,1.084917199,1.05608049,1.00000000, 0.67640621,-1.7925702,"prop_swf.2021",0.2495910259,0.0571933962,0.0538767609,0.0789740985,0.0407650426,0.0180089153,0.0376324632,0.0254616932,0.0299536334,0.0381866905, 100, 200, 300, 400, 500, 600, 700, 800, 900,1000
"V_AF_r4_1m","Vechta","2021","potato", 1.0,13.970024,46.81256,16.14397,111,606,284, 2,3,0.5863674,30.04514, 83,69.62038,0.8138427,"Apr","Oct", 8.48820000,"summer","Vechta_2021_potato","Vechta_2021","Vechta_2021_potato_1", 9.4614500, 4,10.746719,0.789841085,0.88040361,0.04166667, 0.67640621,-1.7925702,"prop_swf.2021",0.2495910259,0.0571933962,0.0538767609,0.0789740985,0.0407650426,0.0180089153,0.0376324632,0.0254616932,0.0299536334,0.0381866905, 100, 200, 300, 400, 500, 600, 700, 800, 900,1000
"V_AF_r4_4m","Vechta","2021","potato", 4.0,13.970024,46.81256,16.14397,111,606,284, 2,3,0.5863674,30.04514, 83,69.62038,0.8138427,"Apr","Oct",11.38900000,"summer","Vechta_2021_potato","Vechta_2021","Vechta_2021_potato_4",11.6687500, 4,10.746719,1.059765335,1.08579654,0.16666667, 0.67640621,-1.7925702,"prop_swf.2021",0.2495910259,0.0571933962,0.0538767609,0.0789740985,0.0407650426,0.0180089153,0.0376324632,0.0254616932,0.0299536334,0.0381866905, 100, 200, 300, 400, 500, 600, 700, 800, 900,1000
"V_AF_r4_7m","Vechta","2021","potato", 7.0,13.970024,46.81256,16.14397,111,606,284, 2,3,0.5863674,30.04514, 83,69.62038,0.8138427,"Apr","Oct",11.32530000,"summer","Vechta_2021_potato","Vechta_2021","Vechta_2021_potato_7",10.5072750, 4,10.746719,1.053837945,0.97771936,0.29166667, 0.67640621,-1.7925702,"prop_swf.2021",0.2495910259,0.0571933962,0.0538767609,0.0789740985,0.0407650426,0.0180089153,0.0376324632,0.0254616932,0.0299536334,0.0381866905, 100, 200, 300, 400, 500, 600, 700, 800, 900,1000
"V_AF_r4_24m","Vechta","2021","potato",24.0,13.970024,46.81256,16.14397,111,606,284, 2,3,0.5863674,30.04514, 83,69.62038,0.8138427,"Apr","Oct",11.32900000,"summer","Vechta_2021_potato","Vechta_2021","Vechta_2021_potato_24",11.3494000, 4,10.746719,1.054182236,1.05608049,1.00000000, 0.67640621,-1.7925702,"prop_swf.2021",0.2495910259,0.0571933962,0.0538767609,0.0789740985,0.0407650426,0.0180089153,0.0376324632,0.0254616932,0.0299536334,0.0381866905, 100, 200, 300, 400, 500, 600, 700, 800, 900,1000
"V_AF_r1_1m","Vechta","2022","rye", 1.0, 9.420202,44.78073,14.82332,111,606,284, 3,4,0.6120227,31.74721, 82,68.27553,0.8138427,"Nov","Jul", 5.32000000,"winter","Vechta_2022_rye","Vechta_2022","Vechta_2022_rye_1", 5.7700000, 4, 6.124375,0.868660067,0.94213695,0.04166667,-0.45785027,-1.7925702,"prop_swf.2021",0.2495910259,0.0571933962,0.0538767609,0.0789740985,0.0407650426,0.0180089153,0.0376324632,0.0254616932,0.0299536334,0.0381866905, 100, 200, 300, 400, 500, 600, 700, 800, 900,1000
"V_AF_r1_24m","Vechta","2022","rye",24.0, 9.420202,44.78073,14.82332,111,606,284, 3,4,0.6120227,31.74721, 82,68.27553,0.8138427,"Nov","Jul", 5.99000000,"winter","Vechta_2022_rye","Vechta_2022","Vechta_2022_rye_24", 6.7850000, 4, 6.124375,0.978058986,1.10786815,1.00000000,-0.45785027,-1.7925702,"prop_swf.2021",0.2495910259,0.0571933962,0.0538767609,0.0789740985,0.0407650426,0.0180089153,0.0376324632,0.0254616932,0.0299536334,0.0381866905, 100, 200, 300, 400, 500, 600, 700, 800, 900,1000
"V_AF_r1_4m","Vechta","2022","rye", 4.0, 9.420202,44.78073,14.82332,111,606,284, 3,4,0.6120227,31.74721, 82,68.27553,0.8138427,"Nov","Jul", 5.01000000,"winter","Vechta_2022_rye","Vechta_2022","Vechta_2022_rye_4", 5.8975000, 4, 6.124375,0.818042657,0.96295540,0.16666667,-0.45785027,-1.7925702,"prop_swf.2021",0.2495910259,0.0571933962,0.0538767609,0.0789740985,0.0407650426,0.0180089153,0.0376324632,0.0254616932,0.0299536334,0.0381866905, 100, 200, 300, 400, 500, 600, 700, 800, 900,1000
"V_AF_r1_7m","Vechta","2022","rye", 7.0, 9.420202,44.78073,14.82332,111,606,284, 3,4,0.6120227,31.74721, 82,68.27553,0.8138427,"Nov","Jul", 5.26000000,"winter","Vechta_2022_rye","Vechta_2022","Vechta_2022_rye_7", 6.0450000, 4, 6.124375,0.858863149,0.98703949,0.29166667,-0.45785027,-1.7925702,"prop_swf.2021",0.2495910259,0.0571933962,0.0538767609,0.0789740985,0.0407650426,0.0180089153,0.0376324632,0.0254616932,0.0299536334,0.0381866905, 100, 200, 300, 400, 500, 600, 700, 800, 900,1000
"V_AF_r2_1m","Vechta","2022","rye", 1.0, 9.420202,44.78073,14.82332,111,606,284, 3,4,0.6120227,31.74721, 82,68.27553,0.8138427,"Nov","Jul", 5.99000000,"winter","Vechta_2022_rye","Vechta_2022","Vechta_2022_rye_1", 5.7700000, 4, 6.124375,0.978058986,0.94213695,0.04166667,-0.45785027,-1.7925702,"prop_swf.2021",0.2495910259,0.0571933962,0.0538767609,0.0789740985,0.0407650426,0.0180089153,0.0376324632,0.0254616932,0.0299536334,0.0381866905, 100, 200, 300, 400, 500, 600, 700, 800, 900,1000
"V_AF_r2_24m","Vechta","2022","rye",24.0, 9.420202,44.78073,14.82332,111,606,284, 3,4,0.6120227,31.74721, 82,68.27553,0.8138427,"Nov","Jul", 6.19000000,"winter","Vechta_2022_rye","Vechta_2022","Vechta_2022_rye_24", 6.7850000, 4, 6.124375,1.010715379,1.10786815,1.00000000,-0.45785027,-1.7925702,"prop_swf.2021",0.2495910259,0.0571933962,0.0538767609,0.0789740985,0.0407650426,0.0180089153,0.0376324632,0.0254616932,0.0299536334,0.0381866905, 100, 200, 300, 400, 500, 600, 700, 800, 900,1000
"V_AF_r2_4m","Vechta","2022","rye", 4.0, 9.420202,44.78073,14.82332,111,606,284, 3,4,0.6120227,31.74721, 82,68.27553,0.8138427,"Nov","Jul", 5.62000000,"winter","Vechta_2022_rye","Vechta_2022","Vechta_2022_rye_4", 5.8975000, 4, 6.124375,0.917644658,0.96295540,0.16666667,-0.45785027,-1.7925702,"prop_swf.2021",0.2495910259,0.0571933962,0.0538767609,0.0789740985,0.0407650426,0.0180089153,0.0376324632,0.0254616932,0.0299536334,0.0381866905, 100, 200, 300, 400, 500, 600, 700, 800, 900,1000
"V_AF_r2_7m","Vechta","2022","rye", 7.0, 9.420202,44.78073,14.82332,111,606,284, 3,4,0.6120227,31.74721, 82,68.27553,0.8138427,"Nov","Jul", 5.51000000,"winter","Vechta_2022_rye","Vechta_2022","Vechta_2022_rye_7", 6.0450000, 4, 6.124375,0.899683641,0.98703949,0.29166667,-0.45785027,-1.7925702,"prop_swf.2021",0.2495910259,0.0571933962,0.0538767609,0.0789740985,0.0407650426,0.0180089153,0.0376324632,0.0254616932,0.0299536334,0.0381866905, 100, 200, 300, 400, 500, 600, 700, 800, 900,1000
"V_AF_r3_1m","Vechta","2022","rye", 1.0, 9.420202,44.78073,14.82332,111,606,284, 3,4,0.6120227,31.74721, 82,68.27553,0.8138427,"Nov","Jul", 6.56000000,"winter","Vechta_2022_rye","Vechta_2022","Vechta_2022_rye_1", 5.7700000, 4, 6.124375,1.071129707,0.94213695,0.04166667,-0.45785027,-1.7925702,"prop_swf.2021",0.2495910259,0.0571933962,0.0538767609,0.0789740985,0.0407650426,0.0180089153,0.0376324632,0.0254616932,0.0299536334,0.0381866905, 100, 200, 300, 400, 500, 600, 700, 800, 900,1000
"V_AF_r3_24m","Vechta","2022","rye",24.0, 9.420202,44.78073,14.82332,111,606,284, 3,4,0.6120227,31.74721, 82,68.27553,0.8138427,"Nov","Jul", 7.55000000,"winter","Vechta_2022_rye","Vechta_2022","Vechta_2022_rye_24", 6.7850000, 4, 6.124375,1.232778855,1.10786815,1.00000000,-0.45785027,-1.7925702,"prop_swf.2021",0.2495910259,0.0571933962,0.0538767609,0.0789740985,0.0407650426,0.0180089153,0.0376324632,0.0254616932,0.0299536334,0.0381866905, 100, 200, 300, 400, 500, 600, 700, 800, 900,1000
"V_AF_r3_4m","Vechta","2022","rye", 4.0, 9.420202,44.78073,14.82332,111,606,284, 3,4,0.6120227,31.74721, 82,68.27553,0.8138427,"Nov","Jul", 6.51000000,"winter","Vechta_2022_rye","Vechta_2022","Vechta_2022_rye_4", 5.8975000, 4, 6.124375,1.062965609,0.96295540,0.16666667,-0.45785027,-1.7925702,"prop_swf.2021",0.2495910259,0.0571933962,0.0538767609,0.0789740985,0.0407650426,0.0180089153,0.0376324632,0.0254616932,0.0299536334,0.0381866905, 100, 200, 300, 400, 500, 600, 700, 800, 900,1000
"V_AF_r3_7m","Vechta","2022","rye", 7.0, 9.420202,44.78073,14.82332,111,606,284, 3,4,0.6120227,31.74721, 82,68.27553,0.8138427,"Nov","Jul", 6.79000000,"winter","Vechta_2022_rye","Vechta_2022","Vechta_2022_rye_7", 6.0450000, 4, 6.124375,1.108684560,0.98703949,0.29166667,-0.45785027,-1.7925702,"prop_swf.2021",0.2495910259,0.0571933962,0.0538767609,0.0789740985,0.0407650426,0.0180089153,0.0376324632,0.0254616932,0.0299536334,0.0381866905, 100, 200, 300, 400, 500, 600, 700, 800, 900,1000
"V_AF_r4_1m","Vechta","2022","rye", 1.0, 9.420202,44.78073,14.82332,111,606,284, 3,4,0.6120227,31.74721, 82,68.27553,0.8138427,"Nov","Jul", 5.21000000,"winter","Vechta_2022_rye","Vechta_2022","Vechta_2022_rye_1", 5.7700000, 4, 6.124375,0.850699051,0.94213695,0.04166667,-0.45785027,-1.7925702,"prop_swf.2021",0.2495910259,0.0571933962,0.0538767609,0.0789740985,0.0407650426,0.0180089153,0.0376324632,0.0254616932,0.0299536334,0.0381866905, 100, 200, 300, 400, 500, 600, 700, 800, 900,1000
"V_AF_r4_24m","Vechta","2022","rye",24.0, 9.420202,44.78073,14.82332,111,606,284, 3,4,0.6120227,31.74721, 82,68.27553,0.8138427,"Nov","Jul", 7.41000000,"winter","Vechta_2022_rye","Vechta_2022","Vechta_2022_rye_24", 6.7850000, 4, 6.124375,1.209919380,1.10786815,1.00000000,-0.45785027,-1.7925702,"prop_swf.2021",0.2495910259,0.0571933962,0.0538767609,0.0789740985,0.0407650426,0.0180089153,0.0376324632,0.0254616932,0.0299536334,0.0381866905, 100, 200, 300, 400, 500, 600, 700, 800, 900,1000
"V_AF_r4_4m","Vechta","2022","rye", 4.0, 9.420202,44.78073,14.82332,111,606,284, 3,4,0.6120227,31.74721, 82,68.27553,0.8138427,"Nov","Jul", 6.45000000,"winter","Vechta_2022_rye","Vechta_2022","Vechta_2022_rye_4", 5.8975000, 4, 6.124375,1.053168691,0.96295540,0.16666667,-0.45785027,-1.7925702,"prop_swf.2021",0.2495910259,0.0571933962,0.0538767609,0.0789740985,0.0407650426,0.0180089153,0.0376324632,0.0254616932,0.0299536334,0.0381866905, 100, 200, 300, 400, 500, 600, 700, 800, 900,1000
"V_AF_r4_7m","Vechta","2022","rye", 7.0, 9.420202,44.78073,14.82332,111,606,284, 3,4,0.6120227,31.74721, 82,68.27553,0.8138427,"Nov","Jul", 6.62000000,"winter","Vechta_2022_rye","Vechta_2022","Vechta_2022_rye_7", 6.0450000, 4, 6.124375,1.080926625,0.98703949,0.29166667,-0.45785027,-1.7925702,"prop_swf.2021",0.2495910259,0.0571933962,0.0538767609,0.0789740985,0.0407650426,0.0180089153,0.0376324632,0.0254616932,0.0299536334,0.0381866905, 100, 200, 300, 400, 500, 600, 700, 800, 900,1000
"V_AF_r1_1m","Vechta","2023","rapeseed", 1.0,10.045455,71.55120,14.19990,111,606,284, 4,5,0.6126827,31.88464, 91,68.22526,0.8138427,"Sep","Jul", 2.15000000,"winter","Vechta_2023_rapeseed","Vechta_2023","Vechta_2023_rapeseed_1", 2.1602500, 4, 2.683187,0.801285784,0.80510587,0.04166667,-1.27879912,-1.7925702,"prop_swf.2021",0.2495910259,0.0571933962,0.0538767609,0.0789740985,0.0407650426,0.0180089153,0.0376324632,0.0254616932,0.0299536334,0.0381866905, 100, 200, 300, 400, 500, 600, 700, 800, 900,1000
"V_AF_r1_24m","Vechta","2023","rapeseed",24.0,10.045455,71.55120,14.19990,111,606,284, 4,5,0.6126827,31.88464, 91,68.22526,0.8138427,"Sep","Jul", 1.89000000,"winter","Vechta_2023_rapeseed","Vechta_2023","Vechta_2023_rapeseed_24", 2.6300000, 4, 2.683187,0.704386108,0.98017749,1.00000000,-1.27879912,-1.7925702,"prop_swf.2021",0.2495910259,0.0571933962,0.0538767609,0.0789740985,0.0407650426,0.0180089153,0.0376324632,0.0254616932,0.0299536334,0.0381866905, 100, 200, 300, 400, 500, 600, 700, 800, 900,1000
"V_AF_r1_4m","Vechta","2023","rapeseed", 4.0,10.045455,71.55120,14.19990,111,606,284, 4,5,0.6126827,31.88464, 91,68.22526,0.8138427,"Sep","Jul", 2.78000000,"winter","Vechta_2023_rapeseed","Vechta_2023","Vechta_2023_rapeseed_4", 2.9025000, 4, 2.683187,1.036081153,1.08173581,0.16666667,-1.27879912,-1.7925702,"prop_swf.2021",0.2495910259,0.0571933962,0.0538767609,0.0789740985,0.0407650426,0.0180089153,0.0376324632,0.0254616932,0.0299536334,0.0381866905, 100, 200, 300, 400, 500, 600, 700, 800, 900,1000
"V_AF_r1_7m","Vechta","2023","rapeseed", 7.0,10.045455,71.55120,14.19990,111,606,284, 4,5,0.6126827,31.88464, 91,68.22526,0.8138427,"Sep","Jul", 2.36000000,"winter","Vechta_2023_rapeseed","Vechta_2023","Vechta_2023_rapeseed_7", 3.0400000, 4, 2.683187,0.879550907,1.13298083,0.29166667,-1.27879912,-1.7925702,"prop_swf.2021",0.2495910259,0.0571933962,0.0538767609,0.0789740985,0.0407650426,0.0180089153,0.0376324632,0.0254616932,0.0299536334,0.0381866905, 100, 200, 300, 400, 500, 600, 700, 800, 900,1000
"V_AF_r2_1m","Vechta","2023","rapeseed", 1.0,10.045455,71.55120,14.19990,111,606,284, 4,5,0.6126827,31.88464, 91,68.22526,0.8138427,"Sep","Jul", 2.77000000,"winter","Vechta_2023_rapeseed","Vechta_2023","Vechta_2023_rapeseed_1", 2.1602500, 4, 2.683187,1.032354243,0.80510587,0.04166667,-1.27879912,-1.7925702,"prop_swf.2021",0.2495910259,0.0571933962,0.0538767609,0.0789740985,0.0407650426,0.0180089153,0.0376324632,0.0254616932,0.0299536334,0.0381866905, 100, 200, 300, 400, 500, 600, 700, 800, 900,1000
"V_AF_r2_24m","Vechta","2023","rapeseed",24.0,10.045455,71.55120,14.19990,111,606,284, 4,5,0.6126827,31.88464, 91,68.22526,0.8138427,"Sep","Jul", 2.32000000,"winter","Vechta_2023_rapeseed","Vechta_2023","Vechta_2023_rapeseed_24", 2.6300000, 4, 2.683187,0.864643265,0.98017749,1.00000000,-1.27879912,-1.7925702,"prop_swf.2021",0.2495910259,0.0571933962,0.0538767609,0.0789740985,0.0407650426,0.0180089153,0.0376324632,0.0254616932,0.0299536334,0.0381866905, 100, 200, 300, 400, 500, 600, 700, 800, 900,1000
"V_AF_r2_4m","Vechta","2023","rapeseed", 4.0,10.045455,71.55120,14.19990,111,606,284, 4,5,0.6126827,31.88464, 91,68.22526,0.8138427,"Sep","Jul", 2.93000000,"winter","Vechta_2023_rapeseed","Vechta_2023","Vechta_2023_rapeseed_4", 2.9025000, 4, 2.683187,1.091984813,1.08173581,0.16666667,-1.27879912,-1.7925702,"prop_swf.2021",0.2495910259,0.0571933962,0.0538767609,0.0789740985,0.0407650426,0.0180089153,0.0376324632,0.0254616932,0.0299536334,0.0381866905, 100, 200, 300, 400, 500, 600, 700, 800, 900,1000
"V_AF_r2_7m","Vechta","2023","rapeseed", 7.0,10.045455,71.55120,14.19990,111,606,284, 4,5,0.6126827,31.88464, 91,68.22526,0.8138427,"Sep","Jul", 2.79000000,"winter","Vechta_2023_rapeseed","Vechta_2023","Vechta_2023_rapeseed_7", 3.0400000, 4, 2.683187,1.039808064,1.13298083,0.29166667,-1.27879912,-1.7925702,"prop_swf.2021",0.2495910259,0.0571933962,0.0538767609,0.0789740985,0.0407650426,0.0180089153,0.0376324632,0.0254616932,0.0299536334,0.0381866905, 100, 200, 300, 400, 500, 600, 700, 800, 900,1000
"V_AF_r3_1m","Vechta","2023","rapeseed", 1.0,10.045455,71.55120,14.19990,111,606,284, 4,5,0.6126827,31.88464, 91,68.22526,0.8138427,"Sep","Jul", 2.83000000,"winter","Vechta_2023_rapeseed","Vechta_2023","Vechta_2023_rapeseed_1", 2.1602500, 4, 2.683187,1.054715707,0.80510587,0.04166667,-1.27879912,-1.7925702,"prop_swf.2021",0.2495910259,0.0571933962,0.0538767609,0.0789740985,0.0407650426,0.0180089153,0.0376324632,0.0254616932,0.0299536334,0.0381866905, 100, 200, 300, 400, 500, 600, 700, 800, 900,1000
"V_AF_r3_24m","Vechta","2023","rapeseed",24.0,10.045455,71.55120,14.19990,111,606,284, 4,5,0.6126827,31.88464, 91,68.22526,0.8138427,"Sep","Jul", 3.34000000,"winter","Vechta_2023_rapeseed","Vechta_2023","Vechta_2023_rapeseed_24", 2.6300000, 4, 2.683187,1.244788148,0.98017749,1.00000000,-1.27879912,-1.7925702,"prop_swf.2021",0.2495910259,0.0571933962,0.0538767609,0.0789740985,0.0407650426,0.0180089153,0.0376324632,0.0254616932,0.0299536334,0.0381866905, 100, 200, 300, 400, 500, 600, 700, 800, 900,1000
"V_AF_r3_4m","Vechta","2023","rapeseed", 4.0,10.045455,71.55120,14.19990,111,606,284, 4,5,0.6126827,31.88464, 91,68.22526,0.8138427,"Sep","Jul", 3.63000000,"winter","Vechta_2023_rapeseed","Vechta_2023","Vechta_2023_rapeseed_4", 2.9025000, 4, 2.683187,1.352868557,1.08173581,0.16666667,-1.27879912,-1.7925702,"prop_swf.2021",0.2495910259,0.0571933962,0.0538767609,0.0789740985,0.0407650426,0.0180089153,0.0376324632,0.0254616932,0.0299536334,0.0381866905, 100, 200, 300, 400, 500, 600, 700, 800, 900,1000
"V_AF_r3_7m","Vechta","2023","rapeseed", 7.0,10.045455,71.55120,14.19990,111,606,284, 4,5,0.6126827,31.88464, 91,68.22526,0.8138427,"Sep","Jul", 3.60000000,"winter","Vechta_2023_rapeseed","Vechta_2023","Vechta_2023_rapeseed_7", 3.0400000, 4, 2.683187,1.341687825,1.13298083,0.29166667,-1.27879912,-1.7925702,"prop_swf.2021",0.2495910259,0.0571933962,0.0538767609,0.0789740985,0.0407650426,0.0180089153,0.0376324632,0.0254616932,0.0299536334,0.0381866905, 100, 200, 300, 400, 500, 600, 700, 800, 900,1000
"V_AF_r4_1m","Vechta","2023","rapeseed", 1.0,10.045455,71.55120,14.19990,111,606,284, 4,5,0.6126827,31.88464, 91,68.22526,0.8138427,"Sep","Jul", 0.89100000,"winter","Vechta_2023_rapeseed","Vechta_2023","Vechta_2023_rapeseed_1", 2.1602500, 4, 2.683187,0.332067737,0.80510587,0.04166667,-1.27879912,-1.7925702,"prop_swf.2021",0.2495910259,0.0571933962,0.0538767609,0.0789740985,0.0407650426,0.0180089153,0.0376324632,0.0254616932,0.0299536334,0.0381866905, 100, 200, 300, 400, 500, 600, 700, 800, 900,1000
"V_AF_r4_24m","Vechta","2023","rapeseed",24.0,10.045455,71.55120,14.19990,111,606,284, 4,5,0.6126827,31.88464, 91,68.22526,0.8138427,"Sep","Jul", 2.97000000,"winter","Vechta_2023_rapeseed","Vechta_2023","Vechta_2023_rapeseed_24", 2.6300000, 4, 2.683187,1.106892455,0.98017749,1.00000000,-1.27879912,-1.7925702,"prop_swf.2021",0.2495910259,0.0571933962,0.0538767609,0.0789740985,0.0407650426,0.0180089153,0.0376324632,0.0254616932,0.0299536334,0.0381866905, 100, 200, 300, 400, 500, 600, 700, 800, 900,1000
"V_AF_r4_4m","Vechta","2023","rapeseed", 4.0,10.045455,71.55120,14.19990,111,606,284, 4,5,0.6126827,31.88464, 91,68.22526,0.8138427,"Sep","Jul", 2.27000000,"winter","Vechta_2023_rapeseed","Vechta_2023","Vechta_2023_rapeseed_4", 2.9025000, 4, 2.683187,0.846008712,1.08173581,0.16666667,-1.27879912,-1.7925702,"prop_swf.2021",0.2495910259,0.0571933962,0.0538767609,0.0789740985,0.0407650426,0.0180089153,0.0376324632,0.0254616932,0.0299536334,0.0381866905, 100, 200, 300, 400, 500, 600, 700, 800, 900,1000
"V_AF_r4_7m","Vechta","2023","rapeseed", 7.0,10.045455,71.55120,14.19990,111,606,284, 4,5,0.6126827,31.88464, 91,68.22526,0.8138427,"Sep","Jul", 3.41000000,"winter","Vechta_2023_rapeseed","Vechta_2023","Vechta_2023_rapeseed_7", 3.0400000, 4, 2.683187,1.270876523,1.13298083,0.29166667,-1.27879912,-1.7925702,"prop_swf.2021",0.2495910259,0.0571933962,0.0538767609,0.0789740985,0.0407650426,0.0180089153,0.0376324632,0.0254616932,0.0299536334,0.0381866905, 100, 200, 300, 400, 500, 600, 700, 800, 900,1000
"R_AF_r1_1m","Reiffenhausen","2016","barley", 1.0, 8.667668,65.74230,11.37226,429,327,244, 5,1,0.9078458,34.60731,117,74.18059,1.7514212,"Sep","Jul", 3.01790000,"winter","Reiffenhausen_2016_barley","Reiffenhausen_2016","Reiffenhausen_2016_barley_1", 3.2214000, 4, 5.339558,0.565196560,0.60330833,0.14285714,-1.83091563, 0.6025200,"prop_swf.2015",0.0132583367,0.0083015481,0.0083903045,0.0193471810,0.0415424560,0.0292832875,0.0041114983,0.0007350689,0.0006008959,0.0031583103, 100, 200, 300, 400, 500, 600, 700, 800, 900,1000
"R_AF_r1_1m","Reiffenhausen","2017","rapeseed", 1.0, 8.249486,69.13877,11.97388,429,327,244, 6,2,0.9078458,34.60731,117,74.18059,1.7514212,"Sep","Jul", 2.16840000,"winter","Reiffenhausen_2017_rapeseed","Reiffenhausen_2017","Reiffenhausen_2017_rapeseed_1", 1.9439750, 4, 2.684808,0.807655419,0.72406472,0.14285714,-1.93854806, 0.6025200,"prop_swf.2018",0.1523388116,0.0429955947,0.0635753508,0.0706730319,0.0703373166,0.0460882297,0.0236816139,0.0197117933,0.0220110915,0.0242076270, 100, 200, 300, 400, 500, 600, 700, 800, 900,1000
"R_AF_r1_4m","Reiffenhausen","2016","barley", 4.0, 8.667668,65.74230,11.37226,429,327,244, 5,1,0.9078458,34.60731,117,74.18059,1.7514212,"Sep","Jul", 6.23510000,"winter","Reiffenhausen_2016_barley","Reiffenhausen_2016","Reiffenhausen_2016_barley_4", 5.9860750, 4, 5.339558,1.167718304,1.12108055,0.57142857,-1.83091563, 0.6025200,"prop_swf.2015",0.0132583367,0.0083015481,0.0083903045,0.0193471810,0.0415424560,0.0292832875,0.0041114983,0.0007350689,0.0006008959,0.0031583103, 100, 200, 300, 400, 500, 600, 700, 800, 900,1000
"R_AF_r1_4m","Reiffenhausen","2017","rapeseed", 4.0, 8.249486,69.13877,11.97388,429,327,244, 6,2,0.9078458,34.60731,117,74.18059,1.7514212,"Sep","Jul", 3.12280000,"winter","Reiffenhausen_2017_rapeseed","Reiffenhausen_2017","Reiffenhausen_2017_rapeseed_4", 2.9556250, 4, 2.684808,1.163137033,1.10087002,0.57142857,-1.93854806, 0.6025200,"prop_swf.2018",0.1523388116,0.0429955947,0.0635753508,0.0706730319,0.0703373166,0.0460882297,0.0236816139,0.0197117933,0.0220110915,0.0242076270, 100, 200, 300, 400, 500, 600, 700, 800, 900,1000
"R_AF_r1_7m","Reiffenhausen","2016","barley", 7.0, 8.667668,65.74230,11.37226,429,327,244, 5,1,0.9078458,34.60731,117,74.18059,1.7514212,"Sep","Jul", 6.59270000,"winter","Reiffenhausen_2016_barley","Reiffenhausen_2016","Reiffenhausen_2016_barley_7", 6.8112000, 4, 5.339558,1.234690135,1.27561112,1.00000000,-1.83091563, 0.6025200,"prop_swf.2015",0.0132583367,0.0083015481,0.0083903045,0.0193471810,0.0415424560,0.0292832875,0.0041114983,0.0007350689,0.0006008959,0.0031583103, 100, 200, 300, 400, 500, 600, 700, 800, 900,1000
"R_AF_r1_7m","Reiffenhausen","2017","rapeseed", 7.0, 8.249486,69.13877,11.97388,429,327,244, 6,2,0.9078458,34.60731,117,74.18059,1.7514212,"Sep","Jul", 3.20070000,"winter","Reiffenhausen_2017_rapeseed","Reiffenhausen_2017","Reiffenhausen_2017_rapeseed_7", 3.1548250, 4, 2.684808,1.192152140,1.17506526,1.00000000,-1.93854806, 0.6025200,"prop_swf.2018",0.1523388116,0.0429955947,0.0635753508,0.0706730319,0.0703373166,0.0460882297,0.0236816139,0.0197117933,0.0220110915,0.0242076270, 100, 200, 300, 400, 500, 600, 700, 800, 900,1000
"R_AF_r2_1m","Reiffenhausen","2016","barley", 1.0, 8.667668,65.74230,11.37226,429,327,244, 5,1,0.9078458,34.60731,117,74.18059,1.7514212,"Sep","Jul", 3.28760000,"winter","Reiffenhausen_2016_barley","Reiffenhausen_2016","Reiffenhausen_2016_barley_1", 3.2214000, 4, 5.339558,0.615706355,0.60330833,0.14285714,-1.83091563, 0.6025200,"prop_swf.2015",0.0132583367,0.0083015481,0.0083903045,0.0193471810,0.0415424560,0.0292832875,0.0041114983,0.0007350689,0.0006008959,0.0031583103, 100, 200, 300, 400, 500, 600, 700, 800, 900,1000
"R_AF_r2_1m","Reiffenhausen","2017","rapeseed", 1.0, 8.249486,69.13877,11.97388,429,327,244, 6,2,0.9078458,34.60731,117,74.18059,1.7514212,"Sep","Jul", 2.11200000,"winter","Reiffenhausen_2017_rapeseed","Reiffenhausen_2017","Reiffenhausen_2017_rapeseed_1", 1.9439750, 4, 2.684808,0.786648333,0.72406472,0.14285714,-1.93854806, 0.6025200,"prop_swf.2018",0.1523388116,0.0429955947,0.0635753508,0.0706730319,0.0703373166,0.0460882297,0.0236816139,0.0197117933,0.0220110915,0.0242076270, 100, 200, 300, 400, 500, 600, 700, 800, 900,1000
"R_AF_r2_4m","Reiffenhausen","2016","barley", 4.0, 8.667668,65.74230,11.37226,429,327,244, 5,1,0.9078458,34.60731,117,74.18059,1.7514212,"Sep","Jul", 5.45600000,"winter","Reiffenhausen_2016_barley","Reiffenhausen_2016","Reiffenhausen_2016_barley_4", 5.9860750, 4, 5.339558,1.021807359,1.12108055,0.57142857,-1.83091563, 0.6025200,"prop_swf.2015",0.0132583367,0.0083015481,0.0083903045,0.0193471810,0.0415424560,0.0292832875,0.0041114983,0.0007350689,0.0006008959,0.0031583103, 100, 200, 300, 400, 500, 600, 700, 800, 900,1000
"R_AF_r2_4m","Reiffenhausen","2017","rapeseed", 4.0, 8.249486,69.13877,11.97388,429,327,244, 6,2,0.9078458,34.60731,117,74.18059,1.7514212,"Sep","Jul", 2.92840000,"winter","Reiffenhausen_2017_rapeseed","Reiffenhausen_2017","Reiffenhausen_2017_rapeseed_4", 2.9556250, 4, 2.684808,1.090729630,1.10087002,0.57142857,-1.93854806, 0.6025200,"prop_swf.2018",0.1523388116,0.0429955947,0.0635753508,0.0706730319,0.0703373166,0.0460882297,0.0236816139,0.0197117933,0.0220110915,0.0242076270, 100, 200, 300, 400, 500, 600, 700, 800, 900,1000
"R_AF_r2_7m","Reiffenhausen","2016","barley", 7.0, 8.667668,65.74230,11.37226,429,327,244, 5,1,0.9078458,34.60731,117,74.18059,1.7514212,"Sep","Jul", 5.80760000,"winter","Reiffenhausen_2016_barley","Reiffenhausen_2016","Reiffenhausen_2016_barley_7", 6.8112000, 4, 5.339558,1.087655502,1.27561112,1.00000000,-1.83091563, 0.6025200,"prop_swf.2015",0.0132583367,0.0083015481,0.0083903045,0.0193471810,0.0415424560,0.0292832875,0.0041114983,0.0007350689,0.0006008959,0.0031583103, 100, 200, 300, 400, 500, 600, 700, 800, 900,1000
"R_AF_r2_7m","Reiffenhausen","2017","rapeseed", 7.0, 8.249486,69.13877,11.97388,429,327,244, 6,2,0.9078458,34.60731,117,74.18059,1.7514212,"Sep","Jul", 3.44140000,"winter","Reiffenhausen_2017_rapeseed","Reiffenhausen_2017","Reiffenhausen_2017_rapeseed_7", 3.1548250, 4, 2.684808,1.281804722,1.17506526,1.00000000,-1.93854806, 0.6025200,"prop_swf.2018",0.1523388116,0.0429955947,0.0635753508,0.0706730319,0.0703373166,0.0460882297,0.0236816139,0.0197117933,0.0220110915,0.0242076270, 100, 200, 300, 400, 500, 600, 700, 800, 900,1000
"R_AF_r3_1m","Reiffenhausen","2016","barley", 1.0, 8.667668,65.74230,11.37226,429,327,244, 5,1,0.9078458,34.60731,117,74.18059,1.7514212,"Sep","Jul", 2.89160000,"winter","Reiffenhausen_2016_barley","Reiffenhausen_2016","Reiffenhausen_2016_barley_1", 3.2214000, 4, 5.339558,0.541542918,0.60330833,0.14285714,-1.83091563, 0.6025200,"prop_swf.2015",0.0132583367,0.0083015481,0.0083903045,0.0193471810,0.0415424560,0.0292832875,0.0041114983,0.0007350689,0.0006008959,0.0031583103, 100, 200, 300, 400, 500, 600, 700, 800, 900,1000
"R_AF_r3_1m","Reiffenhausen","2017","rapeseed", 1.0, 8.249486,69.13877,11.97388,429,327,244, 6,2,0.9078458,34.60731,117,74.18059,1.7514212,"Sep","Jul", 1.94700000,"winter","Reiffenhausen_2017_rapeseed","Reiffenhausen_2017","Reiffenhausen_2017_rapeseed_1", 1.9439750, 4, 2.684808,0.725191432,0.72406472,0.14285714,-1.93854806, 0.6025200,"prop_swf.2018",0.1523388116,0.0429955947,0.0635753508,0.0706730319,0.0703373166,0.0460882297,0.0236816139,0.0197117933,0.0220110915,0.0242076270, 100, 200, 300, 400, 500, 600, 700, 800, 900,1000
"R_AF_r3_4m","Reiffenhausen","2016","barley", 4.0, 8.667668,65.74230,11.37226,429,327,244, 5,1,0.9078458,34.60731,117,74.18059,1.7514212,"Sep","Jul", 5.84860000,"winter","Reiffenhausen_2016_barley","Reiffenhausen_2016","Reiffenhausen_2016_barley_4", 5.9860750, 4, 5.339558,1.095334040,1.12108055,0.57142857,-1.83091563, 0.6025200,"prop_swf.2015",0.0132583367,0.0083015481,0.0083903045,0.0193471810,0.0415424560,0.0292832875,0.0041114983,0.0007350689,0.0006008959,0.0031583103, 100, 200, 300, 400, 500, 600, 700, 800, 900,1000
"R_AF_r3_4m","Reiffenhausen","2017","rapeseed", 4.0, 8.249486,69.13877,11.97388,429,327,244, 6,2,0.9078458,34.60731,117,74.18059,1.7514212,"Sep","Jul", 3.04680000,"winter","Reiffenhausen_2017_rapeseed","Reiffenhausen_2017","Reiffenhausen_2017_rapeseed_4", 2.9556250, 4, 2.684808,1.134829612,1.10087002,0.57142857,-1.93854806, 0.6025200,"prop_swf.2018",0.1523388116,0.0429955947,0.0635753508,0.0706730319,0.0703373166,0.0460882297,0.0236816139,0.0197117933,0.0220110915,0.0242076270, 100, 200, 300, 400, 500, 600, 700, 800, 900,1000
"R_AF_r3_7m","Reiffenhausen","2016","barley", 7.0, 8.667668,65.74230,11.37226,429,327,244, 5,1,0.9078458,34.60731,117,74.18059,1.7514212,"Sep","Jul", 7.18350000,"winter","Reiffenhausen_2016_barley","Reiffenhausen_2016","Reiffenhausen_2016_barley_7", 6.8112000, 4, 5.339558,1.345335991,1.27561112,1.00000000,-1.83091563, 0.6025200,"prop_swf.2015",0.0132583367,0.0083015481,0.0083903045,0.0193471810,0.0415424560,0.0292832875,0.0041114983,0.0007350689,0.0006008959,0.0031583103, 100, 200, 300, 400, 500, 600, 700, 800, 900,1000
"R_AF_r3_7m","Reiffenhausen","2017","rapeseed", 7.0, 8.249486,69.13877,11.97388,429,327,244, 6,2,0.9078458,34.60731,117,74.18059,1.7514212,"Sep","Jul", 2.87450000,"winter","Reiffenhausen_2017_rapeseed","Reiffenhausen_2017","Reiffenhausen_2017_rapeseed_7", 3.1548250, 4, 2.684808,1.070653709,1.17506526,1.00000000,-1.93854806, 0.6025200,"prop_swf.2018",0.1523388116,0.0429955947,0.0635753508,0.0706730319,0.0703373166,0.0460882297,0.0236816139,0.0197117933,0.0220110915,0.0242076270, 100, 200, 300, 400, 500, 600, 700, 800, 900,1000
"R_AF_r4_1m","Reiffenhausen","2016","barley", 1.0, 8.667668,65.74230,11.37226,429,327,244, 5,1,0.9078458,34.60731,117,74.18059,1.7514212,"Sep","Jul", 3.68850000,"winter","Reiffenhausen_2016_barley","Reiffenhausen_2016","Reiffenhausen_2016_barley_1", 3.2214000, 4, 5.339558,0.690787471,0.60330833,0.14285714,-1.83091563, 0.6025200,"prop_swf.2015",0.0132583367,0.0083015481,0.0083903045,0.0193471810,0.0415424560,0.0292832875,0.0041114983,0.0007350689,0.0006008959,0.0031583103, 100, 200, 300, 400, 500, 600, 700, 800, 900,1000
"R_AF_r4_1m","Reiffenhausen","2017","rapeseed", 1.0, 8.249486,69.13877,11.97388,429,327,244, 6,2,0.9078458,34.60731,117,74.18059,1.7514212,"Sep","Jul", 1.54850000,"winter","Reiffenhausen_2017_rapeseed","Reiffenhausen_2017","Reiffenhausen_2017_rapeseed_1", 1.9439750, 4, 2.684808,0.576763704,0.72406472,0.14285714,-1.93854806, 0.6025200,"prop_swf.2018",0.1523388116,0.0429955947,0.0635753508,0.0706730319,0.0703373166,0.0460882297,0.0236816139,0.0197117933,0.0220110915,0.0242076270, 100, 200, 300, 400, 500, 600, 700, 800, 900,1000
"R_AF_r4_4m","Reiffenhausen","2016","barley", 4.0, 8.667668,65.74230,11.37226,429,327,244, 5,1,0.9078458,34.60731,117,74.18059,1.7514212,"Sep","Jul", 6.40460000,"winter","Reiffenhausen_2016_barley","Reiffenhausen_2016","Reiffenhausen_2016_barley_4", 5.9860750, 4, 5.339558,1.199462502,1.12108055,0.57142857,-1.83091563, 0.6025200,"prop_swf.2015",0.0132583367,0.0083015481,0.0083903045,0.0193471810,0.0415424560,0.0292832875,0.0041114983,0.0007350689,0.0006008959,0.0031583103, 100, 200, 300, 400, 500, 600, 700, 800, 900,1000
"R_AF_r4_4m","Reiffenhausen","2017","rapeseed", 4.0, 8.249486,69.13877,11.97388,429,327,244, 6,2,0.9078458,34.60731,117,74.18059,1.7514212,"Sep","Jul", 2.72450000,"winter","Reiffenhausen_2017_rapeseed","Reiffenhausen_2017","Reiffenhausen_2017_rapeseed_4", 2.9556250, 4, 2.684808,1.014783799,1.10087002,0.57142857,-1.93854806, 0.6025200,"prop_swf.2018",0.1523388116,0.0429955947,0.0635753508,0.0706730319,0.0703373166,0.0460882297,0.0236816139,0.0197117933,0.0220110915,0.0242076270, 100, 200, 300, 400, 500, 600, 700, 800, 900,1000
"R_AF_r4_7m","Reiffenhausen","2016","barley", 7.0, 8.667668,65.74230,11.37226,429,327,244, 5,1,0.9078458,34.60731,117,74.18059,1.7514212,"Sep","Jul", 7.66100000,"winter","Reiffenhausen_2016_barley","Reiffenhausen_2016","Reiffenhausen_2016_barley_7", 6.8112000, 4, 5.339558,1.434762863,1.27561112,1.00000000,-1.83091563, 0.6025200,"prop_swf.2015",0.0132583367,0.0083015481,0.0083903045,0.0193471810,0.0415424560,0.0292832875,0.0041114983,0.0007350689,0.0006008959,0.0031583103, 100, 200, 300, 400, 500, 600, 700, 800, 900,1000
"R_AF_r4_7m","Reiffenhausen","2017","rapeseed", 7.0, 8.249486,69.13877,11.97388,429,327,244, 6,2,0.9078458,34.60731,117,74.18059,1.7514212,"Sep","Jul", 3.10270000,"winter","Reiffenhausen_2017_rapeseed","Reiffenhausen_2017","Reiffenhausen_2017_rapeseed_7", 3.1548250, 4, 2.684808,1.155650465,1.17506526,1.00000000,-1.93854806, 0.6025200,"prop_swf.2018",0.1523388116,0.0429955947,0.0635753508,0.0706730319,0.0703373166,0.0460882297,0.0236816139,0.0197117933,0.0220110915,0.0242076270, 100, 200, 300, 400, 500, 600, 700, 800, 900,1000
"M-AF-r1","Mariensee","2017","grass", 1.0,10.398323,78.75049,11.64558,204,592,203, 9,2,0.8640937,32.36753,115,70.29581,0.5966133,"Jan","Dec", 3.39729597,"winter","Mariensee_2017_grass","Mariensee_2017","Mariensee_2017_grass_1", 2.8754676, 6, 3.320791,1.023038326,0.86589854,0.04166667,-1.82853539,-1.6159654,"prop_swf.2018",0.0287300821,0.0026831976,0.0399369417,0.0636697016,0.0576053191,0.0572456814,0.0130086867,0.0344734300,0.0302581986,0.0585855316, 100, 200, 300, 400, 500, 600, 700, 800, 900,1000
"M-AF-r1","Mariensee","2017","grass", 4.0,10.398323,78.75049,11.64558,204,592,203, 9,2,0.8640937,32.36753,115,70.29581,0.5966133,"Jan","Dec", 3.22201886,"winter","Mariensee_2017_grass","Mariensee_2017","Mariensee_2017_grass_4", 3.6928797, 6, 3.320791,0.970256583,1.11204838,0.16666667,-1.82853539,-1.6159654,"prop_swf.2018",0.0287300821,0.0026831976,0.0399369417,0.0636697016,0.0576053191,0.0572456814,0.0130086867,0.0344734300,0.0302581986,0.0585855316, 100, 200, 300, 400, 500, 600, 700, 800, 900,1000
"M-AF-r1","Mariensee","2017","grass", 7.0,10.398323,78.75049,11.64558,204,592,203, 9,2,0.8640937,32.36753,115,70.29581,0.5966133,"Jan","Dec", 4.71496155,"winter","Mariensee_2017_grass","Mariensee_2017","Mariensee_2017_grass_7", 3.7214395, 6, 3.320791,1.419831070,1.12064869,0.29166667,-1.82853539,-1.6159654,"prop_swf.2018",0.0287300821,0.0026831976,0.0399369417,0.0636697016,0.0576053191,0.0572456814,0.0130086867,0.0344734300,0.0302581986,0.0585855316, 100, 200, 300, 400, 500, 600, 700, 800, 900,1000
"M-AF-r1","Mariensee","2017","grass",24.0,10.398323,78.75049,11.64558,204,592,203, 9,2,0.8640937,32.36753,115,70.29581,0.5966133,"Jan","Dec", 3.95388689,"winter","Mariensee_2017_grass","Mariensee_2017","Mariensee_2017_grass_24", 2.9933752, 6, 3.320791,1.190646285,0.90140440,1.00000000,-1.82853539,-1.6159654,"prop_swf.2018",0.0287300821,0.0026831976,0.0399369417,0.0636697016,0.0576053191,0.0572456814,0.0130086867,0.0344734300,0.0302581986,0.0585855316, 100, 200, 300, 400, 500, 600, 700, 800, 900,1000
"M-AF-r2","Mariensee","2017","grass", 1.0,10.398323,78.75049,11.64558,204,592,203, 9,2,0.8640937,32.36753,115,70.29581,0.5966133,"Jan","Dec", 2.56744446,"winter","Mariensee_2017_grass","Mariensee_2017","Mariensee_2017_grass_1", 2.8754676, 6, 3.320791,0.773142554,0.86589854,0.04166667,-1.82853539,-1.6159654,"prop_swf.2018",0.0287300821,0.0026831976,0.0399369417,0.0636697016,0.0576053191,0.0572456814,0.0130086867,0.0344734300,0.0302581986,0.0585855316, 100, 200, 300, 400, 500, 600, 700, 800, 900,1000
"M-AF-r2","Mariensee","2017","grass", 4.0,10.398323,78.75049,11.64558,204,592,203, 9,2,0.8640937,32.36753,115,70.29581,0.5966133,"Jan","Dec", 6.98170262,"winter","Mariensee_2017_grass","Mariensee_2017","Mariensee_2017_grass_4", 3.6928797, 6, 3.320791,2.102421874,1.11204838,0.16666667,-1.82853539,-1.6159654,"prop_swf.2018",0.0287300821,0.0026831976,0.0399369417,0.0636697016,0.0576053191,0.0572456814,0.0130086867,0.0344734300,0.0302581986,0.0585855316, 100, 200, 300, 400, 500, 600, 700, 800, 900,1000
"M-AF-r2","Mariensee","2017","grass", 7.0,10.398323,78.75049,11.64558,204,592,203, 9,2,0.8640937,32.36753,115,70.29581,0.5966133,"Jan","Dec", 4.31498153,"winter","Mariensee_2017_grass","Mariensee_2017","Mariensee_2017_grass_7", 3.7214395, 6, 3.320791,1.299383839,1.12064869,0.29166667,-1.82853539,-1.6159654,"prop_swf.2018",0.0287300821,0.0026831976,0.0399369417,0.0636697016,0.0576053191,0.0572456814,0.0130086867,0.0344734300,0.0302581986,0.0585855316, 100, 200, 300, 400, 500, 600, 700, 800, 900,1000
"M-AF-r2","Mariensee","2017","grass",24.0,10.398323,78.75049,11.64558,204,592,203, 9,2,0.8640937,32.36753,115,70.29581,0.5966133,"Jan","Dec", 3.87514690,"winter","Mariensee_2017_grass","Mariensee_2017","Mariensee_2017_grass_24", 2.9933752, 6, 3.320791,1.166935066,0.90140440,1.00000000,-1.82853539,-1.6159654,"prop_swf.2018",0.0287300821,0.0026831976,0.0399369417,0.0636697016,0.0576053191,0.0572456814,0.0130086867,0.0344734300,0.0302581986,0.0585855316, 100, 200, 300, 400, 500, 600, 700, 800, 900,1000
"M-AF-r3","Mariensee","2017","grass", 1.0,10.398323,78.75049,11.64558,204,592,203, 9,2,0.8640937,32.36753,115,70.29581,0.5966133,"Jan","Dec", 3.12260885,"winter","Mariensee_2017_grass","Mariensee_2017","Mariensee_2017_grass_1", 2.8754676, 6, 3.320791,0.940320937,0.86589854,0.04166667,-1.82853539,-1.6159654,"prop_swf.2018",0.0287300821,0.0026831976,0.0399369417,0.0636697016,0.0576053191,0.0572456814,0.0130086867,0.0344734300,0.0302581986,0.0585855316, 100, 200, 300, 400, 500, 600, 700, 800, 900,1000
"M-AF-r3","Mariensee","2017","grass", 4.0,10.398323,78.75049,11.64558,204,592,203, 9,2,0.8640937,32.36753,115,70.29581,0.5966133,"Jan","Dec", 3.52921544,"winter","Mariensee_2017_grass","Mariensee_2017","Mariensee_2017_grass_4", 3.6928797, 6, 3.320791,1.062763647,1.11204838,0.16666667,-1.82853539,-1.6159654,"prop_swf.2018",0.0287300821,0.0026831976,0.0399369417,0.0636697016,0.0576053191,0.0572456814,0.0130086867,0.0344734300,0.0302581986,0.0585855316, 100, 200, 300, 400, 500, 600, 700, 800, 900,1000
"M-AF-r3","Mariensee","2017","grass", 7.0,10.398323,78.75049,11.64558,204,592,203, 9,2,0.8640937,32.36753,115,70.29581,0.5966133,"Jan","Dec", 2.76459799,"winter","Mariensee_2017_grass","Mariensee_2017","Mariensee_2017_grass_7", 3.7214395, 6, 3.320791,0.832512011,1.12064869,0.29166667,-1.82853539,-1.6159654,"prop_swf.2018",0.0287300821,0.0026831976,0.0399369417,0.0636697016,0.0576053191,0.0572456814,0.0130086867,0.0344734300,0.0302581986,0.0585855316, 100, 200, 300, 400, 500, 600, 700, 800, 900,1000
"M-AF-r3","Mariensee","2017","grass",24.0,10.398323,78.75049,11.64558,204,592,203, 9,2,0.8640937,32.36753,115,70.29581,0.5966133,"Jan","Dec", 2.21334462,"winter","Mariensee_2017_grass","Mariensee_2017","Mariensee_2017_grass_24", 2.9933752, 6, 3.320791,0.666511365,0.90140440,1.00000000,-1.82853539,-1.6159654,"prop_swf.2018",0.0287300821,0.0026831976,0.0399369417,0.0636697016,0.0576053191,0.0572456814,0.0130086867,0.0344734300,0.0302581986,0.0585855316, 100, 200, 300, 400, 500, 600, 700, 800, 900,1000
"M-AF-r4","Mariensee","2017","grass", 1.0,10.398323,78.75049,11.64558,204,592,203, 9,2,0.8640937,32.36753,115,70.29581,0.5966133,"Jan","Dec", 4.13645424,"winter","Mariensee_2017_grass","Mariensee_2017","Mariensee_2017_grass_1", 2.8754676, 6, 3.320791,1.245623360,0.86589854,0.04166667,-1.82853539,-1.6159654,"prop_swf.2018",0.0287300821,0.0026831976,0.0399369417,0.0636697016,0.0576053191,0.0572456814,0.0130086867,0.0344734300,0.0302581986,0.0585855316, 100, 200, 300, 400, 500, 600, 700, 800, 900,1000
"M-AF-r4","Mariensee","2017","grass", 4.0,10.398323,78.75049,11.64558,204,592,203, 9,2,0.8640937,32.36753,115,70.29581,0.5966133,"Jan","Dec", 3.10429657,"winter","Mariensee_2017_grass","Mariensee_2017","Mariensee_2017_grass_4", 3.6928797, 6, 3.320791,0.934806503,1.11204838,0.16666667,-1.82853539,-1.6159654,"prop_swf.2018",0.0287300821,0.0026831976,0.0399369417,0.0636697016,0.0576053191,0.0572456814,0.0130086867,0.0344734300,0.0302581986,0.0585855316, 100, 200, 300, 400, 500, 600, 700, 800, 900,1000
"M-AF-r4","Mariensee","2017","grass", 7.0,10.398323,78.75049,11.64558,204,592,203, 9,2,0.8640937,32.36753,115,70.29581,0.5966133,"Jan","Dec", 4.79427019,"winter","Mariensee_2017_grass","Mariensee_2017","Mariensee_2017_grass_7", 3.7214395, 6, 3.320791,1.443713528,1.12064869,0.29166667,-1.82853539,-1.6159654,"prop_swf.2018",0.0287300821,0.0026831976,0.0399369417,0.0636697016,0.0576053191,0.0572456814,0.0130086867,0.0344734300,0.0302581986,0.0585855316, 100, 200, 300, 400, 500, 600, 700, 800, 900,1000
"M-AF-r4","Mariensee","2017","grass",24.0,10.398323,78.75049,11.64558,204,592,203, 9,2,0.8640937,32.36753,115,70.29581,0.5966133,"Jan","Dec", 2.99289966,"winter","Mariensee_2017_grass","Mariensee_2017","Mariensee_2017_grass_24", 2.9933752, 6, 3.320791,0.901261205,0.90140440,1.00000000,-1.82853539,-1.6159654,"prop_swf.2018",0.0287300821,0.0026831976,0.0399369417,0.0636697016,0.0576053191,0.0572456814,0.0130086867,0.0344734300,0.0302581986,0.0585855316, 100, 200, 300, 400, 500, 600, 700, 800, 900,1000
"M-AF-r5","Mariensee","2017","grass", 1.0,10.398323,78.75049,11.64558,204,592,203, 9,2,0.8640937,32.36753,115,70.29581,0.5966133,"Jan","Dec", 1.78567587,"winter","Mariensee_2017_grass","Mariensee_2017","Mariensee_2017_grass_1", 2.8754676, 6, 3.320791,0.537726141,0.86589854,0.04166667,-1.82853539,-1.6159654,"prop_swf.2018",0.0287300821,0.0026831976,0.0399369417,0.0636697016,0.0576053191,0.0572456814,0.0130086867,0.0344734300,0.0302581986,0.0585855316, 100, 200, 300, 400, 500, 600, 700, 800, 900,1000
"M-AF-r5","Mariensee","2017","grass", 4.0,10.398323,78.75049,11.64558,204,592,203, 9,2,0.8640937,32.36753,115,70.29581,0.5966133,"Jan","Dec", 2.84989904,"winter","Mariensee_2017_grass","Mariensee_2017","Mariensee_2017_grass_4", 3.6928797, 6, 3.320791,0.858198982,1.11204838,0.16666667,-1.82853539,-1.6159654,"prop_swf.2018",0.0287300821,0.0026831976,0.0399369417,0.0636697016,0.0576053191,0.0572456814,0.0130086867,0.0344734300,0.0302581986,0.0585855316, 100, 200, 300, 400, 500, 600, 700, 800, 900,1000
"M-AF-r5","Mariensee","2017","grass", 7.0,10.398323,78.75049,11.64558,204,592,203, 9,2,0.8640937,32.36753,115,70.29581,0.5966133,"Jan","Dec", 3.89318635,"winter","Mariensee_2017_grass","Mariensee_2017","Mariensee_2017_grass_7", 3.7214395, 6, 3.320791,1.172367342,1.12064869,0.29166667,-1.82853539,-1.6159654,"prop_swf.2018",0.0287300821,0.0026831976,0.0399369417,0.0636697016,0.0576053191,0.0572456814,0.0130086867,0.0344734300,0.0302581986,0.0585855316, 100, 200, 300, 400, 500, 600, 700, 800, 900,1000
"M-AF-r5","Mariensee","2017","grass",24.0,10.398323,78.75049,11.64558,204,592,203, 9,2,0.8640937,32.36753,115,70.29581,0.5966133,"Jan","Dec", 2.42090195,"winter","Mariensee_2017_grass","Mariensee_2017","Mariensee_2017_grass_24", 2.9933752, 6, 3.320791,0.729013751,0.90140440,1.00000000,-1.82853539,-1.6159654,"prop_swf.2018",0.0287300821,0.0026831976,0.0399369417,0.0636697016,0.0576053191,0.0572456814,0.0130086867,0.0344734300,0.0302581986,0.0585855316, 100, 200, 300, 400, 500, 600, 700, 800, 900,1000
"M-AF-r6","Mariensee","2017","grass", 1.0,10.398323,78.75049,11.64558,204,592,203, 9,2,0.8640937,32.36753,115,70.29581,0.5966133,"Jan","Dec", 2.24332649,"winter","Mariensee_2017_grass","Mariensee_2017","Mariensee_2017_grass_1", 2.8754676, 6, 3.320791,0.675539899,0.86589854,0.04166667,-1.82853539,-1.6159654,"prop_swf.2018",0.0287300821,0.0026831976,0.0399369417,0.0636697016,0.0576053191,0.0572456814,0.0130086867,0.0344734300,0.0302581986,0.0585855316, 100, 200, 300, 400, 500, 600, 700, 800, 900,1000
"M-AF-r6","Mariensee","2017","grass", 4.0,10.398323,78.75049,11.64558,204,592,203, 9,2,0.8640937,32.36753,115,70.29581,0.5966133,"Jan","Dec", 2.47014565,"winter","Mariensee_2017_grass","Mariensee_2017","Mariensee_2017_grass_4", 3.6928797, 6, 3.320791,0.743842660,1.11204838,0.16666667,-1.82853539,-1.6159654,"prop_swf.2018",0.0287300821,0.0026831976,0.0399369417,0.0636697016,0.0576053191,0.0572456814,0.0130086867,0.0344734300,0.0302581986,0.0585855316, 100, 200, 300, 400, 500, 600, 700, 800, 900,1000
"M-AF-r6","Mariensee","2017","grass", 7.0,10.398323,78.75049,11.64558,204,592,203, 9,2,0.8640937,32.36753,115,70.29581,0.5966133,"Jan","Dec", 1.84663961,"winter","Mariensee_2017_grass","Mariensee_2017","Mariensee_2017_grass_7", 3.7214395, 6, 3.320791,0.556084342,1.12064869,0.29166667,-1.82853539,-1.6159654,"prop_swf.2018",0.0287300821,0.0026831976,0.0399369417,0.0636697016,0.0576053191,0.0572456814,0.0130086867,0.0344734300,0.0302581986,0.0585855316, 100, 200, 300, 400, 500, 600, 700, 800, 900,1000
"M-AF-r6","Mariensee","2017","grass",24.0,10.398323,78.75049,11.64558,204,592,203, 9,2,0.8640937,32.36753,115,70.29581,0.5966133,"Jan","Dec", 2.50407107,"winter","Mariensee_2017_grass","Mariensee_2017","Mariensee_2017_grass_24", 2.9933752, 6, 3.320791,0.754058727,0.90140440,1.00000000,-1.82853539,-1.6159654,"prop_swf.2018",0.0287300821,0.0026831976,0.0399369417,0.0636697016,0.0576053191,0.0572456814,0.0130086867,0.0344734300,0.0302581986,0.0585855316, 100, 200, 300, 400, 500, 600, 700, 800, 900,1000
"M-AF-r1","Mariensee","2018","grass", 1.0,11.283583,43.12119,16.37043,204,592,203,10,3,0.8451319,30.43993, 86,71.05110,0.5966133,"Jan","Dec", 3.78228949,"winter","Mariensee_2018_grass","Mariensee_2018","Mariensee_2018_grass_1", 2.7132690, 6, 3.026504,1.249722232,0.89650267,0.04166667, 0.24257316,-1.6159654,"prop_swf.2018",0.0287300821,0.0026831976,0.0399369417,0.0636697016,0.0576053191,0.0572456814,0.0130086867,0.0344734300,0.0302581986,0.0585855316, 100, 200, 300, 400, 500, 600, 700, 800, 900,1000
"M-AF-r1","Mariensee","2018","grass", 4.0,11.283583,43.12119,16.37043,204,592,203,10,3,0.8451319,30.43993, 86,71.05110,0.5966133,"Jan","Dec", 4.43791145,"winter","Mariensee_2018_grass","Mariensee_2018","Mariensee_2018_grass_4", 3.1642085, 6, 3.026504,1.466349051,1.04549949,0.16666667, 0.24257316,-1.6159654,"prop_swf.2018",0.0287300821,0.0026831976,0.0399369417,0.0636697016,0.0576053191,0.0572456814,0.0130086867,0.0344734300,0.0302581986,0.0585855316, 100, 200, 300, 400, 500, 600, 700, 800, 900,1000
"M-AF-r1","Mariensee","2018","grass", 7.0,11.283583,43.12119,16.37043,204,592,203,10,3,0.8451319,30.43993, 86,71.05110,0.5966133,"Jan","Dec", 2.38602734,"winter","Mariensee_2018_grass","Mariensee_2018","Mariensee_2018_grass_7", 3.2734154, 6, 3.026504,0.788377363,1.08158301,0.29166667, 0.24257316,-1.6159654,"prop_swf.2018",0.0287300821,0.0026831976,0.0399369417,0.0636697016,0.0576053191,0.0572456814,0.0130086867,0.0344734300,0.0302581986,0.0585855316, 100, 200, 300, 400, 500, 600, 700, 800, 900,1000
"M-AF-r1","Mariensee","2018","grass",24.0,11.283583,43.12119,16.37043,204,592,203,10,3,0.8451319,30.43993, 86,71.05110,0.5966133,"Jan","Dec", 2.25231233,"winter","Mariensee_2018_grass","Mariensee_2018","Mariensee_2018_grass_24", 2.9551235, 6, 3.026504,0.744196022,0.97641483,1.00000000, 0.24257316,-1.6159654,"prop_swf.2018",0.0287300821,0.0026831976,0.0399369417,0.0636697016,0.0576053191,0.0572456814,0.0130086867,0.0344734300,0.0302581986,0.0585855316, 100, 200, 300, 400, 500, 600, 700, 800, 900,1000
"M-AF-r2","Mariensee","2018","grass", 1.0,11.283583,43.12119,16.37043,204,592,203,10,3,0.8451319,30.43993, 86,71.05110,0.5966133,"Jan","Dec", 2.57090127,"winter","Mariensee_2018_grass","Mariensee_2018","Mariensee_2018_grass_1", 2.7132690, 6, 3.026504,0.849462338,0.89650267,0.04166667, 0.24257316,-1.6159654,"prop_swf.2018",0.0287300821,0.0026831976,0.0399369417,0.0636697016,0.0576053191,0.0572456814,0.0130086867,0.0344734300,0.0302581986,0.0585855316, 100, 200, 300, 400, 500, 600, 700, 800, 900,1000
"M-AF-r2","Mariensee","2018","grass", 4.0,11.283583,43.12119,16.37043,204,592,203,10,3,0.8451319,30.43993, 86,71.05110,0.5966133,"Jan","Dec", 2.60191413,"winter","Mariensee_2018_grass","Mariensee_2018","Mariensee_2018_grass_4", 3.1642085, 6, 3.026504,0.859709428,1.04549949,0.16666667, 0.24257316,-1.6159654,"prop_swf.2018",0.0287300821,0.0026831976,0.0399369417,0.0636697016,0.0576053191,0.0572456814,0.0130086867,0.0344734300,0.0302581986,0.0585855316, 100, 200, 300, 400, 500, 600, 700, 800, 900,1000
"M-AF-r2","Mariensee","2018","grass", 7.0,11.283583,43.12119,16.37043,204,592,203,10,3,0.8451319,30.43993, 86,71.05110,0.5966133,"Jan","Dec", 3.71745654,"winter","Mariensee_2018_grass","Mariensee_2018","Mariensee_2018_grass_7", 3.2734154, 6, 3.026504,1.228300504,1.08158301,0.29166667, 0.24257316,-1.6159654,"prop_swf.2018",0.0287300821,0.0026831976,0.0399369417,0.0636697016,0.0576053191,0.0572456814,0.0130086867,0.0344734300,0.0302581986,0.0585855316, 100, 200, 300, 400, 500, 600, 700, 800, 900,1000
"M-AF-r2","Mariensee","2018","grass",24.0,11.283583,43.12119,16.37043,204,592,203,10,3,0.8451319,30.43993, 86,71.05110,0.5966133,"Jan","Dec", 3.30634792,"winter","Mariensee_2018_grass","Mariensee_2018","Mariensee_2018_grass_24", 2.9551235, 6, 3.026504,1.092464370,0.97641483,1.00000000, 0.24257316,-1.6159654,"prop_swf.2018",0.0287300821,0.0026831976,0.0399369417,0.0636697016,0.0576053191,0.0572456814,0.0130086867,0.0344734300,0.0302581986,0.0585855316, 100, 200, 300, 400, 500, 600, 700, 800, 900,1000
"M-AF-r3","Mariensee","2018","grass", 1.0,11.283583,43.12119,16.37043,204,592,203,10,3,0.8451319,30.43993, 86,71.05110,0.5966133,"Jan","Dec", 3.25700639,"winter","Mariensee_2018_grass","Mariensee_2018","Mariensee_2018_grass_1", 2.7132690, 6, 3.026504,1.076161226,0.89650267,0.04166667, 0.24257316,-1.6159654,"prop_swf.2018",0.0287300821,0.0026831976,0.0399369417,0.0636697016,0.0576053191,0.0572456814,0.0130086867,0.0344734300,0.0302581986,0.0585855316, 100, 200, 300, 400, 500, 600, 700, 800, 900,1000
"M-AF-r3","Mariensee","2018","grass", 4.0,11.283583,43.12119,16.37043,204,592,203,10,3,0.8451319,30.43993, 86,71.05110,0.5966133,"Jan","Dec", 3.02393789,"winter","Mariensee_2018_grass","Mariensee_2018","Mariensee_2018_grass_4", 3.1642085, 6, 3.026504,0.999152080,1.04549949,0.16666667, 0.24257316,-1.6159654,"prop_swf.2018",0.0287300821,0.0026831976,0.0399369417,0.0636697016,0.0576053191,0.0572456814,0.0130086867,0.0344734300,0.0302581986,0.0585855316, 100, 200, 300, 400, 500, 600, 700, 800, 900,1000
"M-AF-r3","Mariensee","2018","grass", 7.0,11.283583,43.12119,16.37043,204,592,203,10,3,0.8451319,30.43993, 86,71.05110,0.5966133,"Jan","Dec", 3.30271175,"winter","Mariensee_2018_grass","Mariensee_2018","Mariensee_2018_grass_7", 3.2734154, 6, 3.026504,1.091262927,1.08158301,0.29166667, 0.24257316,-1.6159654,"prop_swf.2018",0.0287300821,0.0026831976,0.0399369417,0.0636697016,0.0576053191,0.0572456814,0.0130086867,0.0344734300,0.0302581986,0.0585855316, 100, 200, 300, 400, 500, 600, 700, 800, 900,1000
"M-AF-r3","Mariensee","2018","grass",24.0,11.283583,43.12119,16.37043,204,592,203,10,3,0.8451319,30.43993, 86,71.05110,0.5966133,"Jan","Dec", 2.98199886,"winter","Mariensee_2018_grass","Mariensee_2018","Mariensee_2018_grass_24", 2.9551235, 6, 3.026504,0.985294828,0.97641483,1.00000000, 0.24257316,-1.6159654,"prop_swf.2018",0.0287300821,0.0026831976,0.0399369417,0.0636697016,0.0576053191,0.0572456814,0.0130086867,0.0344734300,0.0302581986,0.0585855316, 100, 200, 300, 400, 500, 600, 700, 800, 900,1000
"M-AF-r4","Mariensee","2018","grass", 1.0,11.283583,43.12119,16.37043,204,592,203,10,3,0.8451319,30.43993, 86,71.05110,0.5966133,"Jan","Dec", 2.39925449,"winter","Mariensee_2018_grass","Mariensee_2018","Mariensee_2018_grass_1", 2.7132690, 6, 3.026504,0.792747801,0.89650267,0.04166667, 0.24257316,-1.6159654,"prop_swf.2018",0.0287300821,0.0026831976,0.0399369417,0.0636697016,0.0576053191,0.0572456814,0.0130086867,0.0344734300,0.0302581986,0.0585855316, 100, 200, 300, 400, 500, 600, 700, 800, 900,1000
"M-AF-r4","Mariensee","2018","grass", 4.0,11.283583,43.12119,16.37043,204,592,203,10,3,0.8451319,30.43993, 86,71.05110,0.5966133,"Jan","Dec", 2.95234362,"winter","Mariensee_2018_grass","Mariensee_2018","Mariensee_2018_grass_4", 3.1642085, 6, 3.026504,0.975496315,1.04549949,0.16666667, 0.24257316,-1.6159654,"prop_swf.2018",0.0287300821,0.0026831976,0.0399369417,0.0636697016,0.0576053191,0.0572456814,0.0130086867,0.0344734300,0.0302581986,0.0585855316, 100, 200, 300, 400, 500, 600, 700, 800, 900,1000
"M-AF-r4","Mariensee","2018","grass", 7.0,11.283583,43.12119,16.37043,204,592,203,10,3,0.8451319,30.43993, 86,71.05110,0.5966133,"Jan","Dec", 3.52118808,"winter","Mariensee_2018_grass","Mariensee_2018","Mariensee_2018_grass_7", 3.2734154, 6, 3.026504,1.163450613,1.08158301,0.29166667, 0.24257316,-1.6159654,"prop_swf.2018",0.0287300821,0.0026831976,0.0399369417,0.0636697016,0.0576053191,0.0572456814,0.0130086867,0.0344734300,0.0302581986,0.0585855316, 100, 200, 300, 400, 500, 600, 700, 800, 900,1000
"M-AF-r4","Mariensee","2018","grass",24.0,11.283583,43.12119,16.37043,204,592,203,10,3,0.8451319,30.43993, 86,71.05110,0.5966133,"Jan","Dec", 3.39026541,"winter","Mariensee_2018_grass","Mariensee_2018","Mariensee_2018_grass_24", 2.9551235, 6, 3.026504,1.120191902,0.97641483,1.00000000, 0.24257316,-1.6159654,"prop_swf.2018",0.0287300821,0.0026831976,0.0399369417,0.0636697016,0.0576053191,0.0572456814,0.0130086867,0.0344734300,0.0302581986,0.0585855316, 100, 200, 300, 400, 500, 600, 700, 800, 900,1000
"M-AF-r5","Mariensee","2018","grass", 1.0,11.283583,43.12119,16.37043,204,592,203,10,3,0.8451319,30.43993, 86,71.05110,0.5966133,"Jan","Dec", 1.58728229,"winter","Mariensee_2018_grass","Mariensee_2018","Mariensee_2018_grass_1", 2.7132690, 6, 3.026504,0.524460640,0.89650267,0.04166667, 0.24257316,-1.6159654,"prop_swf.2018",0.0287300821,0.0026831976,0.0399369417,0.0636697016,0.0576053191,0.0572456814,0.0130086867,0.0344734300,0.0302581986,0.0585855316, 100, 200, 300, 400, 500, 600, 700, 800, 900,1000
"M-AF-r5","Mariensee","2018","grass", 4.0,11.283583,43.12119,16.37043,204,592,203,10,3,0.8451319,30.43993, 86,71.05110,0.5966133,"Jan","Dec", 2.76188799,"winter","Mariensee_2018_grass","Mariensee_2018","Mariensee_2018_grass_4", 3.1642085, 6, 3.026504,0.912567066,1.04549949,0.16666667, 0.24257316,-1.6159654,"prop_swf.2018",0.0287300821,0.0026831976,0.0399369417,0.0636697016,0.0576053191,0.0572456814,0.0130086867,0.0344734300,0.0302581986,0.0585855316, 100, 200, 300, 400, 500, 600, 700, 800, 900,1000
"M-AF-r5","Mariensee","2018","grass", 7.0,11.283583,43.12119,16.37043,204,592,203,10,3,0.8451319,30.43993, 86,71.05110,0.5966133,"Jan","Dec", 3.53542450,"winter","Mariensee_2018_grass","Mariensee_2018","Mariensee_2018_grass_7", 3.2734154, 6, 3.026504,1.168154529,1.08158301,0.29166667, 0.24257316,-1.6159654,"prop_swf.2018",0.0287300821,0.0026831976,0.0399369417,0.0636697016,0.0576053191,0.0572456814,0.0130086867,0.0344734300,0.0302581986,0.0585855316, 100, 200, 300, 400, 500, 600, 700, 800, 900,1000
"M-AF-r5","Mariensee","2018","grass",24.0,11.283583,43.12119,16.37043,204,592,203,10,3,0.8451319,30.43993, 86,71.05110,0.5966133,"Jan","Dec", 3.55912556,"winter","Mariensee_2018_grass","Mariensee_2018","Mariensee_2018_grass_24", 2.9551235, 6, 3.026504,1.175985696,0.97641483,1.00000000, 0.24257316,-1.6159654,"prop_swf.2018",0.0287300821,0.0026831976,0.0399369417,0.0636697016,0.0576053191,0.0572456814,0.0130086867,0.0344734300,0.0302581986,0.0585855316, 100, 200, 300, 400, 500, 600, 700, 800, 900,1000
"M-AF-r6","Mariensee","2018","grass", 1.0,11.283583,43.12119,16.37043,204,592,203,10,3,0.8451319,30.43993, 86,71.05110,0.5966133,"Jan","Dec", 2.68288021,"winter","Mariensee_2018_grass","Mariensee_2018","Mariensee_2018_grass_1", 2.7132690, 6, 3.026504,0.886461772,0.89650267,0.04166667, 0.24257316,-1.6159654,"prop_swf.2018",0.0287300821,0.0026831976,0.0399369417,0.0636697016,0.0576053191,0.0572456814,0.0130086867,0.0344734300,0.0302581986,0.0585855316, 100, 200, 300, 400, 500, 600, 700, 800, 900,1000
"M-AF-r6","Mariensee","2018","grass", 4.0,11.283583,43.12119,16.37043,204,592,203,10,3,0.8451319,30.43993, 86,71.05110,0.5966133,"Jan","Dec", 3.20725611,"winter","Mariensee_2018_grass","Mariensee_2018","Mariensee_2018_grass_4", 3.1642085, 6, 3.026504,1.059723026,1.04549949,0.16666667, 0.24257316,-1.6159654,"prop_swf.2018",0.0287300821,0.0026831976,0.0399369417,0.0636697016,0.0576053191,0.0572456814,0.0130086867,0.0344734300,0.0302581986,0.0585855316, 100, 200, 300, 400, 500, 600, 700, 800, 900,1000
"M-AF-r6","Mariensee","2018","grass", 7.0,11.283583,43.12119,16.37043,204,592,203,10,3,0.8451319,30.43993, 86,71.05110,0.5966133,"Jan","Dec", 3.17768445,"winter","Mariensee_2018_grass","Mariensee_2018","Mariensee_2018_grass_7", 3.2734154, 6, 3.026504,1.049952129,1.08158301,0.29166667, 0.24257316,-1.6159654,"prop_swf.2018",0.0287300821,0.0026831976,0.0399369417,0.0636697016,0.0576053191,0.0572456814,0.0130086867,0.0344734300,0.0302581986,0.0585855316, 100, 200, 300, 400, 500, 600, 700, 800, 900,1000
"M-AF-r6","Mariensee","2018","grass",24.0,11.283583,43.12119,16.37043,204,592,203,10,3,0.8451319,30.43993, 86,71.05110,0.5966133,"Jan","Dec", 2.24069091,"winter","Mariensee_2018_grass","Mariensee_2018","Mariensee_2018_grass_24", 2.9551235, 6, 3.026504,0.740356140,0.97641483,1.00000000, 0.24257316,-1.6159654,"prop_swf.2018",0.0287300821,0.0026831976,0.0399369417,0.0636697016,0.0576053191,0.0572456814,0.0130086867,0.0344734300,0.0302581986,0.0585855316, 100, 200, 300, 400, 500, 600, 700, 800, 900,1000
"F_AF_r1_1m","Forst","2016","wheat", 1.0, 9.286957,51.97152,13.23000,118,663,219, 6,2,0.9040015,35.11523,197,71.97045,0.2703563,"Oct","Jul", 3.73890000,"winter","Forst_2016_wheat","Forst_2016","Forst_2016_wheat_1", 3.2350500, 4, 5.732481,0.652230655,0.56433678,0.04166667,-0.96492017,-2.2263551,"prop_swf.2015",0.0206482396,0.0355954993,0.0309259144,0.0787144596,0.0619111709,0.0499591614,0.0485610762,0.0632190542,0.0425326417,0.0263245807, 100, 200, 300, 400, 500, 600, 700, 800, 900,1000
"F_AF_r1_4m","Forst","2016","wheat", 4.0, 9.286957,51.97152,13.23000,118,663,219, 6,2,0.9040015,35.11523,197,71.97045,0.2703563,"Oct","Jul", 5.82900000,"winter","Forst_2016_wheat","Forst_2016","Forst_2016_wheat_4", 6.3110500, 4, 5.732481,1.016837168,1.10092815,0.16666667,-0.96492017,-2.2263551,"prop_swf.2015",0.0206482396,0.0355954993,0.0309259144,0.0787144596,0.0619111709,0.0499591614,0.0485610762,0.0632190542,0.0425326417,0.0263245807, 100, 200, 300, 400, 500, 600, 700, 800, 900,1000
"F_AF_r1_7m","Forst","2016","wheat", 7.0, 9.286957,51.97152,13.23000,118,663,219, 6,2,0.9040015,35.11523,197,71.97045,0.2703563,"Oct","Jul", 7.05860000,"winter","Forst_2016_wheat","Forst_2016","Forst_2016_wheat_7", 6.1141750, 4, 5.732481,1.231334163,1.06658439,0.29166667,-0.96492017,-2.2263551,"prop_swf.2015",0.0206482396,0.0355954993,0.0309259144,0.0787144596,0.0619111709,0.0499591614,0.0485610762,0.0632190542,0.0425326417,0.0263245807, 100, 200, 300, 400, 500, 600, 700, 800, 900,1000
"F_AF_r2_1m","Forst","2016","wheat", 1.0, 9.286957,51.97152,13.23000,118,663,219, 6,2,0.9040015,35.11523,197,71.97045,0.2703563,"Oct","Jul", 3.03720000,"winter","Forst_2016_wheat","Forst_2016","Forst_2016_wheat_1", 3.2350500, 4, 5.732481,0.529822928,0.56433678,0.04166667,-0.96492017,-2.2263551,"prop_swf.2015",0.0206482396,0.0355954993,0.0309259144,0.0787144596,0.0619111709,0.0499591614,0.0485610762,0.0632190542,0.0425326417,0.0263245807, 100, 200, 300, 400, 500, 600, 700, 800, 900,1000
"F_AF_r2_4m","Forst","2016","wheat", 4.0, 9.286957,51.97152,13.23000,118,663,219, 6,2,0.9040015,35.11523,197,71.97045,0.2703563,"Oct","Jul", 5.90390000,"winter","Forst_2016_wheat","Forst_2016","Forst_2016_wheat_4", 6.3110500, 4, 5.732481,1.029903063,1.10092815,0.16666667,-0.96492017,-2.2263551,"prop_swf.2015",0.0206482396,0.0355954993,0.0309259144,0.0787144596,0.0619111709,0.0499591614,0.0485610762,0.0632190542,0.0425326417,0.0263245807, 100, 200, 300, 400, 500, 600, 700, 800, 900,1000
"F_AF_r2_7m","Forst","2016","wheat", 7.0, 9.286957,51.97152,13.23000,118,663,219, 6,2,0.9040015,35.11523,197,71.97045,0.2703563,"Oct","Jul", 5.47420000,"winter","Forst_2016_wheat","Forst_2016","Forst_2016_wheat_7", 6.1141750, 4, 5.732481,0.954944249,1.06658439,0.29166667,-0.96492017,-2.2263551,"prop_swf.2015",0.0206482396,0.0355954993,0.0309259144,0.0787144596,0.0619111709,0.0499591614,0.0485610762,0.0632190542,0.0425326417,0.0263245807, 100, 200, 300, 400, 500, 600, 700, 800, 900,1000
"F_AF_r3_1m","Forst","2016","wheat", 1.0, 9.286957,51.97152,13.23000,118,663,219, 6,2,0.9040015,35.11523,197,71.97045,0.2703563,"Oct","Jul", 3.64170000,"winter","Forst_2016_wheat","Forst_2016","Forst_2016_wheat_1", 3.2350500, 4, 5.732481,0.635274647,0.56433678,0.04166667,-0.96492017,-2.2263551,"prop_swf.2015",0.0206482396,0.0355954993,0.0309259144,0.0787144596,0.0619111709,0.0499591614,0.0485610762,0.0632190542,0.0425326417,0.0263245807, 100, 200, 300, 400, 500, 600, 700, 800, 900,1000
"F_AF_r3_4m","Forst","2016","wheat", 4.0, 9.286957,51.97152,13.23000,118,663,219, 6,2,0.9040015,35.11523,197,71.97045,0.2703563,"Oct","Jul", 6.33060000,"winter","Forst_2016_wheat","Forst_2016","Forst_2016_wheat_4", 6.3110500, 4, 5.732481,1.104338545,1.10092815,0.16666667,-0.96492017,-2.2263551,"prop_swf.2015",0.0206482396,0.0355954993,0.0309259144,0.0787144596,0.0619111709,0.0499591614,0.0485610762,0.0632190542,0.0425326417,0.0263245807, 100, 200, 300, 400, 500, 600, 700, 800, 900,1000
"F_AF_r3_7m","Forst","2016","wheat", 7.0, 9.286957,51.97152,13.23000,118,663,219, 6,2,0.9040015,35.11523,197,71.97045,0.2703563,"Oct","Jul", 6.22760000,"winter","Forst_2016_wheat","Forst_2016","Forst_2016_wheat_7", 6.1141750, 4, 5.732481,1.086370758,1.06658439,0.29166667,-0.96492017,-2.2263551,"prop_swf.2015",0.0206482396,0.0355954993,0.0309259144,0.0787144596,0.0619111709,0.0499591614,0.0485610762,0.0632190542,0.0425326417,0.0263245807, 100, 200, 300, 400, 500, 600, 700, 800, 900,1000
"F_AF_r4_1m","Forst","2016","wheat", 1.0, 9.286957,51.97152,13.23000,118,663,219, 6,2,0.9040015,35.11523,197,71.97045,0.2703563,"Oct","Jul", 2.52240000,"winter","Forst_2016_wheat","Forst_2016","Forst_2016_wheat_1", 3.2350500, 4, 5.732481,0.440018884,0.56433678,0.04166667,-0.96492017,-2.2263551,"prop_swf.2015",0.0206482396,0.0355954993,0.0309259144,0.0787144596,0.0619111709,0.0499591614,0.0485610762,0.0632190542,0.0425326417,0.0263245807, 100, 200, 300, 400, 500, 600, 700, 800, 900,1000
"F_AF_r4_4m","Forst","2016","wheat", 4.0, 9.286957,51.97152,13.23000,118,663,219, 6,2,0.9040015,35.11523,197,71.97045,0.2703563,"Oct","Jul", 7.18070000,"winter","Forst_2016_wheat","Forst_2016","Forst_2016_wheat_4", 6.3110500, 4, 5.732481,1.252633840,1.10092815,0.16666667,-0.96492017,-2.2263551,"prop_swf.2015",0.0206482396,0.0355954993,0.0309259144,0.0787144596,0.0619111709,0.0499591614,0.0485610762,0.0632190542,0.0425326417,0.0263245807, 100, 200, 300, 400, 500, 600, 700, 800, 900,1000
"F_AF_r4_7m","Forst","2016","wheat", 7.0, 9.286957,51.97152,13.23000,118,663,219, 6,2,0.9040015,35.11523,197,71.97045,0.2703563,"Oct","Jul", 5.69630000,"winter","Forst_2016_wheat","Forst_2016","Forst_2016_wheat_7", 6.1141750, 4, 5.732481,0.993688379,1.06658439,0.29166667,-0.96492017,-2.2263551,"prop_swf.2015",0.0206482396,0.0355954993,0.0309259144,0.0787144596,0.0619111709,0.0499591614,0.0485610762,0.0632190542,0.0425326417,0.0263245807, 100, 200, 300, 400, 500, 600, 700, 800, 900,1000
"F_AF_r1_24m","Forst","2016","wheat",24.0, 9.286957,51.97152,13.23000,118,663,219, 6,2,0.9040015,35.11523,197,71.97045,0.2703563,"Oct","Jul", 6.81930000,"winter","Forst_2016_wheat","Forst_2016","Forst_2016_wheat_24", 7.2696500, 4, 5.732481,1.189589587,1.26815068,1.00000000,-0.96492017,-2.2263551,"prop_swf.2015",0.0206482396,0.0355954993,0.0309259144,0.0787144596,0.0619111709,0.0499591614,0.0485610762,0.0632190542,0.0425326417,0.0263245807, 100, 200, 300, 400, 500, 600, 700, 800, 900,1000
"F_AF_r2_24m","Forst","2016","wheat",24.0, 9.286957,51.97152,13.23000,118,663,219, 6,2,0.9040015,35.11523,197,71.97045,0.2703563,"Oct","Jul", 7.40620000,"winter","Forst_2016_wheat","Forst_2016","Forst_2016_wheat_24", 7.2696500, 4, 5.732481,1.291971081,1.26815068,1.00000000,-0.96492017,-2.2263551,"prop_swf.2015",0.0206482396,0.0355954993,0.0309259144,0.0787144596,0.0619111709,0.0499591614,0.0485610762,0.0632190542,0.0425326417,0.0263245807, 100, 200, 300, 400, 500, 600, 700, 800, 900,1000
"F_AF_r3_24m","Forst","2016","wheat",24.0, 9.286957,51.97152,13.23000,118,663,219, 6,2,0.9040015,35.11523,197,71.97045,0.2703563,"Oct","Jul", 6.97460000,"winter","Forst_2016_wheat","Forst_2016","Forst_2016_wheat_24", 7.2696500, 4, 5.732481,1.216680822,1.26815068,1.00000000,-0.96492017,-2.2263551,"prop_swf.2015",0.0206482396,0.0355954993,0.0309259144,0.0787144596,0.0619111709,0.0499591614,0.0485610762,0.0632190542,0.0425326417,0.0263245807, 100, 200, 300, 400, 500, 600, 700, 800, 900,1000
"F_AF_r4_24m","Forst","2016","wheat",24.0, 9.286957,51.97152,13.23000,118,663,219, 6,2,0.9040015,35.11523,197,71.97045,0.2703563,"Oct","Jul", 7.87850000,"winter","Forst_2016_wheat","Forst_2016","Forst_2016_wheat_24", 7.2696500, 4, 5.732481,1.374361233,1.26815068,1.00000000,-0.96492017,-2.2263551,"prop_swf.2015",0.0206482396,0.0355954993,0.0309259144,0.0787144596,0.0619111709,0.0499591614,0.0485610762,0.0632190542,0.0425326417,0.0263245807, 100, 200, 300, 400, 500, 600, 700, 800, 900,1000
"F_AF_r1_1m","Forst","2017","barley", 1.0, 9.088143,55.17152,13.51818,118,663,219, 7,3,0.9040015,35.11523,197,71.97045,0.2703563,"Sep","Jul", 3.24610000,"winter","Forst_2017_barley","Forst_2017","Forst_2017_barley_1", 3.0181250, 4, 4.502644,0.720932008,0.67030064,0.04166667,-1.06675634,-2.2263551,"prop_swf.2018",0.0209047958,0.0291462327,0.0190476190,0.0310475279,0.0400564950,0.0396343641,0.0379323899,0.0501907126,0.0333492810,0.0294875164, 100, 200, 300, 400, 500, 600, 700, 800, 900,1000
"F_AF_r1_4m","Forst","2017","barley", 4.0, 9.088143,55.17152,13.51818,118,663,219, 7,3,0.9040015,35.11523,197,71.97045,0.2703563,"Sep","Jul", 3.21910000,"winter","Forst_2017_barley","Forst_2017","Forst_2017_barley_4", 4.1609250, 4, 4.502644,0.714935531,0.92410709,0.16666667,-1.06675634,-2.2263551,"prop_swf.2018",0.0209047958,0.0291462327,0.0190476190,0.0310475279,0.0400564950,0.0396343641,0.0379323899,0.0501907126,0.0333492810,0.0294875164, 100, 200, 300, 400, 500, 600, 700, 800, 900,1000
"F_AF_r1_7m","Forst","2017","barley", 7.0, 9.088143,55.17152,13.51818,118,663,219, 7,3,0.9040015,35.11523,197,71.97045,0.2703563,"Sep","Jul", 4.28800000,"winter","Forst_2017_barley","Forst_2017","Forst_2017_barley_7", 4.6355000, 4, 4.502644,0.952329395,1.02950628,0.29166667,-1.06675634,-2.2263551,"prop_swf.2018",0.0209047958,0.0291462327,0.0190476190,0.0310475279,0.0400564950,0.0396343641,0.0379323899,0.0501907126,0.0333492810,0.0294875164, 100, 200, 300, 400, 500, 600, 700, 800, 900,1000
"F_AF_r2_1m","Forst","2017","barley", 1.0, 9.088143,55.17152,13.51818,118,663,219, 7,3,0.9040015,35.11523,197,71.97045,0.2703563,"Sep","Jul", 3.13030000,"winter","Forst_2017_barley","Forst_2017","Forst_2017_barley_1", 3.0181250, 4, 4.502644,0.695213784,0.67030064,0.04166667,-1.06675634,-2.2263551,"prop_swf.2018",0.0209047958,0.0291462327,0.0190476190,0.0310475279,0.0400564950,0.0396343641,0.0379323899,0.0501907126,0.0333492810,0.0294875164, 100, 200, 300, 400, 500, 600, 700, 800, 900,1000
"F_AF_r2_4m","Forst","2017","barley", 4.0, 9.088143,55.17152,13.51818,118,663,219, 7,3,0.9040015,35.11523,197,71.97045,0.2703563,"Sep","Jul", 4.09380000,"winter","Forst_2017_barley","Forst_2017","Forst_2017_barley_4", 4.1609250, 4, 4.502644,0.909199179,0.92410709,0.16666667,-1.06675634,-2.2263551,"prop_swf.2018",0.0209047958,0.0291462327,0.0190476190,0.0310475279,0.0400564950,0.0396343641,0.0379323899,0.0501907126,0.0333492810,0.0294875164, 100, 200, 300, 400, 500, 600, 700, 800, 900,1000
"F_AF_r2_7m","Forst","2017","barley", 7.0, 9.088143,55.17152,13.51818,118,663,219, 7,3,0.9040015,35.11523,197,71.97045,0.2703563,"Sep","Jul", 4.61920000,"winter","Forst_2017_barley","Forst_2017","Forst_2017_barley_7", 4.6355000, 4, 4.502644,1.025886181,1.02950628,0.29166667,-1.06675634,-2.2263551,"prop_swf.2018",0.0209047958,0.0291462327,0.0190476190,0.0310475279,0.0400564950,0.0396343641,0.0379323899,0.0501907126,0.0333492810,0.0294875164, 100, 200, 300, 400, 500, 600, 700, 800, 900,1000
"F_AF_r3_1m","Forst","2017","barley", 1.0, 9.088143,55.17152,13.51818,118,663,219, 7,3,0.9040015,35.11523,197,71.97045,0.2703563,"Sep","Jul", 3.01760000,"winter","Forst_2017_barley","Forst_2017","Forst_2017_barley_1", 3.0181250, 4, 4.502644,0.670184045,0.67030064,0.04166667,-1.06675634,-2.2263551,"prop_swf.2018",0.0209047958,0.0291462327,0.0190476190,0.0310475279,0.0400564950,0.0396343641,0.0379323899,0.0501907126,0.0333492810,0.0294875164, 100, 200, 300, 400, 500, 600, 700, 800, 900,1000
"F_AF_r3_4m","Forst","2017","barley", 4.0, 9.088143,55.17152,13.51818,118,663,219, 7,3,0.9040015,35.11523,197,71.97045,0.2703563,"Sep","Jul", 5.32170000,"winter","Forst_2017_barley","Forst_2017","Forst_2017_barley_4", 4.1609250, 4, 4.502644,1.181905630,0.92410709,0.16666667,-1.06675634,-2.2263551,"prop_swf.2018",0.0209047958,0.0291462327,0.0190476190,0.0310475279,0.0400564950,0.0396343641,0.0379323899,0.0501907126,0.0333492810,0.0294875164, 100, 200, 300, 400, 500, 600, 700, 800, 900,1000
"F_AF_r3_7m","Forst","2017","barley", 7.0, 9.088143,55.17152,13.51818,118,663,219, 7,3,0.9040015,35.11523,197,71.97045,0.2703563,"Sep","Jul", 5.84720000,"winter","Forst_2017_barley","Forst_2017","Forst_2017_barley_7", 4.6355000, 4, 4.502644,1.298614842,1.02950628,0.29166667,-1.06675634,-2.2263551,"prop_swf.2018",0.0209047958,0.0291462327,0.0190476190,0.0310475279,0.0400564950,0.0396343641,0.0379323899,0.0501907126,0.0333492810,0.0294875164, 100, 200, 300, 400, 500, 600, 700, 800, 900,1000
"F_AF_r4_1m","Forst","2017","barley", 1.0, 9.088143,55.17152,13.51818,118,663,219, 7,3,0.9040015,35.11523,197,71.97045,0.2703563,"Sep","Jul", 2.67850000,"winter","Forst_2017_barley","Forst_2017","Forst_2017_barley_1", 3.0181250, 4, 4.502644,0.594872734,0.67030064,0.04166667,-1.06675634,-2.2263551,"prop_swf.2018",0.0209047958,0.0291462327,0.0190476190,0.0310475279,0.0400564950,0.0396343641,0.0379323899,0.0501907126,0.0333492810,0.0294875164, 100, 200, 300, 400, 500, 600, 700, 800, 900,1000
"F_AF_r4_4m","Forst","2017","barley", 4.0, 9.088143,55.17152,13.51818,118,663,219, 7,3,0.9040015,35.11523,197,71.97045,0.2703563,"Sep","Jul", 4.00910000,"winter","Forst_2017_barley","Forst_2017","Forst_2017_barley_4", 4.1609250, 4, 4.502644,0.890388008,0.92410709,0.16666667,-1.06675634,-2.2263551,"prop_swf.2018",0.0209047958,0.0291462327,0.0190476190,0.0310475279,0.0400564950,0.0396343641,0.0379323899,0.0501907126,0.0333492810,0.0294875164, 100, 200, 300, 400, 500, 600, 700, 800, 900,1000
"F_AF_r4_7m","Forst","2017","barley", 7.0, 9.088143,55.17152,13.51818,118,663,219, 7,3,0.9040015,35.11523,197,71.97045,0.2703563,"Sep","Jul", 3.78760000,"winter","Forst_2017_barley","Forst_2017","Forst_2017_barley_7", 4.6355000, 4, 4.502644,0.841194687,1.02950628,0.29166667,-1.06675634,-2.2263551,"prop_swf.2018",0.0209047958,0.0291462327,0.0190476190,0.0310475279,0.0400564950,0.0396343641,0.0379323899,0.0501907126,0.0333492810,0.0294875164, 100, 200, 300, 400, 500, 600, 700, 800, 900,1000
"F_AF_r1_24m","Forst","2017","barley",24.0, 9.088143,55.17152,13.51818,118,663,219, 7,3,0.9040015,35.11523,197,71.97045,0.2703563,"Sep","Jul", 5.40800000,"winter","Forst_2017_barley","Forst_2017","Forst_2017_barley_24", 6.1960250, 4, 4.502644,1.201072148,1.37608599,1.00000000,-1.06675634,-2.2263551,"prop_swf.2018",0.0209047958,0.0291462327,0.0190476190,0.0310475279,0.0400564950,0.0396343641,0.0379323899,0.0501907126,0.0333492810,0.0294875164, 100, 200, 300, 400, 500, 600, 700, 800, 900,1000
"F_AF_r2_24m","Forst","2017","barley",24.0, 9.088143,55.17152,13.51818,118,663,219, 7,3,0.9040015,35.11523,197,71.97045,0.2703563,"Sep","Jul", 6.12970000,"winter","Forst_2017_barley","Forst_2017","Forst_2017_barley_24", 6.1960250, 4, 4.502644,1.361355759,1.37608599,1.00000000,-1.06675634,-2.2263551,"prop_swf.2018",0.0209047958,0.0291462327,0.0190476190,0.0310475279,0.0400564950,0.0396343641,0.0379323899,0.0501907126,0.0333492810,0.0294875164, 100, 200, 300, 400, 500, 600, 700, 800, 900,1000
"F_AF_r3_24m","Forst","2017","barley",24.0, 9.088143,55.17152,13.51818,118,663,219, 7,3,0.9040015,35.11523,197,71.97045,0.2703563,"Sep","Jul", 6.99220000,"winter","Forst_2017_barley","Forst_2017","Forst_2017_barley_24", 6.1960250, 4, 4.502644,1.552909888,1.37608599,1.00000000,-1.06675634,-2.2263551,"prop_swf.2018",0.0209047958,0.0291462327,0.0190476190,0.0310475279,0.0400564950,0.0396343641,0.0379323899,0.0501907126,0.0333492810,0.0294875164, 100, 200, 300, 400, 500, 600, 700, 800, 900,1000
"F_AF_r4_24m","Forst","2017","barley",24.0, 9.088143,55.17152,13.51818,118,663,219, 7,3,0.9040015,35.11523,197,71.97045,0.2703563,"Sep","Jul", 6.25420000,"winter","Forst_2017_barley","Forst_2017","Forst_2017_barley_24", 6.1960250, 4, 4.502644,1.389006181,1.37608599,1.00000000,-1.06675634,-2.2263551,"prop_swf.2018",0.0209047958,0.0291462327,0.0190476190,0.0310475279,0.0400564950,0.0396343641,0.0379323899,0.0501907126,0.0333492810,0.0294875164, 100, 200, 300, 400, 500, 600, 700, 800, 900,1000
"F_AF_r1_1m","Forst","2019","barley", 1.0,14.540000,19.24506,22.98000,118,663,219, 9,5,0.8225149,28.34943,130,71.89607,0.2703563,"Mar","Jul", 2.13894258,"summer","Forst_2019_barley","Forst_2019","Forst_2019_barley_1", 3.3995304, 4, 3.750337,0.570333488,0.90646007,0.04166667, 2.74592714,-2.2263551,"prop_swf.2018",0.0209047958,0.0291462327,0.0190476190,0.0310475279,0.0400564950,0.0396343641,0.0379323899,0.0501907126,0.0333492810,0.0294875164, 100, 200, 300, 400, 500, 600, 700, 800, 900,1000
"F_AF_r1_4m","Forst","2019","barley", 4.0,14.540000,19.24506,22.98000,118,663,219, 9,5,0.8225149,28.34943,130,71.89607,0.2703563,"Mar","Jul", 3.27456277,"summer","Forst_2019_barley","Forst_2019","Forst_2019_barley_4", 3.8893832, 4, 3.750337,0.873138353,1.03707574,0.16666667, 2.74592714,-2.2263551,"prop_swf.2018",0.0209047958,0.0291462327,0.0190476190,0.0310475279,0.0400564950,0.0396343641,0.0379323899,0.0501907126,0.0333492810,0.0294875164, 100, 200, 300, 400, 500, 600, 700, 800, 900,1000
"F_AF_r1_7m","Forst","2019","barley", 7.0,14.540000,19.24506,22.98000,118,663,219, 9,5,0.8225149,28.34943,130,71.89607,0.2703563,"Mar","Jul", 3.71681010,"summer","Forst_2019_barley","Forst_2019","Forst_2019_barley_7", 4.1766449, 4, 3.750337,0.991060387,1.11367200,0.29166667, 2.74592714,-2.2263551,"prop_swf.2018",0.0209047958,0.0291462327,0.0190476190,0.0310475279,0.0400564950,0.0396343641,0.0379323899,0.0501907126,0.0333492810,0.0294875164, 100, 200, 300, 400, 500, 600, 700, 800, 900,1000
"F_AF_r1_24m","Forst","2019","barley",24.0,14.540000,19.24506,22.98000,118,663,219, 9,5,0.8225149,28.34943,130,71.89607,0.2703563,"Mar","Jul", 3.87266621,"summer","Forst_2019_barley","Forst_2019","Forst_2019_barley_24", 3.5357881, 4, 3.750337,1.032618285,0.94279219,1.00000000, 2.74592714,-2.2263551,"prop_swf.2018",0.0209047958,0.0291462327,0.0190476190,0.0310475279,0.0400564950,0.0396343641,0.0379323899,0.0501907126,0.0333492810,0.0294875164, 100, 200, 300, 400, 500, 600, 700, 800, 900,1000
"F_AF_r2_1m","Forst","2019","barley", 1.0,14.540000,19.24506,22.98000,118,663,219, 9,5,0.8225149,28.34943,130,71.89607,0.2703563,"Mar","Jul", 2.09347129,"summer","Forst_2019_barley","Forst_2019","Forst_2019_barley_1", 3.3995304, 4, 3.750337,0.558208898,0.90646007,0.04166667, 2.74592714,-2.2263551,"prop_swf.2018",0.0209047958,0.0291462327,0.0190476190,0.0310475279,0.0400564950,0.0396343641,0.0379323899,0.0501907126,0.0333492810,0.0294875164, 100, 200, 300, 400, 500, 600, 700, 800, 900,1000
"F_AF_r2_4m","Forst","2019","barley", 4.0,14.540000,19.24506,22.98000,118,663,219, 9,5,0.8225149,28.34943,130,71.89607,0.2703563,"Mar","Jul", 4.35991485,"summer","Forst_2019_barley","Forst_2019","Forst_2019_barley_4", 3.8893832, 4, 3.750337,1.162539593,1.03707574,0.16666667, 2.74592714,-2.2263551,"prop_swf.2018",0.0209047958,0.0291462327,0.0190476190,0.0310475279,0.0400564950,0.0396343641,0.0379323899,0.0501907126,0.0333492810,0.0294875164, 100, 200, 300, 400, 500, 600, 700, 800, 900,1000
"F_AF_r2_7m","Forst","2019","barley", 7.0,14.540000,19.24506,22.98000,118,663,219, 9,5,0.8225149,28.34943,130,71.89607,0.2703563,"Mar","Jul", 4.78223816,"summer","Forst_2019_barley","Forst_2019","Forst_2019_barley_7", 4.1766449, 4, 3.750337,1.275149032,1.11367200,0.29166667, 2.74592714,-2.2263551,"prop_swf.2018",0.0209047958,0.0291462327,0.0190476190,0.0310475279,0.0400564950,0.0396343641,0.0379323899,0.0501907126,0.0333492810,0.0294875164, 100, 200, 300, 400, 500, 600, 700, 800, 900,1000
"F_AF_r2_24m","Forst","2019","barley",24.0,14.540000,19.24506,22.98000,118,663,219, 9,5,0.8225149,28.34943,130,71.89607,0.2703563,"Mar","Jul", 4.38068862,"summer","Forst_2019_barley","Forst_2019","Forst_2019_barley_24", 3.5357881, 4, 3.750337,1.168078767,0.94279219,1.00000000, 2.74592714,-2.2263551,"prop_swf.2018",0.0209047958,0.0291462327,0.0190476190,0.0310475279,0.0400564950,0.0396343641,0.0379323899,0.0501907126,0.0333492810,0.0294875164, 100, 200, 300, 400, 500, 600, 700, 800, 900,1000
"F_AF_r3_1m","Forst","2019","barley", 1.0,14.540000,19.24506,22.98000,118,663,219, 9,5,0.8225149,28.34943,130,71.89607,0.2703563,"Mar","Jul", 5.30059490,"summer","Forst_2019_barley","Forst_2019","Forst_2019_barley_1", 3.3995304, 4, 3.750337,1.413365089,0.90646007,0.04166667, 2.74592714,-2.2263551,"prop_swf.2018",0.0209047958,0.0291462327,0.0190476190,0.0310475279,0.0400564950,0.0396343641,0.0379323899,0.0501907126,0.0333492810,0.0294875164, 100, 200, 300, 400, 500, 600, 700, 800, 900,1000
"F_AF_r3_4m","Forst","2019","barley", 4.0,14.540000,19.24506,22.98000,118,663,219, 9,5,0.8225149,28.34943,130,71.89607,0.2703563,"Mar","Jul", 4.41722614,"summer","Forst_2019_barley","Forst_2019","Forst_2019_barley_4", 3.8893832, 4, 3.750337,1.177821232,1.03707574,0.16666667, 2.74592714,-2.2263551,"prop_swf.2018",0.0209047958,0.0291462327,0.0190476190,0.0310475279,0.0400564950,0.0396343641,0.0379323899,0.0501907126,0.0333492810,0.0294875164, 100, 200, 300, 400, 500, 600, 700, 800, 900,1000
"F_AF_r3_7m","Forst","2019","barley", 7.0,14.540000,19.24506,22.98000,118,663,219, 9,5,0.8225149,28.34943,130,71.89607,0.2703563,"Mar","Jul", 4.38534021,"summer","Forst_2019_barley","Forst_2019","Forst_2019_barley_7", 4.1766449, 4, 3.750337,1.169319079,1.11367200,0.29166667, 2.74592714,-2.2263551,"prop_swf.2018",0.0209047958,0.0291462327,0.0190476190,0.0310475279,0.0400564950,0.0396343641,0.0379323899,0.0501907126,0.0333492810,0.0294875164, 100, 200, 300, 400, 500, 600, 700, 800, 900,1000
"F_AF_r3_24m","Forst","2019","barley",24.0,14.540000,19.24506,22.98000,118,663,219, 9,5,0.8225149,28.34943,130,71.89607,0.2703563,"Mar","Jul", 3.21911038,"summer","Forst_2019_barley","Forst_2019","Forst_2019_barley_24", 3.5357881, 4, 3.750337,0.858352376,0.94279219,1.00000000, 2.74592714,-2.2263551,"prop_swf.2018",0.0209047958,0.0291462327,0.0190476190,0.0310475279,0.0400564950,0.0396343641,0.0379323899,0.0501907126,0.0333492810,0.0294875164, 100, 200, 300, 400, 500, 600, 700, 800, 900,1000
"F_AF_r4_1m","Forst","2019","barley", 1.0,14.540000,19.24506,22.98000,118,663,219, 9,5,0.8225149,28.34943,130,71.89607,0.2703563,"Mar","Jul", 4.06511290,"summer","Forst_2019_barley","Forst_2019","Forst_2019_barley_1", 3.3995304, 4, 3.750337,1.083932797,0.90646007,0.04166667, 2.74592714,-2.2263551,"prop_swf.2018",0.0209047958,0.0291462327,0.0190476190,0.0310475279,0.0400564950,0.0396343641,0.0379323899,0.0501907126,0.0333492810,0.0294875164, 100, 200, 300, 400, 500, 600, 700, 800, 900,1000
"F_AF_r4_4m","Forst","2019","barley", 4.0,14.540000,19.24506,22.98000,118,663,219, 9,5,0.8225149,28.34943,130,71.89607,0.2703563,"Mar","Jul", 3.50582896,"summer","Forst_2019_barley","Forst_2019","Forst_2019_barley_4", 3.8893832, 4, 3.750337,0.934803799,1.03707574,0.16666667, 2.74592714,-2.2263551,"prop_swf.2018",0.0209047958,0.0291462327,0.0190476190,0.0310475279,0.0400564950,0.0396343641,0.0379323899,0.0501907126,0.0333492810,0.0294875164, 100, 200, 300, 400, 500, 600, 700, 800, 900,1000
"F_AF_r4_7m","Forst","2019","barley", 7.0,14.540000,19.24506,22.98000,118,663,219, 9,5,0.8225149,28.34943,130,71.89607,0.2703563,"Mar","Jul", 3.82219126,"summer","Forst_2019_barley","Forst_2019","Forst_2019_barley_7", 4.1766449, 4, 3.750337,1.019159506,1.11367200,0.29166667, 2.74592714,-2.2263551,"prop_swf.2018",0.0209047958,0.0291462327,0.0190476190,0.0310475279,0.0400564950,0.0396343641,0.0379323899,0.0501907126,0.0333492810,0.0294875164, 100, 200, 300, 400, 500, 600, 700, 800, 900,1000
"F_AF_r4_24m","Forst","2019","barley",24.0,14.540000,19.24506,22.98000,118,663,219, 9,5,0.8225149,28.34943,130,71.89607,0.2703563,"Mar","Jul", 2.67068718,"summer","Forst_2019_barley","Forst_2019","Forst_2019_barley_24", 3.5357881, 4, 3.750337,0.712119318,0.94279219,1.00000000, 2.74592714,-2.2263551,"prop_swf.2018",0.0209047958,0.0291462327,0.0190476190,0.0310475279,0.0400564950,0.0396343641,0.0379323899,0.0501907126,0.0333492810,0.0294875164, 100, 200, 300, 400, 500, 600, 700, 800, 900,1000
"F_AF_r1_1m","Forst","2020","oat", 1.0,13.100000,17.65246,23.02000,118,663,219,10,6,0.8222335,27.96180,122,71.93497,0.2703563,"Mar","Jul", 1.07760055,"summer","Forst_2020_oat","Forst_2020","Forst_2020_oat_1", 0.8055631, 4, 1.490358,0.723048144,0.54051654,0.04166667, 2.48836528,-2.2263551,"prop_swf.2021",0.0057601450,0.0213999108,0.0487912088,0.0513110406,0.0689709286,0.0723059344,0.0588312369,0.0633286917,0.0568204205,0.0569776610, 100, 200, 300, 400, 500, 600, 700, 800, 900,1000
"F_AF_r1_4m","Forst","2020","oat", 4.0,13.100000,17.65246,23.02000,118,663,219,10,6,0.8222335,27.96180,122,71.93497,0.2703563,"Mar","Jul", 1.31289022,"summer","Forst_2020_oat","Forst_2020","Forst_2020_oat_4", 1.5052895, 4, 1.490358,0.880922741,1.01001876,0.16666667, 2.48836528,-2.2263551,"prop_swf.2021",0.0057601450,0.0213999108,0.0487912088,0.0513110406,0.0689709286,0.0723059344,0.0588312369,0.0633286917,0.0568204205,0.0569776610, 100, 200, 300, 400, 500, 600, 700, 800, 900,1000
"F_AF_r1_7m","Forst","2020","oat", 7.0,13.100000,17.65246,23.02000,118,663,219,10,6,0.8222335,27.96180,122,71.93497,0.2703563,"Mar","Jul", 1.78572269,"summer","Forst_2020_oat","Forst_2020","Forst_2020_oat_7", 1.6360764, 4, 1.490358,1.198183750,1.09777410,0.29166667, 2.48836528,-2.2263551,"prop_swf.2021",0.0057601450,0.0213999108,0.0487912088,0.0513110406,0.0689709286,0.0723059344,0.0588312369,0.0633286917,0.0568204205,0.0569776610, 100, 200, 300, 400, 500, 600, 700, 800, 900,1000
"F_AF_r1_24m","Forst","2020","oat",24.0,13.100000,17.65246,23.02000,118,663,219,10,6,0.8222335,27.96180,122,71.93497,0.2703563,"Mar","Jul", 2.06343083,"summer","Forst_2020_oat","Forst_2020","Forst_2020_oat_24", 2.0145028, 4, 1.490358,1.384520288,1.35169060,1.00000000, 2.48836528,-2.2263551,"prop_swf.2021",0.0057601450,0.0213999108,0.0487912088,0.0513110406,0.0689709286,0.0723059344,0.0588312369,0.0633286917,0.0568204205,0.0569776610, 100, 200, 300, 400, 500, 600, 700, 800, 900,1000
"F_AF_r2_1m","Forst","2020","oat", 1.0,13.100000,17.65246,23.02000,118,663,219,10,6,0.8222335,27.96180,122,71.93497,0.2703563,"Mar","Jul", 1.00789786,"summer","Forst_2020_oat","Forst_2020","Forst_2020_oat_1", 0.8055631, 4, 1.490358,0.676279045,0.54051654,0.04166667, 2.48836528,-2.2263551,"prop_swf.2021",0.0057601450,0.0213999108,0.0487912088,0.0513110406,0.0689709286,0.0723059344,0.0588312369,0.0633286917,0.0568204205,0.0569776610, 100, 200, 300, 400, 500, 600, 700, 800, 900,1000
"F_AF_r2_4m","Forst","2020","oat", 4.0,13.100000,17.65246,23.02000,118,663,219,10,6,0.8222335,27.96180,122,71.93497,0.2703563,"Mar","Jul", 1.68377643,"summer","Forst_2020_oat","Forst_2020","Forst_2020_oat_4", 1.5052895, 4, 1.490358,1.129779879,1.01001876,0.16666667, 2.48836528,-2.2263551,"prop_swf.2021",0.0057601450,0.0213999108,0.0487912088,0.0513110406,0.0689709286,0.0723059344,0.0588312369,0.0633286917,0.0568204205,0.0569776610, 100, 200, 300, 400, 500, 600, 700, 800, 900,1000
"F_AF_r2_7m","Forst","2020","oat", 7.0,13.100000,17.65246,23.02000,118,663,219,10,6,0.8222335,27.96180,122,71.93497,0.2703563,"Mar","Jul", 1.79427802,"summer","Forst_2020_oat","Forst_2020","Forst_2020_oat_7", 1.6360764, 4, 1.490358,1.203924208,1.09777410,0.29166667, 2.48836528,-2.2263551,"prop_swf.2021",0.0057601450,0.0213999108,0.0487912088,0.0513110406,0.0689709286,0.0723059344,0.0588312369,0.0633286917,0.0568204205,0.0569776610, 100, 200, 300, 400, 500, 600, 700, 800, 900,1000
"F_AF_r2_24m","Forst","2020","oat",24.0,13.100000,17.65246,23.02000,118,663,219,10,6,0.8222335,27.96180,122,71.93497,0.2703563,"Mar","Jul", 1.83637227,"summer","Forst_2020_oat","Forst_2020","Forst_2020_oat_24", 2.0145028, 4, 1.490358,1.232168593,1.35169060,1.00000000, 2.48836528,-2.2263551,"prop_swf.2021",0.0057601450,0.0213999108,0.0487912088,0.0513110406,0.0689709286,0.0723059344,0.0588312369,0.0633286917,0.0568204205,0.0569776610, 100, 200, 300, 400, 500, 600, 700, 800, 900,1000
"F_AF_r3_1m","Forst","2020","oat", 1.0,13.100000,17.65246,23.02000,118,663,219,10,6,0.8222335,27.96180,122,71.93497,0.2703563,"Mar","Jul", 0.71127920,"summer","Forst_2020_oat","Forst_2020","Forst_2020_oat_1", 0.8055631, 4, 1.490358,0.477253932,0.54051654,0.04166667, 2.48836528,-2.2263551,"prop_swf.2021",0.0057601450,0.0213999108,0.0487912088,0.0513110406,0.0689709286,0.0723059344,0.0588312369,0.0633286917,0.0568204205,0.0569776610, 100, 200, 300, 400, 500, 600, 700, 800, 900,1000
"F_AF_r3_4m","Forst","2020","oat", 4.0,13.100000,17.65246,23.02000,118,663,219,10,6,0.8222335,27.96180,122,71.93497,0.2703563,"Mar","Jul", 1.76365945,"summer","Forst_2020_oat","Forst_2020","Forst_2020_oat_4", 1.5052895, 4, 1.490358,1.183379764,1.01001876,0.16666667, 2.48836528,-2.2263551,"prop_swf.2021",0.0057601450,0.0213999108,0.0487912088,0.0513110406,0.0689709286,0.0723059344,0.0588312369,0.0633286917,0.0568204205,0.0569776610, 100, 200, 300, 400, 500, 600, 700, 800, 900,1000
"F_AF_r3_7m","Forst","2020","oat", 7.0,13.100000,17.65246,23.02000,118,663,219,10,6,0.8222335,27.96180,122,71.93497,0.2703563,"Mar","Jul", 1.71408316,"summer","Forst_2020_oat","Forst_2020","Forst_2020_oat_7", 1.6360764, 4, 1.490358,1.150115082,1.09777410,0.29166667, 2.48836528,-2.2263551,"prop_swf.2021",0.0057601450,0.0213999108,0.0487912088,0.0513110406,0.0689709286,0.0723059344,0.0588312369,0.0633286917,0.0568204205,0.0569776610, 100, 200, 300, 400, 500, 600, 700, 800, 900,1000
"F_AF_r3_24m","Forst","2020","oat",24.0,13.100000,17.65246,23.02000,118,663,219,10,6,0.8222335,27.96180,122,71.93497,0.2703563,"Mar","Jul", 2.38116741,"summer","Forst_2020_oat","Forst_2020","Forst_2020_oat_24", 2.0145028, 4, 1.490358,1.597715100,1.35169060,1.00000000, 2.48836528,-2.2263551,"prop_swf.2021",0.0057601450,0.0213999108,0.0487912088,0.0513110406,0.0689709286,0.0723059344,0.0588312369,0.0633286917,0.0568204205,0.0569776610, 100, 200, 300, 400, 500, 600, 700, 800, 900,1000
"F_AF_r4_1m","Forst","2020","oat", 1.0,13.100000,17.65246,23.02000,118,663,219,10,6,0.8222335,27.96180,122,71.93497,0.2703563,"Mar","Jul", 0.42547492,"summer","Forst_2020_oat","Forst_2020","Forst_2020_oat_1", 0.8055631, 4, 1.490358,0.285485051,0.54051654,0.04166667, 2.48836528,-2.2263551,"prop_swf.2021",0.0057601450,0.0213999108,0.0487912088,0.0513110406,0.0689709286,0.0723059344,0.0588312369,0.0633286917,0.0568204205,0.0569776610, 100, 200, 300, 400, 500, 600, 700, 800, 900,1000
"F_AF_r4_4m","Forst","2020","oat", 4.0,13.100000,17.65246,23.02000,118,663,219,10,6,0.8222335,27.96180,122,71.93497,0.2703563,"Mar","Jul", 1.26083189,"summer","Forst_2020_oat","Forst_2020","Forst_2020_oat_4", 1.5052895, 4, 1.490358,0.845992661,1.01001876,0.16666667, 2.48836528,-2.2263551,"prop_swf.2021",0.0057601450,0.0213999108,0.0487912088,0.0513110406,0.0689709286,0.0723059344,0.0588312369,0.0633286917,0.0568204205,0.0569776610, 100, 200, 300, 400, 500, 600, 700, 800, 900,1000
"F_AF_r4_7m","Forst","2020","oat", 7.0,13.100000,17.65246,23.02000,118,663,219,10,6,0.8222335,27.96180,122,71.93497,0.2703563,"Mar","Jul", 1.25022157,"summer","Forst_2020_oat","Forst_2020","Forst_2020_oat_7", 1.6360764, 4, 1.490358,0.838873351,1.09777410,0.29166667, 2.48836528,-2.2263551,"prop_swf.2021",0.0057601450,0.0213999108,0.0487912088,0.0513110406,0.0689709286,0.0723059344,0.0588312369,0.0633286917,0.0568204205,0.0569776610, 100, 200, 300, 400, 500, 600, 700, 800, 900,1000
"F_AF_r4_24m","Forst","2020","oat",24.0,13.100000,17.65246,23.02000,118,663,219,10,6,0.8222335,27.96180,122,71.93497,0.2703563,"Mar","Jul", 1.77704085,"summer","Forst_2020_oat","Forst_2020","Forst_2020_oat_24", 2.0145028, 4, 1.490358,1.192358412,1.35169060,1.00000000, 2.48836528,-2.2263551,"prop_swf.2021",0.0057601450,0.0213999108,0.0487912088,0.0513110406,0.0689709286,0.0723059344,0.0588312369,0.0633286917,0.0568204205,0.0569776610, 100, 200, 300, 400, 500, 600, 700, 800, 900,1000
"1a-i","Gladbacherhof","2021","wheat", 4.5, 8.707721,54.20244,12.27540,252,180,567, 1,2,0.9590928,38.75917,158,66.81636,2.0194024,"Oct","Jul", 3.24000000,"winter","Gladbacherhof_2021_wheat","Gladbacherhof_2021","Gladbacherhof_2021_wheat_4.5", 3.9614583,48, 3.534722,0.916620825,1.12072692,0.50000000,-1.31113127, 1.5699607,"prop_swf.2021",0.0594128287,0.0974427717,0.1406237210,0.0919220056,0.0575372658,0.0739634486,0.1020032339,0.0783981268,0.0537311245,0.0293031686, 100, 200, 300, 400, 500, 600, 700, 800, 900,1000
"1a-I","Gladbacherhof","2021","wheat", 4.5, 8.707721,54.20244,12.27540,252,180,567, 1,2,0.9590928,38.75917,158,66.81636,2.0194024,"Oct","Jul", 4.42000000,"winter","Gladbacherhof_2021_wheat","Gladbacherhof_2021","Gladbacherhof_2021_wheat_4.5", 3.9614583,48, 3.534722,1.250451866,1.12072692,0.50000000,-1.31113127, 1.5699607,"prop_swf.2021",0.0594128287,0.0974427717,0.1406237210,0.0919220056,0.0575372658,0.0739634486,0.1020032339,0.0783981268,0.0537311245,0.0293031686, 100, 200, 300, 400, 500, 600, 700, 800, 900,1000
"1a-ii","Gladbacherhof","2021","wheat", 9.0, 8.707721,54.20244,12.27540,252,180,567, 1,2,0.9590928,38.75917,158,66.81636,2.0194024,"Oct","Jul", 2.89000000,"winter","Gladbacherhof_2021_wheat","Gladbacherhof_2021","Gladbacherhof_2021_wheat_9", 3.3162500,48, 3.534722,0.817603143,0.93819253,1.00000000,-1.31113127, 1.5699607,"prop_swf.2021",0.0594128287,0.0974427717,0.1406237210,0.0919220056,0.0575372658,0.0739634486,0.1020032339,0.0783981268,0.0537311245,0.0293031686, 100, 200, 300, 400, 500, 600, 700, 800, 900,1000
"1a-II","Gladbacherhof","2021","wheat", 9.0, 8.707721,54.20244,12.27540,252,180,567, 1,2,0.9590928,38.75917,158,66.81636,2.0194024,"Oct","Jul", 4.87000000,"winter","Gladbacherhof_2021_wheat","Gladbacherhof_2021","Gladbacherhof_2021_wheat_9", 3.3162500,48, 3.534722,1.377760314,0.93819253,1.00000000,-1.31113127, 1.5699607,"prop_swf.2021",0.0594128287,0.0974427717,0.1406237210,0.0919220056,0.0575372658,0.0739634486,0.1020032339,0.0783981268,0.0537311245,0.0293031686, 100, 200, 300, 400, 500, 600, 700, 800, 900,1000
"1a-iv","Gladbacherhof","2021","wheat", 1.0, 8.707721,54.20244,12.27540,252,180,567, 1,2,0.9590928,38.75917,158,66.81636,2.0194024,"Oct","Jul", 1.69000000,"winter","Gladbacherhof_2021_wheat","Gladbacherhof_2021","Gladbacherhof_2021_wheat_1", 3.3264583,48, 3.534722,0.478113949,0.94108055,0.11111111,-1.31113127, 1.5699607,"prop_swf.2021",0.0594128287,0.0974427717,0.1406237210,0.0919220056,0.0575372658,0.0739634486,0.1020032339,0.0783981268,0.0537311245,0.0293031686, 100, 200, 300, 400, 500, 600, 700, 800, 900,1000
"1a-IV","Gladbacherhof","2021","wheat", 1.0, 8.707721,54.20244,12.27540,252,180,567, 1,2,0.9590928,38.75917,158,66.81636,2.0194024,"Oct","Jul", 4.37000000,"winter","Gladbacherhof_2021_wheat","Gladbacherhof_2021","Gladbacherhof_2021_wheat_1", 3.3264583,48, 3.534722,1.236306483,0.94108055,0.11111111,-1.31113127, 1.5699607,"prop_swf.2021",0.0594128287,0.0974427717,0.1406237210,0.0919220056,0.0575372658,0.0739634486,0.1020032339,0.0783981268,0.0537311245,0.0293031686, 100, 200, 300, 400, 500, 600, 700, 800, 900,1000
"1b-i","Gladbacherhof","2021","wheat", 4.5, 8.707721,54.20244,12.27540,252,180,567, 1,2,0.9590928,38.75917,158,66.81636,2.0194024,"Oct","Jul", 4.45000000,"winter","Gladbacherhof_2021_wheat","Gladbacherhof_2021","Gladbacherhof_2021_wheat_4.5", 3.9614583,48, 3.534722,1.258939096,1.12072692,0.50000000,-1.31113127, 1.5699607,"prop_swf.2021",0.0594128287,0.0974427717,0.1406237210,0.0919220056,0.0575372658,0.0739634486,0.1020032339,0.0783981268,0.0537311245,0.0293031686, 100, 200, 300, 400, 500, 600, 700, 800, 900,1000
"1b-I","Gladbacherhof","2021","wheat", 4.5, 8.707721,54.20244,12.27540,252,180,567, 1,2,0.9590928,38.75917,158,66.81636,2.0194024,"Oct","Jul", 4.63000000,"winter","Gladbacherhof_2021_wheat","Gladbacherhof_2021","Gladbacherhof_2021_wheat_4.5", 3.9614583,48, 3.534722,1.309862475,1.12072692,0.50000000,-1.31113127, 1.5699607,"prop_swf.2021",0.0594128287,0.0974427717,0.1406237210,0.0919220056,0.0575372658,0.0739634486,0.1020032339,0.0783981268,0.0537311245,0.0293031686, 100, 200, 300, 400, 500, 600, 700, 800, 900,1000
"1b-ii","Gladbacherhof","2021","wheat", 9.0, 8.707721,54.20244,12.27540,252,180,567, 1,2,0.9590928,38.75917,158,66.81636,2.0194024,"Oct","Jul", 3.65000000,"winter","Gladbacherhof_2021_wheat","Gladbacherhof_2021","Gladbacherhof_2021_wheat_9", 3.3162500,48, 3.534722,1.032612967,0.93819253,1.00000000,-1.31113127, 1.5699607,"prop_swf.2021",0.0594128287,0.0974427717,0.1406237210,0.0919220056,0.0575372658,0.0739634486,0.1020032339,0.0783981268,0.0537311245,0.0293031686, 100, 200, 300, 400, 500, 600, 700, 800, 900,1000
"1b-II","Gladbacherhof","2021","wheat", 9.0, 8.707721,54.20244,12.27540,252,180,567, 1,2,0.9590928,38.75917,158,66.81636,2.0194024,"Oct","Jul", 4.59000000,"winter","Gladbacherhof_2021_wheat","Gladbacherhof_2021","Gladbacherhof_2021_wheat_9", 3.3162500,48, 3.534722,1.298546169,0.93819253,1.00000000,-1.31113127, 1.5699607,"prop_swf.2021",0.0594128287,0.0974427717,0.1406237210,0.0919220056,0.0575372658,0.0739634486,0.1020032339,0.0783981268,0.0537311245,0.0293031686, 100, 200, 300, 400, 500, 600, 700, 800, 900,1000
"1b-iv","Gladbacherhof","2021","wheat", 1.0, 8.707721,54.20244,12.27540,252,180,567, 1,2,0.9590928,38.75917,158,66.81636,2.0194024,"Oct","Jul", 2.24000000,"winter","Gladbacherhof_2021_wheat","Gladbacherhof_2021","Gladbacherhof_2021_wheat_1", 3.3264583,48, 3.534722,0.633713163,0.94108055,0.11111111,-1.31113127, 1.5699607,"prop_swf.2021",0.0594128287,0.0974427717,0.1406237210,0.0919220056,0.0575372658,0.0739634486,0.1020032339,0.0783981268,0.0537311245,0.0293031686, 100, 200, 300, 400, 500, 600, 700, 800, 900,1000
"1b-IV","Gladbacherhof","2021","wheat", 1.0, 8.707721,54.20244,12.27540,252,180,567, 1,2,0.9590928,38.75917,158,66.81636,2.0194024,"Oct","Jul", 4.07000000,"winter","Gladbacherhof_2021_wheat","Gladbacherhof_2021","Gladbacherhof_2021_wheat_1", 3.3264583,48, 3.534722,1.151434185,0.94108055,0.11111111,-1.31113127, 1.5699607,"prop_swf.2021",0.0594128287,0.0974427717,0.1406237210,0.0919220056,0.0575372658,0.0739634486,0.1020032339,0.0783981268,0.0537311245,0.0293031686, 100, 200, 300, 400, 500, 600, 700, 800, 900,1000
"1c-i","Gladbacherhof","2021","wheat", 4.5, 8.707721,54.20244,12.27540,252,180,567, 1,2,0.9590928,38.75917,158,66.81636,2.0194024,"Oct","Jul", 4.77000000,"winter","Gladbacherhof_2021_wheat","Gladbacherhof_2021","Gladbacherhof_2021_wheat_4.5", 3.9614583,48, 3.534722,1.349469548,1.12072692,0.50000000,-1.31113127, 1.5699607,"prop_swf.2021",0.0594128287,0.0974427717,0.1406237210,0.0919220056,0.0575372658,0.0739634486,0.1020032339,0.0783981268,0.0537311245,0.0293031686, 100, 200, 300, 400, 500, 600, 700, 800, 900,1000
"1c-I","Gladbacherhof","2021","wheat", 4.5, 8.707721,54.20244,12.27540,252,180,567, 1,2,0.9590928,38.75917,158,66.81636,2.0194024,"Oct","Jul", 5.34000000,"winter","Gladbacherhof_2021_wheat","Gladbacherhof_2021","Gladbacherhof_2021_wheat_4.5", 3.9614583,48, 3.534722,1.510726916,1.12072692,0.50000000,-1.31113127, 1.5699607,"prop_swf.2021",0.0594128287,0.0974427717,0.1406237210,0.0919220056,0.0575372658,0.0739634486,0.1020032339,0.0783981268,0.0537311245,0.0293031686, 100, 200, 300, 400, 500, 600, 700, 800, 900,1000
"1c-ii","Gladbacherhof","2021","wheat", 9.0, 8.707721,54.20244,12.27540,252,180,567, 1,2,0.9590928,38.75917,158,66.81636,2.0194024,"Oct","Jul", 3.19000000,"winter","Gladbacherhof_2021_wheat","Gladbacherhof_2021","Gladbacherhof_2021_wheat_9", 3.3162500,48, 3.534722,0.902475442,0.93819253,1.00000000,-1.31113127, 1.5699607,"prop_swf.2021",0.0594128287,0.0974427717,0.1406237210,0.0919220056,0.0575372658,0.0739634486,0.1020032339,0.0783981268,0.0537311245,0.0293031686, 100, 200, 300, 400, 500, 600, 700, 800, 900,1000
"1c-II","Gladbacherhof","2021","wheat", 9.0, 8.707721,54.20244,12.27540,252,180,567, 1,2,0.9590928,38.75917,158,66.81636,2.0194024,"Oct","Jul", 3.80000000,"winter","Gladbacherhof_2021_wheat","Gladbacherhof_2021","Gladbacherhof_2021_wheat_9", 3.3162500,48, 3.534722,1.075049116,0.93819253,1.00000000,-1.31113127, 1.5699607,"prop_swf.2021",0.0594128287,0.0974427717,0.1406237210,0.0919220056,0.0575372658,0.0739634486,0.1020032339,0.0783981268,0.0537311245,0.0293031686, 100, 200, 300, 400, 500, 600, 700, 800, 900,1000
"1c-iv","Gladbacherhof","2021","wheat", 1.0, 8.707721,54.20244,12.27540,252,180,567, 1,2,0.9590928,38.75917,158,66.81636,2.0194024,"Oct","Jul", 2.29000000,"winter","Gladbacherhof_2021_wheat","Gladbacherhof_2021","Gladbacherhof_2021_wheat_1", 3.3264583,48, 3.534722,0.647858546,0.94108055,0.11111111,-1.31113127, 1.5699607,"prop_swf.2021",0.0594128287,0.0974427717,0.1406237210,0.0919220056,0.0575372658,0.0739634486,0.1020032339,0.0783981268,0.0537311245,0.0293031686, 100, 200, 300, 400, 500, 600, 700, 800, 900,1000
"1c-IV","Gladbacherhof","2021","wheat", 1.0, 8.707721,54.20244,12.27540,252,180,567, 1,2,0.9590928,38.75917,158,66.81636,2.0194024,"Oct","Jul", 4.87000000,"winter","Gladbacherhof_2021_wheat","Gladbacherhof_2021","Gladbacherhof_2021_wheat_1", 3.3264583,48, 3.534722,1.377760314,0.94108055,0.11111111,-1.31113127, 1.5699607,"prop_swf.2021",0.0594128287,0.0974427717,0.1406237210,0.0919220056,0.0575372658,0.0739634486,0.1020032339,0.0783981268,0.0537311245,0.0293031686, 100, 200, 300, 400, 500, 600, 700, 800, 900,1000
"1d-i","Gladbacherhof","2021","wheat", 4.5, 8.707721,54.20244,12.27540,252,180,567, 1,2,0.9590928,38.75917,158,66.81636,2.0194024,"Oct","Jul", 4.24000000,"winter","Gladbacherhof_2021_wheat","Gladbacherhof_2021","Gladbacherhof_2021_wheat_4.5", 3.9614583,48, 3.534722,1.199528487,1.12072692,0.50000000,-1.31113127, 1.5699607,"prop_swf.2021",0.0594128287,0.0974427717,0.1406237210,0.0919220056,0.0575372658,0.0739634486,0.1020032339,0.0783981268,0.0537311245,0.0293031686, 100, 200, 300, 400, 500, 600, 700, 800, 900,1000
"1d-I","Gladbacherhof","2021","wheat", 4.5, 8.707721,54.20244,12.27540,252,180,567, 1,2,0.9590928,38.75917,158,66.81636,2.0194024,"Oct","Jul", 4.00000000,"winter","Gladbacherhof_2021_wheat","Gladbacherhof_2021","Gladbacherhof_2021_wheat_4.5", 3.9614583,48, 3.534722,1.131630648,1.12072692,0.50000000,-1.31113127, 1.5699607,"prop_swf.2021",0.0594128287,0.0974427717,0.1406237210,0.0919220056,0.0575372658,0.0739634486,0.1020032339,0.0783981268,0.0537311245,0.0293031686, 100, 200, 300, 400, 500, 600, 700, 800, 900,1000
"1d-ii","Gladbacherhof","2021","wheat", 9.0, 8.707721,54.20244,12.27540,252,180,567, 1,2,0.9590928,38.75917,158,66.81636,2.0194024,"Oct","Jul", 3.44000000,"winter","Gladbacherhof_2021_wheat","Gladbacherhof_2021","Gladbacherhof_2021_wheat_9", 3.3162500,48, 3.534722,0.973202358,0.93819253,1.00000000,-1.31113127, 1.5699607,"prop_swf.2021",0.0594128287,0.0974427717,0.1406237210,0.0919220056,0.0575372658,0.0739634486,0.1020032339,0.0783981268,0.0537311245,0.0293031686, 100, 200, 300, 400, 500, 600, 700, 800, 900,1000
"1d-II","Gladbacherhof","2021","wheat", 9.0, 8.707721,54.20244,12.27540,252,180,567, 1,2,0.9590928,38.75917,158,66.81636,2.0194024,"Oct","Jul", 2.30000000,"winter","Gladbacherhof_2021_wheat","Gladbacherhof_2021","Gladbacherhof_2021_wheat_9", 3.3162500,48, 3.534722,0.650687623,0.93819253,1.00000000,-1.31113127, 1.5699607,"prop_swf.2021",0.0594128287,0.0974427717,0.1406237210,0.0919220056,0.0575372658,0.0739634486,0.1020032339,0.0783981268,0.0537311245,0.0293031686, 100, 200, 300, 400, 500, 600, 700, 800, 900,1000
"1d-iv","Gladbacherhof","2021","wheat", 1.0, 8.707721,54.20244,12.27540,252,180,567, 1,2,0.9590928,38.75917,158,66.81636,2.0194024,"Oct","Jul", 2.77000000,"winter","Gladbacherhof_2021_wheat","Gladbacherhof_2021","Gladbacherhof_2021_wheat_1", 3.3264583,48, 3.534722,0.783654224,0.94108055,0.11111111,-1.31113127, 1.5699607,"prop_swf.2021",0.0594128287,0.0974427717,0.1406237210,0.0919220056,0.0575372658,0.0739634486,0.1020032339,0.0783981268,0.0537311245,0.0293031686, 100, 200, 300, 400, 500, 600, 700, 800, 900,1000
"1d-IV","Gladbacherhof","2021","wheat", 1.0, 8.707721,54.20244,12.27540,252,180,567, 1,2,0.9590928,38.75917,158,66.81636,2.0194024,"Oct","Jul", 5.22000000,"winter","Gladbacherhof_2021_wheat","Gladbacherhof_2021","Gladbacherhof_2021_wheat_1", 3.3264583,48, 3.534722,1.476777996,0.94108055,0.11111111,-1.31113127, 1.5699607,"prop_swf.2021",0.0594128287,0.0974427717,0.1406237210,0.0919220056,0.0575372658,0.0739634486,0.1020032339,0.0783981268,0.0537311245,0.0293031686, 100, 200, 300, 400, 500, 600, 700, 800, 900,1000
"2a-i","Gladbacherhof","2021","wheat", 4.5, 8.707721,54.20244,12.27540,252,180,567, 1,2,0.9590928,38.75917,158,66.81636,2.0194024,"Oct","Jul", 5.73000000,"winter","Gladbacherhof_2021_wheat","Gladbacherhof_2021","Gladbacherhof_2021_wheat_4.5", 3.9614583,48, 3.534722,1.621060904,1.12072692,0.50000000,-1.31113127, 1.5699607,"prop_swf.2021",0.0594128287,0.0974427717,0.1406237210,0.0919220056,0.0575372658,0.0739634486,0.1020032339,0.0783981268,0.0537311245,0.0293031686, 100, 200, 300, 400, 500, 600, 700, 800, 900,1000
"2a-I","Gladbacherhof","2021","wheat", 4.5, 8.707721,54.20244,12.27540,252,180,567, 1,2,0.9590928,38.75917,158,66.81636,2.0194024,"Oct","Jul", 4.13000000,"winter","Gladbacherhof_2021_wheat","Gladbacherhof_2021","Gladbacherhof_2021_wheat_4.5", 3.9614583,48, 3.534722,1.168408644,1.12072692,0.50000000,-1.31113127, 1.5699607,"prop_swf.2021",0.0594128287,0.0974427717,0.1406237210,0.0919220056,0.0575372658,0.0739634486,0.1020032339,0.0783981268,0.0537311245,0.0293031686, 100, 200, 300, 400, 500, 600, 700, 800, 900,1000
"2a-ii","Gladbacherhof","2021","wheat", 9.0, 8.707721,54.20244,12.27540,252,180,567, 1,2,0.9590928,38.75917,158,66.81636,2.0194024,"Oct","Jul", 3.53000000,"winter","Gladbacherhof_2021_wheat","Gladbacherhof_2021","Gladbacherhof_2021_wheat_9", 3.3162500,48, 3.534722,0.998664047,0.93819253,1.00000000,-1.31113127, 1.5699607,"prop_swf.2021",0.0594128287,0.0974427717,0.1406237210,0.0919220056,0.0575372658,0.0739634486,0.1020032339,0.0783981268,0.0537311245,0.0293031686, 100, 200, 300, 400, 500, 600, 700, 800, 900,1000
"2a-II","Gladbacherhof","2021","wheat", 9.0, 8.707721,54.20244,12.27540,252,180,567, 1,2,0.9590928,38.75917,158,66.81636,2.0194024,"Oct","Jul", 3.99000000,"winter","Gladbacherhof_2021_wheat","Gladbacherhof_2021","Gladbacherhof_2021_wheat_9", 3.3162500,48, 3.534722,1.128801572,0.93819253,1.00000000,-1.31113127, 1.5699607,"prop_swf.2021",0.0594128287,0.0974427717,0.1406237210,0.0919220056,0.0575372658,0.0739634486,0.1020032339,0.0783981268,0.0537311245,0.0293031686, 100, 200, 300, 400, 500, 600, 700, 800, 900,1000
"2a-iv","Gladbacherhof","2021","wheat", 1.0, 8.707721,54.20244,12.27540,252,180,567, 1,2,0.9590928,38.75917,158,66.81636,2.0194024,"Oct","Jul", 4.31000000,"winter","Gladbacherhof_2021_wheat","Gladbacherhof_2021","Gladbacherhof_2021_wheat_1", 3.3264583,48, 3.534722,1.219332024,0.94108055,0.11111111,-1.31113127, 1.5699607,"prop_swf.2021",0.0594128287,0.0974427717,0.1406237210,0.0919220056,0.0575372658,0.0739634486,0.1020032339,0.0783981268,0.0537311245,0.0293031686, 100, 200, 300, 400, 500, 600, 700, 800, 900,1000
"2a-IV","Gladbacherhof","2021","wheat", 1.0, 8.707721,54.20244,12.27540,252,180,567, 1,2,0.9590928,38.75917,158,66.81636,2.0194024,"Oct","Jul", 4.38000000,"winter","Gladbacherhof_2021_wheat","Gladbacherhof_2021","Gladbacherhof_2021_wheat_1", 3.3264583,48, 3.534722,1.239135560,0.94108055,0.11111111,-1.31113127, 1.5699607,"prop_swf.2021",0.0594128287,0.0974427717,0.1406237210,0.0919220056,0.0575372658,0.0739634486,0.1020032339,0.0783981268,0.0537311245,0.0293031686, 100, 200, 300, 400, 500, 600, 700, 800, 900,1000
"2b-i","Gladbacherhof","2021","wheat", 4.5, 8.707721,54.20244,12.27540,252,180,567, 1,2,0.9590928,38.75917,158,66.81636,2.0194024,"Oct","Jul", 4.64000000,"winter","Gladbacherhof_2021_wheat","Gladbacherhof_2021","Gladbacherhof_2021_wheat_4.5", 3.9614583,48, 3.534722,1.312691552,1.12072692,0.50000000,-1.31113127, 1.5699607,"prop_swf.2021",0.0594128287,0.0974427717,0.1406237210,0.0919220056,0.0575372658,0.0739634486,0.1020032339,0.0783981268,0.0537311245,0.0293031686, 100, 200, 300, 400, 500, 600, 700, 800, 900,1000
"2b-I","Gladbacherhof","2021","wheat", 4.5, 8.707721,54.20244,12.27540,252,180,567, 1,2,0.9590928,38.75917,158,66.81636,2.0194024,"Oct","Jul", 2.32000000,"winter","Gladbacherhof_2021_wheat","Gladbacherhof_2021","Gladbacherhof_2021_wheat_4.5", 3.9614583,48, 3.534722,0.656345776,1.12072692,0.50000000,-1.31113127, 1.5699607,"prop_swf.2021",0.0594128287,0.0974427717,0.1406237210,0.0919220056,0.0575372658,0.0739634486,0.1020032339,0.0783981268,0.0537311245,0.0293031686, 100, 200, 300, 400, 500, 600, 700, 800, 900,1000
"2b-ii","Gladbacherhof","2021","wheat", 9.0, 8.707721,54.20244,12.27540,252,180,567, 1,2,0.9590928,38.75917,158,66.81636,2.0194024,"Oct","Jul", 2.95000000,"winter","Gladbacherhof_2021_wheat","Gladbacherhof_2021","Gladbacherhof_2021_wheat_9", 3.3162500,48, 3.534722,0.834577603,0.93819253,1.00000000,-1.31113127, 1.5699607,"prop_swf.2021",0.0594128287,0.0974427717,0.1406237210,0.0919220056,0.0575372658,0.0739634486,0.1020032339,0.0783981268,0.0537311245,0.0293031686, 100, 200, 300, 400, 500, 600, 700, 800, 900,1000
"2b-II","Gladbacherhof","2021","wheat", 9.0, 8.707721,54.20244,12.27540,252,180,567, 1,2,0.9590928,38.75917,158,66.81636,2.0194024,"Oct","Jul", 2.63000000,"winter","Gladbacherhof_2021_wheat","Gladbacherhof_2021","Gladbacherhof_2021_wheat_9", 3.3162500,48, 3.534722,0.744047151,0.93819253,1.00000000,-1.31113127, 1.5699607,"prop_swf.2021",0.0594128287,0.0974427717,0.1406237210,0.0919220056,0.0575372658,0.0739634486,0.1020032339,0.0783981268,0.0537311245,0.0293031686, 100, 200, 300, 400, 500, 600, 700, 800, 900,1000
"2b-iv","Gladbacherhof","2021","wheat", 1.0, 8.707721,54.20244,12.27540,252,180,567, 1,2,0.9590928,38.75917,158,66.81636,2.0194024,"Oct","Jul", 2.07000000,"winter","Gladbacherhof_2021_wheat","Gladbacherhof_2021","Gladbacherhof_2021_wheat_1", 3.3264583,48, 3.534722,0.585618861,0.94108055,0.11111111,-1.31113127, 1.5699607,"prop_swf.2021",0.0594128287,0.0974427717,0.1406237210,0.0919220056,0.0575372658,0.0739634486,0.1020032339,0.0783981268,0.0537311245,0.0293031686, 100, 200, 300, 400, 500, 600, 700, 800, 900,1000
"2b-IV","Gladbacherhof","2021","wheat", 1.0, 8.707721,54.20244,12.27540,252,180,567, 1,2,0.9590928,38.75917,158,66.81636,2.0194024,"Oct","Jul", 2.53000000,"winter","Gladbacherhof_2021_wheat","Gladbacherhof_2021","Gladbacherhof_2021_wheat_1", 3.3264583,48, 3.534722,0.715756385,0.94108055,0.11111111,-1.31113127, 1.5699607,"prop_swf.2021",0.0594128287,0.0974427717,0.1406237210,0.0919220056,0.0575372658,0.0739634486,0.1020032339,0.0783981268,0.0537311245,0.0293031686, 100, 200, 300, 400, 500, 600, 700, 800, 900,1000
"2c-i","Gladbacherhof","2021","wheat", 4.5, 8.707721,54.20244,12.27540,252,180,567, 1,2,0.9590928,38.75917,158,66.81636,2.0194024,"Oct","Jul", 3.04000000,"winter","Gladbacherhof_2021_wheat","Gladbacherhof_2021","Gladbacherhof_2021_wheat_4.5", 3.9614583,48, 3.534722,0.860039293,1.12072692,0.50000000,-1.31113127, 1.5699607,"prop_swf.2021",0.0594128287,0.0974427717,0.1406237210,0.0919220056,0.0575372658,0.0739634486,0.1020032339,0.0783981268,0.0537311245,0.0293031686, 100, 200, 300, 400, 500, 600, 700, 800, 900,1000
"2c-I","Gladbacherhof","2021","wheat", 4.5, 8.707721,54.20244,12.27540,252,180,567, 1,2,0.9590928,38.75917,158,66.81636,2.0194024,"Oct","Jul", 3.80000000,"winter","Gladbacherhof_2021_wheat","Gladbacherhof_2021","Gladbacherhof_2021_wheat_4.5", 3.9614583,48, 3.534722,1.075049116,1.12072692,0.50000000,-1.31113127, 1.5699607,"prop_swf.2021",0.0594128287,0.0974427717,0.1406237210,0.0919220056,0.0575372658,0.0739634486,0.1020032339,0.0783981268,0.0537311245,0.0293031686, 100, 200, 300, 400, 500, 600, 700, 800, 900,1000
"2c-ii","Gladbacherhof","2021","wheat", 9.0, 8.707721,54.20244,12.27540,252,180,567, 1,2,0.9590928,38.75917,158,66.81636,2.0194024,"Oct","Jul", 1.78000000,"winter","Gladbacherhof_2021_wheat","Gladbacherhof_2021","Gladbacherhof_2021_wheat_9", 3.3162500,48, 3.534722,0.503575639,0.93819253,1.00000000,-1.31113127, 1.5699607,"prop_swf.2021",0.0594128287,0.0974427717,0.1406237210,0.0919220056,0.0575372658,0.0739634486,0.1020032339,0.0783981268,0.0537311245,0.0293031686, 100, 200, 300, 400, 500, 600, 700, 800, 900,1000
"2c-II","Gladbacherhof","2021","wheat", 9.0, 8.707721,54.20244,12.27540,252,180,567, 1,2,0.9590928,38.75917,158,66.81636,2.0194024,"Oct","Jul", 3.01000000,"winter","Gladbacherhof_2021_wheat","Gladbacherhof_2021","Gladbacherhof_2021_wheat_9", 3.3162500,48, 3.534722,0.851552063,0.93819253,1.00000000,-1.31113127, 1.5699607,"prop_swf.2021",0.0594128287,0.0974427717,0.1406237210,0.0919220056,0.0575372658,0.0739634486,0.1020032339,0.0783981268,0.0537311245,0.0293031686, 100, 200, 300, 400, 500, 600, 700, 800, 900,1000
"2c-iv","Gladbacherhof","2021","wheat", 1.0, 8.707721,54.20244,12.27540,252,180,567, 1,2,0.9590928,38.75917,158,66.81636,2.0194024,"Oct","Jul", 1.71000000,"winter","Gladbacherhof_2021_wheat","Gladbacherhof_2021","Gladbacherhof_2021_wheat_1", 3.3264583,48, 3.534722,0.483772102,0.94108055,0.11111111,-1.31113127, 1.5699607,"prop_swf.2021",0.0594128287,0.0974427717,0.1406237210,0.0919220056,0.0575372658,0.0739634486,0.1020032339,0.0783981268,0.0537311245,0.0293031686, 100, 200, 300, 400, 500, 600, 700, 800, 900,1000
"2c-IV","Gladbacherhof","2021","wheat", 1.0, 8.707721,54.20244,12.27540,252,180,567, 1,2,0.9590928,38.75917,158,66.81636,2.0194024,"Oct","Jul", 2.86000000,"winter","Gladbacherhof_2021_wheat","Gladbacherhof_2021","Gladbacherhof_2021_wheat_1", 3.3264583,48, 3.534722,0.809115914,0.94108055,0.11111111,-1.31113127, 1.5699607,"prop_swf.2021",0.0594128287,0.0974427717,0.1406237210,0.0919220056,0.0575372658,0.0739634486,0.1020032339,0.0783981268,0.0537311245,0.0293031686, 100, 200, 300, 400, 500, 600, 700, 800, 900,1000
"2d-i","Gladbacherhof","2021","wheat", 4.5, 8.707721,54.20244,12.27540,252,180,567, 1,2,0.9590928,38.75917,158,66.81636,2.0194024,"Oct","Jul", 4.21000000,"winter","Gladbacherhof_2021_wheat","Gladbacherhof_2021","Gladbacherhof_2021_wheat_4.5", 3.9614583,48, 3.534722,1.191041257,1.12072692,0.50000000,-1.31113127, 1.5699607,"prop_swf.2021",0.0594128287,0.0974427717,0.1406237210,0.0919220056,0.0575372658,0.0739634486,0.1020032339,0.0783981268,0.0537311245,0.0293031686, 100, 200, 300, 400, 500, 600, 700, 800, 900,1000
"2d-I","Gladbacherhof","2021","wheat", 4.5, 8.707721,54.20244,12.27540,252,180,567, 1,2,0.9590928,38.75917,158,66.81636,2.0194024,"Oct","Jul", 3.02000000,"winter","Gladbacherhof_2021_wheat","Gladbacherhof_2021","Gladbacherhof_2021_wheat_4.5", 3.9614583,48, 3.534722,0.854381139,1.12072692,0.50000000,-1.31113127, 1.5699607,"prop_swf.2021",0.0594128287,0.0974427717,0.1406237210,0.0919220056,0.0575372658,0.0739634486,0.1020032339,0.0783981268,0.0537311245,0.0293031686, 100, 200, 300, 400, 500, 600, 700, 800, 900,1000
"2d-ii","Gladbacherhof","2021","wheat", 9.0, 8.707721,54.20244,12.27540,252,180,567, 1,2,0.9590928,38.75917,158,66.81636,2.0194024,"Oct","Jul", 2.50000000,"winter","Gladbacherhof_2021_wheat","Gladbacherhof_2021","Gladbacherhof_2021_wheat_9", 3.3162500,48, 3.534722,0.707269155,0.93819253,1.00000000,-1.31113127, 1.5699607,"prop_swf.2021",0.0594128287,0.0974427717,0.1406237210,0.0919220056,0.0575372658,0.0739634486,0.1020032339,0.0783981268,0.0537311245,0.0293031686, 100, 200, 300, 400, 500, 600, 700, 800, 900,1000
"2d-II","Gladbacherhof","2021","wheat", 9.0, 8.707721,54.20244,12.27540,252,180,567, 1,2,0.9590928,38.75917,158,66.81636,2.0194024,"Oct","Jul", 2.26000000,"winter","Gladbacherhof_2021_wheat","Gladbacherhof_2021","Gladbacherhof_2021_wheat_9", 3.3162500,48, 3.534722,0.639371316,0.93819253,1.00000000,-1.31113127, 1.5699607,"prop_swf.2021",0.0594128287,0.0974427717,0.1406237210,0.0919220056,0.0575372658,0.0739634486,0.1020032339,0.0783981268,0.0537311245,0.0293031686, 100, 200, 300, 400, 500, 600, 700, 800, 900,1000
"2d-iv","Gladbacherhof","2021","wheat", 1.0, 8.707721,54.20244,12.27540,252,180,567, 1,2,0.9590928,38.75917,158,66.81636,2.0194024,"Oct","Jul", 2.12000000,"winter","Gladbacherhof_2021_wheat","Gladbacherhof_2021","Gladbacherhof_2021_wheat_1", 3.3264583,48, 3.534722,0.599764244,0.94108055,0.11111111,-1.31113127, 1.5699607,"prop_swf.2021",0.0594128287,0.0974427717,0.1406237210,0.0919220056,0.0575372658,0.0739634486,0.1020032339,0.0783981268,0.0537311245,0.0293031686, 100, 200, 300, 400, 500, 600, 700, 800, 900,1000
"2d-IV","Gladbacherhof","2021","wheat", 1.0, 8.707721,54.20244,12.27540,252,180,567, 1,2,0.9590928,38.75917,158,66.81636,2.0194024,"Oct","Jul", 3.03000000,"winter","Gladbacherhof_2021_wheat","Gladbacherhof_2021","Gladbacherhof_2021_wheat_1", 3.3264583,48, 3.534722,0.857210216,0.94108055,0.11111111,-1.31113127, 1.5699607,"prop_swf.2021",0.0594128287,0.0974427717,0.1406237210,0.0919220056,0.0575372658,0.0739634486,0.1020032339,0.0783981268,0.0537311245,0.0293031686, 100, 200, 300, 400, 500, 600, 700, 800, 900,1000
"3a-i","Gladbacherhof","2021","wheat", 4.5, 8.707721,54.20244,12.27540,252,180,567, 1,2,0.9590928,38.75917,158,66.81636,2.0194024,"Oct","Jul", 2.87000000,"winter","Gladbacherhof_2021_wheat","Gladbacherhof_2021","Gladbacherhof_2021_wheat_4.5", 3.9614583,48, 3.534722,0.811944990,1.12072692,0.50000000,-1.31113127, 1.5699607,"prop_swf.2021",0.0594128287,0.0974427717,0.1406237210,0.0919220056,0.0575372658,0.0739634486,0.1020032339,0.0783981268,0.0537311245,0.0293031686, 100, 200, 300, 400, 500, 600, 700, 800, 900,1000
"3a-I","Gladbacherhof","2021","wheat", 4.5, 8.707721,54.20244,12.27540,252,180,567, 1,2,0.9590928,38.75917,158,66.81636,2.0194024,"Oct","Jul", 1.85000000,"winter","Gladbacherhof_2021_wheat","Gladbacherhof_2021","Gladbacherhof_2021_wheat_4.5", 3.9614583,48, 3.534722,0.523379175,1.12072692,0.50000000,-1.31113127, 1.5699607,"prop_swf.2021",0.0594128287,0.0974427717,0.1406237210,0.0919220056,0.0575372658,0.0739634486,0.1020032339,0.0783981268,0.0537311245,0.0293031686, 100, 200, 300, 400, 500, 600, 700, 800, 900,1000
"3a-ii","Gladbacherhof","2021","wheat", 9.0, 8.707721,54.20244,12.27540,252,180,567, 1,2,0.9590928,38.75917,158,66.81636,2.0194024,"Oct","Jul", 3.54000000,"winter","Gladbacherhof_2021_wheat","Gladbacherhof_2021","Gladbacherhof_2021_wheat_9", 3.3162500,48, 3.534722,1.001493124,0.93819253,1.00000000,-1.31113127, 1.5699607,"prop_swf.2021",0.0594128287,0.0974427717,0.1406237210,0.0919220056,0.0575372658,0.0739634486,0.1020032339,0.0783981268,0.0537311245,0.0293031686, 100, 200, 300, 400, 500, 600, 700, 800, 900,1000
"3a-II","Gladbacherhof","2021","wheat", 9.0, 8.707721,54.20244,12.27540,252,180,567, 1,2,0.9590928,38.75917,158,66.81636,2.0194024,"Oct","Jul", 1.64000000,"winter","Gladbacherhof_2021_wheat","Gladbacherhof_2021","Gladbacherhof_2021_wheat_9", 3.3162500,48, 3.534722,0.463968566,0.93819253,1.00000000,-1.31113127, 1.5699607,"prop_swf.2021",0.0594128287,0.0974427717,0.1406237210,0.0919220056,0.0575372658,0.0739634486,0.1020032339,0.0783981268,0.0537311245,0.0293031686, 100, 200, 300, 400, 500, 600, 700, 800, 900,1000
"3a-iv","Gladbacherhof","2021","wheat", 1.0, 8.707721,54.20244,12.27540,252,180,567, 1,2,0.9590928,38.75917,158,66.81636,2.0194024,"Oct","Jul", 1.62000000,"winter","Gladbacherhof_2021_wheat","Gladbacherhof_2021","Gladbacherhof_2021_wheat_1", 3.3264583,48, 3.534722,0.458310413,0.94108055,0.11111111,-1.31113127, 1.5699607,"prop_swf.2021",0.0594128287,0.0974427717,0.1406237210,0.0919220056,0.0575372658,0.0739634486,0.1020032339,0.0783981268,0.0537311245,0.0293031686, 100, 200, 300, 400, 500, 600, 700, 800, 900,1000
"3a-IV","Gladbacherhof","2021","wheat", 1.0, 8.707721,54.20244,12.27540,252,180,567, 1,2,0.9590928,38.75917,158,66.81636,2.0194024,"Oct","Jul", 2.66000000,"winter","Gladbacherhof_2021_wheat","Gladbacherhof_2021","Gladbacherhof_2021_wheat_1", 3.3264583,48, 3.534722,0.752534381,0.94108055,0.11111111,-1.31113127, 1.5699607,"prop_swf.2021",0.0594128287,0.0974427717,0.1406237210,0.0919220056,0.0575372658,0.0739634486,0.1020032339,0.0783981268,0.0537311245,0.0293031686, 100, 200, 300, 400, 500, 600, 700, 800, 900,1000
"3b-i","Gladbacherhof","2021","wheat", 4.5, 8.707721,54.20244,12.27540,252,180,567, 1,2,0.9590928,38.75917,158,66.81636,2.0194024,"Oct","Jul", 4.42000000,"winter","Gladbacherhof_2021_wheat","Gladbacherhof_2021","Gladbacherhof_2021_wheat_4.5", 3.9614583,48, 3.534722,1.250451866,1.12072692,0.50000000,-1.31113127, 1.5699607,"prop_swf.2021",0.0594128287,0.0974427717,0.1406237210,0.0919220056,0.0575372658,0.0739634486,0.1020032339,0.0783981268,0.0537311245,0.0293031686, 100, 200, 300, 400, 500, 600, 700, 800, 900,1000
"3b-I","Gladbacherhof","2021","wheat", 4.5, 8.707721,54.20244,12.27540,252,180,567, 1,2,0.9590928,38.75917,158,66.81636,2.0194024,"Oct","Jul", 4.75000000,"winter","Gladbacherhof_2021_wheat","Gladbacherhof_2021","Gladbacherhof_2021_wheat_4.5", 3.9614583,48, 3.534722,1.343811395,1.12072692,0.50000000,-1.31113127, 1.5699607,"prop_swf.2021",0.0594128287,0.0974427717,0.1406237210,0.0919220056,0.0575372658,0.0739634486,0.1020032339,0.0783981268,0.0537311245,0.0293031686, 100, 200, 300, 400, 500, 600, 700, 800, 900,1000
"3b-ii","Gladbacherhof","2021","wheat", 9.0, 8.707721,54.20244,12.27540,252,180,567, 1,2,0.9590928,38.75917,158,66.81636,2.0194024,"Oct","Jul", 4.47000000,"winter","Gladbacherhof_2021_wheat","Gladbacherhof_2021","Gladbacherhof_2021_wheat_9", 3.3162500,48, 3.534722,1.264597250,0.93819253,1.00000000,-1.31113127, 1.5699607,"prop_swf.2021",0.0594128287,0.0974427717,0.1406237210,0.0919220056,0.0575372658,0.0739634486,0.1020032339,0.0783981268,0.0537311245,0.0293031686, 100, 200, 300, 400, 500, 600, 700, 800, 900,1000
"3b-II","Gladbacherhof","2021","wheat", 9.0, 8.707721,54.20244,12.27540,252,180,567, 1,2,0.9590928,38.75917,158,66.81636,2.0194024,"Oct","Jul", 3.69000000,"winter","Gladbacherhof_2021_wheat","Gladbacherhof_2021","Gladbacherhof_2021_wheat_9", 3.3162500,48, 3.534722,1.043929273,0.93819253,1.00000000,-1.31113127, 1.5699607,"prop_swf.2021",0.0594128287,0.0974427717,0.1406237210,0.0919220056,0.0575372658,0.0739634486,0.1020032339,0.0783981268,0.0537311245,0.0293031686, 100, 200, 300, 400, 500, 600, 700, 800, 900,1000
"3b-iv","Gladbacherhof","2021","wheat", 1.0, 8.707721,54.20244,12.27540,252,180,567, 1,2,0.9590928,38.75917,158,66.81636,2.0194024,"Oct","Jul", 2.55000000,"winter","Gladbacherhof_2021_wheat","Gladbacherhof_2021","Gladbacherhof_2021_wheat_1", 3.3264583,48, 3.534722,0.721414538,0.94108055,0.11111111,-1.31113127, 1.5699607,"prop_swf.2021",0.0594128287,0.0974427717,0.1406237210,0.0919220056,0.0575372658,0.0739634486,0.1020032339,0.0783981268,0.0537311245,0.0293031686, 100, 200, 300, 400, 500, 600, 700, 800, 900,1000
"3b-IV","Gladbacherhof","2021","wheat", 1.0, 8.707721,54.20244,12.27540,252,180,567, 1,2,0.9590928,38.75917,158,66.81636,2.0194024,"Oct","Jul", 4.73000000,"winter","Gladbacherhof_2021_wheat","Gladbacherhof_2021","Gladbacherhof_2021_wheat_1", 3.3264583,48, 3.534722,1.338153242,0.94108055,0.11111111,-1.31113127, 1.5699607,"prop_swf.2021",0.0594128287,0.0974427717,0.1406237210,0.0919220056,0.0575372658,0.0739634486,0.1020032339,0.0783981268,0.0537311245,0.0293031686, 100, 200, 300, 400, 500, 600, 700, 800, 900,1000
"3c-i","Gladbacherhof","2021","wheat", 4.5, 8.707721,54.20244,12.27540,252,180,567, 1,2,0.9590928,38.75917,158,66.81636,2.0194024,"Oct","Jul", 4.01000000,"winter","Gladbacherhof_2021_wheat","Gladbacherhof_2021","Gladbacherhof_2021_wheat_4.5", 3.9614583,48, 3.534722,1.134459725,1.12072692,0.50000000,-1.31113127, 1.5699607,"prop_swf.2021",0.0594128287,0.0974427717,0.1406237210,0.0919220056,0.0575372658,0.0739634486,0.1020032339,0.0783981268,0.0537311245,0.0293031686, 100, 200, 300, 400, 500, 600, 700, 800, 900,1000
"3c-I","Gladbacherhof","2021","wheat", 4.5, 8.707721,54.20244,12.27540,252,180,567, 1,2,0.9590928,38.75917,158,66.81636,2.0194024,"Oct","Jul", 5.42000000,"winter","Gladbacherhof_2021_wheat","Gladbacherhof_2021","Gladbacherhof_2021_wheat_4.5", 3.9614583,48, 3.534722,1.533359528,1.12072692,0.50000000,-1.31113127, 1.5699607,"prop_swf.2021",0.0594128287,0.0974427717,0.1406237210,0.0919220056,0.0575372658,0.0739634486,0.1020032339,0.0783981268,0.0537311245,0.0293031686, 100, 200, 300, 400, 500, 600, 700, 800, 900,1000
"3c-ii","Gladbacherhof","2021","wheat", 9.0, 8.707721,54.20244,12.27540,252,180,567, 1,2,0.9590928,38.75917,158,66.81636,2.0194024,"Oct","Jul", 3.24000000,"winter","Gladbacherhof_2021_wheat","Gladbacherhof_2021","Gladbacherhof_2021_wheat_9", 3.3162500,48, 3.534722,0.916620825,0.93819253,1.00000000,-1.31113127, 1.5699607,"prop_swf.2021",0.0594128287,0.0974427717,0.1406237210,0.0919220056,0.0575372658,0.0739634486,0.1020032339,0.0783981268,0.0537311245,0.0293031686, 100, 200, 300, 400, 500, 600, 700, 800, 900,1000
"3c-II","Gladbacherhof","2021","wheat", 9.0, 8.707721,54.20244,12.27540,252,180,567, 1,2,0.9590928,38.75917,158,66.81636,2.0194024,"Oct","Jul", 5.09000000,"winter","Gladbacherhof_2021_wheat","Gladbacherhof_2021","Gladbacherhof_2021_wheat_9", 3.3162500,48, 3.534722,1.440000000,0.93819253,1.00000000,-1.31113127, 1.5699607,"prop_swf.2021",0.0594128287,0.0974427717,0.1406237210,0.0919220056,0.0575372658,0.0739634486,0.1020032339,0.0783981268,0.0537311245,0.0293031686, 100, 200, 300, 400, 500, 600, 700, 800, 900,1000
"3c-iv","Gladbacherhof","2021","wheat", 1.0, 8.707721,54.20244,12.27540,252,180,567, 1,2,0.9590928,38.75917,158,66.81636,2.0194024,"Oct","Jul", 3.33000000,"winter","Gladbacherhof_2021_wheat","Gladbacherhof_2021","Gladbacherhof_2021_wheat_1", 3.3264583,48, 3.534722,0.942082515,0.94108055,0.11111111,-1.31113127, 1.5699607,"prop_swf.2021",0.0594128287,0.0974427717,0.1406237210,0.0919220056,0.0575372658,0.0739634486,0.1020032339,0.0783981268,0.0537311245,0.0293031686, 100, 200, 300, 400, 500, 600, 700, 800, 900,1000
"3c-IV","Gladbacherhof","2021","wheat", 1.0, 8.707721,54.20244,12.27540,252,180,567, 1,2,0.9590928,38.75917,158,66.81636,2.0194024,"Oct","Jul", 4.54000000,"winter","Gladbacherhof_2021_wheat","Gladbacherhof_2021","Gladbacherhof_2021_wheat_1", 3.3264583,48, 3.534722,1.284400786,0.94108055,0.11111111,-1.31113127, 1.5699607,"prop_swf.2021",0.0594128287,0.0974427717,0.1406237210,0.0919220056,0.0575372658,0.0739634486,0.1020032339,0.0783981268,0.0537311245,0.0293031686, 100, 200, 300, 400, 500, 600, 700, 800, 900,1000
"3d-i","Gladbacherhof","2021","wheat", 4.5, 8.707721,54.20244,12.27540,252,180,567, 1,2,0.9590928,38.75917,158,66.81636,2.0194024,"Oct","Jul", 5.12000000,"winter","Gladbacherhof_2021_wheat","Gladbacherhof_2021","Gladbacherhof_2021_wheat_4.5", 3.9614583,48, 3.534722,1.448487230,1.12072692,0.50000000,-1.31113127, 1.5699607,"prop_swf.2021",0.0594128287,0.0974427717,0.1406237210,0.0919220056,0.0575372658,0.0739634486,0.1020032339,0.0783981268,0.0537311245,0.0293031686, 100, 200, 300, 400, 500, 600, 700, 800, 900,1000
"3d-I","Gladbacherhof","2021","wheat", 4.5, 8.707721,54.20244,12.27540,252,180,567, 1,2,0.9590928,38.75917,158,66.81636,2.0194024,"Oct","Jul", 4.42000000,"winter","Gladbacherhof_2021_wheat","Gladbacherhof_2021","Gladbacherhof_2021_wheat_4.5", 3.9614583,48, 3.534722,1.250451866,1.12072692,0.50000000,-1.31113127, 1.5699607,"prop_swf.2021",0.0594128287,0.0974427717,0.1406237210,0.0919220056,0.0575372658,0.0739634486,0.1020032339,0.0783981268,0.0537311245,0.0293031686, 100, 200, 300, 400, 500, 600, 700, 800, 900,1000
"3d-ii","Gladbacherhof","2021","wheat", 9.0, 8.707721,54.20244,12.27540,252,180,567, 1,2,0.9590928,38.75917,158,66.81636,2.0194024,"Oct","Jul", 4.30000000,"winter","Gladbacherhof_2021_wheat","Gladbacherhof_2021","Gladbacherhof_2021_wheat_9", 3.3162500,48, 3.534722,1.216502947,0.93819253,1.00000000,-1.31113127, 1.5699607,"prop_swf.2021",0.0594128287,0.0974427717,0.1406237210,0.0919220056,0.0575372658,0.0739634486,0.1020032339,0.0783981268,0.0537311245,0.0293031686, 100, 200, 300, 400, 500, 600, 700, 800, 900,1000
"3d-II","Gladbacherhof","2021","wheat", 9.0, 8.707721,54.20244,12.27540,252,180,567, 1,2,0.9590928,38.75917,158,66.81636,2.0194024,"Oct","Jul", 3.50000000,"winter","Gladbacherhof_2021_wheat","Gladbacherhof_2021","Gladbacherhof_2021_wheat_9", 3.3162500,48, 3.534722,0.990176817,0.93819253,1.00000000,-1.31113127, 1.5699607,"prop_swf.2021",0.0594128287,0.0974427717,0.1406237210,0.0919220056,0.0575372658,0.0739634486,0.1020032339,0.0783981268,0.0537311245,0.0293031686, 100, 200, 300, 400, 500, 600, 700, 800, 900,1000
"3d-iv","Gladbacherhof","2021","wheat", 1.0, 8.707721,54.20244,12.27540,252,180,567, 1,2,0.9590928,38.75917,158,66.81636,2.0194024,"Oct","Jul", 2.32000000,"winter","Gladbacherhof_2021_wheat","Gladbacherhof_2021","Gladbacherhof_2021_wheat_1", 3.3264583,48, 3.534722,0.656345776,0.94108055,0.11111111,-1.31113127, 1.5699607,"prop_swf.2021",0.0594128287,0.0974427717,0.1406237210,0.0919220056,0.0575372658,0.0739634486,0.1020032339,0.0783981268,0.0537311245,0.0293031686, 100, 200, 300, 400, 500, 600, 700, 800, 900,1000
"3d-IV","Gladbacherhof","2021","wheat", 1.0, 8.707721,54.20244,12.27540,252,180,567, 1,2,0.9590928,38.75917,158,66.81636,2.0194024,"Oct","Jul", 4.87000000,"winter","Gladbacherhof_2021_wheat","Gladbacherhof_2021","Gladbacherhof_2021_wheat_1", 3.3264583,48, 3.534722,1.377760314,0.94108055,0.11111111,-1.31113127, 1.5699607,"prop_swf.2021",0.0594128287,0.0974427717,0.1406237210,0.0919220056,0.0575372658,0.0739634486,0.1020032339,0.0783981268,0.0537311245,0.0293031686, 100, 200, 300, 400, 500, 600, 700, 800, 900,1000
"4a-i","Gladbacherhof","2021","wheat", 4.5, 8.707721,54.20244,12.27540,252,180,567, 1,2,0.9590928,38.75917,158,66.81636,2.0194024,"Oct","Jul", 3.38000000,"winter","Gladbacherhof_2021_wheat","Gladbacherhof_2021","Gladbacherhof_2021_wheat_4.5", 3.9614583,48, 3.534722,0.956227898,1.12072692,0.50000000,-1.31113127, 1.5699607,"prop_swf.2021",0.0594128287,0.0974427717,0.1406237210,0.0919220056,0.0575372658,0.0739634486,0.1020032339,0.0783981268,0.0537311245,0.0293031686, 100, 200, 300, 400, 500, 600, 700, 800, 900,1000
"4a-I","Gladbacherhof","2021","wheat", 4.5, 8.707721,54.20244,12.27540,252,180,567, 1,2,0.9590928,38.75917,158,66.81636,2.0194024,"Oct","Jul", 6.43000000,"winter","Gladbacherhof_2021_wheat","Gladbacherhof_2021","Gladbacherhof_2021_wheat_4.5", 3.9614583,48, 3.534722,1.819096267,1.12072692,0.50000000,-1.31113127, 1.5699607,"prop_swf.2021",0.0594128287,0.0974427717,0.1406237210,0.0919220056,0.0575372658,0.0739634486,0.1020032339,0.0783981268,0.0537311245,0.0293031686, 100, 200, 300, 400, 500, 600, 700, 800, 900,1000
"4a-ii","Gladbacherhof","2021","wheat", 9.0, 8.707721,54.20244,12.27540,252,180,567, 1,2,0.9590928,38.75917,158,66.81636,2.0194024,"Oct","Jul", 3.63000000,"winter","Gladbacherhof_2021_wheat","Gladbacherhof_2021","Gladbacherhof_2021_wheat_9", 3.3162500,48, 3.534722,1.026954813,0.93819253,1.00000000,-1.31113127, 1.5699607,"prop_swf.2021",0.0594128287,0.0974427717,0.1406237210,0.0919220056,0.0575372658,0.0739634486,0.1020032339,0.0783981268,0.0537311245,0.0293031686, 100, 200, 300, 400, 500, 600, 700, 800, 900,1000
"4a-II","Gladbacherhof","2021","wheat", 9.0, 8.707721,54.20244,12.27540,252,180,567, 1,2,0.9590928,38.75917,158,66.81636,2.0194024,"Oct","Jul", 2.26000000,"winter","Gladbacherhof_2021_wheat","Gladbacherhof_2021","Gladbacherhof_2021_wheat_9", 3.3162500,48, 3.534722,0.639371316,0.93819253,1.00000000,-1.31113127, 1.5699607,"prop_swf.2021",0.0594128287,0.0974427717,0.1406237210,0.0919220056,0.0575372658,0.0739634486,0.1020032339,0.0783981268,0.0537311245,0.0293031686, 100, 200, 300, 400, 500, 600, 700, 800, 900,1000
"4a-iv","Gladbacherhof","2021","wheat", 1.0, 8.707721,54.20244,12.27540,252,180,567, 1,2,0.9590928,38.75917,158,66.81636,2.0194024,"Oct","Jul", 3.43000000,"winter","Gladbacherhof_2021_wheat","Gladbacherhof_2021","Gladbacherhof_2021_wheat_1", 3.3264583,48, 3.534722,0.970373281,0.94108055,0.11111111,-1.31113127, 1.5699607,"prop_swf.2021",0.0594128287,0.0974427717,0.1406237210,0.0919220056,0.0575372658,0.0739634486,0.1020032339,0.0783981268,0.0537311245,0.0293031686, 100, 200, 300, 400, 500, 600, 700, 800, 900,1000
"4a-IV","Gladbacherhof","2021","wheat", 1.0, 8.707721,54.20244,12.27540,252,180,567, 1,2,0.9590928,38.75917,158,66.81636,2.0194024,"Oct","Jul", 4.96000000,"winter","Gladbacherhof_2021_wheat","Gladbacherhof_2021","Gladbacherhof_2021_wheat_1", 3.3264583,48, 3.534722,1.403222004,0.94108055,0.11111111,-1.31113127, 1.5699607,"prop_swf.2021",0.0594128287,0.0974427717,0.1406237210,0.0919220056,0.0575372658,0.0739634486,0.1020032339,0.0783981268,0.0537311245,0.0293031686, 100, 200, 300, 400, 500, 600, 700, 800, 900,1000
"4b-i","Gladbacherhof","2021","wheat", 4.5, 8.707721,54.20244,12.27540,252,180,567, 1,2,0.9590928,38.75917,158,66.81636,2.0194024,"Oct","Jul", 4.39000000,"winter","Gladbacherhof_2021_wheat","Gladbacherhof_2021","Gladbacherhof_2021_wheat_4.5", 3.9614583,48, 3.534722,1.241964637,1.12072692,0.50000000,-1.31113127, 1.5699607,"prop_swf.2021",0.0594128287,0.0974427717,0.1406237210,0.0919220056,0.0575372658,0.0739634486,0.1020032339,0.0783981268,0.0537311245,0.0293031686, 100, 200, 300, 400, 500, 600, 700, 800, 900,1000
"4b-I","Gladbacherhof","2021","wheat", 4.5, 8.707721,54.20244,12.27540,252,180,567, 1,2,0.9590928,38.75917,158,66.81636,2.0194024,"Oct","Jul", 5.30000000,"winter","Gladbacherhof_2021_wheat","Gladbacherhof_2021","Gladbacherhof_2021_wheat_4.5", 3.9614583,48, 3.534722,1.499410609,1.12072692,0.50000000,-1.31113127, 1.5699607,"prop_swf.2021",0.0594128287,0.0974427717,0.1406237210,0.0919220056,0.0575372658,0.0739634486,0.1020032339,0.0783981268,0.0537311245,0.0293031686, 100, 200, 300, 400, 500, 600, 700, 800, 900,1000
"4b-ii","Gladbacherhof","2021","wheat", 9.0, 8.707721,54.20244,12.27540,252,180,567, 1,2,0.9590928,38.75917,158,66.81636,2.0194024,"Oct","Jul", 3.89000000,"winter","Gladbacherhof_2021_wheat","Gladbacherhof_2021","Gladbacherhof_2021_wheat_9", 3.3162500,48, 3.534722,1.100510806,0.93819253,1.00000000,-1.31113127, 1.5699607,"prop_swf.2021",0.0594128287,0.0974427717,0.1406237210,0.0919220056,0.0575372658,0.0739634486,0.1020032339,0.0783981268,0.0537311245,0.0293031686, 100, 200, 300, 400, 500, 600, 700, 800, 900,1000
"4b-II","Gladbacherhof","2021","wheat", 9.0, 8.707721,54.20244,12.27540,252,180,567, 1,2,0.9590928,38.75917,158,66.81636,2.0194024,"Oct","Jul", 4.46000000,"winter","Gladbacherhof_2021_wheat","Gladbacherhof_2021","Gladbacherhof_2021_wheat_9", 3.3162500,48, 3.534722,1.261768173,0.93819253,1.00000000,-1.31113127, 1.5699607,"prop_swf.2021",0.0594128287,0.0974427717,0.1406237210,0.0919220056,0.0575372658,0.0739634486,0.1020032339,0.0783981268,0.0537311245,0.0293031686, 100, 200, 300, 400, 500, 600, 700, 800, 900,1000
"4b-iv","Gladbacherhof","2021","wheat", 1.0, 8.707721,54.20244,12.27540,252,180,567, 1,2,0.9590928,38.75917,158,66.81636,2.0194024,"Oct","Jul", 2.45000000,"winter","Gladbacherhof_2021_wheat","Gladbacherhof_2021","Gladbacherhof_2021_wheat_1", 3.3264583,48, 3.534722,0.693123772,0.94108055,0.11111111,-1.31113127, 1.5699607,"prop_swf.2021",0.0594128287,0.0974427717,0.1406237210,0.0919220056,0.0575372658,0.0739634486,0.1020032339,0.0783981268,0.0537311245,0.0293031686, 100, 200, 300, 400, 500, 600, 700, 800, 900,1000
"4b-IV","Gladbacherhof","2021","wheat", 1.0, 8.707721,54.20244,12.27540,252,180,567, 1,2,0.9590928,38.75917,158,66.81636,2.0194024,"Oct","Jul", 4.89000000,"winter","Gladbacherhof_2021_wheat","Gladbacherhof_2021","Gladbacherhof_2021_wheat_1", 3.3264583,48, 3.534722,1.383418468,0.94108055,0.11111111,-1.31113127, 1.5699607,"prop_swf.2021",0.0594128287,0.0974427717,0.1406237210,0.0919220056,0.0575372658,0.0739634486,0.1020032339,0.0783981268,0.0537311245,0.0293031686, 100, 200, 300, 400, 500, 600, 700, 800, 900,1000
"4c-i","Gladbacherhof","2021","wheat", 4.5, 8.707721,54.20244,12.27540,252,180,567, 1,2,0.9590928,38.75917,158,66.81636,2.0194024,"Oct","Jul", 4.58000000,"winter","Gladbacherhof_2021_wheat","Gladbacherhof_2021","Gladbacherhof_2021_wheat_4.5", 3.9614583,48, 3.534722,1.295717092,1.12072692,0.50000000,-1.31113127, 1.5699607,"prop_swf.2021",0.0594128287,0.0974427717,0.1406237210,0.0919220056,0.0575372658,0.0739634486,0.1020032339,0.0783981268,0.0537311245,0.0293031686, 100, 200, 300, 400, 500, 600, 700, 800, 900,1000
"4c-I","Gladbacherhof","2021","wheat", 4.5, 8.707721,54.20244,12.27540,252,180,567, 1,2,0.9590928,38.75917,158,66.81636,2.0194024,"Oct","Jul", 4.08000000,"winter","Gladbacherhof_2021_wheat","Gladbacherhof_2021","Gladbacherhof_2021_wheat_4.5", 3.9614583,48, 3.534722,1.154263261,1.12072692,0.50000000,-1.31113127, 1.5699607,"prop_swf.2021",0.0594128287,0.0974427717,0.1406237210,0.0919220056,0.0575372658,0.0739634486,0.1020032339,0.0783981268,0.0537311245,0.0293031686, 100, 200, 300, 400, 500, 600, 700, 800, 900,1000
"4c-ii","Gladbacherhof","2021","wheat", 9.0, 8.707721,54.20244,12.27540,252,180,567, 1,2,0.9590928,38.75917,158,66.81636,2.0194024,"Oct","Jul", 4.02000000,"winter","Gladbacherhof_2021_wheat","Gladbacherhof_2021","Gladbacherhof_2021_wheat_9", 3.3162500,48, 3.534722,1.137288802,0.93819253,1.00000000,-1.31113127, 1.5699607,"prop_swf.2021",0.0594128287,0.0974427717,0.1406237210,0.0919220056,0.0575372658,0.0739634486,0.1020032339,0.0783981268,0.0537311245,0.0293031686, 100, 200, 300, 400, 500, 600, 700, 800, 900,1000
"4c-II","Gladbacherhof","2021","wheat", 9.0, 8.707721,54.20244,12.27540,252,180,567, 1,2,0.9590928,38.75917,158,66.81636,2.0194024,"Oct","Jul", 3.69000000,"winter","Gladbacherhof_2021_wheat","Gladbacherhof_2021","Gladbacherhof_2021_wheat_9", 3.3162500,48, 3.534722,1.043929273,0.93819253,1.00000000,-1.31113127, 1.5699607,"prop_swf.2021",0.0594128287,0.0974427717,0.1406237210,0.0919220056,0.0575372658,0.0739634486,0.1020032339,0.0783981268,0.0537311245,0.0293031686, 100, 200, 300, 400, 500, 600, 700, 800, 900,1000
"4c-iv","Gladbacherhof","2021","wheat", 1.0, 8.707721,54.20244,12.27540,252,180,567, 1,2,0.9590928,38.75917,158,66.81636,2.0194024,"Oct","Jul", 2.18000000,"winter","Gladbacherhof_2021_wheat","Gladbacherhof_2021","Gladbacherhof_2021_wheat_1", 3.3264583,48, 3.534722,0.616738703,0.94108055,0.11111111,-1.31113127, 1.5699607,"prop_swf.2021",0.0594128287,0.0974427717,0.1406237210,0.0919220056,0.0575372658,0.0739634486,0.1020032339,0.0783981268,0.0537311245,0.0293031686, 100, 200, 300, 400, 500, 600, 700, 800, 900,1000
"4c-IV","Gladbacherhof","2021","wheat", 1.0, 8.707721,54.20244,12.27540,252,180,567, 1,2,0.9590928,38.75917,158,66.81636,2.0194024,"Oct","Jul", 4.28000000,"winter","Gladbacherhof_2021_wheat","Gladbacherhof_2021","Gladbacherhof_2021_wheat_1", 3.3264583,48, 3.534722,1.210844794,0.94108055,0.11111111,-1.31113127, 1.5699607,"prop_swf.2021",0.0594128287,0.0974427717,0.1406237210,0.0919220056,0.0575372658,0.0739634486,0.1020032339,0.0783981268,0.0537311245,0.0293031686, 100, 200, 300, 400, 500, 600, 700, 800, 900,1000
"4d-i","Gladbacherhof","2021","wheat", 4.5, 8.707721,54.20244,12.27540,252,180,567, 1,2,0.9590928,38.75917,158,66.81636,2.0194024,"Oct","Jul", 3.00000000,"winter","Gladbacherhof_2021_wheat","Gladbacherhof_2021","Gladbacherhof_2021_wheat_4.5", 3.9614583,48, 3.534722,0.848722986,1.12072692,0.50000000,-1.31113127, 1.5699607,"prop_swf.2021",0.0594128287,0.0974427717,0.1406237210,0.0919220056,0.0575372658,0.0739634486,0.1020032339,0.0783981268,0.0537311245,0.0293031686, 100, 200, 300, 400, 500, 600, 700, 800, 900,1000
"4d-I","Gladbacherhof","2021","wheat", 4.5, 8.707721,54.20244,12.27540,252,180,567, 1,2,0.9590928,38.75917,158,66.81636,2.0194024,"Oct","Jul", 2.64000000,"winter","Gladbacherhof_2021_wheat","Gladbacherhof_2021","Gladbacherhof_2021_wheat_4.5", 3.9614583,48, 3.534722,0.746876228,1.12072692,0.50000000,-1.31113127, 1.5699607,"prop_swf.2021",0.0594128287,0.0974427717,0.1406237210,0.0919220056,0.0575372658,0.0739634486,0.1020032339,0.0783981268,0.0537311245,0.0293031686, 100, 200, 300, 400, 500, 600, 700, 800, 900,1000
"4d-ii","Gladbacherhof","2021","wheat", 9.0, 8.707721,54.20244,12.27540,252,180,567, 1,2,0.9590928,38.75917,158,66.81636,2.0194024,"Oct","Jul", 4.21000000,"winter","Gladbacherhof_2021_wheat","Gladbacherhof_2021","Gladbacherhof_2021_wheat_9", 3.3162500,48, 3.534722,1.191041257,0.93819253,1.00000000,-1.31113127, 1.5699607,"prop_swf.2021",0.0594128287,0.0974427717,0.1406237210,0.0919220056,0.0575372658,0.0739634486,0.1020032339,0.0783981268,0.0537311245,0.0293031686, 100, 200, 300, 400, 500, 600, 700, 800, 900,1000
"4d-II","Gladbacherhof","2021","wheat", 9.0, 8.707721,54.20244,12.27540,252,180,567, 1,2,0.9590928,38.75917,158,66.81636,2.0194024,"Oct","Jul", 4.75000000,"winter","Gladbacherhof_2021_wheat","Gladbacherhof_2021","Gladbacherhof_2021_wheat_9", 3.3162500,48, 3.534722,1.343811395,0.93819253,1.00000000,-1.31113127, 1.5699607,"prop_swf.2021",0.0594128287,0.0974427717,0.1406237210,0.0919220056,0.0575372658,0.0739634486,0.1020032339,0.0783981268,0.0537311245,0.0293031686, 100, 200, 300, 400, 500, 600, 700, 800, 900,1000
"4d-iv","Gladbacherhof","2021","wheat", 1.0, 8.707721,54.20244,12.27540,252,180,567, 1,2,0.9590928,38.75917,158,66.81636,2.0194024,"Oct","Jul", 2.93000000,"winter","Gladbacherhof_2021_wheat","Gladbacherhof_2021","Gladbacherhof_2021_wheat_1", 3.3264583,48, 3.534722,0.828919450,0.94108055,0.11111111,-1.31113127, 1.5699607,"prop_swf.2021",0.0594128287,0.0974427717,0.1406237210,0.0919220056,0.0575372658,0.0739634486,0.1020032339,0.0783981268,0.0537311245,0.0293031686, 100, 200, 300, 400, 500, 600, 700, 800, 900,1000
"4d-IV","Gladbacherhof","2021","wheat", 1.0, 8.707721,54.20244,12.27540,252,180,567, 1,2,0.9590928,38.75917,158,66.81636,2.0194024,"Oct","Jul", 4.49000000,"winter","Gladbacherhof_2021_wheat","Gladbacherhof_2021","Gladbacherhof_2021_wheat_1", 3.3264583,48, 3.534722,1.270255403,0.94108055,0.11111111,-1.31113127, 1.5699607,"prop_swf.2021",0.0594128287,0.0974427717,0.1406237210,0.0919220056,0.0575372658,0.0739634486,0.1020032339,0.0783981268,0.0537311245,0.0293031686, 100, 200, 300, 400, 500, 600, 700, 800, 900,1000
"5a-i","Gladbacherhof","2021","wheat", 4.5, 8.707721,54.20244,12.27540,252,180,567, 1,2,0.9590928,38.75917,158,66.81636,2.0194024,"Oct","Jul", 3.17000000,"winter","Gladbacherhof_2021_wheat","Gladbacherhof_2021","Gladbacherhof_2021_wheat_4.5", 3.9614583,48, 3.534722,0.896817289,1.12072692,0.50000000,-1.31113127, 1.5699607,"prop_swf.2021",0.0594128287,0.0974427717,0.1406237210,0.0919220056,0.0575372658,0.0739634486,0.1020032339,0.0783981268,0.0537311245,0.0293031686, 100, 200, 300, 400, 500, 600, 700, 800, 900,1000
"5a-I","Gladbacherhof","2021","wheat", 4.5, 8.707721,54.20244,12.27540,252,180,567, 1,2,0.9590928,38.75917,158,66.81636,2.0194024,"Oct","Jul", 3.07000000,"winter","Gladbacherhof_2021_wheat","Gladbacherhof_2021","Gladbacherhof_2021_wheat_4.5", 3.9614583,48, 3.534722,0.868526523,1.12072692,0.50000000,-1.31113127, 1.5699607,"prop_swf.2021",0.0594128287,0.0974427717,0.1406237210,0.0919220056,0.0575372658,0.0739634486,0.1020032339,0.0783981268,0.0537311245,0.0293031686, 100, 200, 300, 400, 500, 600, 700, 800, 900,1000
"5a-ii","Gladbacherhof","2021","wheat", 9.0, 8.707721,54.20244,12.27540,252,180,567, 1,2,0.9590928,38.75917,158,66.81636,2.0194024,"Oct","Jul", 2.78000000,"winter","Gladbacherhof_2021_wheat","Gladbacherhof_2021","Gladbacherhof_2021_wheat_9", 3.3162500,48, 3.534722,0.786483301,0.93819253,1.00000000,-1.31113127, 1.5699607,"prop_swf.2021",0.0594128287,0.0974427717,0.1406237210,0.0919220056,0.0575372658,0.0739634486,0.1020032339,0.0783981268,0.0537311245,0.0293031686, 100, 200, 300, 400, 500, 600, 700, 800, 900,1000
"5a-II","Gladbacherhof","2021","wheat", 9.0, 8.707721,54.20244,12.27540,252,180,567, 1,2,0.9590928,38.75917,158,66.81636,2.0194024,"Oct","Jul", 2.46000000,"winter","Gladbacherhof_2021_wheat","Gladbacherhof_2021","Gladbacherhof_2021_wheat_9", 3.3162500,48, 3.534722,0.695952849,0.93819253,1.00000000,-1.31113127, 1.5699607,"prop_swf.2021",0.0594128287,0.0974427717,0.1406237210,0.0919220056,0.0575372658,0.0739634486,0.1020032339,0.0783981268,0.0537311245,0.0293031686, 100, 200, 300, 400, 500, 600, 700, 800, 900,1000
"5a-iv","Gladbacherhof","2021","wheat", 1.0, 8.707721,54.20244,12.27540,252,180,567, 1,2,0.9590928,38.75917,158,66.81636,2.0194024,"Oct","Jul", 2.67000000,"winter","Gladbacherhof_2021_wheat","Gladbacherhof_2021","Gladbacherhof_2021_wheat_1", 3.3264583,48, 3.534722,0.755363458,0.94108055,0.11111111,-1.31113127, 1.5699607,"prop_swf.2021",0.0594128287,0.0974427717,0.1406237210,0.0919220056,0.0575372658,0.0739634486,0.1020032339,0.0783981268,0.0537311245,0.0293031686, 100, 200, 300, 400, 500, 600, 700, 800, 900,1000
"5a-IV","Gladbacherhof","2021","wheat", 1.0, 8.707721,54.20244,12.27540,252,180,567, 1,2,0.9590928,38.75917,158,66.81636,2.0194024,"Oct","Jul", 4.40000000,"winter","Gladbacherhof_2021_wheat","Gladbacherhof_2021","Gladbacherhof_2021_wheat_1", 3.3264583,48, 3.534722,1.244793713,0.94108055,0.11111111,-1.31113127, 1.5699607,"prop_swf.2021",0.0594128287,0.0974427717,0.1406237210,0.0919220056,0.0575372658,0.0739634486,0.1020032339,0.0783981268,0.0537311245,0.0293031686, 100, 200, 300, 400, 500, 600, 700, 800, 900,1000
"5b-i","Gladbacherhof","2021","wheat", 4.5, 8.707721,54.20244,12.27540,252,180,567, 1,2,0.9590928,38.75917,158,66.81636,2.0194024,"Oct","Jul", 2.04000000,"winter","Gladbacherhof_2021_wheat","Gladbacherhof_2021","Gladbacherhof_2021_wheat_4.5", 3.9614583,48, 3.534722,0.577131631,1.12072692,0.50000000,-1.31113127, 1.5699607,"prop_swf.2021",0.0594128287,0.0974427717,0.1406237210,0.0919220056,0.0575372658,0.0739634486,0.1020032339,0.0783981268,0.0537311245,0.0293031686, 100, 200, 300, 400, 500, 600, 700, 800, 900,1000
"5b-I","Gladbacherhof","2021","wheat", 4.5, 8.707721,54.20244,12.27540,252,180,567, 1,2,0.9590928,38.75917,158,66.81636,2.0194024,"Oct","Jul", 3.35000000,"winter","Gladbacherhof_2021_wheat","Gladbacherhof_2021","Gladbacherhof_2021_wheat_4.5", 3.9614583,48, 3.534722,0.947740668,1.12072692,0.50000000,-1.31113127, 1.5699607,"prop_swf.2021",0.0594128287,0.0974427717,0.1406237210,0.0919220056,0.0575372658,0.0739634486,0.1020032339,0.0783981268,0.0537311245,0.0293031686, 100, 200, 300, 400, 500, 600, 700, 800, 900,1000
"5b-ii","Gladbacherhof","2021","wheat", 9.0, 8.707721,54.20244,12.27540,252,180,567, 1,2,0.9590928,38.75917,158,66.81636,2.0194024,"Oct","Jul", 1.68000000,"winter","Gladbacherhof_2021_wheat","Gladbacherhof_2021","Gladbacherhof_2021_wheat_9", 3.3162500,48, 3.534722,0.475284872,0.93819253,1.00000000,-1.31113127, 1.5699607,"prop_swf.2021",0.0594128287,0.0974427717,0.1406237210,0.0919220056,0.0575372658,0.0739634486,0.1020032339,0.0783981268,0.0537311245,0.0293031686, 100, 200, 300, 400, 500, 600, 700, 800, 900,1000
"5b-II","Gladbacherhof","2021","wheat", 9.0, 8.707721,54.20244,12.27540,252,180,567, 1,2,0.9590928,38.75917,158,66.81636,2.0194024,"Oct","Jul", 3.49000000,"winter","Gladbacherhof_2021_wheat","Gladbacherhof_2021","Gladbacherhof_2021_wheat_9", 3.3162500,48, 3.534722,0.987347741,0.93819253,1.00000000,-1.31113127, 1.5699607,"prop_swf.2021",0.0594128287,0.0974427717,0.1406237210,0.0919220056,0.0575372658,0.0739634486,0.1020032339,0.0783981268,0.0537311245,0.0293031686, 100, 200, 300, 400, 500, 600, 700, 800, 900,1000
"5b-iv","Gladbacherhof","2021","wheat", 1.0, 8.707721,54.20244,12.27540,252,180,567, 1,2,0.9590928,38.75917,158,66.81636,2.0194024,"Oct","Jul", 1.54000000,"winter","Gladbacherhof_2021_wheat","Gladbacherhof_2021","Gladbacherhof_2021_wheat_1", 3.3264583,48, 3.534722,0.435677800,0.94108055,0.11111111,-1.31113127, 1.5699607,"prop_swf.2021",0.0594128287,0.0974427717,0.1406237210,0.0919220056,0.0575372658,0.0739634486,0.1020032339,0.0783981268,0.0537311245,0.0293031686, 100, 200, 300, 400, 500, 600, 700, 800, 900,1000
"5b-IV","Gladbacherhof","2021","wheat", 1.0, 8.707721,54.20244,12.27540,252,180,567, 1,2,0.9590928,38.75917,158,66.81636,2.0194024,"Oct","Jul", 2.63000000,"winter","Gladbacherhof_2021_wheat","Gladbacherhof_2021","Gladbacherhof_2021_wheat_1", 3.3264583,48, 3.534722,0.744047151,0.94108055,0.11111111,-1.31113127, 1.5699607,"prop_swf.2021",0.0594128287,0.0974427717,0.1406237210,0.0919220056,0.0575372658,0.0739634486,0.1020032339,0.0783981268,0.0537311245,0.0293031686, 100, 200, 300, 400, 500, 600, 700, 800, 900,1000
"5c-i","Gladbacherhof","2021","wheat", 4.5, 8.707721,54.20244,12.27540,252,180,567, 1,2,0.9590928,38.75917,158,66.81636,2.0194024,"Oct","Jul", 4.38000000,"winter","Gladbacherhof_2021_wheat","Gladbacherhof_2021","Gladbacherhof_2021_wheat_4.5", 3.9614583,48, 3.534722,1.239135560,1.12072692,0.50000000,-1.31113127, 1.5699607,"prop_swf.2021",0.0594128287,0.0974427717,0.1406237210,0.0919220056,0.0575372658,0.0739634486,0.1020032339,0.0783981268,0.0537311245,0.0293031686, 100, 200, 300, 400, 500, 600, 700, 800, 900,1000
"5c-I","Gladbacherhof","2021","wheat", 4.5, 8.707721,54.20244,12.27540,252,180,567, 1,2,0.9590928,38.75917,158,66.81636,2.0194024,"Oct","Jul", 3.56000000,"winter","Gladbacherhof_2021_wheat","Gladbacherhof_2021","Gladbacherhof_2021_wheat_4.5", 3.9614583,48, 3.534722,1.007151277,1.12072692,0.50000000,-1.31113127, 1.5699607,"prop_swf.2021",0.0594128287,0.0974427717,0.1406237210,0.0919220056,0.0575372658,0.0739634486,0.1020032339,0.0783981268,0.0537311245,0.0293031686, 100, 200, 300, 400, 500, 600, 700, 800, 900,1000
"5c-ii","Gladbacherhof","2021","wheat", 9.0, 8.707721,54.20244,12.27540,252,180,567, 1,2,0.9590928,38.75917,158,66.81636,2.0194024,"Oct","Jul", 3.75000000,"winter","Gladbacherhof_2021_wheat","Gladbacherhof_2021","Gladbacherhof_2021_wheat_9", 3.3162500,48, 3.534722,1.060903733,0.93819253,1.00000000,-1.31113127, 1.5699607,"prop_swf.2021",0.0594128287,0.0974427717,0.1406237210,0.0919220056,0.0575372658,0.0739634486,0.1020032339,0.0783981268,0.0537311245,0.0293031686, 100, 200, 300, 400, 500, 600, 700, 800, 900,1000
"5c-II","Gladbacherhof","2021","wheat", 9.0, 8.707721,54.20244,12.27540,252,180,567, 1,2,0.9590928,38.75917,158,66.81636,2.0194024,"Oct","Jul", 3.48000000,"winter","Gladbacherhof_2021_wheat","Gladbacherhof_2021","Gladbacherhof_2021_wheat_9", 3.3162500,48, 3.534722,0.984518664,0.93819253,1.00000000,-1.31113127, 1.5699607,"prop_swf.2021",0.0594128287,0.0974427717,0.1406237210,0.0919220056,0.0575372658,0.0739634486,0.1020032339,0.0783981268,0.0537311245,0.0293031686, 100, 200, 300, 400, 500, 600, 700, 800, 900,1000
"5c-iv","Gladbacherhof","2021","wheat", 1.0, 8.707721,54.20244,12.27540,252,180,567, 1,2,0.9590928,38.75917,158,66.81636,2.0194024,"Oct","Jul", 2.78000000,"winter","Gladbacherhof_2021_wheat","Gladbacherhof_2021","Gladbacherhof_2021_wheat_1", 3.3264583,48, 3.534722,0.786483301,0.94108055,0.11111111,-1.31113127, 1.5699607,"prop_swf.2021",0.0594128287,0.0974427717,0.1406237210,0.0919220056,0.0575372658,0.0739634486,0.1020032339,0.0783981268,0.0537311245,0.0293031686, 100, 200, 300, 400, 500, 600, 700, 800, 900,1000
"5c-IV","Gladbacherhof","2021","wheat", 1.0, 8.707721,54.20244,12.27540,252,180,567, 1,2,0.9590928,38.75917,158,66.81636,2.0194024,"Oct","Jul", 3.56000000,"winter","Gladbacherhof_2021_wheat","Gladbacherhof_2021","Gladbacherhof_2021_wheat_1", 3.3264583,48, 3.534722,1.007151277,0.94108055,0.11111111,-1.31113127, 1.5699607,"prop_swf.2021",0.0594128287,0.0974427717,0.1406237210,0.0919220056,0.0575372658,0.0739634486,0.1020032339,0.0783981268,0.0537311245,0.0293031686, 100, 200, 300, 400, 500, 600, 700, 800, 900,1000
"5d-i","Gladbacherhof","2021","wheat", 4.5, 8.707721,54.20244,12.27540,252,180,567, 1,2,0.9590928,38.75917,158,66.81636,2.0194024,"Oct","Jul", 3.79000000,"winter","Gladbacherhof_2021_wheat","Gladbacherhof_2021","Gladbacherhof_2021_wheat_4.5", 3.9614583,48, 3.534722,1.072220039,1.12072692,0.50000000,-1.31113127, 1.5699607,"prop_swf.2021",0.0594128287,0.0974427717,0.1406237210,0.0919220056,0.0575372658,0.0739634486,0.1020032339,0.0783981268,0.0537311245,0.0293031686, 100, 200, 300, 400, 500, 600, 700, 800, 900,1000
"5d-I","Gladbacherhof","2021","wheat", 4.5, 8.707721,54.20244,12.27540,252,180,567, 1,2,0.9590928,38.75917,158,66.81636,2.0194024,"Oct","Jul", 4.21000000,"winter","Gladbacherhof_2021_wheat","Gladbacherhof_2021","Gladbacherhof_2021_wheat_4.5", 3.9614583,48, 3.534722,1.191041257,1.12072692,0.50000000,-1.31113127, 1.5699607,"prop_swf.2021",0.0594128287,0.0974427717,0.1406237210,0.0919220056,0.0575372658,0.0739634486,0.1020032339,0.0783981268,0.0537311245,0.0293031686, 100, 200, 300, 400, 500, 600, 700, 800, 900,1000
"5d-ii","Gladbacherhof","2021","wheat", 9.0, 8.707721,54.20244,12.27540,252,180,567, 1,2,0.9590928,38.75917,158,66.81636,2.0194024,"Oct","Jul", 3.90000000,"winter","Gladbacherhof_2021_wheat","Gladbacherhof_2021","Gladbacherhof_2021_wheat_9", 3.3162500,48, 3.534722,1.103339882,0.93819253,1.00000000,-1.31113127, 1.5699607,"prop_swf.2021",0.0594128287,0.0974427717,0.1406237210,0.0919220056,0.0575372658,0.0739634486,0.1020032339,0.0783981268,0.0537311245,0.0293031686, 100, 200, 300, 400, 500, 600, 700, 800, 900,1000
"5d-II","Gladbacherhof","2021","wheat", 9.0, 8.707721,54.20244,12.27540,252,180,567, 1,2,0.9590928,38.75917,158,66.81636,2.0194024,"Oct","Jul", 2.02000000,"winter","Gladbacherhof_2021_wheat","Gladbacherhof_2021","Gladbacherhof_2021_wheat_9", 3.3162500,48, 3.534722,0.571473477,0.93819253,1.00000000,-1.31113127, 1.5699607,"prop_swf.2021",0.0594128287,0.0974427717,0.1406237210,0.0919220056,0.0575372658,0.0739634486,0.1020032339,0.0783981268,0.0537311245,0.0293031686, 100, 200, 300, 400, 500, 600, 700, 800, 900,1000
"5d-iv","Gladbacherhof","2021","wheat", 1.0, 8.707721,54.20244,12.27540,252,180,567, 1,2,0.9590928,38.75917,158,66.81636,2.0194024,"Oct","Jul", 2.07000000,"winter","Gladbacherhof_2021_wheat","Gladbacherhof_2021","Gladbacherhof_2021_wheat_1", 3.3264583,48, 3.534722,0.585618861,0.94108055,0.11111111,-1.31113127, 1.5699607,"prop_swf.2021",0.0594128287,0.0974427717,0.1406237210,0.0919220056,0.0575372658,0.0739634486,0.1020032339,0.0783981268,0.0537311245,0.0293031686, 100, 200, 300, 400, 500, 600, 700, 800, 900,1000
"5d-IV","Gladbacherhof","2021","wheat", 1.0, 8.707721,54.20244,12.27540,252,180,567, 1,2,0.9590928,38.75917,158,66.81636,2.0194024,"Oct","Jul", 4.08000000,"winter","Gladbacherhof_2021_wheat","Gladbacherhof_2021","Gladbacherhof_2021_wheat_1", 3.3264583,48, 3.534722,1.154263261,0.94108055,0.11111111,-1.31113127, 1.5699607,"prop_swf.2021",0.0594128287,0.0974427717,0.1406237210,0.0919220056,0.0575372658,0.0739634486,0.1020032339,0.0783981268,0.0537311245,0.0293031686, 100, 200, 300, 400, 500, 600, 700, 800, 900,1000
"6a-i","Gladbacherhof","2021","wheat", 4.5, 8.707721,54.20244,12.27540,252,180,567, 1,2,0.9590928,38.75917,158,66.81636,2.0194024,"Oct","Jul", 2.25000000,"winter","Gladbacherhof_2021_wheat","Gladbacherhof_2021","Gladbacherhof_2021_wheat_4.5", 3.9614583,48, 3.534722,0.636542240,1.12072692,0.50000000,-1.31113127, 1.5699607,"prop_swf.2021",0.0594128287,0.0974427717,0.1406237210,0.0919220056,0.0575372658,0.0739634486,0.1020032339,0.0783981268,0.0537311245,0.0293031686, 100, 200, 300, 400, 500, 600, 700, 800, 900,1000
"6a-I","Gladbacherhof","2021","wheat", 4.5, 8.707721,54.20244,12.27540,252,180,567, 1,2,0.9590928,38.75917,158,66.81636,2.0194024,"Oct","Jul", 3.98000000,"winter","Gladbacherhof_2021_wheat","Gladbacherhof_2021","Gladbacherhof_2021_wheat_4.5", 3.9614583,48, 3.534722,1.125972495,1.12072692,0.50000000,-1.31113127, 1.5699607,"prop_swf.2021",0.0594128287,0.0974427717,0.1406237210,0.0919220056,0.0575372658,0.0739634486,0.1020032339,0.0783981268,0.0537311245,0.0293031686, 100, 200, 300, 400, 500, 600, 700, 800, 900,1000
"6a-ii","Gladbacherhof","2021","wheat", 9.0, 8.707721,54.20244,12.27540,252,180,567, 1,2,0.9590928,38.75917,158,66.81636,2.0194024,"Oct","Jul", 1.62000000,"winter","Gladbacherhof_2021_wheat","Gladbacherhof_2021","Gladbacherhof_2021_wheat_9", 3.3162500,48, 3.534722,0.458310413,0.93819253,1.00000000,-1.31113127, 1.5699607,"prop_swf.2021",0.0594128287,0.0974427717,0.1406237210,0.0919220056,0.0575372658,0.0739634486,0.1020032339,0.0783981268,0.0537311245,0.0293031686, 100, 200, 300, 400, 500, 600, 700, 800, 900,1000
"6a-II","Gladbacherhof","2021","wheat", 9.0, 8.707721,54.20244,12.27540,252,180,567, 1,2,0.9590928,38.75917,158,66.81636,2.0194024,"Oct","Jul", 3.75000000,"winter","Gladbacherhof_2021_wheat","Gladbacherhof_2021","Gladbacherhof_2021_wheat_9", 3.3162500,48, 3.534722,1.060903733,0.93819253,1.00000000,-1.31113127, 1.5699607,"prop_swf.2021",0.0594128287,0.0974427717,0.1406237210,0.0919220056,0.0575372658,0.0739634486,0.1020032339,0.0783981268,0.0537311245,0.0293031686, 100, 200, 300, 400, 500, 600, 700, 800, 900,1000
"6a-iv","Gladbacherhof","2021","wheat", 1.0, 8.707721,54.20244,12.27540,252,180,567, 1,2,0.9590928,38.75917,158,66.81636,2.0194024,"Oct","Jul", 2.09000000,"winter","Gladbacherhof_2021_wheat","Gladbacherhof_2021","Gladbacherhof_2021_wheat_1", 3.3264583,48, 3.534722,0.591277014,0.94108055,0.11111111,-1.31113127, 1.5699607,"prop_swf.2021",0.0594128287,0.0974427717,0.1406237210,0.0919220056,0.0575372658,0.0739634486,0.1020032339,0.0783981268,0.0537311245,0.0293031686, 100, 200, 300, 400, 500, 600, 700, 800, 900,1000
"6a-IV","Gladbacherhof","2021","wheat", 1.0, 8.707721,54.20244,12.27540,252,180,567, 1,2,0.9590928,38.75917,158,66.81636,2.0194024,"Oct","Jul", 5.03000000,"winter","Gladbacherhof_2021_wheat","Gladbacherhof_2021","Gladbacherhof_2021_wheat_1", 3.3264583,48, 3.534722,1.423025540,0.94108055,0.11111111,-1.31113127, 1.5699607,"prop_swf.2021",0.0594128287,0.0974427717,0.1406237210,0.0919220056,0.0575372658,0.0739634486,0.1020032339,0.0783981268,0.0537311245,0.0293031686, 100, 200, 300, 400, 500, 600, 700, 800, 900,1000
"6b-i","Gladbacherhof","2021","wheat", 4.5, 8.707721,54.20244,12.27540,252,180,567, 1,2,0.9590928,38.75917,158,66.81636,2.0194024,"Oct","Jul", 3.30000000,"winter","Gladbacherhof_2021_wheat","Gladbacherhof_2021","Gladbacherhof_2021_wheat_4.5", 3.9614583,48, 3.534722,0.933595285,1.12072692,0.50000000,-1.31113127, 1.5699607,"prop_swf.2021",0.0594128287,0.0974427717,0.1406237210,0.0919220056,0.0575372658,0.0739634486,0.1020032339,0.0783981268,0.0537311245,0.0293031686, 100, 200, 300, 400, 500, 600, 700, 800, 900,1000
"6b-I","Gladbacherhof","2021","wheat", 4.5, 8.707721,54.20244,12.27540,252,180,567, 1,2,0.9590928,38.75917,158,66.81636,2.0194024,"Oct","Jul", 3.89000000,"winter","Gladbacherhof_2021_wheat","Gladbacherhof_2021","Gladbacherhof_2021_wheat_4.5", 3.9614583,48, 3.534722,1.100510806,1.12072692,0.50000000,-1.31113127, 1.5699607,"prop_swf.2021",0.0594128287,0.0974427717,0.1406237210,0.0919220056,0.0575372658,0.0739634486,0.1020032339,0.0783981268,0.0537311245,0.0293031686, 100, 200, 300, 400, 500, 600, 700, 800, 900,1000
"6b-ii","Gladbacherhof","2021","wheat", 9.0, 8.707721,54.20244,12.27540,252,180,567, 1,2,0.9590928,38.75917,158,66.81636,2.0194024,"Oct","Jul", 3.00000000,"winter","Gladbacherhof_2021_wheat","Gladbacherhof_2021","Gladbacherhof_2021_wheat_9", 3.3162500,48, 3.534722,0.848722986,0.93819253,1.00000000,-1.31113127, 1.5699607,"prop_swf.2021",0.0594128287,0.0974427717,0.1406237210,0.0919220056,0.0575372658,0.0739634486,0.1020032339,0.0783981268,0.0537311245,0.0293031686, 100, 200, 300, 400, 500, 600, 700, 800, 900,1000
"6b-II","Gladbacherhof","2021","wheat", 9.0, 8.707721,54.20244,12.27540,252,180,567, 1,2,0.9590928,38.75917,158,66.81636,2.0194024,"Oct","Jul", 2.42000000,"winter","Gladbacherhof_2021_wheat","Gladbacherhof_2021","Gladbacherhof_2021_wheat_9", 3.3162500,48, 3.534722,0.684636542,0.93819253,1.00000000,-1.31113127, 1.5699607,"prop_swf.2021",0.0594128287,0.0974427717,0.1406237210,0.0919220056,0.0575372658,0.0739634486,0.1020032339,0.0783981268,0.0537311245,0.0293031686, 100, 200, 300, 400, 500, 600, 700, 800, 900,1000
"6b-iv","Gladbacherhof","2021","wheat", 1.0, 8.707721,54.20244,12.27540,252,180,567, 1,2,0.9590928,38.75917,158,66.81636,2.0194024,"Oct","Jul", 3.30000000,"winter","Gladbacherhof_2021_wheat","Gladbacherhof_2021","Gladbacherhof_2021_wheat_1", 3.3264583,48, 3.534722,0.933595285,0.94108055,0.11111111,-1.31113127, 1.5699607,"prop_swf.2021",0.0594128287,0.0974427717,0.1406237210,0.0919220056,0.0575372658,0.0739634486,0.1020032339,0.0783981268,0.0537311245,0.0293031686, 100, 200, 300, 400, 500, 600, 700, 800, 900,1000
"6b-IV","Gladbacherhof","2021","wheat", 1.0, 8.707721,54.20244,12.27540,252,180,567, 1,2,0.9590928,38.75917,158,66.81636,2.0194024,"Oct","Jul", 4.31000000,"winter","Gladbacherhof_2021_wheat","Gladbacherhof_2021","Gladbacherhof_2021_wheat_1", 3.3264583,48, 3.534722,1.219332024,0.94108055,0.11111111,-1.31113127, 1.5699607,"prop_swf.2021",0.0594128287,0.0974427717,0.1406237210,0.0919220056,0.0575372658,0.0739634486,0.1020032339,0.0783981268,0.0537311245,0.0293031686, 100, 200, 300, 400, 500, 600, 700, 800, 900,1000
"6c-i","Gladbacherhof","2021","wheat", 4.5, 8.707721,54.20244,12.27540,252,180,567, 1,2,0.9590928,38.75917,158,66.81636,2.0194024,"Oct","Jul", 3.66000000,"winter","Gladbacherhof_2021_wheat","Gladbacherhof_2021","Gladbacherhof_2021_wheat_4.5", 3.9614583,48, 3.534722,1.035442043,1.12072692,0.50000000,-1.31113127, 1.5699607,"prop_swf.2021",0.0594128287,0.0974427717,0.1406237210,0.0919220056,0.0575372658,0.0739634486,0.1020032339,0.0783981268,0.0537311245,0.0293031686, 100, 200, 300, 400, 500, 600, 700, 800, 900,1000
"6c-I","Gladbacherhof","2021","wheat", 4.5, 8.707721,54.20244,12.27540,252,180,567, 1,2,0.9590928,38.75917,158,66.81636,2.0194024,"Oct","Jul", 5.22000000,"winter","Gladbacherhof_2021_wheat","Gladbacherhof_2021","Gladbacherhof_2021_wheat_4.5", 3.9614583,48, 3.534722,1.476777996,1.12072692,0.50000000,-1.31113127, 1.5699607,"prop_swf.2021",0.0594128287,0.0974427717,0.1406237210,0.0919220056,0.0575372658,0.0739634486,0.1020032339,0.0783981268,0.0537311245,0.0293031686, 100, 200, 300, 400, 500, 600, 700, 800, 900,1000
"6c-ii","Gladbacherhof","2021","wheat", 9.0, 8.707721,54.20244,12.27540,252,180,567, 1,2,0.9590928,38.75917,158,66.81636,2.0194024,"Oct","Jul", 2.44000000,"winter","Gladbacherhof_2021_wheat","Gladbacherhof_2021","Gladbacherhof_2021_wheat_9", 3.3162500,48, 3.534722,0.690294695,0.93819253,1.00000000,-1.31113127, 1.5699607,"prop_swf.2021",0.0594128287,0.0974427717,0.1406237210,0.0919220056,0.0575372658,0.0739634486,0.1020032339,0.0783981268,0.0537311245,0.0293031686, 100, 200, 300, 400, 500, 600, 700, 800, 900,1000
"6c-II","Gladbacherhof","2021","wheat", 9.0, 8.707721,54.20244,12.27540,252,180,567, 1,2,0.9590928,38.75917,158,66.81636,2.0194024,"Oct","Jul", 3.73000000,"winter","Gladbacherhof_2021_wheat","Gladbacherhof_2021","Gladbacherhof_2021_wheat_9", 3.3162500,48, 3.534722,1.055245580,0.93819253,1.00000000,-1.31113127, 1.5699607,"prop_swf.2021",0.0594128287,0.0974427717,0.1406237210,0.0919220056,0.0575372658,0.0739634486,0.1020032339,0.0783981268,0.0537311245,0.0293031686, 100, 200, 300, 400, 500, 600, 700, 800, 900,1000
"6c-iv","Gladbacherhof","2021","wheat", 1.0, 8.707721,54.20244,12.27540,252,180,567, 1,2,0.9590928,38.75917,158,66.81636,2.0194024,"Oct","Jul", 2.87000000,"winter","Gladbacherhof_2021_wheat","Gladbacherhof_2021","Gladbacherhof_2021_wheat_1", 3.3264583,48, 3.534722,0.811944990,0.94108055,0.11111111,-1.31113127, 1.5699607,"prop_swf.2021",0.0594128287,0.0974427717,0.1406237210,0.0919220056,0.0575372658,0.0739634486,0.1020032339,0.0783981268,0.0537311245,0.0293031686, 100, 200, 300, 400, 500, 600, 700, 800, 900,1000
"6c-IV","Gladbacherhof","2021","wheat", 1.0, 8.707721,54.20244,12.27540,252,180,567, 1,2,0.9590928,38.75917,158,66.81636,2.0194024,"Oct","Jul", 4.33000000,"winter","Gladbacherhof_2021_wheat","Gladbacherhof_2021","Gladbacherhof_2021_wheat_1", 3.3264583,48, 3.534722,1.224990177,0.94108055,0.11111111,-1.31113127, 1.5699607,"prop_swf.2021",0.0594128287,0.0974427717,0.1406237210,0.0919220056,0.0575372658,0.0739634486,0.1020032339,0.0783981268,0.0537311245,0.0293031686, 100, 200, 300, 400, 500, 600, 700, 800, 900,1000
"6d-i","Gladbacherhof","2021","wheat", 4.5, 8.707721,54.20244,12.27540,252,180,567, 1,2,0.9590928,38.75917,158,66.81636,2.0194024,"Oct","Jul", 4.07000000,"winter","Gladbacherhof_2021_wheat","Gladbacherhof_2021","Gladbacherhof_2021_wheat_4.5", 3.9614583,48, 3.534722,1.151434185,1.12072692,0.50000000,-1.31113127, 1.5699607,"prop_swf.2021",0.0594128287,0.0974427717,0.1406237210,0.0919220056,0.0575372658,0.0739634486,0.1020032339,0.0783981268,0.0537311245,0.0293031686, 100, 200, 300, 400, 500, 600, 700, 800, 900,1000
"6d-I","Gladbacherhof","2021","wheat", 4.5, 8.707721,54.20244,12.27540,252,180,567, 1,2,0.9590928,38.75917,158,66.81636,2.0194024,"Oct","Jul", 3.57000000,"winter","Gladbacherhof_2021_wheat","Gladbacherhof_2021","Gladbacherhof_2021_wheat_4.5", 3.9614583,48, 3.534722,1.009980354,1.12072692,0.50000000,-1.31113127, 1.5699607,"prop_swf.2021",0.0594128287,0.0974427717,0.1406237210,0.0919220056,0.0575372658,0.0739634486,0.1020032339,0.0783981268,0.0537311245,0.0293031686, 100, 200, 300, 400, 500, 600, 700, 800, 900,1000
"6d-ii","Gladbacherhof","2021","wheat", 9.0, 8.707721,54.20244,12.27540,252,180,567, 1,2,0.9590928,38.75917,158,66.81636,2.0194024,"Oct","Jul", 3.32000000,"winter","Gladbacherhof_2021_wheat","Gladbacherhof_2021","Gladbacherhof_2021_wheat_9", 3.3162500,48, 3.534722,0.939253438,0.93819253,1.00000000,-1.31113127, 1.5699607,"prop_swf.2021",0.0594128287,0.0974427717,0.1406237210,0.0919220056,0.0575372658,0.0739634486,0.1020032339,0.0783981268,0.0537311245,0.0293031686, 100, 200, 300, 400, 500, 600, 700, 800, 900,1000
"6d-II","Gladbacherhof","2021","wheat", 9.0, 8.707721,54.20244,12.27540,252,180,567, 1,2,0.9590928,38.75917,158,66.81636,2.0194024,"Oct","Jul", 3.58000000,"winter","Gladbacherhof_2021_wheat","Gladbacherhof_2021","Gladbacherhof_2021_wheat_9", 3.3162500,48, 3.534722,1.012809430,0.93819253,1.00000000,-1.31113127, 1.5699607,"prop_swf.2021",0.0594128287,0.0974427717,0.1406237210,0.0919220056,0.0575372658,0.0739634486,0.1020032339,0.0783981268,0.0537311245,0.0293031686, 100, 200, 300, 400, 500, 600, 700, 800, 900,1000
"6d-iv","Gladbacherhof","2021","wheat", 1.0, 8.707721,54.20244,12.27540,252,180,567, 1,2,0.9590928,38.75917,158,66.81636,2.0194024,"Oct","Jul", 2.94000000,"winter","Gladbacherhof_2021_wheat","Gladbacherhof_2021","Gladbacherhof_2021_wheat_1", 3.3264583,48, 3.534722,0.831748527,0.94108055,0.11111111,-1.31113127, 1.5699607,"prop_swf.2021",0.0594128287,0.0974427717,0.1406237210,0.0919220056,0.0575372658,0.0739634486,0.1020032339,0.0783981268,0.0537311245,0.0293031686, 100, 200, 300, 400, 500, 600, 700, 800, 900,1000
"6d-IV","Gladbacherhof","2021","wheat", 1.0, 8.707721,54.20244,12.27540,252,180,567, 1,2,0.9590928,38.75917,158,66.81636,2.0194024,"Oct","Jul", 4.31000000,"winter","Gladbacherhof_2021_wheat","Gladbacherhof_2021","Gladbacherhof_2021_wheat_1", 3.3264583,48, 3.534722,1.219332024,0.94108055,0.11111111,-1.31113127, 1.5699607,"prop_swf.2021",0.0594128287,0.0974427717,0.1406237210,0.0919220056,0.0575372658,0.0739634486,0.1020032339,0.0783981268,0.0537311245,0.0293031686, 100, 200, 300, 400, 500, 600, 700, 800, 900,1000
"Ih_1_7","IhingerHof","2016","pea", 7.0, 8.317417,70.66987,12.90464,345,177,478, 8,0,0.9909433,42.14855,183,69.07790,1.7741133,"Oct","Jul", 1.41592593,"winter","IhingerHof_2016_pea","IhingerHof_2016","IhingerHof_2016_pea_7", 1.7715312,14, 2.047043,0.691693278,0.86540981,0.29166667,-1.82889836, 1.6763514,"prop_swf.2015",0.0000000000,0.0221614621,0.0087336245,0.0043992301,0.0162116041,0.0414675194,0.0334621100,0.0311703483,0.0160096154,0.0264452645, 100, 200, 300, 400, 500, 600, 700, 800, 900,1000
"Ih_1_12","IhingerHof","2016","pea",12.0, 8.317417,70.66987,12.90464,345,177,478, 8,0,0.9909433,42.14855,183,69.07790,1.7741133,"Oct","Jul", 1.12617647,"winter","IhingerHof_2016_pea","IhingerHof_2016","IhingerHof_2016_pea_12", 2.0032691,21, 2.047043,0.550147914,0.97861600,0.50000000,-1.82889836, 1.6763514,"prop_swf.2015",0.0000000000,0.0221614621,0.0087336245,0.0043992301,0.0162116041,0.0414675194,0.0334621100,0.0311703483,0.0160096154,0.0264452645, 100, 200, 300, 400, 500, 600, 700, 800, 900,1000
"Ih_1_18","IhingerHof","2016","pea",18.0, 8.317417,70.66987,12.90464,345,177,478, 8,0,0.9909433,42.14855,183,69.07790,1.7741133,"Oct","Jul", 1.16120833,"winter","IhingerHof_2016_pea","IhingerHof_2016","IhingerHof_2016_pea_18", 2.3136108,19, 2.047043,0.567261312,1.13022088,0.75000000,-1.82889836, 1.6763514,"prop_swf.2015",0.0000000000,0.0221614621,0.0087336245,0.0043992301,0.0162116041,0.0414675194,0.0334621100,0.0311703483,0.0160096154,0.0264452645, 100, 200, 300, 400, 500, 600, 700, 800, 900,1000
"Ih_1_24","IhingerHof","2016","pea",24.0, 8.317417,70.66987,12.90464,345,177,478, 8,0,0.9909433,42.14855,183,69.07790,1.7741133,"Oct","Jul", 1.40183333,"winter","IhingerHof_2016_pea","IhingerHof_2016","IhingerHof_2016_pea_24", 2.2010845,19, 2.047043,0.684808913,1.07525071,1.00000000,-1.82889836, 1.6763514,"prop_swf.2015",0.0000000000,0.0221614621,0.0087336245,0.0043992301,0.0162116041,0.0414675194,0.0334621100,0.0311703483,0.0160096154,0.0264452645, 100, 200, 300, 400, 500, 600, 700, 800, 900,1000
"Ih_2_4","IhingerHof","2016","pea", 4.0, 8.317417,70.66987,12.90464,345,177,478, 8,0,0.9909433,42.14855,183,69.07790,1.7741133,"Oct","Jul", 1.84767857,"winter","IhingerHof_2016_pea","IhingerHof_2016","IhingerHof_2016_pea_4", 1.9457197,17, 2.047043,0.902608551,0.95050259,0.16666667,-1.82889836, 1.6763514,"prop_swf.2015",0.0000000000,0.0221614621,0.0087336245,0.0043992301,0.0162116041,0.0414675194,0.0334621100,0.0311703483,0.0160096154,0.0264452645, 100, 200, 300, 400, 500, 600, 700, 800, 900,1000
"Ih_2_7","IhingerHof","2016","pea", 7.0, 8.317417,70.66987,12.90464,345,177,478, 8,0,0.9909433,42.14855,183,69.07790,1.7741133,"Oct","Jul", 0.53130000,"winter","IhingerHof_2016_pea","IhingerHof_2016","IhingerHof_2016_pea_7", 1.7715312,14, 2.047043,0.259545102,0.86540981,0.29166667,-1.82889836, 1.6763514,"prop_swf.2015",0.0000000000,0.0221614621,0.0087336245,0.0043992301,0.0162116041,0.0414675194,0.0334621100,0.0311703483,0.0160096154,0.0264452645, 100, 200, 300, 400, 500, 600, 700, 800, 900,1000
"Ih_2_12","IhingerHof","2016","pea",12.0, 8.317417,70.66987,12.90464,345,177,478, 8,0,0.9909433,42.14855,183,69.07790,1.7741133,"Oct","Jul", 1.78091429,"winter","IhingerHof_2016_pea","IhingerHof_2016","IhingerHof_2016_pea_12", 2.0032691,21, 2.047043,0.869993563,0.97861600,0.50000000,-1.82889836, 1.6763514,"prop_swf.2015",0.0000000000,0.0221614621,0.0087336245,0.0043992301,0.0162116041,0.0414675194,0.0334621100,0.0311703483,0.0160096154,0.0264452645, 100, 200, 300, 400, 500, 600, 700, 800, 900,1000
"Ih_2_18","IhingerHof","2016","pea",18.0, 8.317417,70.66987,12.90464,345,177,478, 8,0,0.9909433,42.14855,183,69.07790,1.7741133,"Oct","Jul", 1.70187879,"winter","IhingerHof_2016_pea","IhingerHof_2016","IhingerHof_2016_pea_18", 2.3136108,19, 2.047043,0.831383971,1.13022088,0.75000000,-1.82889836, 1.6763514,"prop_swf.2015",0.0000000000,0.0221614621,0.0087336245,0.0043992301,0.0162116041,0.0414675194,0.0334621100,0.0311703483,0.0160096154,0.0264452645, 100, 200, 300, 400, 500, 600, 700, 800, 900,1000
"Ih_2_24","IhingerHof","2016","pea",24.0, 8.317417,70.66987,12.90464,345,177,478, 8,0,0.9909433,42.14855,183,69.07790,1.7741133,"Oct","Jul", 2.08213333,"winter","IhingerHof_2016_pea","IhingerHof_2016","IhingerHof_2016_pea_24", 2.2010845,19, 2.047043,1.017141932,1.07525071,1.00000000,-1.82889836, 1.6763514,"prop_swf.2015",0.0000000000,0.0221614621,0.0087336245,0.0043992301,0.0162116041,0.0414675194,0.0334621100,0.0311703483,0.0160096154,0.0264452645, 100, 200, 300, 400, 500, 600, 700, 800, 900,1000
"Ih_3_4","IhingerHof","2016","pea", 4.0, 8.317417,70.66987,12.90464,345,177,478, 8,0,0.9909433,42.14855,183,69.07790,1.7741133,"Oct","Jul", 3.23460870,"winter","IhingerHof_2016_pea","IhingerHof_2016","IhingerHof_2016_pea_4", 1.9457197,17, 2.047043,1.580137105,0.95050259,0.16666667,-1.82889836, 1.6763514,"prop_swf.2015",0.0000000000,0.0221614621,0.0087336245,0.0043992301,0.0162116041,0.0414675194,0.0334621100,0.0311703483,0.0160096154,0.0264452645, 100, 200, 300, 400, 500, 600, 700, 800, 900,1000
"Ih_3_12","IhingerHof","2016","pea",12.0, 8.317417,70.66987,12.90464,345,177,478, 8,0,0.9909433,42.14855,183,69.07790,1.7741133,"Oct","Jul", 3.11738298,"winter","IhingerHof_2016_pea","IhingerHof_2016","IhingerHof_2016_pea_12", 2.0032691,21, 2.047043,1.522871227,0.97861600,0.50000000,-1.82889836, 1.6763514,"prop_swf.2015",0.0000000000,0.0221614621,0.0087336245,0.0043992301,0.0162116041,0.0414675194,0.0334621100,0.0311703483,0.0160096154,0.0264452645, 100, 200, 300, 400, 500, 600, 700, 800, 900,1000
"Ih_3_18","IhingerHof","2016","pea",18.0, 8.317417,70.66987,12.90464,345,177,478, 8,0,0.9909433,42.14855,183,69.07790,1.7741133,"Oct","Jul", 3.35332609,"winter","IhingerHof_2016_pea","IhingerHof_2016","IhingerHof_2016_pea_18", 2.3136108,19, 2.047043,1.638131679,1.13022088,0.75000000,-1.82889836, 1.6763514,"prop_swf.2015",0.0000000000,0.0221614621,0.0087336245,0.0043992301,0.0162116041,0.0414675194,0.0334621100,0.0311703483,0.0160096154,0.0264452645, 100, 200, 300, 400, 500, 600, 700, 800, 900,1000
"Ih_3_24","IhingerHof","2016","pea",24.0, 8.317417,70.66987,12.90464,345,177,478, 8,0,0.9909433,42.14855,183,69.07790,1.7741133,"Oct","Jul", 3.30160417,"winter","IhingerHof_2016_pea","IhingerHof_2016","IhingerHof_2016_pea_24", 2.2010845,19, 2.047043,1.612865029,1.07525071,1.00000000,-1.82889836, 1.6763514,"prop_swf.2015",0.0000000000,0.0221614621,0.0087336245,0.0043992301,0.0162116041,0.0414675194,0.0334621100,0.0311703483,0.0160096154,0.0264452645, 100, 200, 300, 400, 500, 600, 700, 800, 900,1000
"Ih_4_4","IhingerHof","2016","pea", 4.0, 8.317417,70.66987,12.90464,345,177,478, 8,0,0.9909433,42.14855,183,69.07790,1.7741133,"Oct","Jul", 1.28008065,"winter","IhingerHof_2016_pea","IhingerHof_2016","IhingerHof_2016_pea_4", 1.9457197,17, 2.047043,0.625331567,0.95050259,0.16666667,-1.82889836, 1.6763514,"prop_swf.2015",0.0000000000,0.0221614621,0.0087336245,0.0043992301,0.0162116041,0.0414675194,0.0334621100,0.0311703483,0.0160096154,0.0264452645, 100, 200, 300, 400, 500, 600, 700, 800, 900,1000
"Ih_4_7","IhingerHof","2016","pea", 7.0, 8.317417,70.66987,12.90464,345,177,478, 8,0,0.9909433,42.14855,183,69.07790,1.7741133,"Oct","Jul", 0.90300000,"winter","IhingerHof_2016_pea","IhingerHof_2016","IhingerHof_2016_pea_7", 1.7715312,14, 2.047043,0.441124086,0.86540981,0.29166667,-1.82889836, 1.6763514,"prop_swf.2015",0.0000000000,0.0221614621,0.0087336245,0.0043992301,0.0162116041,0.0414675194,0.0334621100,0.0311703483,0.0160096154,0.0264452645, 100, 200, 300, 400, 500, 600, 700, 800, 900,1000
"Ih_4_12","IhingerHof","2016","pea",12.0, 8.317417,70.66987,12.90464,345,177,478, 8,0,0.9909433,42.14855,183,69.07790,1.7741133,"Oct","Jul", 1.33821212,"winter","IhingerHof_2016_pea","IhingerHof_2016","IhingerHof_2016_pea_12", 2.0032691,21, 2.047043,0.653729346,0.97861600,0.50000000,-1.82889836, 1.6763514,"prop_swf.2015",0.0000000000,0.0221614621,0.0087336245,0.0043992301,0.0162116041,0.0414675194,0.0334621100,0.0311703483,0.0160096154,0.0264452645, 100, 200, 300, 400, 500, 600, 700, 800, 900,1000
"Ih_4_18","IhingerHof","2016","pea",18.0, 8.317417,70.66987,12.90464,345,177,478, 8,0,0.9909433,42.14855,183,69.07790,1.7741133,"Oct","Jul", 1.28194444,"winter","IhingerHof_2016_pea","IhingerHof_2016","IhingerHof_2016_pea_18", 2.3136108,19, 2.047043,0.626242051,1.13022088,0.75000000,-1.82889836, 1.6763514,"prop_swf.2015",0.0000000000,0.0221614621,0.0087336245,0.0043992301,0.0162116041,0.0414675194,0.0334621100,0.0311703483,0.0160096154,0.0264452645, 100, 200, 300, 400, 500, 600, 700, 800, 900,1000
"Ih_4_24","IhingerHof","2016","pea",24.0, 8.317417,70.66987,12.90464,345,177,478, 8,0,0.9909433,42.14855,183,69.07790,1.7741133,"Oct","Jul", 1.66371429,"winter","IhingerHof_2016_pea","IhingerHof_2016","IhingerHof_2016_pea_24", 2.2010845,19, 2.047043,0.812740248,1.07525071,1.00000000,-1.82889836, 1.6763514,"prop_swf.2015",0.0000000000,0.0221614621,0.0087336245,0.0043992301,0.0162116041,0.0414675194,0.0334621100,0.0311703483,0.0160096154,0.0264452645, 100, 200, 300, 400, 500, 600, 700, 800, 900,1000
"Ih_5_4","IhingerHof","2016","pea", 4.0, 8.317417,70.66987,12.90464,345,177,478, 8,0,0.9909433,42.14855,183,69.07790,1.7741133,"Oct","Jul", 2.35651220,"winter","IhingerHof_2016_pea","IhingerHof_2016","IhingerHof_2016_pea_4", 1.9457197,17, 2.047043,1.151178615,0.95050259,0.16666667,-1.82889836, 1.6763514,"prop_swf.2015",0.0000000000,0.0221614621,0.0087336245,0.0043992301,0.0162116041,0.0414675194,0.0334621100,0.0311703483,0.0160096154,0.0264452645, 100, 200, 300, 400, 500, 600, 700, 800, 900,1000
"Ih_5_7","IhingerHof","2016","pea", 7.0, 8.317417,70.66987,12.90464,345,177,478, 8,0,0.9909433,42.14855,183,69.07790,1.7741133,"Oct","Jul", 3.79350000,"winter","IhingerHof_2016_pea","IhingerHof_2016","IhingerHof_2016_pea_7", 1.7715312,14, 2.047043,1.853160821,0.86540981,0.29166667,-1.82889836, 1.6763514,"prop_swf.2015",0.0000000000,0.0221614621,0.0087336245,0.0043992301,0.0162116041,0.0414675194,0.0334621100,0.0311703483,0.0160096154,0.0264452645, 100, 200, 300, 400, 500, 600, 700, 800, 900,1000
"Ih_5_12","IhingerHof","2016","pea",12.0, 8.317417,70.66987,12.90464,345,177,478, 8,0,0.9909433,42.14855,183,69.07790,1.7741133,"Oct","Jul", 2.25766667,"winter","IhingerHof_2016_pea","IhingerHof_2016","IhingerHof_2016_pea_12", 2.0032691,21, 2.047043,1.102891634,0.97861600,0.50000000,-1.82889836, 1.6763514,"prop_swf.2015",0.0000000000,0.0221614621,0.0087336245,0.0043992301,0.0162116041,0.0414675194,0.0334621100,0.0311703483,0.0160096154,0.0264452645, 100, 200, 300, 400, 500, 600, 700, 800, 900,1000
"Ih_5_18","IhingerHof","2016","pea",18.0, 8.317417,70.66987,12.90464,345,177,478, 8,0,0.9909433,42.14855,183,69.07790,1.7741133,"Oct","Jul", 2.55411111,"winter","IhingerHof_2016_pea","IhingerHof_2016","IhingerHof_2016_pea_18", 2.3136108,19, 2.047043,1.247707564,1.13022088,0.75000000,-1.82889836, 1.6763514,"prop_swf.2015",0.0000000000,0.0221614621,0.0087336245,0.0043992301,0.0162116041,0.0414675194,0.0334621100,0.0311703483,0.0160096154,0.0264452645, 100, 200, 300, 400, 500, 600, 700, 800, 900,1000
"Ih_5_24","IhingerHof","2016","pea",24.0, 8.317417,70.66987,12.90464,345,177,478, 8,0,0.9909433,42.14855,183,69.07790,1.7741133,"Oct","Jul", 2.74065517,"winter","IhingerHof_2016_pea","IhingerHof_2016","IhingerHof_2016_pea_24", 2.2010845,19, 2.047043,1.338836112,1.07525071,1.00000000,-1.82889836, 1.6763514,"prop_swf.2015",0.0000000000,0.0221614621,0.0087336245,0.0043992301,0.0162116041,0.0414675194,0.0334621100,0.0311703483,0.0160096154,0.0264452645, 100, 200, 300, 400, 500, 600, 700, 800, 900,1000
"Ih_6_4","IhingerHof","2016","pea", 4.0, 8.317417,70.66987,12.90464,345,177,478, 8,0,0.9909433,42.14855,183,69.07790,1.7741133,"Oct","Jul", 3.54905128,"winter","IhingerHof_2016_pea","IhingerHof_2016","IhingerHof_2016_pea_4", 1.9457197,17, 2.047043,1.733745298,0.95050259,0.16666667,-1.82889836, 1.6763514,"prop_swf.2015",0.0000000000,0.0221614621,0.0087336245,0.0043992301,0.0162116041,0.0414675194,0.0334621100,0.0311703483,0.0160096154,0.0264452645, 100, 200, 300, 400, 500, 600, 700, 800, 900,1000
"Ih_6_7","IhingerHof","2016","pea", 7.0, 8.317417,70.66987,12.90464,345,177,478, 8,0,0.9909433,42.14855,183,69.07790,1.7741133,"Oct","Jul", 0.89900000,"winter","IhingerHof_2016_pea","IhingerHof_2016","IhingerHof_2016_pea_7", 1.7715312,14, 2.047043,0.439170048,0.86540981,0.29166667,-1.82889836, 1.6763514,"prop_swf.2015",0.0000000000,0.0221614621,0.0087336245,0.0043992301,0.0162116041,0.0414675194,0.0334621100,0.0311703483,0.0160096154,0.0264452645, 100, 200, 300, 400, 500, 600, 700, 800, 900,1000
"Ih_6_12","IhingerHof","2016","pea",12.0, 8.317417,70.66987,12.90464,345,177,478, 8,0,0.9909433,42.14855,183,69.07790,1.7741133,"Oct","Jul", 2.72649275,"winter","IhingerHof_2016_pea","IhingerHof_2016","IhingerHof_2016_pea_12", 2.0032691,21, 2.047043,1.331917636,0.97861600,0.50000000,-1.82889836, 1.6763514,"prop_swf.2015",0.0000000000,0.0221614621,0.0087336245,0.0043992301,0.0162116041,0.0414675194,0.0334621100,0.0311703483,0.0160096154,0.0264452645, 100, 200, 300, 400, 500, 600, 700, 800, 900,1000
"Ih_6_18","IhingerHof","2016","pea",18.0, 8.317417,70.66987,12.90464,345,177,478, 8,0,0.9909433,42.14855,183,69.07790,1.7741133,"Oct","Jul", 3.27014286,"winter","IhingerHof_2016_pea","IhingerHof_2016","IhingerHof_2016_pea_18", 2.3136108,19, 2.047043,1.597495880,1.13022088,0.75000000,-1.82889836, 1.6763514,"prop_swf.2015",0.0000000000,0.0221614621,0.0087336245,0.0043992301,0.0162116041,0.0414675194,0.0334621100,0.0311703483,0.0160096154,0.0264452645, 100, 200, 300, 400, 500, 600, 700, 800, 900,1000
"Ih_6_24","IhingerHof","2016","pea",24.0, 8.317417,70.66987,12.90464,345,177,478, 8,0,0.9909433,42.14855,183,69.07790,1.7741133,"Oct","Jul", 3.22400000,"winter","IhingerHof_2016_pea","IhingerHof_2016","IhingerHof_2016_pea_24", 2.2010845,19, 2.047043,1.574954656,1.07525071,1.00000000,-1.82889836, 1.6763514,"prop_swf.2015",0.0000000000,0.0221614621,0.0087336245,0.0043992301,0.0162116041,0.0414675194,0.0334621100,0.0311703483,0.0160096154,0.0264452645, 100, 200, 300, 400, 500, 600, 700, 800, 900,1000
"Ih_7_7","IhingerHof","2016","pea", 7.0, 8.317417,70.66987,12.90464,345,177,478, 8,0,0.9909433,42.14855,183,69.07790,1.7741133,"Oct","Jul", 3.00560000,"winter","IhingerHof_2016_pea","IhingerHof_2016","IhingerHof_2016_pea_7", 1.7715312,14, 2.047043,1.468264179,0.86540981,0.29166667,-1.82889836, 1.6763514,"prop_swf.2015",0.0000000000,0.0221614621,0.0087336245,0.0043992301,0.0162116041,0.0414675194,0.0334621100,0.0311703483,0.0160096154,0.0264452645, 100, 200, 300, 400, 500, 600, 700, 800, 900,1000
"Ih_7_12","IhingerHof","2016","pea",12.0, 8.317417,70.66987,12.90464,345,177,478, 8,0,0.9909433,42.14855,183,69.07790,1.7741133,"Oct","Jul", 2.94376667,"winter","IhingerHof_2016_pea","IhingerHof_2016","IhingerHof_2016_pea_12", 2.0032691,21, 2.047043,1.438058008,0.97861600,0.50000000,-1.82889836, 1.6763514,"prop_swf.2015",0.0000000000,0.0221614621,0.0087336245,0.0043992301,0.0162116041,0.0414675194,0.0334621100,0.0311703483,0.0160096154,0.0264452645, 100, 200, 300, 400, 500, 600, 700, 800, 900,1000
"Ih_7_18","IhingerHof","2016","pea",18.0, 8.317417,70.66987,12.90464,345,177,478, 8,0,0.9909433,42.14855,183,69.07790,1.7741133,"Oct","Jul", 3.51375000,"winter","IhingerHof_2016_pea","IhingerHof_2016","IhingerHof_2016_pea_18", 2.3136108,19, 2.047043,1.716500286,1.13022088,0.75000000,-1.82889836, 1.6763514,"prop_swf.2015",0.0000000000,0.0221614621,0.0087336245,0.0043992301,0.0162116041,0.0414675194,0.0334621100,0.0311703483,0.0160096154,0.0264452645, 100, 200, 300, 400, 500, 600, 700, 800, 900,1000
"Ih_7_24","IhingerHof","2016","pea",24.0, 8.317417,70.66987,12.90464,345,177,478, 8,0,0.9909433,42.14855,183,69.07790,1.7741133,"Oct","Jul", 2.04112195,"winter","IhingerHof_2016_pea","IhingerHof_2016","IhingerHof_2016_pea_24", 2.2010845,19, 2.047043,0.997107482,1.07525071,1.00000000,-1.82889836, 1.6763514,"prop_swf.2015",0.0000000000,0.0221614621,0.0087336245,0.0043992301,0.0162116041,0.0414675194,0.0334621100,0.0311703483,0.0160096154,0.0264452645, 100, 200, 300, 400, 500, 600, 700, 800, 900,1000
"Ih_8_4","IhingerHof","2016","pea", 4.0, 8.317417,70.66987,12.90464,345,177,478, 8,0,0.9909433,42.14855,183,69.07790,1.7741133,"Oct","Jul", 1.90524000,"winter","IhingerHof_2016_pea","IhingerHof_2016","IhingerHof_2016_pea_4", 1.9457197,17, 2.047043,0.930727856,0.95050259,0.16666667,-1.82889836, 1.6763514,"prop_swf.2015",0.0000000000,0.0221614621,0.0087336245,0.0043992301,0.0162116041,0.0414675194,0.0334621100,0.0311703483,0.0160096154,0.0264452645, 100, 200, 300, 400, 500, 600, 700, 800, 900,1000
"Ih_8_7","IhingerHof","2016","pea", 7.0, 8.317417,70.66987,12.90464,345,177,478, 8,0,0.9909433,42.14855,183,69.07790,1.7741133,"Oct","Jul", 2.69866667,"winter","IhingerHof_2016_pea","IhingerHof_2016","IhingerHof_2016_pea_7", 1.7715312,14, 2.047043,1.318324327,0.86540981,0.29166667,-1.82889836, 1.6763514,"prop_swf.2015",0.0000000000,0.0221614621,0.0087336245,0.0043992301,0.0162116041,0.0414675194,0.0334621100,0.0311703483,0.0160096154,0.0264452645, 100, 200, 300, 400, 500, 600, 700, 800, 900,1000
"Ih_8_12","IhingerHof","2016","pea",12.0, 8.317417,70.66987,12.90464,345,177,478, 8,0,0.9909433,42.14855,183,69.07790,1.7741133,"Oct","Jul", 3.65606818,"winter","IhingerHof_2016_pea","IhingerHof_2016","IhingerHof_2016_pea_12", 2.0032691,21, 2.047043,1.786024071,0.97861600,0.50000000,-1.82889836, 1.6763514,"prop_swf.2015",0.0000000000,0.0221614621,0.0087336245,0.0043992301,0.0162116041,0.0414675194,0.0334621100,0.0311703483,0.0160096154,0.0264452645, 100, 200, 300, 400, 500, 600, 700, 800, 900,1000
"Ih_8_18","IhingerHof","2016","pea",18.0, 8.317417,70.66987,12.90464,345,177,478, 8,0,0.9909433,42.14855,183,69.07790,1.7741133,"Oct","Jul", 3.46811905,"winter","IhingerHof_2016_pea","IhingerHof_2016","IhingerHof_2016_pea_18", 2.3136108,19, 2.047043,1.694209132,1.13022088,0.75000000,-1.82889836, 1.6763514,"prop_swf.2015",0.0000000000,0.0221614621,0.0087336245,0.0043992301,0.0162116041,0.0414675194,0.0334621100,0.0311703483,0.0160096154,0.0264452645, 100, 200, 300, 400, 500, 600, 700, 800, 900,1000
"Ih_8_24","IhingerHof","2016","pea",24.0, 8.317417,70.66987,12.90464,345,177,478, 8,0,0.9909433,42.14855,183,69.07790,1.7741133,"Oct","Jul", 3.05616000,"winter","IhingerHof_2016_pea","IhingerHof_2016","IhingerHof_2016_pea_24", 2.2010845,19, 2.047043,1.492963220,1.07525071,1.00000000,-1.82889836, 1.6763514,"prop_swf.2015",0.0000000000,0.0221614621,0.0087336245,0.0043992301,0.0162116041,0.0414675194,0.0334621100,0.0311703483,0.0160096154,0.0264452645, 100, 200, 300, 400, 500, 600, 700, 800, 900,1000
"Ih_9_4","IhingerHof","2016","pea", 4.0, 8.317417,70.66987,12.90464,345,177,478, 8,0,0.9909433,42.14855,183,69.07790,1.7741133,"Oct","Jul", 0.65278947,"winter","IhingerHof_2016_pea","IhingerHof_2016","IhingerHof_2016_pea_4", 1.9457197,17, 2.047043,0.318893865,0.95050259,0.16666667,-1.82889836, 1.6763514,"prop_swf.2015",0.0000000000,0.0221614621,0.0087336245,0.0043992301,0.0162116041,0.0414675194,0.0334621100,0.0311703483,0.0160096154,0.0264452645, 100, 200, 300, 400, 500, 600, 700, 800, 900,1000
"Ih_9_7","IhingerHof","2016","pea", 7.0, 8.317417,70.66987,12.90464,345,177,478, 8,0,0.9909433,42.14855,183,69.07790,1.7741133,"Oct","Jul", 0.19150000,"winter","IhingerHof_2016_pea","IhingerHof_2016","IhingerHof_2016_pea_7", 1.7715312,14, 2.047043,0.093549571,0.86540981,0.29166667,-1.82889836, 1.6763514,"prop_swf.2015",0.0000000000,0.0221614621,0.0087336245,0.0043992301,0.0162116041,0.0414675194,0.0334621100,0.0311703483,0.0160096154,0.0264452645, 100, 200, 300, 400, 500, 600, 700, 800, 900,1000
"Ih_9_12","IhingerHof","2016","pea",12.0, 8.317417,70.66987,12.90464,345,177,478, 8,0,0.9909433,42.14855,183,69.07790,1.7741133,"Oct","Jul", 0.64403704,"winter","IhingerHof_2016_pea","IhingerHof_2016","IhingerHof_2016_pea_12", 2.0032691,21, 2.047043,0.314618217,0.97861600,0.50000000,-1.82889836, 1.6763514,"prop_swf.2015",0.0000000000,0.0221614621,0.0087336245,0.0043992301,0.0162116041,0.0414675194,0.0334621100,0.0311703483,0.0160096154,0.0264452645, 100, 200, 300, 400, 500, 600, 700, 800, 900,1000
"Ih_9_18","IhingerHof","2016","pea",18.0, 8.317417,70.66987,12.90464,345,177,478, 8,0,0.9909433,42.14855,183,69.07790,1.7741133,"Oct","Jul", 1.26594118,"winter","IhingerHof_2016_pea","IhingerHof_2016","IhingerHof_2016_pea_18", 2.3136108,19, 2.047043,0.618424302,1.13022088,0.75000000,-1.82889836, 1.6763514,"prop_swf.2015",0.0000000000,0.0221614621,0.0087336245,0.0043992301,0.0162116041,0.0414675194,0.0334621100,0.0311703483,0.0160096154,0.0264452645, 100, 200, 300, 400, 500, 600, 700, 800, 900,1000
"Ih_9_24","IhingerHof","2016","pea",24.0, 8.317417,70.66987,12.90464,345,177,478, 8,0,0.9909433,42.14855,183,69.07790,1.7741133,"Oct","Jul", 0.46609091,"winter","IhingerHof_2016_pea","IhingerHof_2016","IhingerHof_2016_pea_24", 2.2010845,19, 2.047043,0.227689841,1.07525071,1.00000000,-1.82889836, 1.6763514,"prop_swf.2015",0.0000000000,0.0221614621,0.0087336245,0.0043992301,0.0162116041,0.0414675194,0.0334621100,0.0311703483,0.0160096154,0.0264452645, 100, 200, 300, 400, 500, 600, 700, 800, 900,1000
"Ih_10_24","IhingerHof","2016","pea",24.0, 8.317417,70.66987,12.90464,345,177,478, 8,0,0.9909433,42.14855,183,69.07790,1.7741133,"Oct","Jul", 1.27120000,"winter","IhingerHof_2016_pea","IhingerHof_2016","IhingerHof_2016_pea_24", 2.2010845,19, 2.047043,0.620993287,1.07525071,1.00000000,-1.82889836, 1.6763514,"prop_swf.2015",0.0000000000,0.0221614621,0.0087336245,0.0043992301,0.0162116041,0.0414675194,0.0334621100,0.0311703483,0.0160096154,0.0264452645, 100, 200, 300, 400, 500, 600, 700, 800, 900,1000
"Ih_11_4","IhingerHof","2016","pea", 4.0, 8.317417,70.66987,12.90464,345,177,478, 8,0,0.9909433,42.14855,183,69.07790,1.7741133,"Oct","Jul", 3.45281579,"winter","IhingerHof_2016_pea","IhingerHof_2016","IhingerHof_2016_pea_4", 1.9457197,17, 2.047043,1.686733345,0.95050259,0.16666667,-1.82889836, 1.6763514,"prop_swf.2015",0.0000000000,0.0221614621,0.0087336245,0.0043992301,0.0162116041,0.0414675194,0.0334621100,0.0311703483,0.0160096154,0.0264452645, 100, 200, 300, 400, 500, 600, 700, 800, 900,1000
"Ih_11_7","IhingerHof","2016","pea", 7.0, 8.317417,70.66987,12.90464,345,177,478, 8,0,0.9909433,42.14855,183,69.07790,1.7741133,"Oct","Jul", 4.64907692,"winter","IhingerHof_2016_pea","IhingerHof_2016","IhingerHof_2016_pea_7", 1.7715312,14, 2.047043,2.271118284,0.86540981,0.29166667,-1.82889836, 1.6763514,"prop_swf.2015",0.0000000000,0.0221614621,0.0087336245,0.0043992301,0.0162116041,0.0414675194,0.0334621100,0.0311703483,0.0160096154,0.0264452645, 100, 200, 300, 400, 500, 600, 700, 800, 900,1000
"Ih_11_12","IhingerHof","2016","pea",12.0, 8.317417,70.66987,12.90464,345,177,478, 8,0,0.9909433,42.14855,183,69.07790,1.7741133,"Oct","Jul", 3.85980488,"winter","IhingerHof_2016_pea","IhingerHof_2016","IhingerHof_2016_pea_12", 2.0032691,21, 2.047043,1.885551385,0.97861600,0.50000000,-1.82889836, 1.6763514,"prop_swf.2015",0.0000000000,0.0221614621,0.0087336245,0.0043992301,0.0162116041,0.0414675194,0.0334621100,0.0311703483,0.0160096154,0.0264452645, 100, 200, 300, 400, 500, 600, 700, 800, 900,1000
"Ih_11_18","IhingerHof","2016","pea",18.0, 8.317417,70.66987,12.90464,345,177,478, 8,0,0.9909433,42.14855,183,69.07790,1.7741133,"Oct","Jul", 4.21858974,"winter","IhingerHof_2016_pea","IhingerHof_2016","IhingerHof_2016_pea_18", 2.3136108,19, 2.047043,2.060821203,1.13022088,0.75000000,-1.82889836, 1.6763514,"prop_swf.2015",0.0000000000,0.0221614621,0.0087336245,0.0043992301,0.0162116041,0.0414675194,0.0334621100,0.0311703483,0.0160096154,0.0264452645, 100, 200, 300, 400, 500, 600, 700, 800, 900,1000
"Ih_11_24","IhingerHof","2016","pea",24.0, 8.317417,70.66987,12.90464,345,177,478, 8,0,0.9909433,42.14855,183,69.07790,1.7741133,"Oct","Jul", 3.79748780,"winter","IhingerHof_2016_pea","IhingerHof_2016","IhingerHof_2016_pea_24", 2.2010845,19, 2.047043,1.855108902,1.07525071,1.00000000,-1.82889836, 1.6763514,"prop_swf.2015",0.0000000000,0.0221614621,0.0087336245,0.0043992301,0.0162116041,0.0414675194,0.0334621100,0.0311703483,0.0160096154,0.0264452645, 100, 200, 300, 400, 500, 600, 700, 800, 900,1000
"Ih_12_4","IhingerHof","2016","pea", 4.0, 8.317417,70.66987,12.90464,345,177,478, 8,0,0.9909433,42.14855,183,69.07790,1.7741133,"Oct","Jul", 1.80800000,"winter","IhingerHof_2016_pea","IhingerHof_2016","IhingerHof_2016_pea_4", 1.9457197,17, 2.047043,0.883225192,0.95050259,0.16666667,-1.82889836, 1.6763514,"prop_swf.2015",0.0000000000,0.0221614621,0.0087336245,0.0043992301,0.0162116041,0.0414675194,0.0334621100,0.0311703483,0.0160096154,0.0264452645, 100, 200, 300, 400, 500, 600, 700, 800, 900,1000
"Ih_12_12","IhingerHof","2016","pea",12.0, 8.317417,70.66987,12.90464,345,177,478, 8,0,0.9909433,42.14855,183,69.07790,1.7741133,"Oct","Jul", 2.06604878,"winter","IhingerHof_2016_pea","IhingerHof_2016","IhingerHof_2016_pea_12", 2.0032691,21, 2.047043,1.009284475,0.97861600,0.50000000,-1.82889836, 1.6763514,"prop_swf.2015",0.0000000000,0.0221614621,0.0087336245,0.0043992301,0.0162116041,0.0414675194,0.0334621100,0.0311703483,0.0160096154,0.0264452645, 100, 200, 300, 400, 500, 600, 700, 800, 900,1000
"Ih_12_18","IhingerHof","2016","pea",18.0, 8.317417,70.66987,12.90464,345,177,478, 8,0,0.9909433,42.14855,183,69.07790,1.7741133,"Oct","Jul", 2.12358974,"winter","IhingerHof_2016_pea","IhingerHof_2016","IhingerHof_2016_pea_18", 2.3136108,19, 2.047043,1.037393782,1.13022088,0.75000000,-1.82889836, 1.6763514,"prop_swf.2015",0.0000000000,0.0221614621,0.0087336245,0.0043992301,0.0162116041,0.0414675194,0.0334621100,0.0311703483,0.0160096154,0.0264452645, 100, 200, 300, 400, 500, 600, 700, 800, 900,1000
"Ih_12_24","IhingerHof","2016","pea",24.0, 8.317417,70.66987,12.90464,345,177,478, 8,0,0.9909433,42.14855,183,69.07790,1.7741133,"Oct","Jul", 1.94344231,"winter","IhingerHof_2016_pea","IhingerHof_2016","IhingerHof_2016_pea_24", 2.2010845,19, 2.047043,0.949390047,1.07525071,1.00000000,-1.82889836, 1.6763514,"prop_swf.2015",0.0000000000,0.0221614621,0.0087336245,0.0043992301,0.0162116041,0.0414675194,0.0334621100,0.0311703483,0.0160096154,0.0264452645, 100, 200, 300, 400, 500, 600, 700, 800, 900,1000
"Ih_13_4","IhingerHof","2016","pea", 4.0, 8.317417,70.66987,12.90464,345,177,478, 8,0,0.9909433,42.14855,183,69.07790,1.7741133,"Oct","Jul", 2.85150000,"winter","IhingerHof_2016_pea","IhingerHof_2016","IhingerHof_2016_pea_4", 1.9457197,17, 2.047043,1.392984864,0.95050259,0.16666667,-1.82889836, 1.6763514,"prop_swf.2015",0.0000000000,0.0221614621,0.0087336245,0.0043992301,0.0162116041,0.0414675194,0.0334621100,0.0311703483,0.0160096154,0.0264452645, 100, 200, 300, 400, 500, 600, 700, 800, 900,1000
"Ih_13_12","IhingerHof","2016","pea",12.0, 8.317417,70.66987,12.90464,345,177,478, 8,0,0.9909433,42.14855,183,69.07790,1.7741133,"Oct","Jul", 3.10665789,"winter","IhingerHof_2016_pea","IhingerHof_2016","IhingerHof_2016_pea_12", 2.0032691,21, 2.047043,1.517631922,0.97861600,0.50000000,-1.82889836, 1.6763514,"prop_swf.2015",0.0000000000,0.0221614621,0.0087336245,0.0043992301,0.0162116041,0.0414675194,0.0334621100,0.0311703483,0.0160096154,0.0264452645, 100, 200, 300, 400, 500, 600, 700, 800, 900,1000
"Ih_13_18","IhingerHof","2016","pea",18.0, 8.317417,70.66987,12.90464,345,177,478, 8,0,0.9909433,42.14855,183,69.07790,1.7741133,"Oct","Jul", 2.17992308,"winter","IhingerHof_2016_pea","IhingerHof_2016","IhingerHof_2016_pea_18", 2.3136108,19, 2.047043,1.064913151,1.13022088,0.75000000,-1.82889836, 1.6763514,"prop_swf.2015",0.0000000000,0.0221614621,0.0087336245,0.0043992301,0.0162116041,0.0414675194,0.0334621100,0.0311703483,0.0160096154,0.0264452645, 100, 200, 300, 400, 500, 600, 700, 800, 900,1000
"Ih_13_24","IhingerHof","2016","pea",24.0, 8.317417,70.66987,12.90464,345,177,478, 8,0,0.9909433,42.14855,183,69.07790,1.7741133,"Oct","Jul", 2.79552000,"winter","IhingerHof_2016_pea","IhingerHof_2016","IhingerHof_2016_pea_24", 2.2010845,19, 2.047043,1.365638102,1.07525071,1.00000000,-1.82889836, 1.6763514,"prop_swf.2015",0.0000000000,0.0221614621,0.0087336245,0.0043992301,0.0162116041,0.0414675194,0.0334621100,0.0311703483,0.0160096154,0.0264452645, 100, 200, 300, 400, 500, 600, 700, 800, 900,1000
"Ih_14_4","IhingerHof","2016","pea", 4.0, 8.317417,70.66987,12.90464,345,177,478, 8,0,0.9909433,42.14855,183,69.07790,1.7741133,"Oct","Jul", 2.10228571,"winter","IhingerHof_2016_pea","IhingerHof_2016","IhingerHof_2016_pea_4", 1.9457197,17, 2.047043,1.026986561,0.95050259,0.16666667,-1.82889836, 1.6763514,"prop_swf.2015",0.0000000000,0.0221614621,0.0087336245,0.0043992301,0.0162116041,0.0414675194,0.0334621100,0.0311703483,0.0160096154,0.0264452645, 100, 200, 300, 400, 500, 600, 700, 800, 900,1000
"Ih_14_12","IhingerHof","2016","pea",12.0, 8.317417,70.66987,12.90464,345,177,478, 8,0,0.9909433,42.14855,183,69.07790,1.7741133,"Oct","Jul", 2.31326667,"winter","IhingerHof_2016_pea","IhingerHof_2016","IhingerHof_2016_pea_12", 2.0032691,21, 2.047043,1.130052763,0.97861600,0.50000000,-1.82889836, 1.6763514,"prop_swf.2015",0.0000000000,0.0221614621,0.0087336245,0.0043992301,0.0162116041,0.0414675194,0.0334621100,0.0311703483,0.0160096154,0.0264452645, 100, 200, 300, 400, 500, 600, 700, 800, 900,1000
"Ih_14_18","IhingerHof","2016","pea",18.0, 8.317417,70.66987,12.90464,345,177,478, 8,0,0.9909433,42.14855,183,69.07790,1.7741133,"Oct","Jul", 3.10583333,"winter","IhingerHof_2016_pea","IhingerHof_2016","IhingerHof_2016_pea_18", 2.3136108,19, 2.047043,1.517229116,1.13022088,0.75000000,-1.82889836, 1.6763514,"prop_swf.2015",0.0000000000,0.0221614621,0.0087336245,0.0043992301,0.0162116041,0.0414675194,0.0334621100,0.0311703483,0.0160096154,0.0264452645, 100, 200, 300, 400, 500, 600, 700, 800, 900,1000
"Ih_14_24","IhingerHof","2016","pea",24.0, 8.317417,70.66987,12.90464,345,177,478, 8,0,0.9909433,42.14855,183,69.07790,1.7741133,"Oct","Jul", 2.12373333,"winter","IhingerHof_2016_pea","IhingerHof_2016","IhingerHof_2016_pea_24", 2.2010845,19, 2.047043,1.037463927,1.07525071,1.00000000,-1.82889836, 1.6763514,"prop_swf.2015",0.0000000000,0.0221614621,0.0087336245,0.0043992301,0.0162116041,0.0414675194,0.0334621100,0.0311703483,0.0160096154,0.0264452645, 100, 200, 300, 400, 500, 600, 700, 800, 900,1000
"Ih_15_12","IhingerHof","2016","pea",12.0, 8.317417,70.66987,12.90464,345,177,478, 8,0,0.9909433,42.14855,183,69.07790,1.7741133,"Oct","Jul", 0.60257143,"winter","IhingerHof_2016_pea","IhingerHof_2016","IhingerHof_2016_pea_12", 2.0032691,21, 2.047043,0.294361873,0.97861600,0.50000000,-1.82889836, 1.6763514,"prop_swf.2015",0.0000000000,0.0221614621,0.0087336245,0.0043992301,0.0162116041,0.0414675194,0.0334621100,0.0311703483,0.0160096154,0.0264452645, 100, 200, 300, 400, 500, 600, 700, 800, 900,1000
"Ih_15_18","IhingerHof","2016","pea",18.0, 8.317417,70.66987,12.90464,345,177,478, 8,0,0.9909433,42.14855,183,69.07790,1.7741133,"Oct","Jul", 1.28580000,"winter","IhingerHof_2016_pea","IhingerHof_2016","IhingerHof_2016_pea_18", 2.3136108,19, 2.047043,0.628125526,1.13022088,0.75000000,-1.82889836, 1.6763514,"prop_swf.2015",0.0000000000,0.0221614621,0.0087336245,0.0043992301,0.0162116041,0.0414675194,0.0334621100,0.0311703483,0.0160096154,0.0264452645, 100, 200, 300, 400, 500, 600, 700, 800, 900,1000
"Ih_15_24","IhingerHof","2016","pea",24.0, 8.317417,70.66987,12.90464,345,177,478, 8,0,0.9909433,42.14855,183,69.07790,1.7741133,"Oct","Jul", 0.67070588,"winter","IhingerHof_2016_pea","IhingerHof_2016","IhingerHof_2016_pea_24", 2.2010845,19, 2.047043,0.327646201,1.07525071,1.00000000,-1.82889836, 1.6763514,"prop_swf.2015",0.0000000000,0.0221614621,0.0087336245,0.0043992301,0.0162116041,0.0414675194,0.0334621100,0.0311703483,0.0160096154,0.0264452645, 100, 200, 300, 400, 500, 600, 700, 800, 900,1000
"Ih_16_7","IhingerHof","2016","pea", 7.0, 8.317417,70.66987,12.90464,345,177,478, 8,0,0.9909433,42.14855,183,69.07790,1.7741133,"Oct","Jul", 1.51833333,"winter","IhingerHof_2016_pea","IhingerHof_2016","IhingerHof_2016_pea_7", 1.7715312,14, 2.047043,0.741720271,0.86540981,0.29166667,-1.82889836, 1.6763514,"prop_swf.2015",0.0000000000,0.0221614621,0.0087336245,0.0043992301,0.0162116041,0.0414675194,0.0334621100,0.0311703483,0.0160096154,0.0264452645, 100, 200, 300, 400, 500, 600, 700, 800, 900,1000
"Ih_16_12","IhingerHof","2016","pea",12.0, 8.317417,70.66987,12.90464,345,177,478, 8,0,0.9909433,42.14855,183,69.07790,1.7741133,"Oct","Jul", 0.29075000,"winter","IhingerHof_2016_pea","IhingerHof_2016","IhingerHof_2016_pea_12", 2.0032691,21, 2.047043,0.142034140,0.97861600,0.50000000,-1.82889836, 1.6763514,"prop_swf.2015",0.0000000000,0.0221614621,0.0087336245,0.0043992301,0.0162116041,0.0414675194,0.0334621100,0.0311703483,0.0160096154,0.0264452645, 100, 200, 300, 400, 500, 600, 700, 800, 900,1000
"Ih_17_4","IhingerHof","2016","pea", 4.0, 8.317417,70.66987,12.90464,345,177,478, 8,0,0.9909433,42.14855,183,69.07790,1.7741133,"Oct","Jul", 1.02207143,"winter","IhingerHof_2016_pea","IhingerHof_2016","IhingerHof_2016_pea_4", 1.9457197,17, 2.047043,0.499291611,0.95050259,0.16666667,-1.82889836, 1.6763514,"prop_swf.2015",0.0000000000,0.0221614621,0.0087336245,0.0043992301,0.0162116041,0.0414675194,0.0334621100,0.0311703483,0.0160096154,0.0264452645, 100, 200, 300, 400, 500, 600, 700, 800, 900,1000
"Ih_17_7","IhingerHof","2016","pea", 7.0, 8.317417,70.66987,12.90464,345,177,478, 8,0,0.9909433,42.14855,183,69.07790,1.7741133,"Oct","Jul", 0.95766667,"winter","IhingerHof_2016_pea","IhingerHof_2016","IhingerHof_2016_pea_7", 1.7715312,14, 2.047043,0.467829273,0.86540981,0.29166667,-1.82889836, 1.6763514,"prop_swf.2015",0.0000000000,0.0221614621,0.0087336245,0.0043992301,0.0162116041,0.0414675194,0.0334621100,0.0311703483,0.0160096154,0.0264452645, 100, 200, 300, 400, 500, 600, 700, 800, 900,1000
"Ih_17_12","IhingerHof","2016","pea",12.0, 8.317417,70.66987,12.90464,345,177,478, 8,0,0.9909433,42.14855,183,69.07790,1.7741133,"Oct","Jul", 1.37682353,"winter","IhingerHof_2016_pea","IhingerHof_2016","IhingerHof_2016_pea_12", 2.0032691,21, 2.047043,0.672591386,0.97861600,0.50000000,-1.82889836, 1.6763514,"prop_swf.2015",0.0000000000,0.0221614621,0.0087336245,0.0043992301,0.0162116041,0.0414675194,0.0334621100,0.0311703483,0.0160096154,0.0264452645, 100, 200, 300, 400, 500, 600, 700, 800, 900,1000
"Ih_17_18","IhingerHof","2016","pea",18.0, 8.317417,70.66987,12.90464,345,177,478, 8,0,0.9909433,42.14855,183,69.07790,1.7741133,"Oct","Jul", 2.28938889,"winter","IhingerHof_2016_pea","IhingerHof_2016","IhingerHof_2016_pea_18", 2.3136108,19, 2.047043,1.118388241,1.13022088,0.75000000,-1.82889836, 1.6763514,"prop_swf.2015",0.0000000000,0.0221614621,0.0087336245,0.0043992301,0.0162116041,0.0414675194,0.0334621100,0.0311703483,0.0160096154,0.0264452645, 100, 200, 300, 400, 500, 600, 700, 800, 900,1000
"Ih_17_24","IhingerHof","2016","pea",24.0, 8.317417,70.66987,12.90464,345,177,478, 8,0,0.9909433,42.14855,183,69.07790,1.7741133,"Oct","Jul", 1.79318367,"winter","IhingerHof_2016_pea","IhingerHof_2016","IhingerHof_2016_pea_24", 2.2010845,19, 2.047043,0.875987275,1.07525071,1.00000000,-1.82889836, 1.6763514,"prop_swf.2015",0.0000000000,0.0221614621,0.0087336245,0.0043992301,0.0162116041,0.0414675194,0.0334621100,0.0311703483,0.0160096154,0.0264452645, 100, 200, 300, 400, 500, 600, 700, 800, 900,1000
"Ih_18_4","IhingerHof","2016","pea", 4.0, 8.317417,70.66987,12.90464,345,177,478, 8,0,0.9909433,42.14855,183,69.07790,1.7741133,"Oct","Jul", 1.77406250,"winter","IhingerHof_2016_pea","IhingerHof_2016","IhingerHof_2016_pea_4", 1.9457197,17, 2.047043,0.866646400,0.95050259,0.16666667,-1.82889836, 1.6763514,"prop_swf.2015",0.0000000000,0.0221614621,0.0087336245,0.0043992301,0.0162116041,0.0414675194,0.0334621100,0.0311703483,0.0160096154,0.0264452645, 100, 200, 300, 400, 500, 600, 700, 800, 900,1000
"Ih_18_12","IhingerHof","2016","pea",12.0, 8.317417,70.66987,12.90464,345,177,478, 8,0,0.9909433,42.14855,183,69.07790,1.7741133,"Oct","Jul", 1.98955814,"winter","IhingerHof_2016_pea","IhingerHof_2016","IhingerHof_2016_pea_12", 2.0032691,21, 2.047043,0.971918069,0.97861600,0.50000000,-1.82889836, 1.6763514,"prop_swf.2015",0.0000000000,0.0221614621,0.0087336245,0.0043992301,0.0162116041,0.0414675194,0.0334621100,0.0311703483,0.0160096154,0.0264452645, 100, 200, 300, 400, 500, 600, 700, 800, 900,1000
"Ih_18_18","IhingerHof","2016","pea",18.0, 8.317417,70.66987,12.90464,345,177,478, 8,0,0.9909433,42.14855,183,69.07790,1.7741133,"Oct","Jul", 2.00068293,"winter","IhingerHof_2016_pea","IhingerHof_2016","IhingerHof_2016_pea_18", 2.3136108,19, 2.047043,0.977352634,1.13022088,0.75000000,-1.82889836, 1.6763514,"prop_swf.2015",0.0000000000,0.0221614621,0.0087336245,0.0043992301,0.0162116041,0.0414675194,0.0334621100,0.0311703483,0.0160096154,0.0264452645, 100, 200, 300, 400, 500, 600, 700, 800, 900,1000
"Ih_18_24","IhingerHof","2016","pea",24.0, 8.317417,70.66987,12.90464,345,177,478, 8,0,0.9909433,42.14855,183,69.07790,1.7741133,"Oct","Jul", 2.34828261,"winter","IhingerHof_2016_pea","IhingerHof_2016","IhingerHof_2016_pea_24", 2.2010845,19, 2.047043,1.147158383,1.07525071,1.00000000,-1.82889836, 1.6763514,"prop_swf.2015",0.0000000000,0.0221614621,0.0087336245,0.0043992301,0.0162116041,0.0414675194,0.0334621100,0.0311703483,0.0160096154,0.0264452645, 100, 200, 300, 400, 500, 600, 700, 800, 900,1000
"Ih_19_4","IhingerHof","2016","pea", 4.0, 8.317417,70.66987,12.90464,345,177,478, 8,0,0.9909433,42.14855,183,69.07790,1.7741133,"Oct","Jul", 1.31371429,"winter","IhingerHof_2016_pea","IhingerHof_2016","IhingerHof_2016_pea_4", 1.9457197,17, 2.047043,0.641761920,0.95050259,0.16666667,-1.82889836, 1.6763514,"prop_swf.2015",0.0000000000,0.0221614621,0.0087336245,0.0043992301,0.0162116041,0.0414675194,0.0334621100,0.0311703483,0.0160096154,0.0264452645, 100, 200, 300, 400, 500, 600, 700, 800, 900,1000
"Ih_19_7","IhingerHof","2016","pea", 7.0, 8.317417,70.66987,12.90464,345,177,478, 8,0,0.9909433,42.14855,183,69.07790,1.7741133,"Oct","Jul", 1.11933333,"winter","IhingerHof_2016_pea","IhingerHof_2016","IhingerHof_2016_pea_7", 1.7715312,14, 2.047043,0.546804977,0.86540981,0.29166667,-1.82889836, 1.6763514,"prop_swf.2015",0.0000000000,0.0221614621,0.0087336245,0.0043992301,0.0162116041,0.0414675194,0.0334621100,0.0311703483,0.0160096154,0.0264452645, 100, 200, 300, 400, 500, 600, 700, 800, 900,1000
"Ih_19_12","IhingerHof","2016","pea",12.0, 8.317417,70.66987,12.90464,345,177,478, 8,0,0.9909433,42.14855,183,69.07790,1.7741133,"Oct","Jul", 2.01872917,"winter","IhingerHof_2016_pea","IhingerHof_2016","IhingerHof_2016_pea_12", 2.0032691,21, 2.047043,0.986168393,0.97861600,0.50000000,-1.82889836, 1.6763514,"prop_swf.2015",0.0000000000,0.0221614621,0.0087336245,0.0043992301,0.0162116041,0.0414675194,0.0334621100,0.0311703483,0.0160096154,0.0264452645, 100, 200, 300, 400, 500, 600, 700, 800, 900,1000
"Ih_19_18","IhingerHof","2016","pea",18.0, 8.317417,70.66987,12.90464,345,177,478, 8,0,0.9909433,42.14855,183,69.07790,1.7741133,"Oct","Jul", 1.61234146,"winter","IhingerHof_2016_pea","IhingerHof_2016","IhingerHof_2016_pea_18", 2.3136108,19, 2.047043,0.787644136,1.13022088,0.75000000,-1.82889836, 1.6763514,"prop_swf.2015",0.0000000000,0.0221614621,0.0087336245,0.0043992301,0.0162116041,0.0414675194,0.0334621100,0.0311703483,0.0160096154,0.0264452645, 100, 200, 300, 400, 500, 600, 700, 800, 900,1000
"Ih_19_24","IhingerHof","2016","pea",24.0, 8.317417,70.66987,12.90464,345,177,478, 8,0,0.9909433,42.14855,183,69.07790,1.7741133,"Oct","Jul", 1.79934286,"winter","IhingerHof_2016_pea","IhingerHof_2016","IhingerHof_2016_pea_24", 2.2010845,19, 2.047043,0.878996095,1.07525071,1.00000000,-1.82889836, 1.6763514,"prop_swf.2015",0.0000000000,0.0221614621,0.0087336245,0.0043992301,0.0162116041,0.0414675194,0.0334621100,0.0311703483,0.0160096154,0.0264452645, 100, 200, 300, 400, 500, 600, 700, 800, 900,1000
"Ih_20_4","IhingerHof","2016","pea", 4.0, 8.317417,70.66987,12.90464,345,177,478, 8,0,0.9909433,42.14855,183,69.07790,1.7741133,"Oct","Jul", 0.83462500,"winter","IhingerHof_2016_pea","IhingerHof_2016","IhingerHof_2016_pea_4", 1.9457197,17, 2.047043,0.407722249,0.95050259,0.16666667,-1.82889836, 1.6763514,"prop_swf.2015",0.0000000000,0.0221614621,0.0087336245,0.0043992301,0.0162116041,0.0414675194,0.0334621100,0.0311703483,0.0160096154,0.0264452645, 100, 200, 300, 400, 500, 600, 700, 800, 900,1000
"Ih_20_7","IhingerHof","2016","pea", 7.0, 8.317417,70.66987,12.90464,345,177,478, 8,0,0.9909433,42.14855,183,69.07790,1.7741133,"Oct","Jul", 2.42300000,"winter","IhingerHof_2016_pea","IhingerHof_2016","IhingerHof_2016_pea_7", 1.7715312,14, 2.047043,1.183658540,0.86540981,0.29166667,-1.82889836, 1.6763514,"prop_swf.2015",0.0000000000,0.0221614621,0.0087336245,0.0043992301,0.0162116041,0.0414675194,0.0334621100,0.0311703483,0.0160096154,0.0264452645, 100, 200, 300, 400, 500, 600, 700, 800, 900,1000
"Ih_20_12","IhingerHof","2016","pea",12.0, 8.317417,70.66987,12.90464,345,177,478, 8,0,0.9909433,42.14855,183,69.07790,1.7741133,"Oct","Jul", 3.13652778,"winter","IhingerHof_2016_pea","IhingerHof_2016","IhingerHof_2016_pea_12", 2.0032691,21, 2.047043,1.532223644,0.97861600,0.50000000,-1.82889836, 1.6763514,"prop_swf.2015",0.0000000000,0.0221614621,0.0087336245,0.0043992301,0.0162116041,0.0414675194,0.0334621100,0.0311703483,0.0160096154,0.0264452645, 100, 200, 300, 400, 500, 600, 700, 800, 900,1000
"Ih_20_18","IhingerHof","2016","pea",18.0, 8.317417,70.66987,12.90464,345,177,478, 8,0,0.9909433,42.14855,183,69.07790,1.7741133,"Oct","Jul", 2.57191667,"winter","IhingerHof_2016_pea","IhingerHof_2016","IhingerHof_2016_pea_18", 2.3136108,19, 2.047043,1.256405747,1.13022088,0.75000000,-1.82889836, 1.6763514,"prop_swf.2015",0.0000000000,0.0221614621,0.0087336245,0.0043992301,0.0162116041,0.0414675194,0.0334621100,0.0311703483,0.0160096154,0.0264452645, 100, 200, 300, 400, 500, 600, 700, 800, 900,1000
"Ih_20_24","IhingerHof","2016","pea",24.0, 8.317417,70.66987,12.90464,345,177,478, 8,0,0.9909433,42.14855,183,69.07790,1.7741133,"Oct","Jul", 3.30039394,"winter","IhingerHof_2016_pea","IhingerHof_2016","IhingerHof_2016_pea_24", 2.2010845,19, 2.047043,1.612273822,1.07525071,1.00000000,-1.82889836, 1.6763514,"prop_swf.2015",0.0000000000,0.0221614621,0.0087336245,0.0043992301,0.0162116041,0.0414675194,0.0334621100,0.0311703483,0.0160096154,0.0264452645, 100, 200, 300, 400, 500, 600, 700, 800, 900,1000
"Ih_21_4","IhingerHof","2016","pea", 4.0, 8.317417,70.66987,12.90464,345,177,478, 8,0,0.9909433,42.14855,183,69.07790,1.7741133,"Oct","Jul", 0.73282857,"winter","IhingerHof_2016_pea","IhingerHof_2016","IhingerHof_2016_pea_4", 1.9457197,17, 2.047043,0.357993725,0.95050259,0.16666667,-1.82889836, 1.6763514,"prop_swf.2015",0.0000000000,0.0221614621,0.0087336245,0.0043992301,0.0162116041,0.0414675194,0.0334621100,0.0311703483,0.0160096154,0.0264452645, 100, 200, 300, 400, 500, 600, 700, 800, 900,1000
"Ih_23_4","IhingerHof","2016","pea", 4.0, 8.317417,70.66987,12.90464,345,177,478, 8,0,0.9909433,42.14855,183,69.07790,1.7741133,"Oct","Jul", 2.35937143,"winter","IhingerHof_2016_pea","IhingerHof_2016","IhingerHof_2016_pea_4", 1.9457197,17, 2.047043,1.152575377,0.95050259,0.16666667,-1.82889836, 1.6763514,"prop_swf.2015",0.0000000000,0.0221614621,0.0087336245,0.0043992301,0.0162116041,0.0414675194,0.0334621100,0.0311703483,0.0160096154,0.0264452645, 100, 200, 300, 400, 500, 600, 700, 800, 900,1000
"Ih_23_12","IhingerHof","2016","pea",12.0, 8.317417,70.66987,12.90464,345,177,478, 8,0,0.9909433,42.14855,183,69.07790,1.7741133,"Oct","Jul", 1.59169565,"winter","IhingerHof_2016_pea","IhingerHof_2016","IhingerHof_2016_pea_12", 2.0032691,21, 2.047043,0.777558461,0.97861600,0.50000000,-1.82889836, 1.6763514,"prop_swf.2015",0.0000000000,0.0221614621,0.0087336245,0.0043992301,0.0162116041,0.0414675194,0.0334621100,0.0311703483,0.0160096154,0.0264452645, 100, 200, 300, 400, 500, 600, 700, 800, 900,1000
"Ih_23_18","IhingerHof","2016","pea",18.0, 8.317417,70.66987,12.90464,345,177,478, 8,0,0.9909433,42.14855,183,69.07790,1.7741133,"Oct","Jul", 1.00011765,"winter","IhingerHof_2016_pea","IhingerHof_2016","IhingerHof_2016_pea_18", 2.3136108,19, 2.047043,0.488566980,1.13022088,0.75000000,-1.82889836, 1.6763514,"prop_swf.2015",0.0000000000,0.0221614621,0.0087336245,0.0043992301,0.0162116041,0.0414675194,0.0334621100,0.0311703483,0.0160096154,0.0264452645, 100, 200, 300, 400, 500, 600, 700, 800, 900,1000
"Ih_24_7","IhingerHof","2016","pea", 7.0, 8.317417,70.66987,12.90464,345,177,478, 8,0,0.9909433,42.14855,183,69.07790,1.7741133,"Oct","Jul", 0.69553333,"winter","IhingerHof_2016_pea","IhingerHof_2016","IhingerHof_2016_pea_7", 1.7715312,14, 2.047043,0.339774647,0.86540981,0.29166667,-1.82889836, 1.6763514,"prop_swf.2015",0.0000000000,0.0221614621,0.0087336245,0.0043992301,0.0162116041,0.0414675194,0.0334621100,0.0311703483,0.0160096154,0.0264452645, 100, 200, 300, 400, 500, 600, 700, 800, 900,1000
"Ih_24_12","IhingerHof","2016","pea",12.0, 8.317417,70.66987,12.90464,345,177,478, 8,0,0.9909433,42.14855,183,69.07790,1.7741133,"Oct","Jul", 0.12550000,"winter","IhingerHof_2016_pea","IhingerHof_2016","IhingerHof_2016_pea_12", 2.0032691,21, 2.047043,0.061307943,0.97861600,0.50000000,-1.82889836, 1.6763514,"prop_swf.2015",0.0000000000,0.0221614621,0.0087336245,0.0043992301,0.0162116041,0.0414675194,0.0334621100,0.0311703483,0.0160096154,0.0264452645, 100, 200, 300, 400, 500, 600, 700, 800, 900,1000
"Ih_1_4","IhingerHof","2018","rapeseed", 4.0, 8.908107,59.03723,15.46796,345,177,478,10,2,0.9556859,39.84749,154,70.24580,1.7741133,"Sep","Jul", 3.11403030,"winter","IhingerHof_2018_rapeseed","IhingerHof_2018","IhingerHof_2018_rapeseed_4", 2.7720712,19, 2.907717,1.070953869,0.95334987,0.16666667,-0.92874700, 1.6763514,"prop_swf.2018",0.0000000000,0.0129943503,0.0099577018,0.0714646283,0.0256332011,0.0218151011,0.0277012192,0.0210284281,0.0100669871,0.0155137862, 100, 200, 300, 400, 500, 600, 700, 800, 900,1000
"Ih_1_12","IhingerHof","2018","rapeseed",12.0, 8.908107,59.03723,15.46796,345,177,478,10,2,0.9556859,39.84749,154,70.24580,1.7741133,"Sep","Jul", 3.23465517,"winter","IhingerHof_2018_rapeseed","IhingerHof_2018","IhingerHof_2018_rapeseed_12", 2.9899169,24, 2.907717,1.112438266,1.02826973,0.50000000,-0.92874700, 1.6763514,"prop_swf.2018",0.0000000000,0.0129943503,0.0099577018,0.0714646283,0.0256332011,0.0218151011,0.0277012192,0.0210284281,0.0100669871,0.0155137862, 100, 200, 300, 400, 500, 600, 700, 800, 900,1000
"Ih_1_18","IhingerHof","2018","rapeseed",18.0, 8.908107,59.03723,15.46796,345,177,478,10,2,0.9556859,39.84749,154,70.24580,1.7741133,"Sep","Jul", 3.02412903,"winter","IhingerHof_2018_rapeseed","IhingerHof_2018","IhingerHof_2018_rapeseed_18", 3.2615957,24, 2.907717,1.040035700,1.12170344,0.75000000,-0.92874700, 1.6763514,"prop_swf.2018",0.0000000000,0.0129943503,0.0099577018,0.0714646283,0.0256332011,0.0218151011,0.0277012192,0.0210284281,0.0100669871,0.0155137862, 100, 200, 300, 400, 500, 600, 700, 800, 900,1000
"Ih_1_24","IhingerHof","2018","rapeseed",24.0, 8.908107,59.03723,15.46796,345,177,478,10,2,0.9556859,39.84749,154,70.24580,1.7741133,"Sep","Jul", 3.17451852,"winter","IhingerHof_2018_rapeseed","IhingerHof_2018","IhingerHof_2018_rapeseed_24", 2.9752059,24, 2.907717,1.091756521,1.02321043,1.00000000,-0.92874700, 1.6763514,"prop_swf.2018",0.0000000000,0.0129943503,0.0099577018,0.0714646283,0.0256332011,0.0218151011,0.0277012192,0.0210284281,0.0100669871,0.0155137862, 100, 200, 300, 400, 500, 600, 700, 800, 900,1000
"Ih_2_4","IhingerHof","2018","rapeseed", 4.0, 8.908107,59.03723,15.46796,345,177,478,10,2,0.9556859,39.84749,154,70.24580,1.7741133,"Sep","Jul", 3.13044898,"winter","IhingerHof_2018_rapeseed","IhingerHof_2018","IhingerHof_2018_rapeseed_4", 2.7720712,19, 2.907717,1.076600456,0.95334987,0.16666667,-0.92874700, 1.6763514,"prop_swf.2018",0.0000000000,0.0129943503,0.0099577018,0.0714646283,0.0256332011,0.0218151011,0.0277012192,0.0210284281,0.0100669871,0.0155137862, 100, 200, 300, 400, 500, 600, 700, 800, 900,1000
"Ih_2_12","IhingerHof","2018","rapeseed",12.0, 8.908107,59.03723,15.46796,345,177,478,10,2,0.9556859,39.84749,154,70.24580,1.7741133,"Sep","Jul", 3.33637778,"winter","IhingerHof_2018_rapeseed","IhingerHof_2018","IhingerHof_2018_rapeseed_12", 2.9899169,24, 2.907717,1.147421939,1.02826973,0.50000000,-0.92874700, 1.6763514,"prop_swf.2018",0.0000000000,0.0129943503,0.0099577018,0.0714646283,0.0256332011,0.0218151011,0.0277012192,0.0210284281,0.0100669871,0.0155137862, 100, 200, 300, 400, 500, 600, 700, 800, 900,1000
"Ih_2_18","IhingerHof","2018","rapeseed",18.0, 8.908107,59.03723,15.46796,345,177,478,10,2,0.9556859,39.84749,154,70.24580,1.7741133,"Sep","Jul", 3.16490476,"winter","IhingerHof_2018_rapeseed","IhingerHof_2018","IhingerHof_2018_rapeseed_18", 3.2615957,24, 2.907717,1.088450230,1.12170344,0.75000000,-0.92874700, 1.6763514,"prop_swf.2018",0.0000000000,0.0129943503,0.0099577018,0.0714646283,0.0256332011,0.0218151011,0.0277012192,0.0210284281,0.0100669871,0.0155137862, 100, 200, 300, 400, 500, 600, 700, 800, 900,1000
"Ih_2_24","IhingerHof","2018","rapeseed",24.0, 8.908107,59.03723,15.46796,345,177,478,10,2,0.9556859,39.84749,154,70.24580,1.7741133,"Sep","Jul", 3.22600000,"winter","IhingerHof_2018_rapeseed","IhingerHof_2018","IhingerHof_2018_rapeseed_24", 2.9752059,24, 2.907717,1.109461644,1.02321043,1.00000000,-0.92874700, 1.6763514,"prop_swf.2018",0.0000000000,0.0129943503,0.0099577018,0.0714646283,0.0256332011,0.0218151011,0.0277012192,0.0210284281,0.0100669871,0.0155137862, 100, 200, 300, 400, 500, 600, 700, 800, 900,1000
"Ih_3_4","IhingerHof","2018","rapeseed", 4.0, 8.908107,59.03723,15.46796,345,177,478,10,2,0.9556859,39.84749,154,70.24580,1.7741133,"Sep","Jul", 2.53991071,"winter","IhingerHof_2018_rapeseed","IhingerHof_2018","IhingerHof_2018_rapeseed_4", 2.7720712,19, 2.907717,0.873506980,0.95334987,0.16666667,-0.92874700, 1.6763514,"prop_swf.2018",0.0000000000,0.0129943503,0.0099577018,0.0714646283,0.0256332011,0.0218151011,0.0277012192,0.0210284281,0.0100669871,0.0155137862, 100, 200, 300, 400, 500, 600, 700, 800, 900,1000
"Ih_3_12","IhingerHof","2018","rapeseed",12.0, 8.908107,59.03723,15.46796,345,177,478,10,2,0.9556859,39.84749,154,70.24580,1.7741133,"Sep","Jul", 3.10188636,"winter","IhingerHof_2018_rapeseed","IhingerHof_2018","IhingerHof_2018_rapeseed_12", 2.9899169,24, 2.907717,1.066777417,1.02826973,0.50000000,-0.92874700, 1.6763514,"prop_swf.2018",0.0000000000,0.0129943503,0.0099577018,0.0714646283,0.0256332011,0.0218151011,0.0277012192,0.0210284281,0.0100669871,0.0155137862, 100, 200, 300, 400, 500, 600, 700, 800, 900,1000
"Ih_3_18","IhingerHof","2018","rapeseed",18.0, 8.908107,59.03723,15.46796,345,177,478,10,2,0.9556859,39.84749,154,70.24580,1.7741133,"Sep","Jul", 4.01379070,"winter","IhingerHof_2018_rapeseed","IhingerHof_2018","IhingerHof_2018_rapeseed_18", 3.2615957,24, 2.907717,1.380392693,1.12170344,0.75000000,-0.92874700, 1.6763514,"prop_swf.2018",0.0000000000,0.0129943503,0.0099577018,0.0714646283,0.0256332011,0.0218151011,0.0277012192,0.0210284281,0.0100669871,0.0155137862, 100, 200, 300, 400, 500, 600, 700, 800, 900,1000
"Ih_3_24","IhingerHof","2018","rapeseed",24.0, 8.908107,59.03723,15.46796,345,177,478,10,2,0.9556859,39.84749,154,70.24580,1.7741133,"Sep","Jul", 3.31874419,"winter","IhingerHof_2018_rapeseed","IhingerHof_2018","IhingerHof_2018_rapeseed_24", 2.9752059,24, 2.907717,1.141357527,1.02321043,1.00000000,-0.92874700, 1.6763514,"prop_swf.2018",0.0000000000,0.0129943503,0.0099577018,0.0714646283,0.0256332011,0.0218151011,0.0277012192,0.0210284281,0.0100669871,0.0155137862, 100, 200, 300, 400, 500, 600, 700, 800, 900,1000
"Ih_4_4","IhingerHof","2018","rapeseed", 4.0, 8.908107,59.03723,15.46796,345,177,478,10,2,0.9556859,39.84749,154,70.24580,1.7741133,"Sep","Jul", 1.97836842,"winter","IhingerHof_2018_rapeseed","IhingerHof_2018","IhingerHof_2018_rapeseed_4", 2.7720712,19, 2.907717,0.680385580,0.95334987,0.16666667,-0.92874700, 1.6763514,"prop_swf.2018",0.0000000000,0.0129943503,0.0099577018,0.0714646283,0.0256332011,0.0218151011,0.0277012192,0.0210284281,0.0100669871,0.0155137862, 100, 200, 300, 400, 500, 600, 700, 800, 900,1000
"Ih_4_7","IhingerHof","2018","rapeseed", 7.0, 8.908107,59.03723,15.46796,345,177,478,10,2,0.9556859,39.84749,154,70.24580,1.7741133,"Sep","Jul", 0.90458333,"winter","IhingerHof_2018_rapeseed","IhingerHof_2018","IhingerHof_2018_rapeseed_7", 2.5397931,11, 2.907717,0.311097493,0.87346653,0.29166667,-0.92874700, 1.6763514,"prop_swf.2018",0.0000000000,0.0129943503,0.0099577018,0.0714646283,0.0256332011,0.0218151011,0.0277012192,0.0210284281,0.0100669871,0.0155137862, 100, 200, 300, 400, 500, 600, 700, 800, 900,1000
"Ih_4_12","IhingerHof","2018","rapeseed",12.0, 8.908107,59.03723,15.46796,345,177,478,10,2,0.9556859,39.84749,154,70.24580,1.7741133,"Sep","Jul", 1.58423529,"winter","IhingerHof_2018_rapeseed","IhingerHof_2018","IhingerHof_2018_rapeseed_12", 2.9899169,24, 2.907717,0.544838281,1.02826973,0.50000000,-0.92874700, 1.6763514,"prop_swf.2018",0.0000000000,0.0129943503,0.0099577018,0.0714646283,0.0256332011,0.0218151011,0.0277012192,0.0210284281,0.0100669871,0.0155137862, 100, 200, 300, 400, 500, 600, 700, 800, 900,1000
"Ih_4_18","IhingerHof","2018","rapeseed",18.0, 8.908107,59.03723,15.46796,345,177,478,10,2,0.9556859,39.84749,154,70.24580,1.7741133,"Sep","Jul", 2.45823077,"winter","IhingerHof_2018_rapeseed","IhingerHof_2018","IhingerHof_2018_rapeseed_18", 3.2615957,24, 2.907717,0.845416228,1.12170344,0.75000000,-0.92874700, 1.6763514,"prop_swf.2018",0.0000000000,0.0129943503,0.0099577018,0.0714646283,0.0256332011,0.0218151011,0.0277012192,0.0210284281,0.0100669871,0.0155137862, 100, 200, 300, 400, 500, 600, 700, 800, 900,1000
"Ih_4_24","IhingerHof","2018","rapeseed",24.0, 8.908107,59.03723,15.46796,345,177,478,10,2,0.9556859,39.84749,154,70.24580,1.7741133,"Sep","Jul", 1.09650000,"winter","IhingerHof_2018_rapeseed","IhingerHof_2018","IhingerHof_2018_rapeseed_24", 2.9752059,24, 2.907717,0.377100029,1.02321043,1.00000000,-0.92874700, 1.6763514,"prop_swf.2018",0.0000000000,0.0129943503,0.0099577018,0.0714646283,0.0256332011,0.0218151011,0.0277012192,0.0210284281,0.0100669871,0.0155137862, 100, 200, 300, 400, 500, 600, 700, 800, 900,1000
"Ih_5_4","IhingerHof","2018","rapeseed", 4.0, 8.908107,59.03723,15.46796,345,177,478,10,2,0.9556859,39.84749,154,70.24580,1.7741133,"Sep","Jul", 2.49074510,"winter","IhingerHof_2018_rapeseed","IhingerHof_2018","IhingerHof_2018_rapeseed_4", 2.7720712,19, 2.907717,0.856598311,0.95334987,0.16666667,-0.92874700, 1.6763514,"prop_swf.2018",0.0000000000,0.0129943503,0.0099577018,0.0714646283,0.0256332011,0.0218151011,0.0277012192,0.0210284281,0.0100669871,0.0155137862, 100, 200, 300, 400, 500, 600, 700, 800, 900,1000
"Ih_5_12","IhingerHof","2018","rapeseed",12.0, 8.908107,59.03723,15.46796,345,177,478,10,2,0.9556859,39.84749,154,70.24580,1.7741133,"Sep","Jul", 2.83768293,"winter","IhingerHof_2018_rapeseed","IhingerHof_2018","IhingerHof_2018_rapeseed_12", 2.9899169,24, 2.907717,0.975914559,1.02826973,0.50000000,-0.92874700, 1.6763514,"prop_swf.2018",0.0000000000,0.0129943503,0.0099577018,0.0714646283,0.0256332011,0.0218151011,0.0277012192,0.0210284281,0.0100669871,0.0155137862, 100, 200, 300, 400, 500, 600, 700, 800, 900,1000
"Ih_5_18","IhingerHof","2018","rapeseed",18.0, 8.908107,59.03723,15.46796,345,177,478,10,2,0.9556859,39.84749,154,70.24580,1.7741133,"Sep","Jul", 3.59431373,"winter","IhingerHof_2018_rapeseed","IhingerHof_2018","IhingerHof_2018_rapeseed_18", 3.2615957,24, 2.907717,1.236129329,1.12170344,0.75000000,-0.92874700, 1.6763514,"prop_swf.2018",0.0000000000,0.0129943503,0.0099577018,0.0714646283,0.0256332011,0.0218151011,0.0277012192,0.0210284281,0.0100669871,0.0155137862, 100, 200, 300, 400, 500, 600, 700, 800, 900,1000
"Ih_5_24","IhingerHof","2018","rapeseed",24.0, 8.908107,59.03723,15.46796,345,177,478,10,2,0.9556859,39.84749,154,70.24580,1.7741133,"Sep","Jul", 2.25914894,"winter","IhingerHof_2018_rapeseed","IhingerHof_2018","IhingerHof_2018_rapeseed_24", 2.9752059,24, 2.907717,0.776949502,1.02321043,1.00000000,-0.92874700, 1.6763514,"prop_swf.2018",0.0000000000,0.0129943503,0.0099577018,0.0714646283,0.0256332011,0.0218151011,0.0277012192,0.0210284281,0.0100669871,0.0155137862, 100, 200, 300, 400, 500, 600, 700, 800, 900,1000
"Ih_6_4","IhingerHof","2018","rapeseed", 4.0, 8.908107,59.03723,15.46796,345,177,478,10,2,0.9556859,39.84749,154,70.24580,1.7741133,"Sep","Jul", 2.22202222,"winter","IhingerHof_2018_rapeseed","IhingerHof_2018","IhingerHof_2018_rapeseed_4", 2.7720712,19, 2.907717,0.764181162,0.95334987,0.16666667,-0.92874700, 1.6763514,"prop_swf.2018",0.0000000000,0.0129943503,0.0099577018,0.0714646283,0.0256332011,0.0218151011,0.0277012192,0.0210284281,0.0100669871,0.0155137862, 100, 200, 300, 400, 500, 600, 700, 800, 900,1000
"Ih_6_12","IhingerHof","2018","rapeseed",12.0, 8.908107,59.03723,15.46796,345,177,478,10,2,0.9556859,39.84749,154,70.24580,1.7741133,"Sep","Jul", 2.59509756,"winter","IhingerHof_2018_rapeseed","IhingerHof_2018","IhingerHof_2018_rapeseed_12", 2.9899169,24, 2.907717,0.892486425,1.02826973,0.50000000,-0.92874700, 1.6763514,"prop_swf.2018",0.0000000000,0.0129943503,0.0099577018,0.0714646283,0.0256332011,0.0218151011,0.0277012192,0.0210284281,0.0100669871,0.0155137862, 100, 200, 300, 400, 500, 600, 700, 800, 900,1000
"Ih_6_18","IhingerHof","2018","rapeseed",18.0, 8.908107,59.03723,15.46796,345,177,478,10,2,0.9556859,39.84749,154,70.24580,1.7741133,"Sep","Jul", 3.24020513,"winter","IhingerHof_2018_rapeseed","IhingerHof_2018","IhingerHof_2018_rapeseed_18", 3.2615957,24, 2.907717,1.114346965,1.12170344,0.75000000,-0.92874700, 1.6763514,"prop_swf.2018",0.0000000000,0.0129943503,0.0099577018,0.0714646283,0.0256332011,0.0218151011,0.0277012192,0.0210284281,0.0100669871,0.0155137862, 100, 200, 300, 400, 500, 600, 700, 800, 900,1000
"Ih_6_24","IhingerHof","2018","rapeseed",24.0, 8.908107,59.03723,15.46796,345,177,478,10,2,0.9556859,39.84749,154,70.24580,1.7741133,"Sep","Jul", 2.72481579,"winter","IhingerHof_2018_rapeseed","IhingerHof_2018","IhingerHof_2018_rapeseed_24", 2.9752059,24, 2.907717,0.937098142,1.02321043,1.00000000,-0.92874700, 1.6763514,"prop_swf.2018",0.0000000000,0.0129943503,0.0099577018,0.0714646283,0.0256332011,0.0218151011,0.0277012192,0.0210284281,0.0100669871,0.0155137862, 100, 200, 300, 400, 500, 600, 700, 800, 900,1000
"Ih_7_4","IhingerHof","2018","rapeseed", 4.0, 8.908107,59.03723,15.46796,345,177,478,10,2,0.9556859,39.84749,154,70.24580,1.7741133,"Sep","Jul", 3.12346154,"winter","IhingerHof_2018_rapeseed","IhingerHof_2018","IhingerHof_2018_rapeseed_4", 2.7720712,19, 2.907717,1.074197388,0.95334987,0.16666667,-0.92874700, 1.6763514,"prop_swf.2018",0.0000000000,0.0129943503,0.0099577018,0.0714646283,0.0256332011,0.0218151011,0.0277012192,0.0210284281,0.0100669871,0.0155137862, 100, 200, 300, 400, 500, 600, 700, 800, 900,1000
"Ih_7_7","IhingerHof","2018","rapeseed", 7.0, 8.908107,59.03723,15.46796,345,177,478,10,2,0.9556859,39.84749,154,70.24580,1.7741133,"Sep","Jul", 3.45617647,"winter","IhingerHof_2018_rapeseed","IhingerHof_2018","IhingerHof_2018_rapeseed_7", 2.5397931,11, 2.907717,1.188622204,0.87346653,0.29166667,-0.92874700, 1.6763514,"prop_swf.2018",0.0000000000,0.0129943503,0.0099577018,0.0714646283,0.0256332011,0.0218151011,0.0277012192,0.0210284281,0.0100669871,0.0155137862, 100, 200, 300, 400, 500, 600, 700, 800, 900,1000
"Ih_7_12","IhingerHof","2018","rapeseed",12.0, 8.908107,59.03723,15.46796,345,177,478,10,2,0.9556859,39.84749,154,70.24580,1.7741133,"Sep","Jul", 3.85596154,"winter","IhingerHof_2018_rapeseed","IhingerHof_2018","IhingerHof_2018_rapeseed_12", 2.9899169,24, 2.907717,1.326113276,1.02826973,0.50000000,-0.92874700, 1.6763514,"prop_swf.2018",0.0000000000,0.0129943503,0.0099577018,0.0714646283,0.0256332011,0.0218151011,0.0277012192,0.0210284281,0.0100669871,0.0155137862, 100, 200, 300, 400, 500, 600, 700, 800, 900,1000
"Ih_7_18","IhingerHof","2018","rapeseed",18.0, 8.908107,59.03723,15.46796,345,177,478,10,2,0.9556859,39.84749,154,70.24580,1.7741133,"Sep","Jul", 4.00057692,"winter","IhingerHof_2018_rapeseed","IhingerHof_2018","IhingerHof_2018_rapeseed_18", 3.2615957,24, 2.907717,1.375848311,1.12170344,0.75000000,-0.92874700, 1.6763514,"prop_swf.2018",0.0000000000,0.0129943503,0.0099577018,0.0714646283,0.0256332011,0.0218151011,0.0277012192,0.0210284281,0.0100669871,0.0155137862, 100, 200, 300, 400, 500, 600, 700, 800, 900,1000
"Ih_7_24","IhingerHof","2018","rapeseed",24.0, 8.908107,59.03723,15.46796,345,177,478,10,2,0.9556859,39.84749,154,70.24580,1.7741133,"Sep","Jul", 4.04820833,"winter","IhingerHof_2018_rapeseed","IhingerHof_2018","IhingerHof_2018_rapeseed_24", 2.9752059,24, 2.907717,1.392229347,1.02321043,1.00000000,-0.92874700, 1.6763514,"prop_swf.2018",0.0000000000,0.0129943503,0.0099577018,0.0714646283,0.0256332011,0.0218151011,0.0277012192,0.0210284281,0.0100669871,0.0155137862, 100, 200, 300, 400, 500, 600, 700, 800, 900,1000
"Ih_8_7","IhingerHof","2018","rapeseed", 7.0, 8.908107,59.03723,15.46796,345,177,478,10,2,0.9556859,39.84749,154,70.24580,1.7741133,"Sep","Jul", 2.48035000,"winter","IhingerHof_2018_rapeseed","IhingerHof_2018","IhingerHof_2018_rapeseed_7", 2.5397931,11, 2.907717,0.853023307,0.87346653,0.29166667,-0.92874700, 1.6763514,"prop_swf.2018",0.0000000000,0.0129943503,0.0099577018,0.0714646283,0.0256332011,0.0218151011,0.0277012192,0.0210284281,0.0100669871,0.0155137862, 100, 200, 300, 400, 500, 600, 700, 800, 900,1000
"Ih_8_12","IhingerHof","2018","rapeseed",12.0, 8.908107,59.03723,15.46796,345,177,478,10,2,0.9556859,39.84749,154,70.24580,1.7741133,"Sep","Jul", 3.50593750,"winter","IhingerHof_2018_rapeseed","IhingerHof_2018","IhingerHof_2018_rapeseed_12", 2.9899169,24, 2.907717,1.205735643,1.02826973,0.50000000,-0.92874700, 1.6763514,"prop_swf.2018",0.0000000000,0.0129943503,0.0099577018,0.0714646283,0.0256332011,0.0218151011,0.0277012192,0.0210284281,0.0100669871,0.0155137862, 100, 200, 300, 400, 500, 600, 700, 800, 900,1000
"Ih_8_18","IhingerHof","2018","rapeseed",18.0, 8.908107,59.03723,15.46796,345,177,478,10,2,0.9556859,39.84749,154,70.24580,1.7741133,"Sep","Jul", 4.41700000,"winter","IhingerHof_2018_rapeseed","IhingerHof_2018","IhingerHof_2018_rapeseed_18", 3.2615957,24, 2.907717,1.519061402,1.12170344,0.75000000,-0.92874700, 1.6763514,"prop_swf.2018",0.0000000000,0.0129943503,0.0099577018,0.0714646283,0.0256332011,0.0218151011,0.0277012192,0.0210284281,0.0100669871,0.0155137862, 100, 200, 300, 400, 500, 600, 700, 800, 900,1000
"Ih_8_24","IhingerHof","2018","rapeseed",24.0, 8.908107,59.03723,15.46796,345,177,478,10,2,0.9556859,39.84749,154,70.24580,1.7741133,"Sep","Jul", 3.66504878,"winter","IhingerHof_2018_rapeseed","IhingerHof_2018","IhingerHof_2018_rapeseed_24", 2.9752059,24, 2.907717,1.260455997,1.02321043,1.00000000,-0.92874700, 1.6763514,"prop_swf.2018",0.0000000000,0.0129943503,0.0099577018,0.0714646283,0.0256332011,0.0218151011,0.0277012192,0.0210284281,0.0100669871,0.0155137862, 100, 200, 300, 400, 500, 600, 700, 800, 900,1000
"Ih_9_4","IhingerHof","2018","rapeseed", 4.0, 8.908107,59.03723,15.46796,345,177,478,10,2,0.9556859,39.84749,154,70.24580,1.7741133,"Sep","Jul", 2.67711765,"winter","IhingerHof_2018_rapeseed","IhingerHof_2018","IhingerHof_2018_rapeseed_4", 2.7720712,19, 2.907717,0.920694156,0.95334987,0.16666667,-0.92874700, 1.6763514,"prop_swf.2018",0.0000000000,0.0129943503,0.0099577018,0.0714646283,0.0256332011,0.0218151011,0.0277012192,0.0210284281,0.0100669871,0.0155137862, 100, 200, 300, 400, 500, 600, 700, 800, 900,1000
"Ih_9_7","IhingerHof","2018","rapeseed", 7.0, 8.908107,59.03723,15.46796,345,177,478,10,2,0.9556859,39.84749,154,70.24580,1.7741133,"Sep","Jul", 3.89925000,"winter","IhingerHof_2018_rapeseed","IhingerHof_2018","IhingerHof_2018_rapeseed_7", 2.5397931,11, 2.907717,1.341000718,0.87346653,0.29166667,-0.92874700, 1.6763514,"prop_swf.2018",0.0000000000,0.0129943503,0.0099577018,0.0714646283,0.0256332011,0.0218151011,0.0277012192,0.0210284281,0.0100669871,0.0155137862, 100, 200, 300, 400, 500, 600, 700, 800, 900,1000
"Ih_9_12","IhingerHof","2018","rapeseed",12.0, 8.908107,59.03723,15.46796,345,177,478,10,2,0.9556859,39.84749,154,70.24580,1.7741133,"Sep","Jul", 2.26887719,"winter","IhingerHof_2018_rapeseed","IhingerHof_2018","IhingerHof_2018_rapeseed_12", 2.9899169,24, 2.907717,0.780295171,1.02826973,0.50000000,-0.92874700, 1.6763514,"prop_swf.2018",0.0000000000,0.0129943503,0.0099577018,0.0714646283,0.0256332011,0.0218151011,0.0277012192,0.0210284281,0.0100669871,0.0155137862, 100, 200, 300, 400, 500, 600, 700, 800, 900,1000
"Ih_9_18","IhingerHof","2018","rapeseed",18.0, 8.908107,59.03723,15.46796,345,177,478,10,2,0.9556859,39.84749,154,70.24580,1.7741133,"Sep","Jul", 3.91760870,"winter","IhingerHof_2018_rapeseed","IhingerHof_2018","IhingerHof_2018_rapeseed_18", 3.2615957,24, 2.907717,1.347314503,1.12170344,0.75000000,-0.92874700, 1.6763514,"prop_swf.2018",0.0000000000,0.0129943503,0.0099577018,0.0714646283,0.0256332011,0.0218151011,0.0277012192,0.0210284281,0.0100669871,0.0155137862, 100, 200, 300, 400, 500, 600, 700, 800, 900,1000
"Ih_9_24","IhingerHof","2018","rapeseed",24.0, 8.908107,59.03723,15.46796,345,177,478,10,2,0.9556859,39.84749,154,70.24580,1.7741133,"Sep","Jul", 2.61832609,"winter","IhingerHof_2018_rapeseed","IhingerHof_2018","IhingerHof_2018_rapeseed_24", 2.9752059,24, 2.907717,0.900475005,1.02321043,1.00000000,-0.92874700, 1.6763514,"prop_swf.2018",0.0000000000,0.0129943503,0.0099577018,0.0714646283,0.0256332011,0.0218151011,0.0277012192,0.0210284281,0.0100669871,0.0155137862, 100, 200, 300, 400, 500, 600, 700, 800, 900,1000
"Ih_10_4","IhingerHof","2018","rapeseed", 4.0, 8.908107,59.03723,15.46796,345,177,478,10,2,0.9556859,39.84749,154,70.24580,1.7741133,"Sep","Jul", 2.74597561,"winter","IhingerHof_2018_rapeseed","IhingerHof_2018","IhingerHof_2018_rapeseed_4", 2.7720712,19, 2.907717,0.944375268,0.95334987,0.16666667,-0.92874700, 1.6763514,"prop_swf.2018",0.0000000000,0.0129943503,0.0099577018,0.0714646283,0.0256332011,0.0218151011,0.0277012192,0.0210284281,0.0100669871,0.0155137862, 100, 200, 300, 400, 500, 600, 700, 800, 900,1000
"Ih_10_12","IhingerHof","2018","rapeseed",12.0, 8.908107,59.03723,15.46796,345,177,478,10,2,0.9556859,39.84749,154,70.24580,1.7741133,"Sep","Jul", 3.45453846,"winter","IhingerHof_2018_rapeseed","IhingerHof_2018","IhingerHof_2018_rapeseed_12", 2.9899169,24, 2.907717,1.188058872,1.02826973,0.50000000,-0.92874700, 1.6763514,"prop_swf.2018",0.0000000000,0.0129943503,0.0099577018,0.0714646283,0.0256332011,0.0218151011,0.0277012192,0.0210284281,0.0100669871,0.0155137862, 100, 200, 300, 400, 500, 600, 700, 800, 900,1000
"Ih_10_18","IhingerHof","2018","rapeseed",18.0, 8.908107,59.03723,15.46796,345,177,478,10,2,0.9556859,39.84749,154,70.24580,1.7741133,"Sep","Jul", 3.12635000,"winter","IhingerHof_2018_rapeseed","IhingerHof_2018","IhingerHof_2018_rapeseed_18", 3.2615957,24, 2.907717,1.075190766,1.12170344,0.75000000,-0.92874700, 1.6763514,"prop_swf.2018",0.0000000000,0.0129943503,0.0099577018,0.0714646283,0.0256332011,0.0218151011,0.0277012192,0.0210284281,0.0100669871,0.0155137862, 100, 200, 300, 400, 500, 600, 700, 800, 900,1000
"Ih_10_24","IhingerHof","2018","rapeseed",24.0, 8.908107,59.03723,15.46796,345,177,478,10,2,0.9556859,39.84749,154,70.24580,1.7741133,"Sep","Jul", 3.33464103,"winter","IhingerHof_2018_rapeseed","IhingerHof_2018","IhingerHof_2018_rapeseed_24", 2.9752059,24, 2.907717,1.146824648,1.02321043,1.00000000,-0.92874700, 1.6763514,"prop_swf.2018",0.0000000000,0.0129943503,0.0099577018,0.0714646283,0.0256332011,0.0218151011,0.0277012192,0.0210284281,0.0100669871,0.0155137862, 100, 200, 300, 400, 500, 600, 700, 800, 900,1000
"Ih_11_4","IhingerHof","2018","rapeseed", 4.0, 8.908107,59.03723,15.46796,345,177,478,10,2,0.9556859,39.84749,154,70.24580,1.7741133,"Sep","Jul", 3.53919048,"winter","IhingerHof_2018_rapeseed","IhingerHof_2018","IhingerHof_2018_rapeseed_4", 2.7720712,19, 2.907717,1.217171756,0.95334987,0.16666667,-0.92874700, 1.6763514,"prop_swf.2018",0.0000000000,0.0129943503,0.0099577018,0.0714646283,0.0256332011,0.0218151011,0.0277012192,0.0210284281,0.0100669871,0.0155137862, 100, 200, 300, 400, 500, 600, 700, 800, 900,1000
"Ih_11_12","IhingerHof","2018","rapeseed",12.0, 8.908107,59.03723,15.46796,345,177,478,10,2,0.9556859,39.84749,154,70.24580,1.7741133,"Sep","Jul", 3.84921951,"winter","IhingerHof_2018_rapeseed","IhingerHof_2018","IhingerHof_2018_rapeseed_12", 2.9899169,24, 2.907717,1.323794609,1.02826973,0.50000000,-0.92874700, 1.6763514,"prop_swf.2018",0.0000000000,0.0129943503,0.0099577018,0.0714646283,0.0256332011,0.0218151011,0.0277012192,0.0210284281,0.0100669871,0.0155137862, 100, 200, 300, 400, 500, 600, 700, 800, 900,1000
"Ih_11_18","IhingerHof","2018","rapeseed",18.0, 8.908107,59.03723,15.46796,345,177,478,10,2,0.9556859,39.84749,154,70.24580,1.7741133,"Sep","Jul", 3.73826667,"winter","IhingerHof_2018_rapeseed","IhingerHof_2018","IhingerHof_2018_rapeseed_18", 3.2615957,24, 2.907717,1.285636542,1.12170344,0.75000000,-0.92874700, 1.6763514,"prop_swf.2018",0.0000000000,0.0129943503,0.0099577018,0.0714646283,0.0256332011,0.0218151011,0.0277012192,0.0210284281,0.0100669871,0.0155137862, 100, 200, 300, 400, 500, 600, 700, 800, 900,1000
"Ih_11_24","IhingerHof","2018","rapeseed",24.0, 8.908107,59.03723,15.46796,345,177,478,10,2,0.9556859,39.84749,154,70.24580,1.7741133,"Sep","Jul", 3.69040000,"winter","IhingerHof_2018_rapeseed","IhingerHof_2018","IhingerHof_2018_rapeseed_24", 2.9752059,24, 2.907717,1.269174598,1.02321043,1.00000000,-0.92874700, 1.6763514,"prop_swf.2018",0.0000000000,0.0129943503,0.0099577018,0.0714646283,0.0256332011,0.0218151011,0.0277012192,0.0210284281,0.0100669871,0.0155137862, 100, 200, 300, 400, 500, 600, 700, 800, 900,1000
"Ih_12_4","IhingerHof","2018","rapeseed", 4.0, 8.908107,59.03723,15.46796,345,177,478,10,2,0.9556859,39.84749,154,70.24580,1.7741133,"Sep","Jul", 3.48817857,"winter","IhingerHof_2018_rapeseed","IhingerHof_2018","IhingerHof_2018_rapeseed_4", 2.7720712,19, 2.907717,1.199628126,0.95334987,0.16666667,-0.92874700, 1.6763514,"prop_swf.2018",0.0000000000,0.0129943503,0.0099577018,0.0714646283,0.0256332011,0.0218151011,0.0277012192,0.0210284281,0.0100669871,0.0155137862, 100, 200, 300, 400, 500, 600, 700, 800, 900,1000
"Ih_12_12","IhingerHof","2018","rapeseed",12.0, 8.908107,59.03723,15.46796,345,177,478,10,2,0.9556859,39.84749,154,70.24580,1.7741133,"Sep","Jul", 3.38341935,"winter","IhingerHof_2018_rapeseed","IhingerHof_2018","IhingerHof_2018_rapeseed_12", 2.9899169,24, 2.907717,1.163600124,1.02826973,0.50000000,-0.92874700, 1.6763514,"prop_swf.2018",0.0000000000,0.0129943503,0.0099577018,0.0714646283,0.0256332011,0.0218151011,0.0277012192,0.0210284281,0.0100669871,0.0155137862, 100, 200, 300, 400, 500, 600, 700, 800, 900,1000
"Ih_12_18","IhingerHof","2018","rapeseed",18.0, 8.908107,59.03723,15.46796,345,177,478,10,2,0.9556859,39.84749,154,70.24580,1.7741133,"Sep","Jul", 3.55821212,"winter","IhingerHof_2018_rapeseed","IhingerHof_2018","IhingerHof_2018_rapeseed_18", 3.2615957,24, 2.907717,1.223713537,1.12170344,0.75000000,-0.92874700, 1.6763514,"prop_swf.2018",0.0000000000,0.0129943503,0.0099577018,0.0714646283,0.0256332011,0.0218151011,0.0277012192,0.0210284281,0.0100669871,0.0155137862, 100, 200, 300, 400, 500, 600, 700, 800, 900,1000
"Ih_12_24","IhingerHof","2018","rapeseed",24.0, 8.908107,59.03723,15.46796,345,177,478,10,2,0.9556859,39.84749,154,70.24580,1.7741133,"Sep","Jul", 2.92966667,"winter","IhingerHof_2018_rapeseed","IhingerHof_2018","IhingerHof_2018_rapeseed_24", 2.9752059,24, 2.907717,1.007548914,1.02321043,1.00000000,-0.92874700, 1.6763514,"prop_swf.2018",0.0000000000,0.0129943503,0.0099577018,0.0714646283,0.0256332011,0.0218151011,0.0277012192,0.0210284281,0.0100669871,0.0155137862, 100, 200, 300, 400, 500, 600, 700, 800, 900,1000
"Ih_13_4","IhingerHof","2018","rapeseed", 4.0, 8.908107,59.03723,15.46796,345,177,478,10,2,0.9556859,39.84749,154,70.24580,1.7741133,"Sep","Jul", 3.24100000,"winter","IhingerHof_2018_rapeseed","IhingerHof_2018","IhingerHof_2018_rapeseed_4", 2.7720712,19, 2.907717,1.114620331,0.95334987,0.16666667,-0.92874700, 1.6763514,"prop_swf.2018",0.0000000000,0.0129943503,0.0099577018,0.0714646283,0.0256332011,0.0218151011,0.0277012192,0.0210284281,0.0100669871,0.0155137862, 100, 200, 300, 400, 500, 600, 700, 800, 900,1000
"Ih_13_12","IhingerHof","2018","rapeseed",12.0, 8.908107,59.03723,15.46796,345,177,478,10,2,0.9556859,39.84749,154,70.24580,1.7741133,"Sep","Jul", 3.45241026,"winter","IhingerHof_2018_rapeseed","IhingerHof_2018","IhingerHof_2018_rapeseed_12", 2.9899169,24, 2.907717,1.187326956,1.02826973,0.50000000,-0.92874700, 1.6763514,"prop_swf.2018",0.0000000000,0.0129943503,0.0099577018,0.0714646283,0.0256332011,0.0218151011,0.0277012192,0.0210284281,0.0100669871,0.0155137862, 100, 200, 300, 400, 500, 600, 700, 800, 900,1000
"Ih_13_18","IhingerHof","2018","rapeseed",18.0, 8.908107,59.03723,15.46796,345,177,478,10,2,0.9556859,39.84749,154,70.24580,1.7741133,"Sep","Jul", 3.64410256,"winter","IhingerHof_2018_rapeseed","IhingerHof_2018","IhingerHof_2018_rapeseed_18", 3.2615957,24, 2.907717,1.253252332,1.12170344,0.75000000,-0.92874700, 1.6763514,"prop_swf.2018",0.0000000000,0.0129943503,0.0099577018,0.0714646283,0.0256332011,0.0218151011,0.0277012192,0.0210284281,0.0100669871,0.0155137862, 100, 200, 300, 400, 500, 600, 700, 800, 900,1000
"Ih_13_24","IhingerHof","2018","rapeseed",24.0, 8.908107,59.03723,15.46796,345,177,478,10,2,0.9556859,39.84749,154,70.24580,1.7741133,"Sep","Jul", 3.20443243,"winter","IhingerHof_2018_rapeseed","IhingerHof_2018","IhingerHof_2018_rapeseed_24", 2.9752059,24, 2.907717,1.102044289,1.02321043,1.00000000,-0.92874700, 1.6763514,"prop_swf.2018",0.0000000000,0.0129943503,0.0099577018,0.0714646283,0.0256332011,0.0218151011,0.0277012192,0.0210284281,0.0100669871,0.0155137862, 100, 200, 300, 400, 500, 600, 700, 800, 900,1000
"Ih_14_4","IhingerHof","2018","rapeseed", 4.0, 8.908107,59.03723,15.46796,345,177,478,10,2,0.9556859,39.84749,154,70.24580,1.7741133,"Sep","Jul", 2.79182759,"winter","IhingerHof_2018_rapeseed","IhingerHof_2018","IhingerHof_2018_rapeseed_4", 2.7720712,19, 2.907717,0.960144335,0.95334987,0.16666667,-0.92874700, 1.6763514,"prop_swf.2018",0.0000000000,0.0129943503,0.0099577018,0.0714646283,0.0256332011,0.0218151011,0.0277012192,0.0210284281,0.0100669871,0.0155137862, 100, 200, 300, 400, 500, 600, 700, 800, 900,1000
"Ih_14_7","IhingerHof","2018","rapeseed", 7.0, 8.908107,59.03723,15.46796,345,177,478,10,2,0.9556859,39.84749,154,70.24580,1.7741133,"Sep","Jul", 1.65800000,"winter","IhingerHof_2018_rapeseed","IhingerHof_2018","IhingerHof_2018_rapeseed_7", 2.5397931,11, 2.907717,0.570206884,0.87346653,0.29166667,-0.92874700, 1.6763514,"prop_swf.2018",0.0000000000,0.0129943503,0.0099577018,0.0714646283,0.0256332011,0.0218151011,0.0277012192,0.0210284281,0.0100669871,0.0155137862, 100, 200, 300, 400, 500, 600, 700, 800, 900,1000
"Ih_14_12","IhingerHof","2018","rapeseed",12.0, 8.908107,59.03723,15.46796,345,177,478,10,2,0.9556859,39.84749,154,70.24580,1.7741133,"Sep","Jul", 3.33175862,"winter","IhingerHof_2018_rapeseed","IhingerHof_2018","IhingerHof_2018_rapeseed_12", 2.9899169,24, 2.907717,1.145833353,1.02826973,0.50000000,-0.92874700, 1.6763514,"prop_swf.2018",0.0000000000,0.0129943503,0.0099577018,0.0714646283,0.0256332011,0.0218151011,0.0277012192,0.0210284281,0.0100669871,0.0155137862, 100, 200, 300, 400, 500, 600, 700, 800, 900,1000
"Ih_14_18","IhingerHof","2018","rapeseed",18.0, 8.908107,59.03723,15.46796,345,177,478,10,2,0.9556859,39.84749,154,70.24580,1.7741133,"Sep","Jul", 3.79068750,"winter","IhingerHof_2018_rapeseed","IhingerHof_2018","IhingerHof_2018_rapeseed_18", 3.2615957,24, 2.907717,1.303664720,1.12170344,0.75000000,-0.92874700, 1.6763514,"prop_swf.2018",0.0000000000,0.0129943503,0.0099577018,0.0714646283,0.0256332011,0.0218151011,0.0277012192,0.0210284281,0.0100669871,0.0155137862, 100, 200, 300, 400, 500, 600, 700, 800, 900,1000
"Ih_14_24","IhingerHof","2018","rapeseed",24.0, 8.908107,59.03723,15.46796,345,177,478,10,2,0.9556859,39.84749,154,70.24580,1.7741133,"Sep","Jul", 3.58621212,"winter","IhingerHof_2018_rapeseed","IhingerHof_2018","IhingerHof_2018_rapeseed_24", 2.9752059,24, 2.907717,1.233343087,1.02321043,1.00000000,-0.92874700, 1.6763514,"prop_swf.2018",0.0000000000,0.0129943503,0.0099577018,0.0714646283,0.0256332011,0.0218151011,0.0277012192,0.0210284281,0.0100669871,0.0155137862, 100, 200, 300, 400, 500, 600, 700, 800, 900,1000
"Ih_15_7","IhingerHof","2018","rapeseed", 7.0, 8.908107,59.03723,15.46796,345,177,478,10,2,0.9556859,39.84749,154,70.24580,1.7741133,"Sep","Jul", 1.52913514,"winter","IhingerHof_2018_rapeseed","IhingerHof_2018","IhingerHof_2018_rapeseed_7", 2.5397931,11, 2.907717,0.525888649,0.87346653,0.29166667,-0.92874700, 1.6763514,"prop_swf.2018",0.0000000000,0.0129943503,0.0099577018,0.0714646283,0.0256332011,0.0218151011,0.0277012192,0.0210284281,0.0100669871,0.0155137862, 100, 200, 300, 400, 500, 600, 700, 800, 900,1000
"Ih_15_12","IhingerHof","2018","rapeseed",12.0, 8.908107,59.03723,15.46796,345,177,478,10,2,0.9556859,39.84749,154,70.24580,1.7741133,"Sep","Jul", 3.15821739,"winter","IhingerHof_2018_rapeseed","IhingerHof_2018","IhingerHof_2018_rapeseed_12", 2.9899169,24, 2.907717,1.086150360,1.02826973,0.50000000,-0.92874700, 1.6763514,"prop_swf.2018",0.0000000000,0.0129943503,0.0099577018,0.0714646283,0.0256332011,0.0218151011,0.0277012192,0.0210284281,0.0100669871,0.0155137862, 100, 200, 300, 400, 500, 600, 700, 800, 900,1000
"Ih_15_18","IhingerHof","2018","rapeseed",18.0, 8.908107,59.03723,15.46796,345,177,478,10,2,0.9556859,39.84749,154,70.24580,1.7741133,"Sep","Jul", 3.98121277,"winter","IhingerHof_2018_rapeseed","IhingerHof_2018","IhingerHof_2018_rapeseed_18", 3.2615957,24, 2.907717,1.369188736,1.12170344,0.75000000,-0.92874700, 1.6763514,"prop_swf.2018",0.0000000000,0.0129943503,0.0099577018,0.0714646283,0.0256332011,0.0218151011,0.0277012192,0.0210284281,0.0100669871,0.0155137862, 100, 200, 300, 400, 500, 600, 700, 800, 900,1000
"Ih_15_24","IhingerHof","2018","rapeseed",24.0, 8.908107,59.03723,15.46796,345,177,478,10,2,0.9556859,39.84749,154,70.24580,1.7741133,"Sep","Jul", 3.69963265,"winter","IhingerHof_2018_rapeseed","IhingerHof_2018","IhingerHof_2018_rapeseed_24", 2.9752059,24, 2.907717,1.272349822,1.02321043,1.00000000,-0.92874700, 1.6763514,"prop_swf.2018",0.0000000000,0.0129943503,0.0099577018,0.0714646283,0.0256332011,0.0218151011,0.0277012192,0.0210284281,0.0100669871,0.0155137862, 100, 200, 300, 400, 500, 600, 700, 800, 900,1000
"Ih_16_4","IhingerHof","2018","rapeseed", 4.0, 8.908107,59.03723,15.46796,345,177,478,10,2,0.9556859,39.84749,154,70.24580,1.7741133,"Sep","Jul", 2.59166667,"winter","IhingerHof_2018_rapeseed","IhingerHof_2018","IhingerHof_2018_rapeseed_4", 2.7720712,19, 2.907717,0.891306498,0.95334987,0.16666667,-0.92874700, 1.6763514,"prop_swf.2018",0.0000000000,0.0129943503,0.0099577018,0.0714646283,0.0256332011,0.0218151011,0.0277012192,0.0210284281,0.0100669871,0.0155137862, 100, 200, 300, 400, 500, 600, 700, 800, 900,1000
"Ih_16_7","IhingerHof","2018","rapeseed", 7.0, 8.908107,59.03723,15.46796,345,177,478,10,2,0.9556859,39.84749,154,70.24580,1.7741133,"Sep","Jul", 2.30490000,"winter","IhingerHof_2018_rapeseed","IhingerHof_2018","IhingerHof_2018_rapeseed_7", 2.5397931,11, 2.907717,0.792683864,0.87346653,0.29166667,-0.92874700, 1.6763514,"prop_swf.2018",0.0000000000,0.0129943503,0.0099577018,0.0714646283,0.0256332011,0.0218151011,0.0277012192,0.0210284281,0.0100669871,0.0155137862, 100, 200, 300, 400, 500, 600, 700, 800, 900,1000
"Ih_16_12","IhingerHof","2018","rapeseed",12.0, 8.908107,59.03723,15.46796,345,177,478,10,2,0.9556859,39.84749,154,70.24580,1.7741133,"Sep","Jul", 2.47835714,"winter","IhingerHof_2018_rapeseed","IhingerHof_2018","IhingerHof_2018_rapeseed_12", 2.9899169,24, 2.907717,0.852337939,1.02826973,0.50000000,-0.92874700, 1.6763514,"prop_swf.2018",0.0000000000,0.0129943503,0.0099577018,0.0714646283,0.0256332011,0.0218151011,0.0277012192,0.0210284281,0.0100669871,0.0155137862, 100, 200, 300, 400, 500, 600, 700, 800, 900,1000
"Ih_16_18","IhingerHof","2018","rapeseed",18.0, 8.908107,59.03723,15.46796,345,177,478,10,2,0.9556859,39.84749,154,70.24580,1.7741133,"Sep","Jul", 2.83700000,"winter","IhingerHof_2018_rapeseed","IhingerHof_2018","IhingerHof_2018_rapeseed_18", 3.2615957,24, 2.907717,0.975679692,1.12170344,0.75000000,-0.92874700, 1.6763514,"prop_swf.2018",0.0000000000,0.0129943503,0.0099577018,0.0714646283,0.0256332011,0.0218151011,0.0277012192,0.0210284281,0.0100669871,0.0155137862, 100, 200, 300, 400, 500, 600, 700, 800, 900,1000
"Ih_16_24","IhingerHof","2018","rapeseed",24.0, 8.908107,59.03723,15.46796,345,177,478,10,2,0.9556859,39.84749,154,70.24580,1.7741133,"Sep","Jul", 3.16545455,"winter","IhingerHof_2018_rapeseed","IhingerHof_2018","IhingerHof_2018_rapeseed_24", 2.9752059,24, 2.907717,1.088639307,1.02321043,1.00000000,-0.92874700, 1.6763514,"prop_swf.2018",0.0000000000,0.0129943503,0.0099577018,0.0714646283,0.0256332011,0.0218151011,0.0277012192,0.0210284281,0.0100669871,0.0155137862, 100, 200, 300, 400, 500, 600, 700, 800, 900,1000
"Ih_17_4","IhingerHof","2018","rapeseed", 4.0, 8.908107,59.03723,15.46796,345,177,478,10,2,0.9556859,39.84749,154,70.24580,1.7741133,"Sep","Jul", 3.14114286,"winter","IhingerHof_2018_rapeseed","IhingerHof_2018","IhingerHof_2018_rapeseed_4", 2.7720712,19, 2.907717,1.080278214,0.95334987,0.16666667,-0.92874700, 1.6763514,"prop_swf.2018",0.0000000000,0.0129943503,0.0099577018,0.0714646283,0.0256332011,0.0218151011,0.0277012192,0.0210284281,0.0100669871,0.0155137862, 100, 200, 300, 400, 500, 600, 700, 800, 900,1000
"Ih_17_12","IhingerHof","2018","rapeseed",12.0, 8.908107,59.03723,15.46796,345,177,478,10,2,0.9556859,39.84749,154,70.24580,1.7741133,"Sep","Jul", 3.14186667,"winter","IhingerHof_2018_rapeseed","IhingerHof_2018","IhingerHof_2018_rapeseed_12", 2.9899169,24, 2.907717,1.080527141,1.02826973,0.50000000,-0.92874700, 1.6763514,"prop_swf.2018",0.0000000000,0.0129943503,0.0099577018,0.0714646283,0.0256332011,0.0218151011,0.0277012192,0.0210284281,0.0100669871,0.0155137862, 100, 200, 300, 400, 500, 600, 700, 800, 900,1000
"Ih_17_18","IhingerHof","2018","rapeseed",18.0, 8.908107,59.03723,15.46796,345,177,478,10,2,0.9556859,39.84749,154,70.24580,1.7741133,"Sep","Jul", 3.53596667,"winter","IhingerHof_2018_rapeseed","IhingerHof_2018","IhingerHof_2018_rapeseed_18", 3.2615957,24, 2.907717,1.216063048,1.12170344,0.75000000,-0.92874700, 1.6763514,"prop_swf.2018",0.0000000000,0.0129943503,0.0099577018,0.0714646283,0.0256332011,0.0218151011,0.0277012192,0.0210284281,0.0100669871,0.0155137862, 100, 200, 300, 400, 500, 600, 700, 800, 900,1000
"Ih_17_24","IhingerHof","2018","rapeseed",24.0, 8.908107,59.03723,15.46796,345,177,478,10,2,0.9556859,39.84749,154,70.24580,1.7741133,"Sep","Jul", 3.67141176,"winter","IhingerHof_2018_rapeseed","IhingerHof_2018","IhingerHof_2018_rapeseed_24", 2.9752059,24, 2.907717,1.262644307,1.02321043,1.00000000,-0.92874700, 1.6763514,"prop_swf.2018",0.0000000000,0.0129943503,0.0099577018,0.0714646283,0.0256332011,0.0218151011,0.0277012192,0.0210284281,0.0100669871,0.0155137862, 100, 200, 300, 400, 500, 600, 700, 800, 900,1000
"Ih_18_4","IhingerHof","2018","rapeseed", 4.0, 8.908107,59.03723,15.46796,345,177,478,10,2,0.9556859,39.84749,154,70.24580,1.7741133,"Sep","Jul", 3.31942500,"winter","IhingerHof_2018_rapeseed","IhingerHof_2018","IhingerHof_2018_rapeseed_4", 2.7720712,19, 2.907717,1.141591667,0.95334987,0.16666667,-0.92874700, 1.6763514,"prop_swf.2018",0.0000000000,0.0129943503,0.0099577018,0.0714646283,0.0256332011,0.0218151011,0.0277012192,0.0210284281,0.0100669871,0.0155137862, 100, 200, 300, 400, 500, 600, 700, 800, 900,1000
"Ih_18_12","IhingerHof","2018","rapeseed",12.0, 8.908107,59.03723,15.46796,345,177,478,10,2,0.9556859,39.84749,154,70.24580,1.7741133,"Sep","Jul", 3.45304878,"winter","IhingerHof_2018_rapeseed","IhingerHof_2018","IhingerHof_2018_rapeseed_12", 2.9899169,24, 2.907717,1.187546552,1.02826973,0.50000000,-0.92874700, 1.6763514,"prop_swf.2018",0.0000000000,0.0129943503,0.0099577018,0.0714646283,0.0256332011,0.0218151011,0.0277012192,0.0210284281,0.0100669871,0.0155137862, 100, 200, 300, 400, 500, 600, 700, 800, 900,1000
"Ih_18_18","IhingerHof","2018","rapeseed",18.0, 8.908107,59.03723,15.46796,345,177,478,10,2,0.9556859,39.84749,154,70.24580,1.7741133,"Sep","Jul", 3.67648889,"winter","IhingerHof_2018_rapeseed","IhingerHof_2018","IhingerHof_2018_rapeseed_18", 3.2615957,24, 2.907717,1.264390393,1.12170344,0.75000000,-0.92874700, 1.6763514,"prop_swf.2018",0.0000000000,0.0129943503,0.0099577018,0.0714646283,0.0256332011,0.0218151011,0.0277012192,0.0210284281,0.0100669871,0.0155137862, 100, 200, 300, 400, 500, 600, 700, 800, 900,1000
"Ih_18_24","IhingerHof","2018","rapeseed",24.0, 8.908107,59.03723,15.46796,345,177,478,10,2,0.9556859,39.84749,154,70.24580,1.7741133,"Sep","Jul", 3.38879167,"winter","IhingerHof_2018_rapeseed","IhingerHof_2018","IhingerHof_2018_rapeseed_24", 2.9752059,24, 2.907717,1.165447729,1.02321043,1.00000000,-0.92874700, 1.6763514,"prop_swf.2018",0.0000000000,0.0129943503,0.0099577018,0.0714646283,0.0256332011,0.0218151011,0.0277012192,0.0210284281,0.0100669871,0.0155137862, 100, 200, 300, 400, 500, 600, 700, 800, 900,1000
"Ih_19_7","IhingerHof","2018","rapeseed", 7.0, 8.908107,59.03723,15.46796,345,177,478,10,2,0.9556859,39.84749,154,70.24580,1.7741133,"Sep","Jul", 2.89579487,"winter","IhingerHof_2018_rapeseed","IhingerHof_2018","IhingerHof_2018_rapeseed_7", 2.5397931,11, 2.907717,0.995899981,0.87346653,0.29166667,-0.92874700, 1.6763514,"prop_swf.2018",0.0000000000,0.0129943503,0.0099577018,0.0714646283,0.0256332011,0.0218151011,0.0277012192,0.0210284281,0.0100669871,0.0155137862, 100, 200, 300, 400, 500, 600, 700, 800, 900,1000
"Ih_19_12","IhingerHof","2018","rapeseed",12.0, 8.908107,59.03723,15.46796,345,177,478,10,2,0.9556859,39.84749,154,70.24580,1.7741133,"Sep","Jul", 3.04350000,"winter","IhingerHof_2018_rapeseed","IhingerHof_2018","IhingerHof_2018_rapeseed_12", 2.9899169,24, 2.907717,1.046697618,1.02826973,0.50000000,-0.92874700, 1.6763514,"prop_swf.2018",0.0000000000,0.0129943503,0.0099577018,0.0714646283,0.0256332011,0.0218151011,0.0277012192,0.0210284281,0.0100669871,0.0155137862, 100, 200, 300, 400, 500, 600, 700, 800, 900,1000
"Ih_19_18","IhingerHof","2018","rapeseed",18.0, 8.908107,59.03723,15.46796,345,177,478,10,2,0.9556859,39.84749,154,70.24580,1.7741133,"Sep","Jul", 3.57850000,"winter","IhingerHof_2018_rapeseed","IhingerHof_2018","IhingerHof_2018_rapeseed_18", 3.2615957,24, 2.907717,1.230690792,1.12170344,0.75000000,-0.92874700, 1.6763514,"prop_swf.2018",0.0000000000,0.0129943503,0.0099577018,0.0714646283,0.0256332011,0.0218151011,0.0277012192,0.0210284281,0.0100669871,0.0155137862, 100, 200, 300, 400, 500, 600, 700, 800, 900,1000
"Ih_19_24","IhingerHof","2018","rapeseed",24.0, 8.908107,59.03723,15.46796,345,177,478,10,2,0.9556859,39.84749,154,70.24580,1.7741133,"Sep","Jul", 3.35421212,"winter","IhingerHof_2018_rapeseed","IhingerHof_2018","IhingerHof_2018_rapeseed_24", 2.9752059,24, 2.907717,1.153555392,1.02321043,1.00000000,-0.92874700, 1.6763514,"prop_swf.2018",0.0000000000,0.0129943503,0.0099577018,0.0714646283,0.0256332011,0.0218151011,0.0277012192,0.0210284281,0.0100669871,0.0155137862, 100, 200, 300, 400, 500, 600, 700, 800, 900,1000
"Ih_20_7","IhingerHof","2018","rapeseed", 7.0, 8.908107,59.03723,15.46796,345,177,478,10,2,0.9556859,39.84749,154,70.24580,1.7741133,"Sep","Jul", 3.90540909,"winter","IhingerHof_2018_rapeseed","IhingerHof_2018","IhingerHof_2018_rapeseed_7", 2.5397931,11, 2.907717,1.343118906,0.87346653,0.29166667,-0.92874700, 1.6763514,"prop_swf.2018",0.0000000000,0.0129943503,0.0099577018,0.0714646283,0.0256332011,0.0218151011,0.0277012192,0.0210284281,0.0100669871,0.0155137862, 100, 200, 300, 400, 500, 600, 700, 800, 900,1000
"Ih_20_12","IhingerHof","2018","rapeseed",12.0, 8.908107,59.03723,15.46796,345,177,478,10,2,0.9556859,39.84749,154,70.24580,1.7741133,"Sep","Jul", 3.51414634,"winter","IhingerHof_2018_rapeseed","IhingerHof_2018","IhingerHof_2018_rapeseed_12", 2.9899169,24, 2.907717,1.208558766,1.02826973,0.50000000,-0.92874700, 1.6763514,"prop_swf.2018",0.0000000000,0.0129943503,0.0099577018,0.0714646283,0.0256332011,0.0218151011,0.0277012192,0.0210284281,0.0100669871,0.0155137862, 100, 200, 300, 400, 500, 600, 700, 800, 900,1000
"Ih_20_18","IhingerHof","2018","rapeseed",18.0, 8.908107,59.03723,15.46796,345,177,478,10,2,0.9556859,39.84749,154,70.24580,1.7741133,"Sep","Jul", 3.85802439,"winter","IhingerHof_2018_rapeseed","IhingerHof_2018","IhingerHof_2018_rapeseed_18", 3.2615957,24, 2.907717,1.326822717,1.12170344,0.75000000,-0.92874700, 1.6763514,"prop_swf.2018",0.0000000000,0.0129943503,0.0099577018,0.0714646283,0.0256332011,0.0218151011,0.0277012192,0.0210284281,0.0100669871,0.0155137862, 100, 200, 300, 400, 500, 600, 700, 800, 900,1000
"Ih_20_24","IhingerHof","2018","rapeseed",24.0, 8.908107,59.03723,15.46796,345,177,478,10,2,0.9556859,39.84749,154,70.24580,1.7741133,"Sep","Jul", 4.89277778,"winter","IhingerHof_2018_rapeseed","IhingerHof_2018","IhingerHof_2018_rapeseed_24", 2.9752059,24, 2.907717,1.682687315,1.02321043,1.00000000,-0.92874700, 1.6763514,"prop_swf.2018",0.0000000000,0.0129943503,0.0099577018,0.0714646283,0.0256332011,0.0218151011,0.0277012192,0.0210284281,0.0100669871,0.0155137862, 100, 200, 300, 400, 500, 600, 700, 800, 900,1000
"Ih_21_7","IhingerHof","2018","rapeseed", 7.0, 8.908107,59.03723,15.46796,345,177,478,10,2,0.9556859,39.84749,154,70.24580,1.7741133,"Sep","Jul", 3.43615152,"winter","IhingerHof_2018_rapeseed","IhingerHof_2018","IhingerHof_2018_rapeseed_7", 2.5397931,11, 2.907717,1.181735372,0.87346653,0.29166667,-0.92874700, 1.6763514,"prop_swf.2018",0.0000000000,0.0129943503,0.0099577018,0.0714646283,0.0256332011,0.0218151011,0.0277012192,0.0210284281,0.0100669871,0.0155137862, 100, 200, 300, 400, 500, 600, 700, 800, 900,1000
"Ih_21_12","IhingerHof","2018","rapeseed",12.0, 8.908107,59.03723,15.46796,345,177,478,10,2,0.9556859,39.84749,154,70.24580,1.7741133,"Sep","Jul", 3.28836364,"winter","IhingerHof_2018_rapeseed","IhingerHof_2018","IhingerHof_2018_rapeseed_12", 2.9899169,24, 2.907717,1.130909277,1.02826973,0.50000000,-0.92874700, 1.6763514,"prop_swf.2018",0.0000000000,0.0129943503,0.0099577018,0.0714646283,0.0256332011,0.0218151011,0.0277012192,0.0210284281,0.0100669871,0.0155137862, 100, 200, 300, 400, 500, 600, 700, 800, 900,1000
"Ih_21_18","IhingerHof","2018","rapeseed",18.0, 8.908107,59.03723,15.46796,345,177,478,10,2,0.9556859,39.84749,154,70.24580,1.7741133,"Sep","Jul", 3.39197143,"winter","IhingerHof_2018_rapeseed","IhingerHof_2018","IhingerHof_2018_rapeseed_18", 3.2615957,24, 2.907717,1.166541289,1.12170344,0.75000000,-0.92874700, 1.6763514,"prop_swf.2018",0.0000000000,0.0129943503,0.0099577018,0.0714646283,0.0256332011,0.0218151011,0.0277012192,0.0210284281,0.0100669871,0.0155137862, 100, 200, 300, 400, 500, 600, 700, 800, 900,1000
"Ih_21_24","IhingerHof","2018","rapeseed",24.0, 8.908107,59.03723,15.46796,345,177,478,10,2,0.9556859,39.84749,154,70.24580,1.7741133,"Sep","Jul", 2.62696875,"winter","IhingerHof_2018_rapeseed","IhingerHof_2018","IhingerHof_2018_rapeseed_24", 2.9752059,24, 2.907717,0.903447325,1.02321043,1.00000000,-0.92874700, 1.6763514,"prop_swf.2018",0.0000000000,0.0129943503,0.0099577018,0.0714646283,0.0256332011,0.0218151011,0.0277012192,0.0210284281,0.0100669871,0.0155137862, 100, 200, 300, 400, 500, 600, 700, 800, 900,1000
"Ih_22_4","IhingerHof","2018","rapeseed", 4.0, 8.908107,59.03723,15.46796,345,177,478,10,2,0.9556859,39.84749,154,70.24580,1.7741133,"Sep","Jul", 3.03466667,"winter","IhingerHof_2018_rapeseed","IhingerHof_2018","IhingerHof_2018_rapeseed_4", 2.7720712,19, 2.907717,1.043659724,0.95334987,0.16666667,-0.92874700, 1.6763514,"prop_swf.2018",0.0000000000,0.0129943503,0.0099577018,0.0714646283,0.0256332011,0.0218151011,0.0277012192,0.0210284281,0.0100669871,0.0155137862, 100, 200, 300, 400, 500, 600, 700, 800, 900,1000
"Ih_22_12","IhingerHof","2018","rapeseed",12.0, 8.908107,59.03723,15.46796,345,177,478,10,2,0.9556859,39.84749,154,70.24580,1.7741133,"Sep","Jul", 2.58950000,"winter","IhingerHof_2018_rapeseed","IhingerHof_2018","IhingerHof_2018_rapeseed_12", 2.9899169,24, 2.907717,0.890561354,1.02826973,0.50000000,-0.92874700, 1.6763514,"prop_swf.2018",0.0000000000,0.0129943503,0.0099577018,0.0714646283,0.0256332011,0.0218151011,0.0277012192,0.0210284281,0.0100669871,0.0155137862, 100, 200, 300, 400, 500, 600, 700, 800, 900,1000
"Ih_22_18","IhingerHof","2018","rapeseed",18.0, 8.908107,59.03723,15.46796,345,177,478,10,2,0.9556859,39.84749,154,70.24580,1.7741133,"Sep","Jul", 1.51805882,"winter","IhingerHof_2018_rapeseed","IhingerHof_2018","IhingerHof_2018_rapeseed_18", 3.2615957,24, 2.907717,0.522079367,1.12170344,0.75000000,-0.92874700, 1.6763514,"prop_swf.2018",0.0000000000,0.0129943503,0.0099577018,0.0714646283,0.0256332011,0.0218151011,0.0277012192,0.0210284281,0.0100669871,0.0155137862, 100, 200, 300, 400, 500, 600, 700, 800, 900,1000
"Ih_22_24","IhingerHof","2018","rapeseed",24.0, 8.908107,59.03723,15.46796,345,177,478,10,2,0.9556859,39.84749,154,70.24580,1.7741133,"Sep","Jul", 0.54096154,"winter","IhingerHof_2018_rapeseed","IhingerHof_2018","IhingerHof_2018_rapeseed_24", 2.9752059,24, 2.907717,0.186043422,1.02321043,1.00000000,-0.92874700, 1.6763514,"prop_swf.2018",0.0000000000,0.0129943503,0.0099577018,0.0714646283,0.0256332011,0.0218151011,0.0277012192,0.0210284281,0.0100669871,0.0155137862, 100, 200, 300, 400, 500, 600, 700, 800, 900,1000
"Ih_23_4","IhingerHof","2018","rapeseed", 4.0, 8.908107,59.03723,15.46796,345,177,478,10,2,0.9556859,39.84749,154,70.24580,1.7741133,"Sep","Jul", 2.88467442,"winter","IhingerHof_2018_rapeseed","IhingerHof_2018","IhingerHof_2018_rapeseed_4", 2.7720712,19, 2.907717,0.992075519,0.95334987,0.16666667,-0.92874700, 1.6763514,"prop_swf.2018",0.0000000000,0.0129943503,0.0099577018,0.0714646283,0.0256332011,0.0218151011,0.0277012192,0.0210284281,0.0100669871,0.0155137862, 100, 200, 300, 400, 500, 600, 700, 800, 900,1000
"Ih_23_12","IhingerHof","2018","rapeseed",12.0, 8.908107,59.03723,15.46796,345,177,478,10,2,0.9556859,39.84749,154,70.24580,1.7741133,"Sep","Jul", 1.83666667,"winter","IhingerHof_2018_rapeseed","IhingerHof_2018","IhingerHof_2018_rapeseed_12", 2.9899169,24, 2.907717,0.631652579,1.02826973,0.50000000,-0.92874700, 1.6763514,"prop_swf.2018",0.0000000000,0.0129943503,0.0099577018,0.0714646283,0.0256332011,0.0218151011,0.0277012192,0.0210284281,0.0100669871,0.0155137862, 100, 200, 300, 400, 500, 600, 700, 800, 900,1000
"Ih_23_18","IhingerHof","2018","rapeseed",18.0, 8.908107,59.03723,15.46796,345,177,478,10,2,0.9556859,39.84749,154,70.24580,1.7741133,"Sep","Jul", 1.48707317,"winter","IhingerHof_2018_rapeseed","IhingerHof_2018","IhingerHof_2018_rapeseed_18", 3.2615957,24, 2.907717,0.511423015,1.12170344,0.75000000,-0.92874700, 1.6763514,"prop_swf.2018",0.0000000000,0.0129943503,0.0099577018,0.0714646283,0.0256332011,0.0218151011,0.0277012192,0.0210284281,0.0100669871,0.0155137862, 100, 200, 300, 400, 500, 600, 700, 800, 900,1000
"Ih_23_24","IhingerHof","2018","rapeseed",24.0, 8.908107,59.03723,15.46796,345,177,478,10,2,0.9556859,39.84749,154,70.24580,1.7741133,"Sep","Jul", 1.72509524,"winter","IhingerHof_2018_rapeseed","IhingerHof_2018","IhingerHof_2018_rapeseed_24", 2.9752059,24, 2.907717,0.593281773,1.02321043,1.00000000,-0.92874700, 1.6763514,"prop_swf.2018",0.0000000000,0.0129943503,0.0099577018,0.0714646283,0.0256332011,0.0218151011,0.0277012192,0.0210284281,0.0100669871,0.0155137862, 100, 200, 300, 400, 500, 600, 700, 800, 900,1000
"Ih_24_4","IhingerHof","2018","rapeseed", 4.0, 8.908107,59.03723,15.46796,345,177,478,10,2,0.9556859,39.84749,154,70.24580,1.7741133,"Sep","Jul", 0.61550000,"winter","IhingerHof_2018_rapeseed","IhingerHof_2018","IhingerHof_2018_rapeseed_4", 2.7720712,19, 2.907717,0.211678128,0.95334987,0.16666667,-0.92874700, 1.6763514,"prop_swf.2018",0.0000000000,0.0129943503,0.0099577018,0.0714646283,0.0256332011,0.0218151011,0.0277012192,0.0210284281,0.0100669871,0.0155137862, 100, 200, 300, 400, 500, 600, 700, 800, 900,1000
"Ih_24_7","IhingerHof","2018","rapeseed", 7.0, 8.908107,59.03723,15.46796,345,177,478,10,2,0.9556859,39.84749,154,70.24580,1.7741133,"Sep","Jul", 1.46797368,"winter","IhingerHof_2018_rapeseed","IhingerHof_2018","IhingerHof_2018_rapeseed_7", 2.5397931,11, 2.907717,0.504854463,0.87346653,0.29166667,-0.92874700, 1.6763514,"prop_swf.2018",0.0000000000,0.0129943503,0.0099577018,0.0714646283,0.0256332011,0.0218151011,0.0277012192,0.0210284281,0.0100669871,0.0155137862, 100, 200, 300, 400, 500, 600, 700, 800, 900,1000
"Ih_24_12","IhingerHof","2018","rapeseed",12.0, 8.908107,59.03723,15.46796,345,177,478,10,2,0.9556859,39.84749,154,70.24580,1.7741133,"Sep","Jul", 1.46228205,"winter","IhingerHof_2018_rapeseed","IhingerHof_2018","IhingerHof_2018_rapeseed_12", 2.9899169,24, 2.907717,0.502897039,1.02826973,0.50000000,-0.92874700, 1.6763514,"prop_swf.2018",0.0000000000,0.0129943503,0.0099577018,0.0714646283,0.0256332011,0.0218151011,0.0277012192,0.0210284281,0.0100669871,0.0155137862, 100, 200, 300, 400, 500, 600, 700, 800, 900,1000
"Ih_24_18","IhingerHof","2018","rapeseed",18.0, 8.908107,59.03723,15.46796,345,177,478,10,2,0.9556859,39.84749,154,70.24580,1.7741133,"Sep","Jul", 0.72562162,"winter","IhingerHof_2018_rapeseed","IhingerHof_2018","IhingerHof_2018_rapeseed_18", 3.2615957,24, 2.907717,0.249550328,1.12170344,0.75000000,-0.92874700, 1.6763514,"prop_swf.2018",0.0000000000,0.0129943503,0.0099577018,0.0714646283,0.0256332011,0.0218151011,0.0277012192,0.0210284281,0.0100669871,0.0155137862, 100, 200, 300, 400, 500, 600, 700, 800, 900,1000
"Ih_24_24","IhingerHof","2018","rapeseed",24.0, 8.908107,59.03723,15.46796,345,177,478,10,2,0.9556859,39.84749,154,70.24580,1.7741133,"Sep","Jul", 1.46297297,"winter","IhingerHof_2018_rapeseed","IhingerHof_2018","IhingerHof_2018_rapeseed_24", 2.9752059,24, 2.907717,0.503134656,1.02321043,1.00000000,-0.92874700, 1.6763514,"prop_swf.2018",0.0000000000,0.0129943503,0.0099577018,0.0714646283,0.0256332011,0.0218151011,0.0277012192,0.0210284281,0.0100669871,0.0155137862, 100, 200, 300, 400, 500, 600, 700, 800, 900,1000
"Ih_1_4","IhingerHof","2021","barley", 4.0, 8.335380,68.07614,15.22736,345,177,478,13,2,0.9418631,39.66425,200,70.63987,1.7741133,"Sep","Jul", 9.59984375,"winter","IhingerHof_2021_barley","IhingerHof_2021","IhingerHof_2021_barley_4", 6.0218155,22, 5.785412,1.659318821,1.04086193,0.16666667,-1.38205347, 1.6763514,"prop_swf.2021",0.0023670507,0.0421468927,0.0347197744,0.0306483017,0.0660970400,0.0844540930,0.0760966039,0.0826505017,0.0636566628,0.0529680050, 100, 200, 300, 400, 500, 600, 700, 800, 900,1000
"Ih_1_12","IhingerHof","2021","barley",12.0, 8.335380,68.07614,15.22736,345,177,478,13,2,0.9418631,39.66425,200,70.63987,1.7741133,"Sep","Jul", 6.92200000,"winter","IhingerHof_2021_barley","IhingerHof_2021","IhingerHof_2021_barley_12", 5.9480086,21, 5.785412,1.196457482,1.02810450,0.50000000,-1.38205347, 1.6763514,"prop_swf.2021",0.0023670507,0.0421468927,0.0347197744,0.0306483017,0.0660970400,0.0844540930,0.0760966039,0.0826505017,0.0636566628,0.0529680050, 100, 200, 300, 400, 500, 600, 700, 800, 900,1000
"Ih_1_18","IhingerHof","2021","barley",18.0, 8.335380,68.07614,15.22736,345,177,478,13,2,0.9418631,39.66425,200,70.63987,1.7741133,"Sep","Jul", 5.67918750,"winter","IhingerHof_2021_barley","IhingerHof_2021","IhingerHof_2021_barley_18", 5.8770876,24, 5.785412,0.981639176,1.01584591,0.75000000,-1.38205347, 1.6763514,"prop_swf.2021",0.0023670507,0.0421468927,0.0347197744,0.0306483017,0.0660970400,0.0844540930,0.0760966039,0.0826505017,0.0636566628,0.0529680050, 100, 200, 300, 400, 500, 600, 700, 800, 900,1000
"Ih_1_24","IhingerHof","2021","barley",24.0, 8.335380,68.07614,15.22736,345,177,478,13,2,0.9418631,39.66425,200,70.63987,1.7741133,"Sep","Jul", 5.90814286,"winter","IhingerHof_2021_barley","IhingerHof_2021","IhingerHof_2021_barley_24", 6.0048567,24, 5.785412,1.021213771,1.03793062,1.00000000,-1.38205347, 1.6763514,"prop_swf.2021",0.0023670507,0.0421468927,0.0347197744,0.0306483017,0.0660970400,0.0844540930,0.0760966039,0.0826505017,0.0636566628,0.0529680050, 100, 200, 300, 400, 500, 600, 700, 800, 900,1000
"Ih_2_4","IhingerHof","2021","barley", 4.0, 8.335380,68.07614,15.22736,345,177,478,13,2,0.9418631,39.66425,200,70.63987,1.7741133,"Sep","Jul", 8.83359524,"winter","IhingerHof_2021_barley","IhingerHof_2021","IhingerHof_2021_barley_4", 6.0218155,22, 5.785412,1.526873897,1.04086193,0.16666667,-1.38205347, 1.6763514,"prop_swf.2021",0.0023670507,0.0421468927,0.0347197744,0.0306483017,0.0660970400,0.0844540930,0.0760966039,0.0826505017,0.0636566628,0.0529680050, 100, 200, 300, 400, 500, 600, 700, 800, 900,1000
"Ih_2_12","IhingerHof","2021","barley",12.0, 8.335380,68.07614,15.22736,345,177,478,13,2,0.9418631,39.66425,200,70.63987,1.7741133,"Sep","Jul", 6.60391111,"winter","IhingerHof_2021_barley","IhingerHof_2021","IhingerHof_2021_barley_12", 5.9480086,21, 5.785412,1.141476287,1.02810450,0.50000000,-1.38205347, 1.6763514,"prop_swf.2021",0.0023670507,0.0421468927,0.0347197744,0.0306483017,0.0660970400,0.0844540930,0.0760966039,0.0826505017,0.0636566628,0.0529680050, 100, 200, 300, 400, 500, 600, 700, 800, 900,1000
"Ih_2_18","IhingerHof","2021","barley",18.0, 8.335380,68.07614,15.22736,345,177,478,13,2,0.9418631,39.66425,200,70.63987,1.7741133,"Sep","Jul", 5.58776190,"winter","IhingerHof_2021_barley","IhingerHof_2021","IhingerHof_2021_barley_18", 5.8770876,24, 5.785412,0.965836397,1.01584591,0.75000000,-1.38205347, 1.6763514,"prop_swf.2021",0.0023670507,0.0421468927,0.0347197744,0.0306483017,0.0660970400,0.0844540930,0.0760966039,0.0826505017,0.0636566628,0.0529680050, 100, 200, 300, 400, 500, 600, 700, 800, 900,1000
"Ih_2_24","IhingerHof","2021","barley",24.0, 8.335380,68.07614,15.22736,345,177,478,13,2,0.9418631,39.66425,200,70.63987,1.7741133,"Sep","Jul", 5.72638776,"winter","IhingerHof_2021_barley","IhingerHof_2021","IhingerHof_2021_barley_24", 6.0048567,24, 5.785412,0.989797670,1.03793062,1.00000000,-1.38205347, 1.6763514,"prop_swf.2021",0.0023670507,0.0421468927,0.0347197744,0.0306483017,0.0660970400,0.0844540930,0.0760966039,0.0826505017,0.0636566628,0.0529680050, 100, 200, 300, 400, 500, 600, 700, 800, 900,1000
"Ih_3_4","IhingerHof","2021","barley", 4.0, 8.335380,68.07614,15.22736,345,177,478,13,2,0.9418631,39.66425,200,70.63987,1.7741133,"Sep","Jul", 6.76357143,"winter","IhingerHof_2021_barley","IhingerHof_2021","IhingerHof_2021_barley_4", 6.0218155,22, 5.785412,1.169073337,1.04086193,0.16666667,-1.38205347, 1.6763514,"prop_swf.2021",0.0023670507,0.0421468927,0.0347197744,0.0306483017,0.0660970400,0.0844540930,0.0760966039,0.0826505017,0.0636566628,0.0529680050, 100, 200, 300, 400, 500, 600, 700, 800, 900,1000
"Ih_3_12","IhingerHof","2021","barley",12.0, 8.335380,68.07614,15.22736,345,177,478,13,2,0.9418631,39.66425,200,70.63987,1.7741133,"Sep","Jul", 5.97636170,"winter","IhingerHof_2021_barley","IhingerHof_2021","IhingerHof_2021_barley_12", 5.9480086,21, 5.785412,1.033005298,1.02810450,0.50000000,-1.38205347, 1.6763514,"prop_swf.2021",0.0023670507,0.0421468927,0.0347197744,0.0306483017,0.0660970400,0.0844540930,0.0760966039,0.0826505017,0.0636566628,0.0529680050, 100, 200, 300, 400, 500, 600, 700, 800, 900,1000
"Ih_3_18","IhingerHof","2021","barley",18.0, 8.335380,68.07614,15.22736,345,177,478,13,2,0.9418631,39.66425,200,70.63987,1.7741133,"Sep","Jul", 6.30220833,"winter","IhingerHof_2021_barley","IhingerHof_2021","IhingerHof_2021_barley_18", 5.8770876,24, 5.785412,1.089327407,1.01584591,0.75000000,-1.38205347, 1.6763514,"prop_swf.2021",0.0023670507,0.0421468927,0.0347197744,0.0306483017,0.0660970400,0.0844540930,0.0760966039,0.0826505017,0.0636566628,0.0529680050, 100, 200, 300, 400, 500, 600, 700, 800, 900,1000
"Ih_3_24","IhingerHof","2021","barley",24.0, 8.335380,68.07614,15.22736,345,177,478,13,2,0.9418631,39.66425,200,70.63987,1.7741133,"Sep","Jul", 6.43678846,"winter","IhingerHof_2021_barley","IhingerHof_2021","IhingerHof_2021_barley_24", 6.0048567,24, 5.785412,1.112589384,1.03793062,1.00000000,-1.38205347, 1.6763514,"prop_swf.2021",0.0023670507,0.0421468927,0.0347197744,0.0306483017,0.0660970400,0.0844540930,0.0760966039,0.0826505017,0.0636566628,0.0529680050, 100, 200, 300, 400, 500, 600, 700, 800, 900,1000
"Ih_4_4","IhingerHof","2021","barley", 4.0, 8.335380,68.07614,15.22736,345,177,478,13,2,0.9418631,39.66425,200,70.63987,1.7741133,"Sep","Jul", 5.97661290,"winter","IhingerHof_2021_barley","IhingerHof_2021","IhingerHof_2021_barley_4", 6.0218155,22, 5.785412,1.033048718,1.04086193,0.16666667,-1.38205347, 1.6763514,"prop_swf.2021",0.0023670507,0.0421468927,0.0347197744,0.0306483017,0.0660970400,0.0844540930,0.0760966039,0.0826505017,0.0636566628,0.0529680050, 100, 200, 300, 400, 500, 600, 700, 800, 900,1000
"Ih_4_12","IhingerHof","2021","barley",12.0, 8.335380,68.07614,15.22736,345,177,478,13,2,0.9418631,39.66425,200,70.63987,1.7741133,"Sep","Jul", 6.48835000,"winter","IhingerHof_2021_barley","IhingerHof_2021","IhingerHof_2021_barley_12", 5.9480086,21, 5.785412,1.121501719,1.02810450,0.50000000,-1.38205347, 1.6763514,"prop_swf.2021",0.0023670507,0.0421468927,0.0347197744,0.0306483017,0.0660970400,0.0844540930,0.0760966039,0.0826505017,0.0636566628,0.0529680050, 100, 200, 300, 400, 500, 600, 700, 800, 900,1000
"Ih_4_18","IhingerHof","2021","barley",18.0, 8.335380,68.07614,15.22736,345,177,478,13,2,0.9418631,39.66425,200,70.63987,1.7741133,"Sep","Jul", 5.52507143,"winter","IhingerHof_2021_barley","IhingerHof_2021","IhingerHof_2021_barley_18", 5.8770876,24, 5.785412,0.955000440,1.01584591,0.75000000,-1.38205347, 1.6763514,"prop_swf.2021",0.0023670507,0.0421468927,0.0347197744,0.0306483017,0.0660970400,0.0844540930,0.0760966039,0.0826505017,0.0636566628,0.0529680050, 100, 200, 300, 400, 500, 600, 700, 800, 900,1000
"Ih_4_24","IhingerHof","2021","barley",24.0, 8.335380,68.07614,15.22736,345,177,478,13,2,0.9418631,39.66425,200,70.63987,1.7741133,"Sep","Jul", 2.37275000,"winter","IhingerHof_2021_barley","IhingerHof_2021","IhingerHof_2021_barley_24", 6.0048567,24, 5.785412,0.410126335,1.03793062,1.00000000,-1.38205347, 1.6763514,"prop_swf.2021",0.0023670507,0.0421468927,0.0347197744,0.0306483017,0.0660970400,0.0844540930,0.0760966039,0.0826505017,0.0636566628,0.0529680050, 100, 200, 300, 400, 500, 600, 700, 800, 900,1000
"Ih_5_4","IhingerHof","2021","barley", 4.0, 8.335380,68.07614,15.22736,345,177,478,13,2,0.9418631,39.66425,200,70.63987,1.7741133,"Sep","Jul", 6.96421277,"winter","IhingerHof_2021_barley","IhingerHof_2021","IhingerHof_2021_barley_4", 6.0218155,22, 5.785412,1.203753896,1.04086193,0.16666667,-1.38205347, 1.6763514,"prop_swf.2021",0.0023670507,0.0421468927,0.0347197744,0.0306483017,0.0660970400,0.0844540930,0.0760966039,0.0826505017,0.0636566628,0.0529680050, 100, 200, 300, 400, 500, 600, 700, 800, 900,1000
"Ih_5_12","IhingerHof","2021","barley",12.0, 8.335380,68.07614,15.22736,345,177,478,13,2,0.9418631,39.66425,200,70.63987,1.7741133,"Sep","Jul", 6.29039535,"winter","IhingerHof_2021_barley","IhingerHof_2021","IhingerHof_2021_barley_12", 5.9480086,21, 5.785412,1.087285550,1.02810450,0.50000000,-1.38205347, 1.6763514,"prop_swf.2021",0.0023670507,0.0421468927,0.0347197744,0.0306483017,0.0660970400,0.0844540930,0.0760966039,0.0826505017,0.0636566628,0.0529680050, 100, 200, 300, 400, 500, 600, 700, 800, 900,1000
"Ih_5_18","IhingerHof","2021","barley",18.0, 8.335380,68.07614,15.22736,345,177,478,13,2,0.9418631,39.66425,200,70.63987,1.7741133,"Sep","Jul", 5.02700000,"winter","IhingerHof_2021_barley","IhingerHof_2021","IhingerHof_2021_barley_18", 5.8770876,24, 5.785412,0.868909529,1.01584591,0.75000000,-1.38205347, 1.6763514,"prop_swf.2021",0.0023670507,0.0421468927,0.0347197744,0.0306483017,0.0660970400,0.0844540930,0.0760966039,0.0826505017,0.0636566628,0.0529680050, 100, 200, 300, 400, 500, 600, 700, 800, 900,1000
"Ih_5_24","IhingerHof","2021","barley",24.0, 8.335380,68.07614,15.22736,345,177,478,13,2,0.9418631,39.66425,200,70.63987,1.7741133,"Sep","Jul", 8.03302381,"winter","IhingerHof_2021_barley","IhingerHof_2021","IhingerHof_2021_barley_24", 6.0048567,24, 5.785412,1.388496307,1.03793062,1.00000000,-1.38205347, 1.6763514,"prop_swf.2021",0.0023670507,0.0421468927,0.0347197744,0.0306483017,0.0660970400,0.0844540930,0.0760966039,0.0826505017,0.0636566628,0.0529680050, 100, 200, 300, 400, 500, 600, 700, 800, 900,1000
"Ih_6_4","IhingerHof","2021","barley", 4.0, 8.335380,68.07614,15.22736,345,177,478,13,2,0.9418631,39.66425,200,70.63987,1.7741133,"Sep","Jul", 6.62788636,"winter","IhingerHof_2021_barley","IhingerHof_2021","IhingerHof_2021_barley_4", 6.0218155,22, 5.785412,1.145620374,1.04086193,0.16666667,-1.38205347, 1.6763514,"prop_swf.2021",0.0023670507,0.0421468927,0.0347197744,0.0306483017,0.0660970400,0.0844540930,0.0760966039,0.0826505017,0.0636566628,0.0529680050, 100, 200, 300, 400, 500, 600, 700, 800, 900,1000
"Ih_6_12","IhingerHof","2021","barley",12.0, 8.335380,68.07614,15.22736,345,177,478,13,2,0.9418631,39.66425,200,70.63987,1.7741133,"Sep","Jul", 5.41816279,"winter","IhingerHof_2021_barley","IhingerHof_2021","IhingerHof_2021_barley_12", 5.9480086,21, 5.785412,0.936521440,1.02810450,0.50000000,-1.38205347, 1.6763514,"prop_swf.2021",0.0023670507,0.0421468927,0.0347197744,0.0306483017,0.0660970400,0.0844540930,0.0760966039,0.0826505017,0.0636566628,0.0529680050, 100, 200, 300, 400, 500, 600, 700, 800, 900,1000
"Ih_6_18","IhingerHof","2021","barley",18.0, 8.335380,68.07614,15.22736,345,177,478,13,2,0.9418631,39.66425,200,70.63987,1.7741133,"Sep","Jul", 5.57829167,"winter","IhingerHof_2021_barley","IhingerHof_2021","IhingerHof_2021_barley_18", 5.8770876,24, 5.785412,0.964199480,1.01584591,0.75000000,-1.38205347, 1.6763514,"prop_swf.2021",0.0023670507,0.0421468927,0.0347197744,0.0306483017,0.0660970400,0.0844540930,0.0760966039,0.0826505017,0.0636566628,0.0529680050, 100, 200, 300, 400, 500, 600, 700, 800, 900,1000
"Ih_6_24","IhingerHof","2021","barley",24.0, 8.335380,68.07614,15.22736,345,177,478,13,2,0.9418631,39.66425,200,70.63987,1.7741133,"Sep","Jul", 6.20909524,"winter","IhingerHof_2021_barley","IhingerHof_2021","IhingerHof_2021_barley_24", 6.0048567,24, 5.785412,1.073232946,1.03793062,1.00000000,-1.38205347, 1.6763514,"prop_swf.2021",0.0023670507,0.0421468927,0.0347197744,0.0306483017,0.0660970400,0.0844540930,0.0760966039,0.0826505017,0.0636566628,0.0529680050, 100, 200, 300, 400, 500, 600, 700, 800, 900,1000
"Ih_7_7","IhingerHof","2021","barley", 7.0, 8.335380,68.07614,15.22736,345,177,478,13,2,0.9418631,39.66425,200,70.63987,1.7741133,"Sep","Jul", 4.35616000,"winter","IhingerHof_2021_barley","IhingerHof_2021","IhingerHof_2021_barley_7", 5.0752939, 9, 5.785412,0.752955825,0.87725705,0.29166667,-1.38205347, 1.6763514,"prop_swf.2021",0.0023670507,0.0421468927,0.0347197744,0.0306483017,0.0660970400,0.0844540930,0.0760966039,0.0826505017,0.0636566628,0.0529680050, 100, 200, 300, 400, 500, 600, 700, 800, 900,1000
"Ih_7_12","IhingerHof","2021","barley",12.0, 8.335380,68.07614,15.22736,345,177,478,13,2,0.9418631,39.66425,200,70.63987,1.7741133,"Sep","Jul", 6.58100000,"winter","IhingerHof_2021_barley","IhingerHof_2021","IhingerHof_2021_barley_12", 5.9480086,21, 5.785412,1.137516135,1.02810450,0.50000000,-1.38205347, 1.6763514,"prop_swf.2021",0.0023670507,0.0421468927,0.0347197744,0.0306483017,0.0660970400,0.0844540930,0.0760966039,0.0826505017,0.0636566628,0.0529680050, 100, 200, 300, 400, 500, 600, 700, 800, 900,1000
"Ih_7_18","IhingerHof","2021","barley",18.0, 8.335380,68.07614,15.22736,345,177,478,13,2,0.9418631,39.66425,200,70.63987,1.7741133,"Sep","Jul", 5.78162500,"winter","IhingerHof_2021_barley","IhingerHof_2021","IhingerHof_2021_barley_18", 5.8770876,24, 5.785412,0.999345346,1.01584591,0.75000000,-1.38205347, 1.6763514,"prop_swf.2021",0.0023670507,0.0421468927,0.0347197744,0.0306483017,0.0660970400,0.0844540930,0.0760966039,0.0826505017,0.0636566628,0.0529680050, 100, 200, 300, 400, 500, 600, 700, 800, 900,1000
"Ih_7_24","IhingerHof","2021","barley",24.0, 8.335380,68.07614,15.22736,345,177,478,13,2,0.9418631,39.66425,200,70.63987,1.7741133,"Sep","Jul", 5.67350000,"winter","IhingerHof_2021_barley","IhingerHof_2021","IhingerHof_2021_barley_24", 6.0048567,24, 5.785412,0.980656100,1.03793062,1.00000000,-1.38205347, 1.6763514,"prop_swf.2021",0.0023670507,0.0421468927,0.0347197744,0.0306483017,0.0660970400,0.0844540930,0.0760966039,0.0826505017,0.0636566628,0.0529680050, 100, 200, 300, 400, 500, 600, 700, 800, 900,1000
"Ih_8_4","IhingerHof","2021","barley", 4.0, 8.335380,68.07614,15.22736,345,177,478,13,2,0.9418631,39.66425,200,70.63987,1.7741133,"Sep","Jul", 5.21444444,"winter","IhingerHof_2021_barley","IhingerHof_2021","IhingerHof_2021_barley_4", 6.0218155,22, 5.785412,0.901309025,1.04086193,0.16666667,-1.38205347, 1.6763514,"prop_swf.2021",0.0023670507,0.0421468927,0.0347197744,0.0306483017,0.0660970400,0.0844540930,0.0760966039,0.0826505017,0.0636566628,0.0529680050, 100, 200, 300, 400, 500, 600, 700, 800, 900,1000
"Ih_8_7","IhingerHof","2021","barley", 7.0, 8.335380,68.07614,15.22736,345,177,478,13,2,0.9418631,39.66425,200,70.63987,1.7741133,"Sep","Jul", 5.18161538,"winter","IhingerHof_2021_barley","IhingerHof_2021","IhingerHof_2021_barley_7", 5.0752939, 9, 5.785412,0.895634570,0.87725705,0.29166667,-1.38205347, 1.6763514,"prop_swf.2021",0.0023670507,0.0421468927,0.0347197744,0.0306483017,0.0660970400,0.0844540930,0.0760966039,0.0826505017,0.0636566628,0.0529680050, 100, 200, 300, 400, 500, 600, 700, 800, 900,1000
"Ih_8_12","IhingerHof","2021","barley",12.0, 8.335380,68.07614,15.22736,345,177,478,13,2,0.9418631,39.66425,200,70.63987,1.7741133,"Sep","Jul", 5.20014894,"winter","IhingerHof_2021_barley","IhingerHof_2021","IhingerHof_2021_barley_12", 5.9480086,21, 5.785412,0.898838067,1.02810450,0.50000000,-1.38205347, 1.6763514,"prop_swf.2021",0.0023670507,0.0421468927,0.0347197744,0.0306483017,0.0660970400,0.0844540930,0.0760966039,0.0826505017,0.0636566628,0.0529680050, 100, 200, 300, 400, 500, 600, 700, 800, 900,1000
"Ih_8_18","IhingerHof","2021","barley",18.0, 8.335380,68.07614,15.22736,345,177,478,13,2,0.9418631,39.66425,200,70.63987,1.7741133,"Sep","Jul", 6.43502273,"winter","IhingerHof_2021_barley","IhingerHof_2021","IhingerHof_2021_barley_18", 5.8770876,24, 5.785412,1.112284179,1.01584591,0.75000000,-1.38205347, 1.6763514,"prop_swf.2021",0.0023670507,0.0421468927,0.0347197744,0.0306483017,0.0660970400,0.0844540930,0.0760966039,0.0826505017,0.0636566628,0.0529680050, 100, 200, 300, 400, 500, 600, 700, 800, 900,1000
"Ih_8_24","IhingerHof","2021","barley",24.0, 8.335380,68.07614,15.22736,345,177,478,13,2,0.9418631,39.66425,200,70.63987,1.7741133,"Sep","Jul", 6.02416667,"winter","IhingerHof_2021_barley","IhingerHof_2021","IhingerHof_2021_barley_24", 6.0048567,24, 5.785412,1.041268315,1.03793062,1.00000000,-1.38205347, 1.6763514,"prop_swf.2021",0.0023670507,0.0421468927,0.0347197744,0.0306483017,0.0660970400,0.0844540930,0.0760966039,0.0826505017,0.0636566628,0.0529680050, 100, 200, 300, 400, 500, 600, 700, 800, 900,1000
"Ih_9_4","IhingerHof","2021","barley", 4.0, 8.335380,68.07614,15.22736,345,177,478,13,2,0.9418631,39.66425,200,70.63987,1.7741133,"Sep","Jul", 6.81154902,"winter","IhingerHof_2021_barley","IhingerHof_2021","IhingerHof_2021_barley_4", 6.0218155,22, 5.785412,1.177366193,1.04086193,0.16666667,-1.38205347, 1.6763514,"prop_swf.2021",0.0023670507,0.0421468927,0.0347197744,0.0306483017,0.0660970400,0.0844540930,0.0760966039,0.0826505017,0.0636566628,0.0529680050, 100, 200, 300, 400, 500, 600, 700, 800, 900,1000
"Ih_9_7","IhingerHof","2021","barley", 7.0, 8.335380,68.07614,15.22736,345,177,478,13,2,0.9418631,39.66425,200,70.63987,1.7741133,"Sep","Jul", 6.86900000,"winter","IhingerHof_2021_barley","IhingerHof_2021","IhingerHof_2021_barley_7", 5.0752939, 9, 5.785412,1.187296510,0.87725705,0.29166667,-1.38205347, 1.6763514,"prop_swf.2021",0.0023670507,0.0421468927,0.0347197744,0.0306483017,0.0660970400,0.0844540930,0.0760966039,0.0826505017,0.0636566628,0.0529680050, 100, 200, 300, 400, 500, 600, 700, 800, 900,1000
"Ih_9_12","IhingerHof","2021","barley",12.0, 8.335380,68.07614,15.22736,345,177,478,13,2,0.9418631,39.66425,200,70.63987,1.7741133,"Sep","Jul", 4.58074627,"winter","IhingerHof_2021_barley","IhingerHof_2021","IhingerHof_2021_barley_12", 5.9480086,21, 5.785412,0.791775230,1.02810450,0.50000000,-1.38205347, 1.6763514,"prop_swf.2021",0.0023670507,0.0421468927,0.0347197744,0.0306483017,0.0660970400,0.0844540930,0.0760966039,0.0826505017,0.0636566628,0.0529680050, 100, 200, 300, 400, 500, 600, 700, 800, 900,1000
"Ih_9_18","IhingerHof","2021","barley",18.0, 8.335380,68.07614,15.22736,345,177,478,13,2,0.9418631,39.66425,200,70.63987,1.7741133,"Sep","Jul", 6.54668085,"winter","IhingerHof_2021_barley","IhingerHof_2021","IhingerHof_2021_barley_18", 5.8770876,24, 5.785412,1.131584121,1.01584591,0.75000000,-1.38205347, 1.6763514,"prop_swf.2021",0.0023670507,0.0421468927,0.0347197744,0.0306483017,0.0660970400,0.0844540930,0.0760966039,0.0826505017,0.0636566628,0.0529680050, 100, 200, 300, 400, 500, 600, 700, 800, 900,1000
"Ih_9_24","IhingerHof","2021","barley",24.0, 8.335380,68.07614,15.22736,345,177,478,13,2,0.9418631,39.66425,200,70.63987,1.7741133,"Sep","Jul", 6.43282979,"winter","IhingerHof_2021_barley","IhingerHof_2021","IhingerHof_2021_barley_24", 6.0048567,24, 5.785412,1.111905133,1.03793062,1.00000000,-1.38205347, 1.6763514,"prop_swf.2021",0.0023670507,0.0421468927,0.0347197744,0.0306483017,0.0660970400,0.0844540930,0.0760966039,0.0826505017,0.0636566628,0.0529680050, 100, 200, 300, 400, 500, 600, 700, 800, 900,1000
"Ih_10_4","IhingerHof","2021","barley", 4.0, 8.335380,68.07614,15.22736,345,177,478,13,2,0.9418631,39.66425,200,70.63987,1.7741133,"Sep","Jul", 8.61044737,"winter","IhingerHof_2021_barley","IhingerHof_2021","IhingerHof_2021_barley_4", 6.0218155,22, 5.785412,1.488303117,1.04086193,0.16666667,-1.38205347, 1.6763514,"prop_swf.2021",0.0023670507,0.0421468927,0.0347197744,0.0306483017,0.0660970400,0.0844540930,0.0760966039,0.0826505017,0.0636566628,0.0529680050, 100, 200, 300, 400, 500, 600, 700, 800, 900,1000
"Ih_10_12","IhingerHof","2021","barley",12.0, 8.335380,68.07614,15.22736,345,177,478,13,2,0.9418631,39.66425,200,70.63987,1.7741133,"Sep","Jul", 7.16380952,"winter","IhingerHof_2021_barley","IhingerHof_2021","IhingerHof_2021_barley_12", 5.9480086,21, 5.785412,1.238253901,1.02810450,0.50000000,-1.38205347, 1.6763514,"prop_swf.2021",0.0023670507,0.0421468927,0.0347197744,0.0306483017,0.0660970400,0.0844540930,0.0760966039,0.0826505017,0.0636566628,0.0529680050, 100, 200, 300, 400, 500, 600, 700, 800, 900,1000
"Ih_10_18","IhingerHof","2021","barley",18.0, 8.335380,68.07614,15.22736,345,177,478,13,2,0.9418631,39.66425,200,70.63987,1.7741133,"Sep","Jul", 5.03986364,"winter","IhingerHof_2021_barley","IhingerHof_2021","IhingerHof_2021_barley_18", 5.8770876,24, 5.785412,0.871132990,1.01584591,0.75000000,-1.38205347, 1.6763514,"prop_swf.2021",0.0023670507,0.0421468927,0.0347197744,0.0306483017,0.0660970400,0.0844540930,0.0760966039,0.0826505017,0.0636566628,0.0529680050, 100, 200, 300, 400, 500, 600, 700, 800, 900,1000
"Ih_10_24","IhingerHof","2021","barley",24.0, 8.335380,68.07614,15.22736,345,177,478,13,2,0.9418631,39.66425,200,70.63987,1.7741133,"Sep","Jul", 5.94088372,"winter","IhingerHof_2021_barley","IhingerHof_2021","IhingerHof_2021_barley_24", 6.0048567,24, 5.785412,1.026872981,1.03793062,1.00000000,-1.38205347, 1.6763514,"prop_swf.2021",0.0023670507,0.0421468927,0.0347197744,0.0306483017,0.0660970400,0.0844540930,0.0760966039,0.0826505017,0.0636566628,0.0529680050, 100, 200, 300, 400, 500, 600, 700, 800, 900,1000
"Ih_11_4","IhingerHof","2021","barley", 4.0, 8.335380,68.07614,15.22736,345,177,478,13,2,0.9418631,39.66425,200,70.63987,1.7741133,"Sep","Jul", 6.86253333,"winter","IhingerHof_2021_barley","IhingerHof_2021","IhingerHof_2021_barley_4", 6.0218155,22, 5.785412,1.186178756,1.04086193,0.16666667,-1.38205347, 1.6763514,"prop_swf.2021",0.0023670507,0.0421468927,0.0347197744,0.0306483017,0.0660970400,0.0844540930,0.0760966039,0.0826505017,0.0636566628,0.0529680050, 100, 200, 300, 400, 500, 600, 700, 800, 900,1000
"Ih_11_12","IhingerHof","2021","barley",12.0, 8.335380,68.07614,15.22736,345,177,478,13,2,0.9418631,39.66425,200,70.63987,1.7741133,"Sep","Jul", 6.77111628,"winter","IhingerHof_2021_barley","IhingerHof_2021","IhingerHof_2021_barley_12", 5.9480086,21, 5.785412,1.170377453,1.02810450,0.50000000,-1.38205347, 1.6763514,"prop_swf.2021",0.0023670507,0.0421468927,0.0347197744,0.0306483017,0.0660970400,0.0844540930,0.0760966039,0.0826505017,0.0636566628,0.0529680050, 100, 200, 300, 400, 500, 600, 700, 800, 900,1000
"Ih_11_18","IhingerHof","2021","barley",18.0, 8.335380,68.07614,15.22736,345,177,478,13,2,0.9418631,39.66425,200,70.63987,1.7741133,"Sep","Jul", 5.23757143,"winter","IhingerHof_2021_barley","IhingerHof_2021","IhingerHof_2021_barley_18", 5.8770876,24, 5.785412,0.905306490,1.01584591,0.75000000,-1.38205347, 1.6763514,"prop_swf.2021",0.0023670507,0.0421468927,0.0347197744,0.0306483017,0.0660970400,0.0844540930,0.0760966039,0.0826505017,0.0636566628,0.0529680050, 100, 200, 300, 400, 500, 600, 700, 800, 900,1000
"Ih_11_24","IhingerHof","2021","barley",24.0, 8.335380,68.07614,15.22736,345,177,478,13,2,0.9418631,39.66425,200,70.63987,1.7741133,"Sep","Jul", 5.60788889,"winter","IhingerHof_2021_barley","IhingerHof_2021","IhingerHof_2021_barley_24", 6.0048567,24, 5.785412,0.969315316,1.03793062,1.00000000,-1.38205347, 1.6763514,"prop_swf.2021",0.0023670507,0.0421468927,0.0347197744,0.0306483017,0.0660970400,0.0844540930,0.0760966039,0.0826505017,0.0636566628,0.0529680050, 100, 200, 300, 400, 500, 600, 700, 800, 900,1000
"Ih_12_4","IhingerHof","2021","barley", 4.0, 8.335380,68.07614,15.22736,345,177,478,13,2,0.9418631,39.66425,200,70.63987,1.7741133,"Sep","Jul", 4.77500000,"winter","IhingerHof_2021_barley","IhingerHof_2021","IhingerHof_2021_barley_4", 6.0218155,22, 5.785412,0.825351701,1.04086193,0.16666667,-1.38205347, 1.6763514,"prop_swf.2021",0.0023670507,0.0421468927,0.0347197744,0.0306483017,0.0660970400,0.0844540930,0.0760966039,0.0826505017,0.0636566628,0.0529680050, 100, 200, 300, 400, 500, 600, 700, 800, 900,1000
"Ih_12_12","IhingerHof","2021","barley",12.0, 8.335380,68.07614,15.22736,345,177,478,13,2,0.9418631,39.66425,200,70.63987,1.7741133,"Sep","Jul", 6.51759375,"winter","IhingerHof_2021_barley","IhingerHof_2021","IhingerHof_2021_barley_12", 5.9480086,21, 5.785412,1.126556458,1.02810450,0.50000000,-1.38205347, 1.6763514,"prop_swf.2021",0.0023670507,0.0421468927,0.0347197744,0.0306483017,0.0660970400,0.0844540930,0.0760966039,0.0826505017,0.0636566628,0.0529680050, 100, 200, 300, 400, 500, 600, 700, 800, 900,1000
"Ih_12_18","IhingerHof","2021","barley",18.0, 8.335380,68.07614,15.22736,345,177,478,13,2,0.9418631,39.66425,200,70.63987,1.7741133,"Sep","Jul", 6.08238889,"winter","IhingerHof_2021_barley","IhingerHof_2021","IhingerHof_2021_barley_18", 5.8770876,24, 5.785412,1.051331941,1.01584591,0.75000000,-1.38205347, 1.6763514,"prop_swf.2021",0.0023670507,0.0421468927,0.0347197744,0.0306483017,0.0660970400,0.0844540930,0.0760966039,0.0826505017,0.0636566628,0.0529680050, 100, 200, 300, 400, 500, 600, 700, 800, 900,1000
"Ih_12_24","IhingerHof","2021","barley",24.0, 8.335380,68.07614,15.22736,345,177,478,13,2,0.9418631,39.66425,200,70.63987,1.7741133,"Sep","Jul", 5.30868750,"winter","IhingerHof_2021_barley","IhingerHof_2021","IhingerHof_2021_barley_24", 6.0048567,24, 5.785412,0.917598798,1.03793062,1.00000000,-1.38205347, 1.6763514,"prop_swf.2021",0.0023670507,0.0421468927,0.0347197744,0.0306483017,0.0660970400,0.0844540930,0.0760966039,0.0826505017,0.0636566628,0.0529680050, 100, 200, 300, 400, 500, 600, 700, 800, 900,1000
"Ih_13_4","IhingerHof","2021","barley", 4.0, 8.335380,68.07614,15.22736,345,177,478,13,2,0.9418631,39.66425,200,70.63987,1.7741133,"Sep","Jul", 5.63101613,"winter","IhingerHof_2021_barley","IhingerHof_2021","IhingerHof_2021_barley_4", 6.0218155,22, 5.785412,0.973312825,1.04086193,0.16666667,-1.38205347, 1.6763514,"prop_swf.2021",0.0023670507,0.0421468927,0.0347197744,0.0306483017,0.0660970400,0.0844540930,0.0760966039,0.0826505017,0.0636566628,0.0529680050, 100, 200, 300, 400, 500, 600, 700, 800, 900,1000
"Ih_13_12","IhingerHof","2021","barley",12.0, 8.335380,68.07614,15.22736,345,177,478,13,2,0.9418631,39.66425,200,70.63987,1.7741133,"Sep","Jul", 6.48432500,"winter","IhingerHof_2021_barley","IhingerHof_2021","IhingerHof_2021_barley_12", 5.9480086,21, 5.785412,1.120806004,1.02810450,0.50000000,-1.38205347, 1.6763514,"prop_swf.2021",0.0023670507,0.0421468927,0.0347197744,0.0306483017,0.0660970400,0.0844540930,0.0760966039,0.0826505017,0.0636566628,0.0529680050, 100, 200, 300, 400, 500, 600, 700, 800, 900,1000
"Ih_13_18","IhingerHof","2021","barley",18.0, 8.335380,68.07614,15.22736,345,177,478,13,2,0.9418631,39.66425,200,70.63987,1.7741133,"Sep","Jul", 6.52848837,"winter","IhingerHof_2021_barley","IhingerHof_2021","IhingerHof_2021_barley_18", 5.8770876,24, 5.785412,1.128439578,1.01584591,0.75000000,-1.38205347, 1.6763514,"prop_swf.2021",0.0023670507,0.0421468927,0.0347197744,0.0306483017,0.0660970400,0.0844540930,0.0760966039,0.0826505017,0.0636566628,0.0529680050, 100, 200, 300, 400, 500, 600, 700, 800, 900,1000
"Ih_13_24","IhingerHof","2021","barley",24.0, 8.335380,68.07614,15.22736,345,177,478,13,2,0.9418631,39.66425,200,70.63987,1.7741133,"Sep","Jul", 5.83990000,"winter","IhingerHof_2021_barley","IhingerHof_2021","IhingerHof_2021_barley_24", 6.0048567,24, 5.785412,1.009418094,1.03793062,1.00000000,-1.38205347, 1.6763514,"prop_swf.2021",0.0023670507,0.0421468927,0.0347197744,0.0306483017,0.0660970400,0.0844540930,0.0760966039,0.0826505017,0.0636566628,0.0529680050, 100, 200, 300, 400, 500, 600, 700, 800, 900,1000
"Ih_14_4","IhingerHof","2021","barley", 4.0, 8.335380,68.07614,15.22736,345,177,478,13,2,0.9418631,39.66425,200,70.63987,1.7741133,"Sep","Jul", 5.87252500,"winter","IhingerHof_2021_barley","IhingerHof_2021","IhingerHof_2021_barley_4", 6.0218155,22, 5.785412,1.015057277,1.04086193,0.16666667,-1.38205347, 1.6763514,"prop_swf.2021",0.0023670507,0.0421468927,0.0347197744,0.0306483017,0.0660970400,0.0844540930,0.0760966039,0.0826505017,0.0636566628,0.0529680050, 100, 200, 300, 400, 500, 600, 700, 800, 900,1000
"Ih_14_12","IhingerHof","2021","barley",12.0, 8.335380,68.07614,15.22736,345,177,478,13,2,0.9418631,39.66425,200,70.63987,1.7741133,"Sep","Jul", 5.37053333,"winter","IhingerHof_2021_barley","IhingerHof_2021","IhingerHof_2021_barley_12", 5.9480086,21, 5.785412,0.928288759,1.02810450,0.50000000,-1.38205347, 1.6763514,"prop_swf.2021",0.0023670507,0.0421468927,0.0347197744,0.0306483017,0.0660970400,0.0844540930,0.0760966039,0.0826505017,0.0636566628,0.0529680050, 100, 200, 300, 400, 500, 600, 700, 800, 900,1000
"Ih_14_18","IhingerHof","2021","barley",18.0, 8.335380,68.07614,15.22736,345,177,478,13,2,0.9418631,39.66425,200,70.63987,1.7741133,"Sep","Jul", 6.83481818,"winter","IhingerHof_2021_barley","IhingerHof_2021","IhingerHof_2021_barley_18", 5.8770876,24, 5.785412,1.181388233,1.01584591,0.75000000,-1.38205347, 1.6763514,"prop_swf.2021",0.0023670507,0.0421468927,0.0347197744,0.0306483017,0.0660970400,0.0844540930,0.0760966039,0.0826505017,0.0636566628,0.0529680050, 100, 200, 300, 400, 500, 600, 700, 800, 900,1000
"Ih_14_24","IhingerHof","2021","barley",24.0, 8.335380,68.07614,15.22736,345,177,478,13,2,0.9418631,39.66425,200,70.63987,1.7741133,"Sep","Jul", 6.25075758,"winter","IhingerHof_2021_barley","IhingerHof_2021","IhingerHof_2021_barley_24", 6.0048567,24, 5.785412,1.080434220,1.03793062,1.00000000,-1.38205347, 1.6763514,"prop_swf.2021",0.0023670507,0.0421468927,0.0347197744,0.0306483017,0.0660970400,0.0844540930,0.0760966039,0.0826505017,0.0636566628,0.0529680050, 100, 200, 300, 400, 500, 600, 700, 800, 900,1000
"Ih_15_4","IhingerHof","2021","barley", 4.0, 8.335380,68.07614,15.22736,345,177,478,13,2,0.9418631,39.66425,200,70.63987,1.7741133,"Sep","Jul", 5.40470000,"winter","IhingerHof_2021_barley","IhingerHof_2021","IhingerHof_2021_barley_4", 6.0218155,22, 5.785412,0.934194417,1.04086193,0.16666667,-1.38205347, 1.6763514,"prop_swf.2021",0.0023670507,0.0421468927,0.0347197744,0.0306483017,0.0660970400,0.0844540930,0.0760966039,0.0826505017,0.0636566628,0.0529680050, 100, 200, 300, 400, 500, 600, 700, 800, 900,1000
"Ih_15_12","IhingerHof","2021","barley",12.0, 8.335380,68.07614,15.22736,345,177,478,13,2,0.9418631,39.66425,200,70.63987,1.7741133,"Sep","Jul", 5.77751064,"winter","IhingerHof_2021_barley","IhingerHof_2021","IhingerHof_2021_barley_12", 5.9480086,21, 5.785412,0.998634185,1.02810450,0.50000000,-1.38205347, 1.6763514,"prop_swf.2021",0.0023670507,0.0421468927,0.0347197744,0.0306483017,0.0660970400,0.0844540930,0.0760966039,0.0826505017,0.0636566628,0.0529680050, 100, 200, 300, 400, 500, 600, 700, 800, 900,1000
"Ih_15_18","IhingerHof","2021","barley",18.0, 8.335380,68.07614,15.22736,345,177,478,13,2,0.9418631,39.66425,200,70.63987,1.7741133,"Sep","Jul", 7.23778846,"winter","IhingerHof_2021_barley","IhingerHof_2021","IhingerHof_2021_barley_18", 5.8770876,24, 5.785412,1.251041051,1.01584591,0.75000000,-1.38205347, 1.6763514,"prop_swf.2021",0.0023670507,0.0421468927,0.0347197744,0.0306483017,0.0660970400,0.0844540930,0.0760966039,0.0826505017,0.0636566628,0.0529680050, 100, 200, 300, 400, 500, 600, 700, 800, 900,1000
"Ih_15_24","IhingerHof","2021","barley",24.0, 8.335380,68.07614,15.22736,345,177,478,13,2,0.9418631,39.66425,200,70.63987,1.7741133,"Sep","Jul", 6.51766667,"winter","IhingerHof_2021_barley","IhingerHof_2021","IhingerHof_2021_barley_24", 6.0048567,24, 5.785412,1.126569062,1.03793062,1.00000000,-1.38205347, 1.6763514,"prop_swf.2021",0.0023670507,0.0421468927,0.0347197744,0.0306483017,0.0660970400,0.0844540930,0.0760966039,0.0826505017,0.0636566628,0.0529680050, 100, 200, 300, 400, 500, 600, 700, 800, 900,1000
"Ih_16_4","IhingerHof","2021","barley", 4.0, 8.335380,68.07614,15.22736,345,177,478,13,2,0.9418631,39.66425,200,70.63987,1.7741133,"Sep","Jul", 6.13150000,"winter","IhingerHof_2021_barley","IhingerHof_2021","IhingerHof_2021_barley_4", 6.0218155,22, 5.785412,1.059820724,1.04086193,0.16666667,-1.38205347, 1.6763514,"prop_swf.2021",0.0023670507,0.0421468927,0.0347197744,0.0306483017,0.0660970400,0.0844540930,0.0760966039,0.0826505017,0.0636566628,0.0529680050, 100, 200, 300, 400, 500, 600, 700, 800, 900,1000
"Ih_16_12","IhingerHof","2021","barley",12.0, 8.335380,68.07614,15.22736,345,177,478,13,2,0.9418631,39.66425,200,70.63987,1.7741133,"Sep","Jul", 5.20509524,"winter","IhingerHof_2021_barley","IhingerHof_2021","IhingerHof_2021_barley_12", 5.9480086,21, 5.785412,0.899693028,1.02810450,0.50000000,-1.38205347, 1.6763514,"prop_swf.2021",0.0023670507,0.0421468927,0.0347197744,0.0306483017,0.0660970400,0.0844540930,0.0760966039,0.0826505017,0.0636566628,0.0529680050, 100, 200, 300, 400, 500, 600, 700, 800, 900,1000
"Ih_16_18","IhingerHof","2021","barley",18.0, 8.335380,68.07614,15.22736,345,177,478,13,2,0.9418631,39.66425,200,70.63987,1.7741133,"Sep","Jul", 6.08950000,"winter","IhingerHof_2021_barley","IhingerHof_2021","IhingerHof_2021_barley_18", 5.8770876,24, 5.785412,1.052561086,1.01584591,0.75000000,-1.38205347, 1.6763514,"prop_swf.2021",0.0023670507,0.0421468927,0.0347197744,0.0306483017,0.0660970400,0.0844540930,0.0760966039,0.0826505017,0.0636566628,0.0529680050, 100, 200, 300, 400, 500, 600, 700, 800, 900,1000
"Ih_16_24","IhingerHof","2021","barley",24.0, 8.335380,68.07614,15.22736,345,177,478,13,2,0.9418631,39.66425,200,70.63987,1.7741133,"Sep","Jul", 6.99985714,"winter","IhingerHof_2021_barley","IhingerHof_2021","IhingerHof_2021_barley_24", 6.0048567,24, 5.785412,1.209914974,1.03793062,1.00000000,-1.38205347, 1.6763514,"prop_swf.2021",0.0023670507,0.0421468927,0.0347197744,0.0306483017,0.0660970400,0.0844540930,0.0760966039,0.0826505017,0.0636566628,0.0529680050, 100, 200, 300, 400, 500, 600, 700, 800, 900,1000
"Ih_17_4","IhingerHof","2021","barley", 4.0, 8.335380,68.07614,15.22736,345,177,478,13,2,0.9418631,39.66425,200,70.63987,1.7741133,"Sep","Jul", 6.12647222,"winter","IhingerHof_2021_barley","IhingerHof_2021","IhingerHof_2021_barley_4", 6.0218155,22, 5.785412,1.058951680,1.04086193,0.16666667,-1.38205347, 1.6763514,"prop_swf.2021",0.0023670507,0.0421468927,0.0347197744,0.0306483017,0.0660970400,0.0844540930,0.0760966039,0.0826505017,0.0636566628,0.0529680050, 100, 200, 300, 400, 500, 600, 700, 800, 900,1000
"Ih_17_12","IhingerHof","2021","barley",12.0, 8.335380,68.07614,15.22736,345,177,478,13,2,0.9418631,39.66425,200,70.63987,1.7741133,"Sep","Jul", 5.17290625,"winter","IhingerHof_2021_barley","IhingerHof_2021","IhingerHof_2021_barley_12", 5.9480086,21, 5.785412,0.894129209,1.02810450,0.50000000,-1.38205347, 1.6763514,"prop_swf.2021",0.0023670507,0.0421468927,0.0347197744,0.0306483017,0.0660970400,0.0844540930,0.0760966039,0.0826505017,0.0636566628,0.0529680050, 100, 200, 300, 400, 500, 600, 700, 800, 900,1000
"Ih_17_18","IhingerHof","2021","barley",18.0, 8.335380,68.07614,15.22736,345,177,478,13,2,0.9418631,39.66425,200,70.63987,1.7741133,"Sep","Jul", 5.74413333,"winter","IhingerHof_2021_barley","IhingerHof_2021","IhingerHof_2021_barley_18", 5.8770876,24, 5.785412,0.992864967,1.01584591,0.75000000,-1.38205347, 1.6763514,"prop_swf.2021",0.0023670507,0.0421468927,0.0347197744,0.0306483017,0.0660970400,0.0844540930,0.0760966039,0.0826505017,0.0636566628,0.0529680050, 100, 200, 300, 400, 500, 600, 700, 800, 900,1000
"Ih_17_24","IhingerHof","2021","barley",24.0, 8.335380,68.07614,15.22736,345,177,478,13,2,0.9418631,39.66425,200,70.63987,1.7741133,"Sep","Jul", 7.37494286,"winter","IhingerHof_2021_barley","IhingerHof_2021","IhingerHof_2021_barley_24", 6.0048567,24, 5.785412,1.274747986,1.03793062,1.00000000,-1.38205347, 1.6763514,"prop_swf.2021",0.0023670507,0.0421468927,0.0347197744,0.0306483017,0.0660970400,0.0844540930,0.0760966039,0.0826505017,0.0636566628,0.0529680050, 100, 200, 300, 400, 500, 600, 700, 800, 900,1000
"Ih_18_4","IhingerHof","2021","barley", 4.0, 8.335380,68.07614,15.22736,345,177,478,13,2,0.9418631,39.66425,200,70.63987,1.7741133,"Sep","Jul", 6.83750000,"winter","IhingerHof_2021_barley","IhingerHof_2021","IhingerHof_2021_barley_4", 6.0218155,22, 5.785412,1.181851781,1.04086193,0.16666667,-1.38205347, 1.6763514,"prop_swf.2021",0.0023670507,0.0421468927,0.0347197744,0.0306483017,0.0660970400,0.0844540930,0.0760966039,0.0826505017,0.0636566628,0.0529680050, 100, 200, 300, 400, 500, 600, 700, 800, 900,1000
"Ih_18_12","IhingerHof","2021","barley",12.0, 8.335380,68.07614,15.22736,345,177,478,13,2,0.9418631,39.66425,200,70.63987,1.7741133,"Sep","Jul", 6.81770000,"winter","IhingerHof_2021_barley","IhingerHof_2021","IhingerHof_2021_barley_12", 5.9480086,21, 5.785412,1.178429381,1.02810450,0.50000000,-1.38205347, 1.6763514,"prop_swf.2021",0.0023670507,0.0421468927,0.0347197744,0.0306483017,0.0660970400,0.0844540930,0.0760966039,0.0826505017,0.0636566628,0.0529680050, 100, 200, 300, 400, 500, 600, 700, 800, 900,1000
"Ih_18_18","IhingerHof","2021","barley",18.0, 8.335380,68.07614,15.22736,345,177,478,13,2,0.9418631,39.66425,200,70.63987,1.7741133,"Sep","Jul", 5.92227083,"winter","IhingerHof_2021_barley","IhingerHof_2021","IhingerHof_2021_barley_18", 5.8770876,24, 5.785412,1.023655771,1.01584591,0.75000000,-1.38205347, 1.6763514,"prop_swf.2021",0.0023670507,0.0421468927,0.0347197744,0.0306483017,0.0660970400,0.0844540930,0.0760966039,0.0826505017,0.0636566628,0.0529680050, 100, 200, 300, 400, 500, 600, 700, 800, 900,1000
"Ih_18_24","IhingerHof","2021","barley",24.0, 8.335380,68.07614,15.22736,345,177,478,13,2,0.9418631,39.66425,200,70.63987,1.7741133,"Sep","Jul", 6.34350000,"winter","IhingerHof_2021_barley","IhingerHof_2021","IhingerHof_2021_barley_24", 6.0048567,24, 5.785412,1.096464611,1.03793062,1.00000000,-1.38205347, 1.6763514,"prop_swf.2021",0.0023670507,0.0421468927,0.0347197744,0.0306483017,0.0660970400,0.0844540930,0.0760966039,0.0826505017,0.0636566628,0.0529680050, 100, 200, 300, 400, 500, 600, 700, 800, 900,1000
"Ih_19_7","IhingerHof","2021","barley", 7.0, 8.335380,68.07614,15.22736,345,177,478,13,2,0.9418631,39.66425,200,70.63987,1.7741133,"Sep","Jul", 5.37084444,"winter","IhingerHof_2021_barley","IhingerHof_2021","IhingerHof_2021_barley_7", 5.0752939, 9, 5.785412,0.928342534,0.87725705,0.29166667,-1.38205347, 1.6763514,"prop_swf.2021",0.0023670507,0.0421468927,0.0347197744,0.0306483017,0.0660970400,0.0844540930,0.0760966039,0.0826505017,0.0636566628,0.0529680050, 100, 200, 300, 400, 500, 600, 700, 800, 900,1000
"Ih_19_12","IhingerHof","2021","barley",12.0, 8.335380,68.07614,15.22736,345,177,478,13,2,0.9418631,39.66425,200,70.63987,1.7741133,"Sep","Jul", 6.83324444,"winter","IhingerHof_2021_barley","IhingerHof_2021","IhingerHof_2021_barley_12", 5.9480086,21, 5.785412,1.181116215,1.02810450,0.50000000,-1.38205347, 1.6763514,"prop_swf.2021",0.0023670507,0.0421468927,0.0347197744,0.0306483017,0.0660970400,0.0844540930,0.0760966039,0.0826505017,0.0636566628,0.0529680050, 100, 200, 300, 400, 500, 600, 700, 800, 900,1000
"Ih_19_18","IhingerHof","2021","barley",18.0, 8.335380,68.07614,15.22736,345,177,478,13,2,0.9418631,39.66425,200,70.63987,1.7741133,"Sep","Jul", 6.21207692,"winter","IhingerHof_2021_barley","IhingerHof_2021","IhingerHof_2021_barley_18", 5.8770876,24, 5.785412,1.073748326,1.01584591,0.75000000,-1.38205347, 1.6763514,"prop_swf.2021",0.0023670507,0.0421468927,0.0347197744,0.0306483017,0.0660970400,0.0844540930,0.0760966039,0.0826505017,0.0636566628,0.0529680050, 100, 200, 300, 400, 500, 600, 700, 800, 900,1000
"Ih_19_24","IhingerHof","2021","barley",24.0, 8.335380,68.07614,15.22736,345,177,478,13,2,0.9418631,39.66425,200,70.63987,1.7741133,"Sep","Jul", 6.29697297,"winter","IhingerHof_2021_barley","IhingerHof_2021","IhingerHof_2021_barley_24", 6.0048567,24, 5.785412,1.088422483,1.03793062,1.00000000,-1.38205347, 1.6763514,"prop_swf.2021",0.0023670507,0.0421468927,0.0347197744,0.0306483017,0.0660970400,0.0844540930,0.0760966039,0.0826505017,0.0636566628,0.0529680050, 100, 200, 300, 400, 500, 600, 700, 800, 900,1000
"Ih_20_4","IhingerHof","2021","barley", 4.0, 8.335380,68.07614,15.22736,345,177,478,13,2,0.9418631,39.66425,200,70.63987,1.7741133,"Sep","Jul", 4.38495000,"winter","IhingerHof_2021_barley","IhingerHof_2021","IhingerHof_2021_barley_4", 6.0218155,22, 5.785412,0.757932134,1.04086193,0.16666667,-1.38205347, 1.6763514,"prop_swf.2021",0.0023670507,0.0421468927,0.0347197744,0.0306483017,0.0660970400,0.0844540930,0.0760966039,0.0826505017,0.0636566628,0.0529680050, 100, 200, 300, 400, 500, 600, 700, 800, 900,1000
"Ih_20_7","IhingerHof","2021","barley", 7.0, 8.335380,68.07614,15.22736,345,177,478,13,2,0.9418631,39.66425,200,70.63987,1.7741133,"Sep","Jul", 5.96802941,"winter","IhingerHof_2021_barley","IhingerHof_2021","IhingerHof_2021_barley_7", 5.0752939, 9, 5.785412,1.031565074,0.87725705,0.29166667,-1.38205347, 1.6763514,"prop_swf.2021",0.0023670507,0.0421468927,0.0347197744,0.0306483017,0.0660970400,0.0844540930,0.0760966039,0.0826505017,0.0636566628,0.0529680050, 100, 200, 300, 400, 500, 600, 700, 800, 900,1000
"Ih_20_12","IhingerHof","2021","barley",12.0, 8.335380,68.07614,15.22736,345,177,478,13,2,0.9418631,39.66425,200,70.63987,1.7741133,"Sep","Jul", 4.95794545,"winter","IhingerHof_2021_barley","IhingerHof_2021","IhingerHof_2021_barley_12", 5.9480086,21, 5.785412,0.856973553,1.02810450,0.50000000,-1.38205347, 1.6763514,"prop_swf.2021",0.0023670507,0.0421468927,0.0347197744,0.0306483017,0.0660970400,0.0844540930,0.0760966039,0.0826505017,0.0636566628,0.0529680050, 100, 200, 300, 400, 500, 600, 700, 800, 900,1000
"Ih_20_18","IhingerHof","2021","barley",18.0, 8.335380,68.07614,15.22736,345,177,478,13,2,0.9418631,39.66425,200,70.63987,1.7741133,"Sep","Jul", 6.61395122,"winter","IhingerHof_2021_barley","IhingerHof_2021","IhingerHof_2021_barley_18", 5.8770876,24, 5.785412,1.143211705,1.01584591,0.75000000,-1.38205347, 1.6763514,"prop_swf.2021",0.0023670507,0.0421468927,0.0347197744,0.0306483017,0.0660970400,0.0844540930,0.0760966039,0.0826505017,0.0636566628,0.0529680050, 100, 200, 300, 400, 500, 600, 700, 800, 900,1000
"Ih_20_24","IhingerHof","2021","barley",24.0, 8.335380,68.07614,15.22736,345,177,478,13,2,0.9418631,39.66425,200,70.63987,1.7741133,"Sep","Jul", 6.51551163,"winter","IhingerHof_2021_barley","IhingerHof_2021","IhingerHof_2021_barley_24", 6.0048567,24, 5.785412,1.126196567,1.03793062,1.00000000,-1.38205347, 1.6763514,"prop_swf.2021",0.0023670507,0.0421468927,0.0347197744,0.0306483017,0.0660970400,0.0844540930,0.0760966039,0.0826505017,0.0636566628,0.0529680050, 100, 200, 300, 400, 500, 600, 700, 800, 900,1000
"Ih_21_4","IhingerHof","2021","barley", 4.0, 8.335380,68.07614,15.22736,345,177,478,13,2,0.9418631,39.66425,200,70.63987,1.7741133,"Sep","Jul", 6.21595349,"winter","IhingerHof_2021_barley","IhingerHof_2021","IhingerHof_2021_barley_4", 6.0218155,22, 5.785412,1.074418384,1.04086193,0.16666667,-1.38205347, 1.6763514,"prop_swf.2021",0.0023670507,0.0421468927,0.0347197744,0.0306483017,0.0660970400,0.0844540930,0.0760966039,0.0826505017,0.0636566628,0.0529680050, 100, 200, 300, 400, 500, 600, 700, 800, 900,1000
"Ih_21_7","IhingerHof","2021","barley", 7.0, 8.335380,68.07614,15.22736,345,177,478,13,2,0.9418631,39.66425,200,70.63987,1.7741133,"Sep","Jul", 0.05836364,"winter","IhingerHof_2021_barley","IhingerHof_2021","IhingerHof_2021_barley_7", 5.0752939, 9, 5.785412,0.010088068,0.87725705,0.29166667,-1.38205347, 1.6763514,"prop_swf.2021",0.0023670507,0.0421468927,0.0347197744,0.0306483017,0.0660970400,0.0844540930,0.0760966039,0.0826505017,0.0636566628,0.0529680050, 100, 200, 300, 400, 500, 600, 700, 800, 900,1000
"Ih_21_12","IhingerHof","2021","barley",12.0, 8.335380,68.07614,15.22736,345,177,478,13,2,0.9418631,39.66425,200,70.63987,1.7741133,"Sep","Jul", 3.77532353,"winter","IhingerHof_2021_barley","IhingerHof_2021","IhingerHof_2021_barley_12", 5.9480086,21, 5.785412,0.652559099,1.02810450,0.50000000,-1.38205347, 1.6763514,"prop_swf.2021",0.0023670507,0.0421468927,0.0347197744,0.0306483017,0.0660970400,0.0844540930,0.0760966039,0.0826505017,0.0636566628,0.0529680050, 100, 200, 300, 400, 500, 600, 700, 800, 900,1000
"Ih_21_18","IhingerHof","2021","barley",18.0, 8.335380,68.07614,15.22736,345,177,478,13,2,0.9418631,39.66425,200,70.63987,1.7741133,"Sep","Jul", 6.30814583,"winter","IhingerHof_2021_barley","IhingerHof_2021","IhingerHof_2021_barley_18", 5.8770876,24, 5.785412,1.090353695,1.01584591,0.75000000,-1.38205347, 1.6763514,"prop_swf.2021",0.0023670507,0.0421468927,0.0347197744,0.0306483017,0.0660970400,0.0844540930,0.0760966039,0.0826505017,0.0636566628,0.0529680050, 100, 200, 300, 400, 500, 600, 700, 800, 900,1000
"Ih_21_24","IhingerHof","2021","barley",24.0, 8.335380,68.07614,15.22736,345,177,478,13,2,0.9418631,39.66425,200,70.63987,1.7741133,"Sep","Jul", 6.81421053,"winter","IhingerHof_2021_barley","IhingerHof_2021","IhingerHof_2021_barley_24", 6.0048567,24, 5.785412,1.177826230,1.03793062,1.00000000,-1.38205347, 1.6763514,"prop_swf.2021",0.0023670507,0.0421468927,0.0347197744,0.0306483017,0.0660970400,0.0844540930,0.0760966039,0.0826505017,0.0636566628,0.0529680050, 100, 200, 300, 400, 500, 600, 700, 800, 900,1000
"Ih_22_4","IhingerHof","2021","barley", 4.0, 8.335380,68.07614,15.22736,345,177,478,13,2,0.9418631,39.66425,200,70.63987,1.7741133,"Sep","Jul", 3.03531579,"winter","IhingerHof_2021_barley","IhingerHof_2021","IhingerHof_2021_barley_4", 6.0218155,22, 5.785412,0.524649853,1.04086193,0.16666667,-1.38205347, 1.6763514,"prop_swf.2021",0.0023670507,0.0421468927,0.0347197744,0.0306483017,0.0660970400,0.0844540930,0.0760966039,0.0826505017,0.0636566628,0.0529680050, 100, 200, 300, 400, 500, 600, 700, 800, 900,1000
"Ih_22_7","IhingerHof","2021","barley", 7.0, 8.335380,68.07614,15.22736,345,177,478,13,2,0.9418631,39.66425,200,70.63987,1.7741133,"Sep","Jul", 6.01221212,"winter","IhingerHof_2021_barley","IhingerHof_2021","IhingerHof_2021_barley_7", 5.0752939, 9, 5.785412,1.039201990,0.87725705,0.29166667,-1.38205347, 1.6763514,"prop_swf.2021",0.0023670507,0.0421468927,0.0347197744,0.0306483017,0.0660970400,0.0844540930,0.0760966039,0.0826505017,0.0636566628,0.0529680050, 100, 200, 300, 400, 500, 600, 700, 800, 900,1000
"Ih_22_18","IhingerHof","2021","barley",18.0, 8.335380,68.07614,15.22736,345,177,478,13,2,0.9418631,39.66425,200,70.63987,1.7741133,"Sep","Jul", 4.19085185,"winter","IhingerHof_2021_barley","IhingerHof_2021","IhingerHof_2021_barley_18", 5.8770876,24, 5.785412,0.724382556,1.01584591,0.75000000,-1.38205347, 1.6763514,"prop_swf.2021",0.0023670507,0.0421468927,0.0347197744,0.0306483017,0.0660970400,0.0844540930,0.0760966039,0.0826505017,0.0636566628,0.0529680050, 100, 200, 300, 400, 500, 600, 700, 800, 900,1000
"Ih_22_24","IhingerHof","2021","barley",24.0, 8.335380,68.07614,15.22736,345,177,478,13,2,0.9418631,39.66425,200,70.63987,1.7741133,"Sep","Jul", 3.77397403,"winter","IhingerHof_2021_barley","IhingerHof_2021","IhingerHof_2021_barley_24", 6.0048567,24, 5.785412,0.652325839,1.03793062,1.00000000,-1.38205347, 1.6763514,"prop_swf.2021",0.0023670507,0.0421468927,0.0347197744,0.0306483017,0.0660970400,0.0844540930,0.0760966039,0.0826505017,0.0636566628,0.0529680050, 100, 200, 300, 400, 500, 600, 700, 800, 900,1000
"Ih_23_4","IhingerHof","2021","barley", 4.0, 8.335380,68.07614,15.22736,345,177,478,13,2,0.9418631,39.66425,200,70.63987,1.7741133,"Sep","Jul", 3.37900000,"winter","IhingerHof_2021_barley","IhingerHof_2021","IhingerHof_2021_barley_4", 6.0218155,22, 5.785412,0.584055162,1.04086193,0.16666667,-1.38205347, 1.6763514,"prop_swf.2021",0.0023670507,0.0421468927,0.0347197744,0.0306483017,0.0660970400,0.0844540930,0.0760966039,0.0826505017,0.0636566628,0.0529680050, 100, 200, 300, 400, 500, 600, 700, 800, 900,1000
"Ih_23_7","IhingerHof","2021","barley", 7.0, 8.335380,68.07614,15.22736,345,177,478,13,2,0.9418631,39.66425,200,70.63987,1.7741133,"Sep","Jul", 5.76637209,"winter","IhingerHof_2021_barley","IhingerHof_2021","IhingerHof_2021_barley_7", 5.0752939, 9, 5.785412,0.996708904,0.87725705,0.29166667,-1.38205347, 1.6763514,"prop_swf.2021",0.0023670507,0.0421468927,0.0347197744,0.0306483017,0.0660970400,0.0844540930,0.0760966039,0.0826505017,0.0636566628,0.0529680050, 100, 200, 300, 400, 500, 600, 700, 800, 900,1000
"Ih_23_18","IhingerHof","2021","barley",18.0, 8.335380,68.07614,15.22736,345,177,478,13,2,0.9418631,39.66425,200,70.63987,1.7741133,"Sep","Jul", 5.04052500,"winter","IhingerHof_2021_barley","IhingerHof_2021","IhingerHof_2021_barley_18", 5.8770876,24, 5.785412,0.871247305,1.01584591,0.75000000,-1.38205347, 1.6763514,"prop_swf.2021",0.0023670507,0.0421468927,0.0347197744,0.0306483017,0.0660970400,0.0844540930,0.0760966039,0.0826505017,0.0636566628,0.0529680050, 100, 200, 300, 400, 500, 600, 700, 800, 900,1000
"Ih_23_24","IhingerHof","2021","barley",24.0, 8.335380,68.07614,15.22736,345,177,478,13,2,0.9418631,39.66425,200,70.63987,1.7741133,"Sep","Jul", 5.56175281,"winter","IhingerHof_2021_barley","IhingerHof_2021","IhingerHof_2021_barley_24", 6.0048567,24, 5.785412,0.961340763,1.03793062,1.00000000,-1.38205347, 1.6763514,"prop_swf.2021",0.0023670507,0.0421468927,0.0347197744,0.0306483017,0.0660970400,0.0844540930,0.0760966039,0.0826505017,0.0636566628,0.0529680050, 100, 200, 300, 400, 500, 600, 700, 800, 900,1000
"Ih_24_4","IhingerHof","2021","barley", 4.0, 8.335380,68.07614,15.22736,345,177,478,13,2,0.9418631,39.66425,200,70.63987,1.7741133,"Sep","Jul", 2.42131250,"winter","IhingerHof_2021_barley","IhingerHof_2021","IhingerHof_2021_barley_4", 6.0218155,22, 5.785412,0.418520291,1.04086193,0.16666667,-1.38205347, 1.6763514,"prop_swf.2021",0.0023670507,0.0421468927,0.0347197744,0.0306483017,0.0660970400,0.0844540930,0.0760966039,0.0826505017,0.0636566628,0.0529680050, 100, 200, 300, 400, 500, 600, 700, 800, 900,1000
"Ih_24_7","IhingerHof","2021","barley", 7.0, 8.335380,68.07614,15.22736,345,177,478,13,2,0.9418631,39.66425,200,70.63987,1.7741133,"Sep","Jul", 6.09504762,"winter","IhingerHof_2021_barley","IhingerHof_2021","IhingerHof_2021_barley_7", 5.0752939, 9, 5.785412,1.053519983,0.87725705,0.29166667,-1.38205347, 1.6763514,"prop_swf.2021",0.0023670507,0.0421468927,0.0347197744,0.0306483017,0.0660970400,0.0844540930,0.0760966039,0.0826505017,0.0636566628,0.0529680050, 100, 200, 300, 400, 500, 600, 700, 800, 900,1000
"Ih_24_18","IhingerHof","2021","barley",18.0, 8.335380,68.07614,15.22736,345,177,478,13,2,0.9418631,39.66425,200,70.63987,1.7741133,"Sep","Jul", 5.50487805,"winter","IhingerHof_2021_barley","IhingerHof_2021","IhingerHof_2021_barley_18", 5.8770876,24, 5.785412,0.951510044,1.01584591,0.75000000,-1.38205347, 1.6763514,"prop_swf.2021",0.0023670507,0.0421468927,0.0347197744,0.0306483017,0.0660970400,0.0844540930,0.0760966039,0.0826505017,0.0636566628,0.0529680050, 100, 200, 300, 400, 500, 600, 700, 800, 900,1000
"Ih_24_24","IhingerHof","2021","barley",24.0, 8.335380,68.07614,15.22736,345,177,478,13,2,0.9418631,39.66425,200,70.63987,1.7741133,"Sep","Jul", 6.15337000,"winter","IhingerHof_2021_barley","IhingerHof_2021","IhingerHof_2021_barley_24", 6.0048567,24, 5.785412,1.063600921,1.03793062,1.00000000,-1.38205347, 1.6763514,"prop_swf.2021",0.0023670507,0.0421468927,0.0347197744,0.0306483017,0.0660970400,0.0844540930,0.0760966039,0.0826505017,0.0636566628,0.0529680050, 100, 200, 300, 400, 500, 600, 700, 800, 900,1000
"Ih_1_4","IhingerHof","2022","rapeseed", 4.0, 9.064261,50.26566,18.79871,345,177,478,14,0,0.9437688,37.72614,134,70.71131,1.7741133,"Sep","Jul", 2.57534884,"winter","IhingerHof_2022_rapeseed","IhingerHof_2022","IhingerHof_2022_rapeseed_4", 2.5114944,21, 2.651888,0.971137695,0.94705885,0.16666667,-0.09692185, 1.6763514,"prop_swf.2021",0.0023670507,0.0421468927,0.0347197744,0.0306483017,0.0660970400,0.0844540930,0.0760966039,0.0826505017,0.0636566628,0.0529680050, 100, 200, 300, 400, 500, 600, 700, 800, 900,1000
"Ih_1_12","IhingerHof","2022","rapeseed",12.0, 9.064261,50.26566,18.79871,345,177,478,14,0,0.9437688,37.72614,134,70.71131,1.7741133,"Sep","Jul", 2.63319444,"winter","IhingerHof_2022_rapeseed","IhingerHof_2022","IhingerHof_2022_rapeseed_12", 2.6823744,21, 2.651888,0.992950682,1.01149596,0.50000000,-0.09692185, 1.6763514,"prop_swf.2021",0.0023670507,0.0421468927,0.0347197744,0.0306483017,0.0660970400,0.0844540930,0.0760966039,0.0826505017,0.0636566628,0.0529680050, 100, 200, 300, 400, 500, 600, 700, 800, 900,1000
"Ih_1_18","IhingerHof","2022","rapeseed",18.0, 9.064261,50.26566,18.79871,345,177,478,14,0,0.9437688,37.72614,134,70.71131,1.7741133,"Sep","Jul", 2.36638889,"winter","IhingerHof_2022_rapeseed","IhingerHof_2022","IhingerHof_2022_rapeseed_18", 2.8576295,21, 2.651888,0.892341037,1.07758284,0.75000000,-0.09692185, 1.6763514,"prop_swf.2021",0.0023670507,0.0421468927,0.0347197744,0.0306483017,0.0660970400,0.0844540930,0.0760966039,0.0826505017,0.0636566628,0.0529680050, 100, 200, 300, 400, 500, 600, 700, 800, 900,1000
"Ih_1_24","IhingerHof","2022","rapeseed",24.0, 9.064261,50.26566,18.79871,345,177,478,14,0,0.9437688,37.72614,134,70.71131,1.7741133,"Sep","Jul", 2.63477778,"winter","IhingerHof_2022_rapeseed","IhingerHof_2022","IhingerHof_2022_rapeseed_24", 2.9363863,21, 2.651888,0.993547741,1.10728122,1.00000000,-0.09692185, 1.6763514,"prop_swf.2021",0.0023670507,0.0421468927,0.0347197744,0.0306483017,0.0660970400,0.0844540930,0.0760966039,0.0826505017,0.0636566628,0.0529680050, 100, 200, 300, 400, 500, 600, 700, 800, 900,1000
"Ih_2_4","IhingerHof","2022","rapeseed", 4.0, 9.064261,50.26566,18.79871,345,177,478,14,0,0.9437688,37.72614,134,70.71131,1.7741133,"Sep","Jul", 2.92885714,"winter","IhingerHof_2022_rapeseed","IhingerHof_2022","IhingerHof_2022_rapeseed_4", 2.5114944,21, 2.651888,1.104442060,0.94705885,0.16666667,-0.09692185, 1.6763514,"prop_swf.2021",0.0023670507,0.0421468927,0.0347197744,0.0306483017,0.0660970400,0.0844540930,0.0760966039,0.0826505017,0.0636566628,0.0529680050, 100, 200, 300, 400, 500, 600, 700, 800, 900,1000
"Ih_2_12","IhingerHof","2022","rapeseed",12.0, 9.064261,50.26566,18.79871,345,177,478,14,0,0.9437688,37.72614,134,70.71131,1.7741133,"Sep","Jul", 3.00220000,"winter","IhingerHof_2022_rapeseed","IhingerHof_2022","IhingerHof_2022_rapeseed_12", 2.6823744,21, 2.651888,1.132098901,1.01149596,0.50000000,-0.09692185, 1.6763514,"prop_swf.2021",0.0023670507,0.0421468927,0.0347197744,0.0306483017,0.0660970400,0.0844540930,0.0760966039,0.0826505017,0.0636566628,0.0529680050, 100, 200, 300, 400, 500, 600, 700, 800, 900,1000
"Ih_2_18","IhingerHof","2022","rapeseed",18.0, 9.064261,50.26566,18.79871,345,177,478,14,0,0.9437688,37.72614,134,70.71131,1.7741133,"Sep","Jul", 3.06872340,"winter","IhingerHof_2022_rapeseed","IhingerHof_2022","IhingerHof_2022_rapeseed_18", 2.8576295,21, 2.651888,1.157184196,1.07758284,0.75000000,-0.09692185, 1.6763514,"prop_swf.2021",0.0023670507,0.0421468927,0.0347197744,0.0306483017,0.0660970400,0.0844540930,0.0760966039,0.0826505017,0.0636566628,0.0529680050, 100, 200, 300, 400, 500, 600, 700, 800, 900,1000
"Ih_2_24","IhingerHof","2022","rapeseed",24.0, 9.064261,50.26566,18.79871,345,177,478,14,0,0.9437688,37.72614,134,70.71131,1.7741133,"Sep","Jul", 3.26032075,"winter","IhingerHof_2022_rapeseed","IhingerHof_2022","IhingerHof_2022_rapeseed_24", 2.9363863,21, 2.651888,1.229433597,1.10728122,1.00000000,-0.09692185, 1.6763514,"prop_swf.2021",0.0023670507,0.0421468927,0.0347197744,0.0306483017,0.0660970400,0.0844540930,0.0760966039,0.0826505017,0.0636566628,0.0529680050, 100, 200, 300, 400, 500, 600, 700, 800, 900,1000
"Ih_3_4","IhingerHof","2022","rapeseed", 4.0, 9.064261,50.26566,18.79871,345,177,478,14,0,0.9437688,37.72614,134,70.71131,1.7741133,"Sep","Jul", 3.10830435,"winter","IhingerHof_2022_rapeseed","IhingerHof_2022","IhingerHof_2022_rapeseed_4", 2.5114944,21, 2.651888,1.172109765,0.94705885,0.16666667,-0.09692185, 1.6763514,"prop_swf.2021",0.0023670507,0.0421468927,0.0347197744,0.0306483017,0.0660970400,0.0844540930,0.0760966039,0.0826505017,0.0636566628,0.0529680050, 100, 200, 300, 400, 500, 600, 700, 800, 900,1000
"Ih_3_12","IhingerHof","2022","rapeseed",12.0, 9.064261,50.26566,18.79871,345,177,478,14,0,0.9437688,37.72614,134,70.71131,1.7741133,"Sep","Jul", 3.25072917,"winter","IhingerHof_2022_rapeseed","IhingerHof_2022","IhingerHof_2022_rapeseed_12", 2.6823744,21, 2.651888,1.225816707,1.01149596,0.50000000,-0.09692185, 1.6763514,"prop_swf.2021",0.0023670507,0.0421468927,0.0347197744,0.0306483017,0.0660970400,0.0844540930,0.0760966039,0.0826505017,0.0636566628,0.0529680050, 100, 200, 300, 400, 500, 600, 700, 800, 900,1000
"Ih_3_18","IhingerHof","2022","rapeseed",18.0, 9.064261,50.26566,18.79871,345,177,478,14,0,0.9437688,37.72614,134,70.71131,1.7741133,"Sep","Jul", 3.17308000,"winter","IhingerHof_2022_rapeseed","IhingerHof_2022","IhingerHof_2022_rapeseed_18", 2.8576295,21, 2.651888,1.196536001,1.07758284,0.75000000,-0.09692185, 1.6763514,"prop_swf.2021",0.0023670507,0.0421468927,0.0347197744,0.0306483017,0.0660970400,0.0844540930,0.0760966039,0.0826505017,0.0636566628,0.0529680050, 100, 200, 300, 400, 500, 600, 700, 800, 900,1000
"Ih_3_24","IhingerHof","2022","rapeseed",24.0, 9.064261,50.26566,18.79871,345,177,478,14,0,0.9437688,37.72614,134,70.71131,1.7741133,"Sep","Jul", 2.86883019,"winter","IhingerHof_2022_rapeseed","IhingerHof_2022","IhingerHof_2022_rapeseed_24", 2.9363863,21, 2.651888,1.081806510,1.10728122,1.00000000,-0.09692185, 1.6763514,"prop_swf.2021",0.0023670507,0.0421468927,0.0347197744,0.0306483017,0.0660970400,0.0844540930,0.0760966039,0.0826505017,0.0636566628,0.0529680050, 100, 200, 300, 400, 500, 600, 700, 800, 900,1000
"Ih_4_4","IhingerHof","2022","rapeseed", 4.0, 9.064261,50.26566,18.79871,345,177,478,14,0,0.9437688,37.72614,134,70.71131,1.7741133,"Sep","Jul", 1.34160000,"winter","IhingerHof_2022_rapeseed","IhingerHof_2022","IhingerHof_2022_rapeseed_4", 2.5114944,21, 2.651888,0.505903633,0.94705885,0.16666667,-0.09692185, 1.6763514,"prop_swf.2021",0.0023670507,0.0421468927,0.0347197744,0.0306483017,0.0660970400,0.0844540930,0.0760966039,0.0826505017,0.0636566628,0.0529680050, 100, 200, 300, 400, 500, 600, 700, 800, 900,1000
"Ih_4_12","IhingerHof","2022","rapeseed",12.0, 9.064261,50.26566,18.79871,345,177,478,14,0,0.9437688,37.72614,134,70.71131,1.7741133,"Sep","Jul", 2.37057143,"winter","IhingerHof_2022_rapeseed","IhingerHof_2022","IhingerHof_2022_rapeseed_12", 2.6823744,21, 2.651888,0.893918230,1.01149596,0.50000000,-0.09692185, 1.6763514,"prop_swf.2021",0.0023670507,0.0421468927,0.0347197744,0.0306483017,0.0660970400,0.0844540930,0.0760966039,0.0826505017,0.0636566628,0.0529680050, 100, 200, 300, 400, 500, 600, 700, 800, 900,1000
"Ih_4_18","IhingerHof","2022","rapeseed",18.0, 9.064261,50.26566,18.79871,345,177,478,14,0,0.9437688,37.72614,134,70.71131,1.7741133,"Sep","Jul", 2.63646154,"winter","IhingerHof_2022_rapeseed","IhingerHof_2022","IhingerHof_2022_rapeseed_18", 2.8576295,21, 2.651888,0.994182670,1.07758284,0.75000000,-0.09692185, 1.6763514,"prop_swf.2021",0.0023670507,0.0421468927,0.0347197744,0.0306483017,0.0660970400,0.0844540930,0.0760966039,0.0826505017,0.0636566628,0.0529680050, 100, 200, 300, 400, 500, 600, 700, 800, 900,1000
"Ih_4_24","IhingerHof","2022","rapeseed",24.0, 9.064261,50.26566,18.79871,345,177,478,14,0,0.9437688,37.72614,134,70.71131,1.7741133,"Sep","Jul", 0.31040000,"winter","IhingerHof_2022_rapeseed","IhingerHof_2022","IhingerHof_2022_rapeseed_24", 2.9363863,21, 2.651888,0.117048664,1.10728122,1.00000000,-0.09692185, 1.6763514,"prop_swf.2021",0.0023670507,0.0421468927,0.0347197744,0.0306483017,0.0660970400,0.0844540930,0.0760966039,0.0826505017,0.0636566628,0.0529680050, 100, 200, 300, 400, 500, 600, 700, 800, 900,1000
"Ih_5_4","IhingerHof","2022","rapeseed", 4.0, 9.064261,50.26566,18.79871,345,177,478,14,0,0.9437688,37.72614,134,70.71131,1.7741133,"Sep","Jul", 2.70013636,"winter","IhingerHof_2022_rapeseed","IhingerHof_2022","IhingerHof_2022_rapeseed_4", 2.5114944,21, 2.651888,1.018193795,0.94705885,0.16666667,-0.09692185, 1.6763514,"prop_swf.2021",0.0023670507,0.0421468927,0.0347197744,0.0306483017,0.0660970400,0.0844540930,0.0760966039,0.0826505017,0.0636566628,0.0529680050, 100, 200, 300, 400, 500, 600, 700, 800, 900,1000
"Ih_5_12","IhingerHof","2022","rapeseed",12.0, 9.064261,50.26566,18.79871,345,177,478,14,0,0.9437688,37.72614,134,70.71131,1.7741133,"Sep","Jul", 3.04600000,"winter","IhingerHof_2022_rapeseed","IhingerHof_2022","IhingerHof_2022_rapeseed_12", 2.6823744,21, 2.651888,1.148615433,1.01149596,0.50000000,-0.09692185, 1.6763514,"prop_swf.2021",0.0023670507,0.0421468927,0.0347197744,0.0306483017,0.0660970400,0.0844540930,0.0760966039,0.0826505017,0.0636566628,0.0529680050, 100, 200, 300, 400, 500, 600, 700, 800, 900,1000
"Ih_5_18","IhingerHof","2022","rapeseed",18.0, 9.064261,50.26566,18.79871,345,177,478,14,0,0.9437688,37.72614,134,70.71131,1.7741133,"Sep","Jul", 3.05669231,"winter","IhingerHof_2022_rapeseed","IhingerHof_2022","IhingerHof_2022_rapeseed_18", 2.8576295,21, 2.651888,1.152647393,1.07758284,0.75000000,-0.09692185, 1.6763514,"prop_swf.2021",0.0023670507,0.0421468927,0.0347197744,0.0306483017,0.0660970400,0.0844540930,0.0760966039,0.0826505017,0.0636566628,0.0529680050, 100, 200, 300, 400, 500, 600, 700, 800, 900,1000
"Ih_5_24","IhingerHof","2022","rapeseed",24.0, 9.064261,50.26566,18.79871,345,177,478,14,0,0.9437688,37.72614,134,70.71131,1.7741133,"Sep","Jul", 2.89338095,"winter","IhingerHof_2022_rapeseed","IhingerHof_2022","IhingerHof_2022_rapeseed_24", 2.9363863,21, 2.651888,1.091064352,1.10728122,1.00000000,-0.09692185, 1.6763514,"prop_swf.2021",0.0023670507,0.0421468927,0.0347197744,0.0306483017,0.0660970400,0.0844540930,0.0760966039,0.0826505017,0.0636566628,0.0529680050, 100, 200, 300, 400, 500, 600, 700, 800, 900,1000
"Ih_6_4","IhingerHof","2022","rapeseed", 4.0, 9.064261,50.26566,18.79871,345,177,478,14,0,0.9437688,37.72614,134,70.71131,1.7741133,"Sep","Jul", 2.52508333,"winter","IhingerHof_2022_rapeseed","IhingerHof_2022","IhingerHof_2022_rapeseed_4", 2.5114944,21, 2.651888,0.952183088,0.94705885,0.16666667,-0.09692185, 1.6763514,"prop_swf.2021",0.0023670507,0.0421468927,0.0347197744,0.0306483017,0.0660970400,0.0844540930,0.0760966039,0.0826505017,0.0636566628,0.0529680050, 100, 200, 300, 400, 500, 600, 700, 800, 900,1000
"Ih_6_12","IhingerHof","2022","rapeseed",12.0, 9.064261,50.26566,18.79871,345,177,478,14,0,0.9437688,37.72614,134,70.71131,1.7741133,"Sep","Jul", 2.63244444,"winter","IhingerHof_2022_rapeseed","IhingerHof_2022","IhingerHof_2022_rapeseed_12", 2.6823744,21, 2.651888,0.992667865,1.01149596,0.50000000,-0.09692185, 1.6763514,"prop_swf.2021",0.0023670507,0.0421468927,0.0347197744,0.0306483017,0.0660970400,0.0844540930,0.0760966039,0.0826505017,0.0636566628,0.0529680050, 100, 200, 300, 400, 500, 600, 700, 800, 900,1000
"Ih_6_18","IhingerHof","2022","rapeseed",18.0, 9.064261,50.26566,18.79871,345,177,478,14,0,0.9437688,37.72614,134,70.71131,1.7741133,"Sep","Jul", 2.59122727,"winter","IhingerHof_2022_rapeseed","IhingerHof_2022","IhingerHof_2022_rapeseed_18", 2.8576295,21, 2.651888,0.977125291,1.07758284,0.75000000,-0.09692185, 1.6763514,"prop_swf.2021",0.0023670507,0.0421468927,0.0347197744,0.0306483017,0.0660970400,0.0844540930,0.0760966039,0.0826505017,0.0636566628,0.0529680050, 100, 200, 300, 400, 500, 600, 700, 800, 900,1000
"Ih_6_24","IhingerHof","2022","rapeseed",24.0, 9.064261,50.26566,18.79871,345,177,478,14,0,0.9437688,37.72614,134,70.71131,1.7741133,"Sep","Jul", 3.30271154,"winter","IhingerHof_2022_rapeseed","IhingerHof_2022","IhingerHof_2022_rapeseed_24", 2.9363863,21, 2.651888,1.245418728,1.10728122,1.00000000,-0.09692185, 1.6763514,"prop_swf.2021",0.0023670507,0.0421468927,0.0347197744,0.0306483017,0.0660970400,0.0844540930,0.0760966039,0.0826505017,0.0636566628,0.0529680050, 100, 200, 300, 400, 500, 600, 700, 800, 900,1000
"Ih_7_4","IhingerHof","2022","rapeseed", 4.0, 9.064261,50.26566,18.79871,345,177,478,14,0,0.9437688,37.72614,134,70.71131,1.7741133,"Sep","Jul", 2.21764103,"winter","IhingerHof_2022_rapeseed","IhingerHof_2022","IhingerHof_2022_rapeseed_4", 2.5114944,21, 2.651888,0.836249740,0.94705885,0.16666667,-0.09692185, 1.6763514,"prop_swf.2021",0.0023670507,0.0421468927,0.0347197744,0.0306483017,0.0660970400,0.0844540930,0.0760966039,0.0826505017,0.0636566628,0.0529680050, 100, 200, 300, 400, 500, 600, 700, 800, 900,1000
"Ih_7_12","IhingerHof","2022","rapeseed",12.0, 9.064261,50.26566,18.79871,345,177,478,14,0,0.9437688,37.72614,134,70.71131,1.7741133,"Sep","Jul", 4.19686207,"winter","IhingerHof_2022_rapeseed","IhingerHof_2022","IhingerHof_2022_rapeseed_12", 2.6823744,21, 2.651888,1.582593744,1.01149596,0.50000000,-0.09692185, 1.6763514,"prop_swf.2021",0.0023670507,0.0421468927,0.0347197744,0.0306483017,0.0660970400,0.0844540930,0.0760966039,0.0826505017,0.0636566628,0.0529680050, 100, 200, 300, 400, 500, 600, 700, 800, 900,1000
"Ih_7_18","IhingerHof","2022","rapeseed",18.0, 9.064261,50.26566,18.79871,345,177,478,14,0,0.9437688,37.72614,134,70.71131,1.7741133,"Sep","Jul", 2.75650000,"winter","IhingerHof_2022_rapeseed","IhingerHof_2022","IhingerHof_2022_rapeseed_18", 2.8576295,21, 2.651888,1.039447945,1.07758284,0.75000000,-0.09692185, 1.6763514,"prop_swf.2021",0.0023670507,0.0421468927,0.0347197744,0.0306483017,0.0660970400,0.0844540930,0.0760966039,0.0826505017,0.0636566628,0.0529680050, 100, 200, 300, 400, 500, 600, 700, 800, 900,1000
"Ih_7_24","IhingerHof","2022","rapeseed",24.0, 9.064261,50.26566,18.79871,345,177,478,14,0,0.9437688,37.72614,134,70.71131,1.7741133,"Sep","Jul", 2.96251613,"winter","IhingerHof_2022_rapeseed","IhingerHof_2022","IhingerHof_2022_rapeseed_24", 2.9363863,21, 2.651888,1.117134520,1.10728122,1.00000000,-0.09692185, 1.6763514,"prop_swf.2021",0.0023670507,0.0421468927,0.0347197744,0.0306483017,0.0660970400,0.0844540930,0.0760966039,0.0826505017,0.0636566628,0.0529680050, 100, 200, 300, 400, 500, 600, 700, 800, 900,1000
"Ih_8_4","IhingerHof","2022","rapeseed", 4.0, 9.064261,50.26566,18.79871,345,177,478,14,0,0.9437688,37.72614,134,70.71131,1.7741133,"Sep","Jul", 2.11435714,"winter","IhingerHof_2022_rapeseed","IhingerHof_2022","IhingerHof_2022_rapeseed_4", 2.5114944,21, 2.651888,0.797302444,0.94705885,0.16666667,-0.09692185, 1.6763514,"prop_swf.2021",0.0023670507,0.0421468927,0.0347197744,0.0306483017,0.0660970400,0.0844540930,0.0760966039,0.0826505017,0.0636566628,0.0529680050, 100, 200, 300, 400, 500, 600, 700, 800, 900,1000
"Ih_8_7","IhingerHof","2022","rapeseed", 7.0, 9.064261,50.26566,18.79871,345,177,478,14,0,0.9437688,37.72614,134,70.71131,1.7741133,"Sep","Jul", 2.66066667,"winter","IhingerHof_2022_rapeseed","IhingerHof_2022","IhingerHof_2022_rapeseed_7", 2.2715576, 4, 2.651888,1.003310176,0.85658113,0.29166667,-0.09692185, 1.6763514,"prop_swf.2021",0.0023670507,0.0421468927,0.0347197744,0.0306483017,0.0660970400,0.0844540930,0.0760966039,0.0826505017,0.0636566628,0.0529680050, 100, 200, 300, 400, 500, 600, 700, 800, 900,1000
"Ih_8_12","IhingerHof","2022","rapeseed",12.0, 9.064261,50.26566,18.79871,345,177,478,14,0,0.9437688,37.72614,134,70.71131,1.7741133,"Sep","Jul", 3.58595238,"winter","IhingerHof_2022_rapeseed","IhingerHof_2022","IhingerHof_2022_rapeseed_12", 2.6823744,21, 2.651888,1.352225951,1.01149596,0.50000000,-0.09692185, 1.6763514,"prop_swf.2021",0.0023670507,0.0421468927,0.0347197744,0.0306483017,0.0660970400,0.0844540930,0.0760966039,0.0826505017,0.0636566628,0.0529680050, 100, 200, 300, 400, 500, 600, 700, 800, 900,1000
"Ih_8_18","IhingerHof","2022","rapeseed",18.0, 9.064261,50.26566,18.79871,345,177,478,14,0,0.9437688,37.72614,134,70.71131,1.7741133,"Sep","Jul", 3.43683673,"winter","IhingerHof_2022_rapeseed","IhingerHof_2022","IhingerHof_2022_rapeseed_18", 2.8576295,21, 2.651888,1.295995967,1.07758284,0.75000000,-0.09692185, 1.6763514,"prop_swf.2021",0.0023670507,0.0421468927,0.0347197744,0.0306483017,0.0660970400,0.0844540930,0.0760966039,0.0826505017,0.0636566628,0.0529680050, 100, 200, 300, 400, 500, 600, 700, 800, 900,1000
"Ih_8_24","IhingerHof","2022","rapeseed",24.0, 9.064261,50.26566,18.79871,345,177,478,14,0,0.9437688,37.72614,134,70.71131,1.7741133,"Sep","Jul", 3.56514583,"winter","IhingerHof_2022_rapeseed","IhingerHof_2022","IhingerHof_2022_rapeseed_24", 2.9363863,21, 2.651888,1.344380015,1.10728122,1.00000000,-0.09692185, 1.6763514,"prop_swf.2021",0.0023670507,0.0421468927,0.0347197744,0.0306483017,0.0660970400,0.0844540930,0.0760966039,0.0826505017,0.0636566628,0.0529680050, 100, 200, 300, 400, 500, 600, 700, 800, 900,1000
"Ih_9_4","IhingerHof","2022","rapeseed", 4.0, 9.064261,50.26566,18.79871,345,177,478,14,0,0.9437688,37.72614,134,70.71131,1.7741133,"Sep","Jul", 2.64295833,"winter","IhingerHof_2022_rapeseed","IhingerHof_2022","IhingerHof_2022_rapeseed_4", 2.5114944,21, 2.651888,0.996632545,0.94705885,0.16666667,-0.09692185, 1.6763514,"prop_swf.2021",0.0023670507,0.0421468927,0.0347197744,0.0306483017,0.0660970400,0.0844540930,0.0760966039,0.0826505017,0.0636566628,0.0529680050, 100, 200, 300, 400, 500, 600, 700, 800, 900,1000
"Ih_9_12","IhingerHof","2022","rapeseed",12.0, 9.064261,50.26566,18.79871,345,177,478,14,0,0.9437688,37.72614,134,70.71131,1.7741133,"Sep","Jul", 2.19227907,"winter","IhingerHof_2022_rapeseed","IhingerHof_2022","IhingerHof_2022_rapeseed_12", 2.6823744,21, 2.651888,0.826686006,1.01149596,0.50000000,-0.09692185, 1.6763514,"prop_swf.2021",0.0023670507,0.0421468927,0.0347197744,0.0306483017,0.0660970400,0.0844540930,0.0760966039,0.0826505017,0.0636566628,0.0529680050, 100, 200, 300, 400, 500, 600, 700, 800, 900,1000
"Ih_9_18","IhingerHof","2022","rapeseed",18.0, 9.064261,50.26566,18.79871,345,177,478,14,0,0.9437688,37.72614,134,70.71131,1.7741133,"Sep","Jul", 2.71325000,"winter","IhingerHof_2022_rapeseed","IhingerHof_2022","IhingerHof_2022_rapeseed_18", 2.8576295,21, 2.651888,1.023138813,1.07758284,0.75000000,-0.09692185, 1.6763514,"prop_swf.2021",0.0023670507,0.0421468927,0.0347197744,0.0306483017,0.0660970400,0.0844540930,0.0760966039,0.0826505017,0.0636566628,0.0529680050, 100, 200, 300, 400, 500, 600, 700, 800, 900,1000
"Ih_9_24","IhingerHof","2022","rapeseed",24.0, 9.064261,50.26566,18.79871,345,177,478,14,0,0.9437688,37.72614,134,70.71131,1.7741133,"Sep","Jul", 2.99415385,"winter","IhingerHof_2022_rapeseed","IhingerHof_2022","IhingerHof_2022_rapeseed_24", 2.9363863,21, 2.651888,1.129064779,1.10728122,1.00000000,-0.09692185, 1.6763514,"prop_swf.2021",0.0023670507,0.0421468927,0.0347197744,0.0306483017,0.0660970400,0.0844540930,0.0760966039,0.0826505017,0.0636566628,0.0529680050, 100, 200, 300, 400, 500, 600, 700, 800, 900,1000
"Ih_10_4","IhingerHof","2022","rapeseed", 4.0, 9.064261,50.26566,18.79871,345,177,478,14,0,0.9437688,37.72614,134,70.71131,1.7741133,"Sep","Jul", 2.75069091,"winter","IhingerHof_2022_rapeseed","IhingerHof_2022","IhingerHof_2022_rapeseed_4", 2.5114944,21, 2.651888,1.037257397,0.94705885,0.16666667,-0.09692185, 1.6763514,"prop_swf.2021",0.0023670507,0.0421468927,0.0347197744,0.0306483017,0.0660970400,0.0844540930,0.0760966039,0.0826505017,0.0636566628,0.0529680050, 100, 200, 300, 400, 500, 600, 700, 800, 900,1000
"Ih_10_12","IhingerHof","2022","rapeseed",12.0, 9.064261,50.26566,18.79871,345,177,478,14,0,0.9437688,37.72614,134,70.71131,1.7741133,"Sep","Jul", 2.64209524,"winter","IhingerHof_2022_rapeseed","IhingerHof_2022","IhingerHof_2022_rapeseed_12", 2.6823744,21, 2.651888,0.996307080,1.01149596,0.50000000,-0.09692185, 1.6763514,"prop_swf.2021",0.0023670507,0.0421468927,0.0347197744,0.0306483017,0.0660970400,0.0844540930,0.0760966039,0.0826505017,0.0636566628,0.0529680050, 100, 200, 300, 400, 500, 600, 700, 800, 900,1000
"Ih_10_18","IhingerHof","2022","rapeseed",18.0, 9.064261,50.26566,18.79871,345,177,478,14,0,0.9437688,37.72614,134,70.71131,1.7741133,"Sep","Jul", 2.81613725,"winter","IhingerHof_2022_rapeseed","IhingerHof_2022","IhingerHof_2022_rapeseed_18", 2.8576295,21, 2.651888,1.061936544,1.07758284,0.75000000,-0.09692185, 1.6763514,"prop_swf.2021",0.0023670507,0.0421468927,0.0347197744,0.0306483017,0.0660970400,0.0844540930,0.0760966039,0.0826505017,0.0636566628,0.0529680050, 100, 200, 300, 400, 500, 600, 700, 800, 900,1000
"Ih_10_24","IhingerHof","2022","rapeseed",24.0, 9.064261,50.26566,18.79871,345,177,478,14,0,0.9437688,37.72614,134,70.71131,1.7741133,"Sep","Jul", 3.14931915,"winter","IhingerHof_2022_rapeseed","IhingerHof_2022","IhingerHof_2022_rapeseed_24", 2.9363863,21, 2.651888,1.187576027,1.10728122,1.00000000,-0.09692185, 1.6763514,"prop_swf.2021",0.0023670507,0.0421468927,0.0347197744,0.0306483017,0.0660970400,0.0844540930,0.0760966039,0.0826505017,0.0636566628,0.0529680050, 100, 200, 300, 400, 500, 600, 700, 800, 900,1000
"Ih_11_4","IhingerHof","2022","rapeseed", 4.0, 9.064261,50.26566,18.79871,345,177,478,14,0,0.9437688,37.72614,134,70.71131,1.7741133,"Sep","Jul", 3.36584615,"winter","IhingerHof_2022_rapeseed","IhingerHof_2022","IhingerHof_2022_rapeseed_4", 2.5114944,21, 2.651888,1.269226145,0.94705885,0.16666667,-0.09692185, 1.6763514,"prop_swf.2021",0.0023670507,0.0421468927,0.0347197744,0.0306483017,0.0660970400,0.0844540930,0.0760966039,0.0826505017,0.0636566628,0.0529680050, 100, 200, 300, 400, 500, 600, 700, 800, 900,1000
"Ih_11_12","IhingerHof","2022","rapeseed",12.0, 9.064261,50.26566,18.79871,345,177,478,14,0,0.9437688,37.72614,134,70.71131,1.7741133,"Sep","Jul", 3.13348889,"winter","IhingerHof_2022_rapeseed","IhingerHof_2022","IhingerHof_2022_rapeseed_12", 2.6823744,21, 2.651888,1.181606598,1.01149596,0.50000000,-0.09692185, 1.6763514,"prop_swf.2021",0.0023670507,0.0421468927,0.0347197744,0.0306483017,0.0660970400,0.0844540930,0.0760966039,0.0826505017,0.0636566628,0.0529680050, 100, 200, 300, 400, 500, 600, 700, 800, 900,1000
"Ih_11_18","IhingerHof","2022","rapeseed",18.0, 9.064261,50.26566,18.79871,345,177,478,14,0,0.9437688,37.72614,134,70.71131,1.7741133,"Sep","Jul", 3.32306250,"winter","IhingerHof_2022_rapeseed","IhingerHof_2022","IhingerHof_2022_rapeseed_18", 2.8576295,21, 2.651888,1.253092867,1.07758284,0.75000000,-0.09692185, 1.6763514,"prop_swf.2021",0.0023670507,0.0421468927,0.0347197744,0.0306483017,0.0660970400,0.0844540930,0.0760966039,0.0826505017,0.0636566628,0.0529680050, 100, 200, 300, 400, 500, 600, 700, 800, 900,1000
"Ih_11_24","IhingerHof","2022","rapeseed",24.0, 9.064261,50.26566,18.79871,345,177,478,14,0,0.9437688,37.72614,134,70.71131,1.7741133,"Sep","Jul", 3.55019608,"winter","IhingerHof_2022_rapeseed","IhingerHof_2022","IhingerHof_2022_rapeseed_24", 2.9363863,21, 2.651888,1.338742615,1.10728122,1.00000000,-0.09692185, 1.6763514,"prop_swf.2021",0.0023670507,0.0421468927,0.0347197744,0.0306483017,0.0660970400,0.0844540930,0.0760966039,0.0826505017,0.0636566628,0.0529680050, 100, 200, 300, 400, 500, 600, 700, 800, 900,1000
"Ih_12_4","IhingerHof","2022","rapeseed", 4.0, 9.064261,50.26566,18.79871,345,177,478,14,0,0.9437688,37.72614,134,70.71131,1.7741133,"Sep","Jul", 3.59873684,"winter","IhingerHof_2022_rapeseed","IhingerHof_2022","IhingerHof_2022_rapeseed_4", 2.5114944,21, 2.651888,1.357046841,0.94705885,0.16666667,-0.09692185, 1.6763514,"prop_swf.2021",0.0023670507,0.0421468927,0.0347197744,0.0306483017,0.0660970400,0.0844540930,0.0760966039,0.0826505017,0.0636566628,0.0529680050, 100, 200, 300, 400, 500, 600, 700, 800, 900,1000
"Ih_12_12","IhingerHof","2022","rapeseed",12.0, 9.064261,50.26566,18.79871,345,177,478,14,0,0.9437688,37.72614,134,70.71131,1.7741133,"Sep","Jul", 3.45928947,"winter","IhingerHof_2022_rapeseed","IhingerHof_2022","IhingerHof_2022_rapeseed_12", 2.6823744,21, 2.651888,1.304462665,1.01149596,0.50000000,-0.09692185, 1.6763514,"prop_swf.2021",0.0023670507,0.0421468927,0.0347197744,0.0306483017,0.0660970400,0.0844540930,0.0760966039,0.0826505017,0.0636566628,0.0529680050, 100, 200, 300, 400, 500, 600, 700, 800, 900,1000
"Ih_12_18","IhingerHof","2022","rapeseed",18.0, 9.064261,50.26566,18.79871,345,177,478,14,0,0.9437688,37.72614,134,70.71131,1.7741133,"Sep","Jul", 3.35836842,"winter","IhingerHof_2022_rapeseed","IhingerHof_2022","IhingerHof_2022_rapeseed_18", 2.8576295,21, 2.651888,1.266406369,1.07758284,0.75000000,-0.09692185, 1.6763514,"prop_swf.2021",0.0023670507,0.0421468927,0.0347197744,0.0306483017,0.0660970400,0.0844540930,0.0760966039,0.0826505017,0.0636566628,0.0529680050, 100, 200, 300, 400, 500, 600, 700, 800, 900,1000
"Ih_12_24","IhingerHof","2022","rapeseed",24.0, 9.064261,50.26566,18.79871,345,177,478,14,0,0.9437688,37.72614,134,70.71131,1.7741133,"Sep","Jul", 3.50280488,"winter","IhingerHof_2022_rapeseed","IhingerHof_2022","IhingerHof_2022_rapeseed_24", 2.9363863,21, 2.651888,1.320871879,1.10728122,1.00000000,-0.09692185, 1.6763514,"prop_swf.2021",0.0023670507,0.0421468927,0.0347197744,0.0306483017,0.0660970400,0.0844540930,0.0760966039,0.0826505017,0.0636566628,0.0529680050, 100, 200, 300, 400, 500, 600, 700, 800, 900,1000
"Ih_13_4","IhingerHof","2022","rapeseed", 4.0, 9.064261,50.26566,18.79871,345,177,478,14,0,0.9437688,37.72614,134,70.71131,1.7741133,"Sep","Jul", 2.90718000,"winter","IhingerHof_2022_rapeseed","IhingerHof_2022","IhingerHof_2022_rapeseed_4", 2.5114944,21, 2.651888,1.096267832,0.94705885,0.16666667,-0.09692185, 1.6763514,"prop_swf.2021",0.0023670507,0.0421468927,0.0347197744,0.0306483017,0.0660970400,0.0844540930,0.0760966039,0.0826505017,0.0636566628,0.0529680050, 100, 200, 300, 400, 500, 600, 700, 800, 900,1000
"Ih_13_12","IhingerHof","2022","rapeseed",12.0, 9.064261,50.26566,18.79871,345,177,478,14,0,0.9437688,37.72614,134,70.71131,1.7741133,"Sep","Jul", 2.60558537,"winter","IhingerHof_2022_rapeseed","IhingerHof_2022","IhingerHof_2022_rapeseed_12", 2.6823744,21, 2.651888,0.982539581,1.01149596,0.50000000,-0.09692185, 1.6763514,"prop_swf.2021",0.0023670507,0.0421468927,0.0347197744,0.0306483017,0.0660970400,0.0844540930,0.0760966039,0.0826505017,0.0636566628,0.0529680050, 100, 200, 300, 400, 500, 600, 700, 800, 900,1000
"Ih_13_18","IhingerHof","2022","rapeseed",18.0, 9.064261,50.26566,18.79871,345,177,478,14,0,0.9437688,37.72614,134,70.71131,1.7741133,"Sep","Jul", 2.87136957,"winter","IhingerHof_2022_rapeseed","IhingerHof_2022","IhingerHof_2022_rapeseed_18", 2.8576295,21, 2.651888,1.082764083,1.07758284,0.75000000,-0.09692185, 1.6763514,"prop_swf.2021",0.0023670507,0.0421468927,0.0347197744,0.0306483017,0.0660970400,0.0844540930,0.0760966039,0.0826505017,0.0636566628,0.0529680050, 100, 200, 300, 400, 500, 600, 700, 800, 900,1000
"Ih_13_24","IhingerHof","2022","rapeseed",24.0, 9.064261,50.26566,18.79871,345,177,478,14,0,0.9437688,37.72614,134,70.71131,1.7741133,"Sep","Jul", 2.96966667,"winter","IhingerHof_2022_rapeseed","IhingerHof_2022","IhingerHof_2022_rapeseed_24", 2.9363863,21, 2.651888,1.119830914,1.10728122,1.00000000,-0.09692185, 1.6763514,"prop_swf.2021",0.0023670507,0.0421468927,0.0347197744,0.0306483017,0.0660970400,0.0844540930,0.0760966039,0.0826505017,0.0636566628,0.0529680050, 100, 200, 300, 400, 500, 600, 700, 800, 900,1000
"Ih_14_4","IhingerHof","2022","rapeseed", 4.0, 9.064261,50.26566,18.79871,345,177,478,14,0,0.9437688,37.72614,134,70.71131,1.7741133,"Sep","Jul", 2.94382353,"winter","IhingerHof_2022_rapeseed","IhingerHof_2022","IhingerHof_2022_rapeseed_4", 2.5114944,21, 2.651888,1.110085732,0.94705885,0.16666667,-0.09692185, 1.6763514,"prop_swf.2021",0.0023670507,0.0421468927,0.0347197744,0.0306483017,0.0660970400,0.0844540930,0.0760966039,0.0826505017,0.0636566628,0.0529680050, 100, 200, 300, 400, 500, 600, 700, 800, 900,1000
"Ih_14_12","IhingerHof","2022","rapeseed",12.0, 9.064261,50.26566,18.79871,345,177,478,14,0,0.9437688,37.72614,134,70.71131,1.7741133,"Sep","Jul", 2.73790000,"winter","IhingerHof_2022_rapeseed","IhingerHof_2022","IhingerHof_2022_rapeseed_12", 2.6823744,21, 2.651888,1.032434076,1.01149596,0.50000000,-0.09692185, 1.6763514,"prop_swf.2021",0.0023670507,0.0421468927,0.0347197744,0.0306483017,0.0660970400,0.0844540930,0.0760966039,0.0826505017,0.0636566628,0.0529680050, 100, 200, 300, 400, 500, 600, 700, 800, 900,1000
"Ih_14_18","IhingerHof","2022","rapeseed",18.0, 9.064261,50.26566,18.79871,345,177,478,14,0,0.9437688,37.72614,134,70.71131,1.7741133,"Sep","Jul", 3.08821212,"winter","IhingerHof_2022_rapeseed","IhingerHof_2022","IhingerHof_2022_rapeseed_18", 2.8576295,21, 2.651888,1.164533192,1.07758284,0.75000000,-0.09692185, 1.6763514,"prop_swf.2021",0.0023670507,0.0421468927,0.0347197744,0.0306483017,0.0660970400,0.0844540930,0.0760966039,0.0826505017,0.0636566628,0.0529680050, 100, 200, 300, 400, 500, 600, 700, 800, 900,1000
"Ih_14_24","IhingerHof","2022","rapeseed",24.0, 9.064261,50.26566,18.79871,345,177,478,14,0,0.9437688,37.72614,134,70.71131,1.7741133,"Sep","Jul", 3.50683784,"winter","IhingerHof_2022_rapeseed","IhingerHof_2022","IhingerHof_2022_rapeseed_24", 2.9363863,21, 2.651888,1.322392667,1.10728122,1.00000000,-0.09692185, 1.6763514,"prop_swf.2021",0.0023670507,0.0421468927,0.0347197744,0.0306483017,0.0660970400,0.0844540930,0.0760966039,0.0826505017,0.0636566628,0.0529680050, 100, 200, 300, 400, 500, 600, 700, 800, 900,1000
"Ih_15_4","IhingerHof","2022","rapeseed", 4.0, 9.064261,50.26566,18.79871,345,177,478,14,0,0.9437688,37.72614,134,70.71131,1.7741133,"Sep","Jul", 1.65191667,"winter","IhingerHof_2022_rapeseed","IhingerHof_2022","IhingerHof_2022_rapeseed_4", 2.5114944,21, 2.651888,0.622920873,0.94705885,0.16666667,-0.09692185, 1.6763514,"prop_swf.2021",0.0023670507,0.0421468927,0.0347197744,0.0306483017,0.0660970400,0.0844540930,0.0760966039,0.0826505017,0.0636566628,0.0529680050, 100, 200, 300, 400, 500, 600, 700, 800, 900,1000
"Ih_15_12","IhingerHof","2022","rapeseed",12.0, 9.064261,50.26566,18.79871,345,177,478,14,0,0.9437688,37.72614,134,70.71131,1.7741133,"Sep","Jul", 2.18125581,"winter","IhingerHof_2022_rapeseed","IhingerHof_2022","IhingerHof_2022_rapeseed_12", 2.6823744,21, 2.651888,0.822529249,1.01149596,0.50000000,-0.09692185, 1.6763514,"prop_swf.2021",0.0023670507,0.0421468927,0.0347197744,0.0306483017,0.0660970400,0.0844540930,0.0760966039,0.0826505017,0.0636566628,0.0529680050, 100, 200, 300, 400, 500, 600, 700, 800, 900,1000
"Ih_15_18","IhingerHof","2022","rapeseed",18.0, 9.064261,50.26566,18.79871,345,177,478,14,0,0.9437688,37.72614,134,70.71131,1.7741133,"Sep","Jul", 2.93498000,"winter","IhingerHof_2022_rapeseed","IhingerHof_2022","IhingerHof_2022_rapeseed_18", 2.8576295,21, 2.651888,1.106750927,1.07758284,0.75000000,-0.09692185, 1.6763514,"prop_swf.2021",0.0023670507,0.0421468927,0.0347197744,0.0306483017,0.0660970400,0.0844540930,0.0760966039,0.0826505017,0.0636566628,0.0529680050, 100, 200, 300, 400, 500, 600, 700, 800, 900,1000
"Ih_15_24","IhingerHof","2022","rapeseed",24.0, 9.064261,50.26566,18.79871,345,177,478,14,0,0.9437688,37.72614,134,70.71131,1.7741133,"Sep","Jul", 3.34505660,"winter","IhingerHof_2022_rapeseed","IhingerHof_2022","IhingerHof_2022_rapeseed_24", 2.9363863,21, 2.651888,1.261386619,1.10728122,1.00000000,-0.09692185, 1.6763514,"prop_swf.2021",0.0023670507,0.0421468927,0.0347197744,0.0306483017,0.0660970400,0.0844540930,0.0760966039,0.0826505017,0.0636566628,0.0529680050, 100, 200, 300, 400, 500, 600, 700, 800, 900,1000
"Ih_16_4","IhingerHof","2022","rapeseed", 4.0, 9.064261,50.26566,18.79871,345,177,478,14,0,0.9437688,37.72614,134,70.71131,1.7741133,"Sep","Jul", 1.61933333,"winter","IhingerHof_2022_rapeseed","IhingerHof_2022","IhingerHof_2022_rapeseed_4", 2.5114944,21, 2.651888,0.610634031,0.94705885,0.16666667,-0.09692185, 1.6763514,"prop_swf.2021",0.0023670507,0.0421468927,0.0347197744,0.0306483017,0.0660970400,0.0844540930,0.0760966039,0.0826505017,0.0636566628,0.0529680050, 100, 200, 300, 400, 500, 600, 700, 800, 900,1000
"Ih_16_12","IhingerHof","2022","rapeseed",12.0, 9.064261,50.26566,18.79871,345,177,478,14,0,0.9437688,37.72614,134,70.71131,1.7741133,"Sep","Jul", 2.10437255,"winter","IhingerHof_2022_rapeseed","IhingerHof_2022","IhingerHof_2022_rapeseed_12", 2.6823744,21, 2.651888,0.793537356,1.01149596,0.50000000,-0.09692185, 1.6763514,"prop_swf.2021",0.0023670507,0.0421468927,0.0347197744,0.0306483017,0.0660970400,0.0844540930,0.0760966039,0.0826505017,0.0636566628,0.0529680050, 100, 200, 300, 400, 500, 600, 700, 800, 900,1000
"Ih_16_18","IhingerHof","2022","rapeseed",18.0, 9.064261,50.26566,18.79871,345,177,478,14,0,0.9437688,37.72614,134,70.71131,1.7741133,"Sep","Jul", 2.33382979,"winter","IhingerHof_2022_rapeseed","IhingerHof_2022","IhingerHof_2022_rapeseed_18", 2.8576295,21, 2.651888,0.880063333,1.07758284,0.75000000,-0.09692185, 1.6763514,"prop_swf.2021",0.0023670507,0.0421468927,0.0347197744,0.0306483017,0.0660970400,0.0844540930,0.0760966039,0.0826505017,0.0636566628,0.0529680050, 100, 200, 300, 400, 500, 600, 700, 800, 900,1000
"Ih_16_24","IhingerHof","2022","rapeseed",24.0, 9.064261,50.26566,18.79871,345,177,478,14,0,0.9437688,37.72614,134,70.71131,1.7741133,"Sep","Jul", 2.62604000,"winter","IhingerHof_2022_rapeseed","IhingerHof_2022","IhingerHof_2022_rapeseed_24", 2.9363863,21, 2.651888,0.990252814,1.10728122,1.00000000,-0.09692185, 1.6763514,"prop_swf.2021",0.0023670507,0.0421468927,0.0347197744,0.0306483017,0.0660970400,0.0844540930,0.0760966039,0.0826505017,0.0636566628,0.0529680050, 100, 200, 300, 400, 500, 600, 700, 800, 900,1000
"Ih_17_4","IhingerHof","2022","rapeseed", 4.0, 9.064261,50.26566,18.79871,345,177,478,14,0,0.9437688,37.72614,134,70.71131,1.7741133,"Sep","Jul", 2.82100000,"winter","IhingerHof_2022_rapeseed","IhingerHof_2022","IhingerHof_2022_rapeseed_4", 2.5114944,21, 2.651888,1.063770235,0.94705885,0.16666667,-0.09692185, 1.6763514,"prop_swf.2021",0.0023670507,0.0421468927,0.0347197744,0.0306483017,0.0660970400,0.0844540930,0.0760966039,0.0826505017,0.0636566628,0.0529680050, 100, 200, 300, 400, 500, 600, 700, 800, 900,1000
"Ih_17_12","IhingerHof","2022","rapeseed",12.0, 9.064261,50.26566,18.79871,345,177,478,14,0,0.9437688,37.72614,134,70.71131,1.7741133,"Sep","Jul", 2.36477778,"winter","IhingerHof_2022_rapeseed","IhingerHof_2022","IhingerHof_2022_rapeseed_12", 2.6823744,21, 2.651888,0.891733504,1.01149596,0.50000000,-0.09692185, 1.6763514,"prop_swf.2021",0.0023670507,0.0421468927,0.0347197744,0.0306483017,0.0660970400,0.0844540930,0.0760966039,0.0826505017,0.0636566628,0.0529680050, 100, 200, 300, 400, 500, 600, 700, 800, 900,1000
"Ih_17_18","IhingerHof","2022","rapeseed",18.0, 9.064261,50.26566,18.79871,345,177,478,14,0,0.9437688,37.72614,134,70.71131,1.7741133,"Sep","Jul", 2.44282353,"winter","IhingerHof_2022_rapeseed","IhingerHof_2022","IhingerHof_2022_rapeseed_18", 2.8576295,21, 2.651888,0.921163758,1.07758284,0.75000000,-0.09692185, 1.6763514,"prop_swf.2021",0.0023670507,0.0421468927,0.0347197744,0.0306483017,0.0660970400,0.0844540930,0.0760966039,0.0826505017,0.0636566628,0.0529680050, 100, 200, 300, 400, 500, 600, 700, 800, 900,1000
"Ih_17_24","IhingerHof","2022","rapeseed",24.0, 9.064261,50.26566,18.79871,345,177,478,14,0,0.9437688,37.72614,134,70.71131,1.7741133,"Sep","Jul", 3.13288235,"winter","IhingerHof_2022_rapeseed","IhingerHof_2022","IhingerHof_2022_rapeseed_24", 2.9363863,21, 2.651888,1.181377880,1.10728122,1.00000000,-0.09692185, 1.6763514,"prop_swf.2021",0.0023670507,0.0421468927,0.0347197744,0.0306483017,0.0660970400,0.0844540930,0.0760966039,0.0826505017,0.0636566628,0.0529680050, 100, 200, 300, 400, 500, 600, 700, 800, 900,1000
"Ih_18_4","IhingerHof","2022","rapeseed", 4.0, 9.064261,50.26566,18.79871,345,177,478,14,0,0.9437688,37.72614,134,70.71131,1.7741133,"Sep","Jul", 2.97425490,"winter","IhingerHof_2022_rapeseed","IhingerHof_2022","IhingerHof_2022_rapeseed_4", 2.5114944,21, 2.651888,1.121561091,0.94705885,0.16666667,-0.09692185, 1.6763514,"prop_swf.2021",0.0023670507,0.0421468927,0.0347197744,0.0306483017,0.0660970400,0.0844540930,0.0760966039,0.0826505017,0.0636566628,0.0529680050, 100, 200, 300, 400, 500, 600, 700, 800, 900,1000
"Ih_18_12","IhingerHof","2022","rapeseed",12.0, 9.064261,50.26566,18.79871,345,177,478,14,0,0.9437688,37.72614,134,70.71131,1.7741133,"Sep","Jul", 2.78898000,"winter","IhingerHof_2022_rapeseed","IhingerHof_2022","IhingerHof_2022_rapeseed_12", 2.6823744,21, 2.651888,1.051695821,1.01149596,0.50000000,-0.09692185, 1.6763514,"prop_swf.2021",0.0023670507,0.0421468927,0.0347197744,0.0306483017,0.0660970400,0.0844540930,0.0760966039,0.0826505017,0.0636566628,0.0529680050, 100, 200, 300, 400, 500, 600, 700, 800, 900,1000
"Ih_18_18","IhingerHof","2022","rapeseed",18.0, 9.064261,50.26566,18.79871,345,177,478,14,0,0.9437688,37.72614,134,70.71131,1.7741133,"Sep","Jul", 2.97962000,"winter","IhingerHof_2022_rapeseed","IhingerHof_2022","IhingerHof_2022_rapeseed_18", 2.8576295,21, 2.651888,1.123584214,1.07758284,0.75000000,-0.09692185, 1.6763514,"prop_swf.2021",0.0023670507,0.0421468927,0.0347197744,0.0306483017,0.0660970400,0.0844540930,0.0760966039,0.0826505017,0.0636566628,0.0529680050, 100, 200, 300, 400, 500, 600, 700, 800, 900,1000
"Ih_18_24","IhingerHof","2022","rapeseed",24.0, 9.064261,50.26566,18.79871,345,177,478,14,0,0.9437688,37.72614,134,70.71131,1.7741133,"Sep","Jul", 3.28328846,"winter","IhingerHof_2022_rapeseed","IhingerHof_2022","IhingerHof_2022_rapeseed_24", 2.9363863,21, 2.651888,1.238094484,1.10728122,1.00000000,-0.09692185, 1.6763514,"prop_swf.2021",0.0023670507,0.0421468927,0.0347197744,0.0306483017,0.0660970400,0.0844540930,0.0760966039,0.0826505017,0.0636566628,0.0529680050, 100, 200, 300, 400, 500, 600, 700, 800, 900,1000
"Ih_19_4","IhingerHof","2022","rapeseed", 4.0, 9.064261,50.26566,18.79871,345,177,478,14,0,0.9437688,37.72614,134,70.71131,1.7741133,"Sep","Jul", 1.28900000,"winter","IhingerHof_2022_rapeseed","IhingerHof_2022","IhingerHof_2022_rapeseed_4", 2.5114944,21, 2.651888,0.486068711,0.94705885,0.16666667,-0.09692185, 1.6763514,"prop_swf.2021",0.0023670507,0.0421468927,0.0347197744,0.0306483017,0.0660970400,0.0844540930,0.0760966039,0.0826505017,0.0636566628,0.0529680050, 100, 200, 300, 400, 500, 600, 700, 800, 900,1000
"Ih_19_7","IhingerHof","2022","rapeseed", 7.0, 9.064261,50.26566,18.79871,345,177,478,14,0,0.9437688,37.72614,134,70.71131,1.7741133,"Sep","Jul", 1.44530769,"winter","IhingerHof_2022_rapeseed","IhingerHof_2022","IhingerHof_2022_rapeseed_7", 2.2715576, 4, 2.651888,0.545010742,0.85658113,0.29166667,-0.09692185, 1.6763514,"prop_swf.2021",0.0023670507,0.0421468927,0.0347197744,0.0306483017,0.0660970400,0.0844540930,0.0760966039,0.0826505017,0.0636566628,0.0529680050, 100, 200, 300, 400, 500, 600, 700, 800, 900,1000
"Ih_19_12","IhingerHof","2022","rapeseed",12.0, 9.064261,50.26566,18.79871,345,177,478,14,0,0.9437688,37.72614,134,70.71131,1.7741133,"Sep","Jul", 1.56179545,"winter","IhingerHof_2022_rapeseed","IhingerHof_2022","IhingerHof_2022_rapeseed_12", 2.6823744,21, 2.651888,0.588937086,1.01149596,0.50000000,-0.09692185, 1.6763514,"prop_swf.2021",0.0023670507,0.0421468927,0.0347197744,0.0306483017,0.0660970400,0.0844540930,0.0760966039,0.0826505017,0.0636566628,0.0529680050, 100, 200, 300, 400, 500, 600, 700, 800, 900,1000
"Ih_19_18","IhingerHof","2022","rapeseed",18.0, 9.064261,50.26566,18.79871,345,177,478,14,0,0.9437688,37.72614,134,70.71131,1.7741133,"Sep","Jul", 2.69850000,"winter","IhingerHof_2022_rapeseed","IhingerHof_2022","IhingerHof_2022_rapeseed_18", 2.8576295,21, 2.651888,1.017576739,1.07758284,0.75000000,-0.09692185, 1.6763514,"prop_swf.2021",0.0023670507,0.0421468927,0.0347197744,0.0306483017,0.0660970400,0.0844540930,0.0760966039,0.0826505017,0.0636566628,0.0529680050, 100, 200, 300, 400, 500, 600, 700, 800, 900,1000
"Ih_19_24","IhingerHof","2022","rapeseed",24.0, 9.064261,50.26566,18.79871,345,177,478,14,0,0.9437688,37.72614,134,70.71131,1.7741133,"Sep","Jul", 2.60129545,"winter","IhingerHof_2022_rapeseed","IhingerHof_2022","IhingerHof_2022_rapeseed_24", 2.9363863,21, 2.651888,0.980921899,1.10728122,1.00000000,-0.09692185, 1.6763514,"prop_swf.2021",0.0023670507,0.0421468927,0.0347197744,0.0306483017,0.0660970400,0.0844540930,0.0760966039,0.0826505017,0.0636566628,0.0529680050, 100, 200, 300, 400, 500, 600, 700, 800, 900,1000
"Ih_20_4","IhingerHof","2022","rapeseed", 4.0, 9.064261,50.26566,18.79871,345,177,478,14,0,0.9437688,37.72614,134,70.71131,1.7741133,"Sep","Jul", 1.87558333,"winter","IhingerHof_2022_rapeseed","IhingerHof_2022","IhingerHof_2022_rapeseed_4", 2.5114944,21, 2.651888,0.707263284,0.94705885,0.16666667,-0.09692185, 1.6763514,"prop_swf.2021",0.0023670507,0.0421468927,0.0347197744,0.0306483017,0.0660970400,0.0844540930,0.0760966039,0.0826505017,0.0636566628,0.0529680050, 100, 200, 300, 400, 500, 600, 700, 800, 900,1000
"Ih_20_7","IhingerHof","2022","rapeseed", 7.0, 9.064261,50.26566,18.79871,345,177,478,14,0,0.9437688,37.72614,134,70.71131,1.7741133,"Sep","Jul", 2.65214493,"winter","IhingerHof_2022_rapeseed","IhingerHof_2022","IhingerHof_2022_rapeseed_7", 2.2715576, 4, 2.651888,1.000096715,0.85658113,0.29166667,-0.09692185, 1.6763514,"prop_swf.2021",0.0023670507,0.0421468927,0.0347197744,0.0306483017,0.0660970400,0.0844540930,0.0760966039,0.0826505017,0.0636566628,0.0529680050, 100, 200, 300, 400, 500, 600, 700, 800, 900,1000
"Ih_20_12","IhingerHof","2022","rapeseed",12.0, 9.064261,50.26566,18.79871,345,177,478,14,0,0.9437688,37.72614,134,70.71131,1.7741133,"Sep","Jul", 2.05097872,"winter","IhingerHof_2022_rapeseed","IhingerHof_2022","IhingerHof_2022_rapeseed_12", 2.6823744,21, 2.651888,0.773403091,1.01149596,0.50000000,-0.09692185, 1.6763514,"prop_swf.2021",0.0023670507,0.0421468927,0.0347197744,0.0306483017,0.0660970400,0.0844540930,0.0760966039,0.0826505017,0.0636566628,0.0529680050, 100, 200, 300, 400, 500, 600, 700, 800, 900,1000
"Ih_20_18","IhingerHof","2022","rapeseed",18.0, 9.064261,50.26566,18.79871,345,177,478,14,0,0.9437688,37.72614,134,70.71131,1.7741133,"Sep","Jul", 2.82037037,"winter","IhingerHof_2022_rapeseed","IhingerHof_2022","IhingerHof_2022_rapeseed_18", 2.8576295,21, 2.651888,1.063532809,1.07758284,0.75000000,-0.09692185, 1.6763514,"prop_swf.2021",0.0023670507,0.0421468927,0.0347197744,0.0306483017,0.0660970400,0.0844540930,0.0760966039,0.0826505017,0.0636566628,0.0529680050, 100, 200, 300, 400, 500, 600, 700, 800, 900,1000
"Ih_20_24","IhingerHof","2022","rapeseed",24.0, 9.064261,50.26566,18.79871,345,177,478,14,0,0.9437688,37.72614,134,70.71131,1.7741133,"Sep","Jul", 2.89217778,"winter","IhingerHof_2022_rapeseed","IhingerHof_2022","IhingerHof_2022_rapeseed_24", 2.9363863,21, 2.651888,1.090610647,1.10728122,1.00000000,-0.09692185, 1.6763514,"prop_swf.2021",0.0023670507,0.0421468927,0.0347197744,0.0306483017,0.0660970400,0.0844540930,0.0760966039,0.0826505017,0.0636566628,0.0529680050, 100, 200, 300, 400, 500, 600, 700, 800, 900,1000
"Ih_21_4","IhingerHof","2022","rapeseed", 4.0, 9.064261,50.26566,18.79871,345,177,478,14,0,0.9437688,37.72614,134,70.71131,1.7741133,"Sep","Jul", 2.78973077,"winter","IhingerHof_2022_rapeseed","IhingerHof_2022","IhingerHof_2022_rapeseed_4", 2.5114944,21, 2.651888,1.051978928,0.94705885,0.16666667,-0.09692185, 1.6763514,"prop_swf.2021",0.0023670507,0.0421468927,0.0347197744,0.0306483017,0.0660970400,0.0844540930,0.0760966039,0.0826505017,0.0636566628,0.0529680050, 100, 200, 300, 400, 500, 600, 700, 800, 900,1000
"Ih_21_7","IhingerHof","2022","rapeseed", 7.0, 9.064261,50.26566,18.79871,345,177,478,14,0,0.9437688,37.72614,134,70.71131,1.7741133,"Sep","Jul", 2.32811111,"winter","IhingerHof_2022_rapeseed","IhingerHof_2022","IhingerHof_2022_rapeseed_7", 2.2715576, 4, 2.651888,0.877906879,0.85658113,0.29166667,-0.09692185, 1.6763514,"prop_swf.2021",0.0023670507,0.0421468927,0.0347197744,0.0306483017,0.0660970400,0.0844540930,0.0760966039,0.0826505017,0.0636566628,0.0529680050, 100, 200, 300, 400, 500, 600, 700, 800, 900,1000
"Ih_21_12","IhingerHof","2022","rapeseed",12.0, 9.064261,50.26566,18.79871,345,177,478,14,0,0.9437688,37.72614,134,70.71131,1.7741133,"Sep","Jul", 1.78911111,"winter","IhingerHof_2022_rapeseed","IhingerHof_2022","IhingerHof_2022_rapeseed_12", 2.6823744,21, 2.651888,0.674655494,1.01149596,0.50000000,-0.09692185, 1.6763514,"prop_swf.2021",0.0023670507,0.0421468927,0.0347197744,0.0306483017,0.0660970400,0.0844540930,0.0760966039,0.0826505017,0.0636566628,0.0529680050, 100, 200, 300, 400, 500, 600, 700, 800, 900,1000
"Ih_21_18","IhingerHof","2022","rapeseed",18.0, 9.064261,50.26566,18.79871,345,177,478,14,0,0.9437688,37.72614,134,70.71131,1.7741133,"Sep","Jul", 2.54378571,"winter","IhingerHof_2022_rapeseed","IhingerHof_2022","IhingerHof_2022_rapeseed_18", 2.8576295,21, 2.651888,0.959235565,1.07758284,0.75000000,-0.09692185, 1.6763514,"prop_swf.2021",0.0023670507,0.0421468927,0.0347197744,0.0306483017,0.0660970400,0.0844540930,0.0760966039,0.0826505017,0.0636566628,0.0529680050, 100, 200, 300, 400, 500, 600, 700, 800, 900,1000
"Ih_21_24","IhingerHof","2022","rapeseed",24.0, 9.064261,50.26566,18.79871,345,177,478,14,0,0.9437688,37.72614,134,70.71131,1.7741133,"Sep","Jul", 2.31230952,"winter","IhingerHof_2022_rapeseed","IhingerHof_2022","IhingerHof_2022_rapeseed_24", 2.9363863,21, 2.651888,0.871948262,1.10728122,1.00000000,-0.09692185, 1.6763514,"prop_swf.2021",0.0023670507,0.0421468927,0.0347197744,0.0306483017,0.0660970400,0.0844540930,0.0760966039,0.0826505017,0.0636566628,0.0529680050, 100, 200, 300, 400, 500, 600, 700, 800, 900,1000
"Ih_1_4","IhingerHof","2023","wheat", 4.0, 9.045648,54.44374,15.27670,345,177,478,15,1,0.9480265,38.64234,145,70.53697,1.7741133,"Oct","Jul", 6.32140000,"winter","IhingerHof_2023_wheat","IhingerHof_2023","IhingerHof_2023_wheat_4", 6.0265617,24, 6.304311,1.002710732,0.95594300,0.16666667,-0.78048425, 1.6763514,"prop_swf.2021",0.0023670507,0.0421468927,0.0347197744,0.0306483017,0.0660970400,0.0844540930,0.0760966039,0.0826505017,0.0636566628,0.0529680050, 100, 200, 300, 400, 500, 600, 700, 800, 900,1000
"Ih_1_12","IhingerHof","2023","wheat",12.0, 9.045648,54.44374,15.27670,345,177,478,15,1,0.9480265,38.64234,145,70.53697,1.7741133,"Oct","Jul", 6.95181081,"winter","IhingerHof_2023_wheat","IhingerHof_2023","IhingerHof_2023_wheat_12", 6.5839517,24, 6.304311,1.102707518,1.04435710,0.50000000,-0.78048425, 1.6763514,"prop_swf.2021",0.0023670507,0.0421468927,0.0347197744,0.0306483017,0.0660970400,0.0844540930,0.0760966039,0.0826505017,0.0636566628,0.0529680050, 100, 200, 300, 400, 500, 600, 700, 800, 900,1000
"Ih_1_18","IhingerHof","2023","wheat",18.0, 9.045648,54.44374,15.27670,345,177,478,15,1,0.9480265,38.64234,145,70.53697,1.7741133,"Oct","Jul", 6.34881395,"winter","IhingerHof_2023_wheat","IhingerHof_2023","IhingerHof_2023_wheat_18", 6.3695428,24, 6.304311,1.007059177,1.01034722,0.75000000,-0.78048425, 1.6763514,"prop_swf.2021",0.0023670507,0.0421468927,0.0347197744,0.0306483017,0.0660970400,0.0844540930,0.0760966039,0.0826505017,0.0636566628,0.0529680050, 100, 200, 300, 400, 500, 600, 700, 800, 900,1000
"Ih_1_24","IhingerHof","2023","wheat",24.0, 9.045648,54.44374,15.27670,345,177,478,15,1,0.9480265,38.64234,145,70.53697,1.7741133,"Oct","Jul", 6.12912500,"winter","IhingerHof_2023_wheat","IhingerHof_2023","IhingerHof_2023_wheat_24", 6.7077623,24, 6.304311,0.972211759,1.06399614,1.00000000,-0.78048425, 1.6763514,"prop_swf.2021",0.0023670507,0.0421468927,0.0347197744,0.0306483017,0.0660970400,0.0844540930,0.0760966039,0.0826505017,0.0636566628,0.0529680050, 100, 200, 300, 400, 500, 600, 700, 800, 900,1000
"Ih_2_4","IhingerHof","2023","wheat", 4.0, 9.045648,54.44374,15.27670,345,177,478,15,1,0.9480265,38.64234,145,70.53697,1.7741133,"Oct","Jul", 6.93786275,"winter","IhingerHof_2023_wheat","IhingerHof_2023","IhingerHof_2023_wheat_4", 6.0265617,24, 6.304311,1.100495053,0.95594300,0.16666667,-0.78048425, 1.6763514,"prop_swf.2021",0.0023670507,0.0421468927,0.0347197744,0.0306483017,0.0660970400,0.0844540930,0.0760966039,0.0826505017,0.0636566628,0.0529680050, 100, 200, 300, 400, 500, 600, 700, 800, 900,1000
"Ih_2_12","IhingerHof","2023","wheat",12.0, 9.045648,54.44374,15.27670,345,177,478,15,1,0.9480265,38.64234,145,70.53697,1.7741133,"Oct","Jul", 7.21868182,"winter","IhingerHof_2023_wheat","IhingerHof_2023","IhingerHof_2023_wheat_12", 6.5839517,24, 6.304311,1.145039030,1.04435710,0.50000000,-0.78048425, 1.6763514,"prop_swf.2021",0.0023670507,0.0421468927,0.0347197744,0.0306483017,0.0660970400,0.0844540930,0.0760966039,0.0826505017,0.0636566628,0.0529680050, 100, 200, 300, 400, 500, 600, 700, 800, 900,1000
"Ih_2_18","IhingerHof","2023","wheat",18.0, 9.045648,54.44374,15.27670,345,177,478,15,1,0.9480265,38.64234,145,70.53697,1.7741133,"Oct","Jul", 7.34500000,"winter","IhingerHof_2023_wheat","IhingerHof_2023","IhingerHof_2023_wheat_18", 6.3695428,24, 6.304311,1.165075826,1.01034722,0.75000000,-0.78048425, 1.6763514,"prop_swf.2021",0.0023670507,0.0421468927,0.0347197744,0.0306483017,0.0660970400,0.0844540930,0.0760966039,0.0826505017,0.0636566628,0.0529680050, 100, 200, 300, 400, 500, 600, 700, 800, 900,1000
"Ih_2_24","IhingerHof","2023","wheat",24.0, 9.045648,54.44374,15.27670,345,177,478,15,1,0.9480265,38.64234,145,70.53697,1.7741133,"Oct","Jul", 7.20070909,"winter","IhingerHof_2023_wheat","IhingerHof_2023","IhingerHof_2023_wheat_24", 6.7077623,24, 6.304311,1.142188167,1.06399614,1.00000000,-0.78048425, 1.6763514,"prop_swf.2021",0.0023670507,0.0421468927,0.0347197744,0.0306483017,0.0660970400,0.0844540930,0.0760966039,0.0826505017,0.0636566628,0.0529680050, 100, 200, 300, 400, 500, 600, 700, 800, 900,1000
"Ih_3_4","IhingerHof","2023","wheat", 4.0, 9.045648,54.44374,15.27670,345,177,478,15,1,0.9480265,38.64234,145,70.53697,1.7741133,"Oct","Jul", 5.25719231,"winter","IhingerHof_2023_wheat","IhingerHof_2023","IhingerHof_2023_wheat_4", 6.0265617,24, 6.304311,0.833904380,0.95594300,0.16666667,-0.78048425, 1.6763514,"prop_swf.2021",0.0023670507,0.0421468927,0.0347197744,0.0306483017,0.0660970400,0.0844540930,0.0760966039,0.0826505017,0.0636566628,0.0529680050, 100, 200, 300, 400, 500, 600, 700, 800, 900,1000
"Ih_3_12","IhingerHof","2023","wheat",12.0, 9.045648,54.44374,15.27670,345,177,478,15,1,0.9480265,38.64234,145,70.53697,1.7741133,"Oct","Jul", 5.91531818,"winter","IhingerHof_2023_wheat","IhingerHof_2023","IhingerHof_2023_wheat_12", 6.5839517,24, 6.304311,0.938297374,1.04435710,0.50000000,-0.78048425, 1.6763514,"prop_swf.2021",0.0023670507,0.0421468927,0.0347197744,0.0306483017,0.0660970400,0.0844540930,0.0760966039,0.0826505017,0.0636566628,0.0529680050, 100, 200, 300, 400, 500, 600, 700, 800, 900,1000
"Ih_3_18","IhingerHof","2023","wheat",18.0, 9.045648,54.44374,15.27670,345,177,478,15,1,0.9480265,38.64234,145,70.53697,1.7741133,"Oct","Jul", 5.60233333,"winter","IhingerHof_2023_wheat","IhingerHof_2023","IhingerHof_2023_wheat_18", 6.3695428,24, 6.304311,0.888651209,1.01034722,0.75000000,-0.78048425, 1.6763514,"prop_swf.2021",0.0023670507,0.0421468927,0.0347197744,0.0306483017,0.0660970400,0.0844540930,0.0760966039,0.0826505017,0.0636566628,0.0529680050, 100, 200, 300, 400, 500, 600, 700, 800, 900,1000
"Ih_3_24","IhingerHof","2023","wheat",24.0, 9.045648,54.44374,15.27670,345,177,478,15,1,0.9480265,38.64234,145,70.53697,1.7741133,"Oct","Jul", 5.73324074,"winter","IhingerHof_2023_wheat","IhingerHof_2023","IhingerHof_2023_wheat_24", 6.7077623,24, 6.304311,0.909415955,1.06399614,1.00000000,-0.78048425, 1.6763514,"prop_swf.2021",0.0023670507,0.0421468927,0.0347197744,0.0306483017,0.0660970400,0.0844540930,0.0760966039,0.0826505017,0.0636566628,0.0529680050, 100, 200, 300, 400, 500, 600, 700, 800, 900,1000
"Ih_4_4","IhingerHof","2023","wheat", 4.0, 9.045648,54.44374,15.27670,345,177,478,15,1,0.9480265,38.64234,145,70.53697,1.7741133,"Oct","Jul", 6.10130556,"winter","IhingerHof_2023_wheat","IhingerHof_2023","IhingerHof_2023_wheat_4", 6.0265617,24, 6.304311,0.967798993,0.95594300,0.16666667,-0.78048425, 1.6763514,"prop_swf.2021",0.0023670507,0.0421468927,0.0347197744,0.0306483017,0.0660970400,0.0844540930,0.0760966039,0.0826505017,0.0636566628,0.0529680050, 100, 200, 300, 400, 500, 600, 700, 800, 900,1000
"Ih_4_12","IhingerHof","2023","wheat",12.0, 9.045648,54.44374,15.27670,345,177,478,15,1,0.9480265,38.64234,145,70.53697,1.7741133,"Oct","Jul", 6.77695833,"winter","IhingerHof_2023_wheat","IhingerHof_2023","IhingerHof_2023_wheat_12", 6.5839517,24, 6.304311,1.074972134,1.04435710,0.50000000,-0.78048425, 1.6763514,"prop_swf.2021",0.0023670507,0.0421468927,0.0347197744,0.0306483017,0.0660970400,0.0844540930,0.0760966039,0.0826505017,0.0636566628,0.0529680050, 100, 200, 300, 400, 500, 600, 700, 800, 900,1000
"Ih_4_18","IhingerHof","2023","wheat",18.0, 9.045648,54.44374,15.27670,345,177,478,15,1,0.9480265,38.64234,145,70.53697,1.7741133,"Oct","Jul", 5.83413333,"winter","IhingerHof_2023_wheat","IhingerHof_2023","IhingerHof_2023_wheat_18", 6.3695428,24, 6.304311,0.925419702,1.01034722,0.75000000,-0.78048425, 1.6763514,"prop_swf.2021",0.0023670507,0.0421468927,0.0347197744,0.0306483017,0.0660970400,0.0844540930,0.0760966039,0.0826505017,0.0636566628,0.0529680050, 100, 200, 300, 400, 500, 600, 700, 800, 900,1000
"Ih_4_24","IhingerHof","2023","wheat",24.0, 9.045648,54.44374,15.27670,345,177,478,15,1,0.9480265,38.64234,145,70.53697,1.7741133,"Oct","Jul",14.20320000,"winter","IhingerHof_2023_wheat","IhingerHof_2023","IhingerHof_2023_wheat_24", 6.7077623,24, 6.304311,2.252934645,1.06399614,1.00000000,-0.78048425, 1.6763514,"prop_swf.2021",0.0023670507,0.0421468927,0.0347197744,0.0306483017,0.0660970400,0.0844540930,0.0760966039,0.0826505017,0.0636566628,0.0529680050, 100, 200, 300, 400, 500, 600, 700, 800, 900,1000
"Ih_5_4","IhingerHof","2023","wheat", 4.0, 9.045648,54.44374,15.27670,345,177,478,15,1,0.9480265,38.64234,145,70.53697,1.7741133,"Oct","Jul", 7.10184314,"winter","IhingerHof_2023_wheat","IhingerHof_2023","IhingerHof_2023_wheat_4", 6.0265617,24, 6.304311,1.126505889,0.95594300,0.16666667,-0.78048425, 1.6763514,"prop_swf.2021",0.0023670507,0.0421468927,0.0347197744,0.0306483017,0.0660970400,0.0844540930,0.0760966039,0.0826505017,0.0636566628,0.0529680050, 100, 200, 300, 400, 500, 600, 700, 800, 900,1000
"Ih_5_12","IhingerHof","2023","wheat",12.0, 9.045648,54.44374,15.27670,345,177,478,15,1,0.9480265,38.64234,145,70.53697,1.7741133,"Oct","Jul", 8.01465455,"winter","IhingerHof_2023_wheat","IhingerHof_2023","IhingerHof_2023_wheat_12", 6.5839517,24, 6.304311,1.271297517,1.04435710,0.50000000,-0.78048425, 1.6763514,"prop_swf.2021",0.0023670507,0.0421468927,0.0347197744,0.0306483017,0.0660970400,0.0844540930,0.0760966039,0.0826505017,0.0636566628,0.0529680050, 100, 200, 300, 400, 500, 600, 700, 800, 900,1000
"Ih_5_18","IhingerHof","2023","wheat",18.0, 9.045648,54.44374,15.27670,345,177,478,15,1,0.9480265,38.64234,145,70.53697,1.7741133,"Oct","Jul", 8.21885714,"winter","IhingerHof_2023_wheat","IhingerHof_2023","IhingerHof_2023_wheat_18", 6.3695428,24, 6.304311,1.303688464,1.01034722,0.75000000,-0.78048425, 1.6763514,"prop_swf.2021",0.0023670507,0.0421468927,0.0347197744,0.0306483017,0.0660970400,0.0844540930,0.0760966039,0.0826505017,0.0636566628,0.0529680050, 100, 200, 300, 400, 500, 600, 700, 800, 900,1000
"Ih_5_24","IhingerHof","2023","wheat",24.0, 9.045648,54.44374,15.27670,345,177,478,15,1,0.9480265,38.64234,145,70.53697,1.7741133,"Oct","Jul", 8.42132143,"winter","IhingerHof_2023_wheat","IhingerHof_2023","IhingerHof_2023_wheat_24", 6.7077623,24, 6.304311,1.335803678,1.06399614,1.00000000,-0.78048425, 1.6763514,"prop_swf.2021",0.0023670507,0.0421468927,0.0347197744,0.0306483017,0.0660970400,0.0844540930,0.0760966039,0.0826505017,0.0636566628,0.0529680050, 100, 200, 300, 400, 500, 600, 700, 800, 900,1000
"Ih_6_4","IhingerHof","2023","wheat", 4.0, 9.045648,54.44374,15.27670,345,177,478,15,1,0.9480265,38.64234,145,70.53697,1.7741133,"Oct","Jul", 5.19852830,"winter","IhingerHof_2023_wheat","IhingerHof_2023","IhingerHof_2023_wheat_4", 6.0265617,24, 6.304311,0.824599000,0.95594300,0.16666667,-0.78048425, 1.6763514,"prop_swf.2021",0.0023670507,0.0421468927,0.0347197744,0.0306483017,0.0660970400,0.0844540930,0.0760966039,0.0826505017,0.0636566628,0.0529680050, 100, 200, 300, 400, 500, 600, 700, 800, 900,1000
"Ih_6_12","IhingerHof","2023","wheat",12.0, 9.045648,54.44374,15.27670,345,177,478,15,1,0.9480265,38.64234,145,70.53697,1.7741133,"Oct","Jul", 5.60857143,"winter","IhingerHof_2023_wheat","IhingerHof_2023","IhingerHof_2023_wheat_12", 6.5839517,24, 6.304311,0.889640706,1.04435710,0.50000000,-0.78048425, 1.6763514,"prop_swf.2021",0.0023670507,0.0421468927,0.0347197744,0.0306483017,0.0660970400,0.0844540930,0.0760966039,0.0826505017,0.0636566628,0.0529680050, 100, 200, 300, 400, 500, 600, 700, 800, 900,1000
"Ih_6_18","IhingerHof","2023","wheat",18.0, 9.045648,54.44374,15.27670,345,177,478,15,1,0.9480265,38.64234,145,70.53697,1.7741133,"Oct","Jul", 5.74843182,"winter","IhingerHof_2023_wheat","IhingerHof_2023","IhingerHof_2023_wheat_18", 6.3695428,24, 6.304311,0.911825588,1.01034722,0.75000000,-0.78048425, 1.6763514,"prop_swf.2021",0.0023670507,0.0421468927,0.0347197744,0.0306483017,0.0660970400,0.0844540930,0.0760966039,0.0826505017,0.0636566628,0.0529680050, 100, 200, 300, 400, 500, 600, 700, 800, 900,1000
"Ih_6_24","IhingerHof","2023","wheat",24.0, 9.045648,54.44374,15.27670,345,177,478,15,1,0.9480265,38.64234,145,70.53697,1.7741133,"Oct","Jul", 6.10525532,"winter","IhingerHof_2023_wheat","IhingerHof_2023","IhingerHof_2023_wheat_24", 6.7077623,24, 6.304311,0.968425511,1.06399614,1.00000000,-0.78048425, 1.6763514,"prop_swf.2021",0.0023670507,0.0421468927,0.0347197744,0.0306483017,0.0660970400,0.0844540930,0.0760966039,0.0826505017,0.0636566628,0.0529680050, 100, 200, 300, 400, 500, 600, 700, 800, 900,1000
"Ih_7_4","IhingerHof","2023","wheat", 4.0, 9.045648,54.44374,15.27670,345,177,478,15,1,0.9480265,38.64234,145,70.53697,1.7741133,"Oct","Jul", 5.40690000,"winter","IhingerHof_2023_wheat","IhingerHof_2023","IhingerHof_2023_wheat_4", 6.0265617,24, 6.304311,0.857651257,0.95594300,0.16666667,-0.78048425, 1.6763514,"prop_swf.2021",0.0023670507,0.0421468927,0.0347197744,0.0306483017,0.0660970400,0.0844540930,0.0760966039,0.0826505017,0.0636566628,0.0529680050, 100, 200, 300, 400, 500, 600, 700, 800, 900,1000
"Ih_7_7","IhingerHof","2023","wheat", 7.0, 9.045648,54.44374,15.27670,345,177,478,15,1,0.9480265,38.64234,145,70.53697,1.7741133,"Oct","Jul", 5.37316667,"winter","IhingerHof_2023_wheat","IhingerHof_2023","IhingerHof_2023_wheat_7", 5.8337351, 4, 6.304311,0.852300421,0.92535654,0.29166667,-0.78048425, 1.6763514,"prop_swf.2021",0.0023670507,0.0421468927,0.0347197744,0.0306483017,0.0660970400,0.0844540930,0.0760966039,0.0826505017,0.0636566628,0.0529680050, 100, 200, 300, 400, 500, 600, 700, 800, 900,1000
"Ih_7_12","IhingerHof","2023","wheat",12.0, 9.045648,54.44374,15.27670,345,177,478,15,1,0.9480265,38.64234,145,70.53697,1.7741133,"Oct","Jul", 5.80936364,"winter","IhingerHof_2023_wheat","IhingerHof_2023","IhingerHof_2023_wheat_12", 6.5839517,24, 6.304311,0.921490692,1.04435710,0.50000000,-0.78048425, 1.6763514,"prop_swf.2021",0.0023670507,0.0421468927,0.0347197744,0.0306483017,0.0660970400,0.0844540930,0.0760966039,0.0826505017,0.0636566628,0.0529680050, 100, 200, 300, 400, 500, 600, 700, 800, 900,1000
"Ih_7_18","IhingerHof","2023","wheat",18.0, 9.045648,54.44374,15.27670,345,177,478,15,1,0.9480265,38.64234,145,70.53697,1.7741133,"Oct","Jul", 5.73011111,"winter","IhingerHof_2023_wheat","IhingerHof_2023","IhingerHof_2023_wheat_18", 6.3695428,24, 6.304311,0.908919528,1.01034722,0.75000000,-0.78048425, 1.6763514,"prop_swf.2021",0.0023670507,0.0421468927,0.0347197744,0.0306483017,0.0660970400,0.0844540930,0.0760966039,0.0826505017,0.0636566628,0.0529680050, 100, 200, 300, 400, 500, 600, 700, 800, 900,1000
"Ih_7_24","IhingerHof","2023","wheat",24.0, 9.045648,54.44374,15.27670,345,177,478,15,1,0.9480265,38.64234,145,70.53697,1.7741133,"Oct","Jul", 5.66867568,"winter","IhingerHof_2023_wheat","IhingerHof_2023","IhingerHof_2023_wheat_24", 6.7077623,24, 6.304311,0.899174540,1.06399614,1.00000000,-0.78048425, 1.6763514,"prop_swf.2021",0.0023670507,0.0421468927,0.0347197744,0.0306483017,0.0660970400,0.0844540930,0.0760966039,0.0826505017,0.0636566628,0.0529680050, 100, 200, 300, 400, 500, 600, 700, 800, 900,1000
"Ih_8_4","IhingerHof","2023","wheat", 4.0, 9.045648,54.44374,15.27670,345,177,478,15,1,0.9480265,38.64234,145,70.53697,1.7741133,"Oct","Jul", 6.20109615,"winter","IhingerHof_2023_wheat","IhingerHof_2023","IhingerHof_2023_wheat_4", 6.0265617,24, 6.304311,0.983627940,0.95594300,0.16666667,-0.78048425, 1.6763514,"prop_swf.2021",0.0023670507,0.0421468927,0.0347197744,0.0306483017,0.0660970400,0.0844540930,0.0760966039,0.0826505017,0.0636566628,0.0529680050, 100, 200, 300, 400, 500, 600, 700, 800, 900,1000
"Ih_8_12","IhingerHof","2023","wheat",12.0, 9.045648,54.44374,15.27670,345,177,478,15,1,0.9480265,38.64234,145,70.53697,1.7741133,"Oct","Jul", 7.60268000,"winter","IhingerHof_2023_wheat","IhingerHof_2023","IhingerHof_2023_wheat_12", 6.5839517,24, 6.304311,1.205949446,1.04435710,0.50000000,-0.78048425, 1.6763514,"prop_swf.2021",0.0023670507,0.0421468927,0.0347197744,0.0306483017,0.0660970400,0.0844540930,0.0760966039,0.0826505017,0.0636566628,0.0529680050, 100, 200, 300, 400, 500, 600, 700, 800, 900,1000
"Ih_8_18","IhingerHof","2023","wheat",18.0, 9.045648,54.44374,15.27670,345,177,478,15,1,0.9480265,38.64234,145,70.53697,1.7741133,"Oct","Jul", 7.45508000,"winter","IhingerHof_2023_wheat","IhingerHof_2023","IhingerHof_2023_wheat_18", 6.3695428,24, 6.304311,1.182536894,1.01034722,0.75000000,-0.78048425, 1.6763514,"prop_swf.2021",0.0023670507,0.0421468927,0.0347197744,0.0306483017,0.0660970400,0.0844540930,0.0760966039,0.0826505017,0.0636566628,0.0529680050, 100, 200, 300, 400, 500, 600, 700, 800, 900,1000
"Ih_8_24","IhingerHof","2023","wheat",24.0, 9.045648,54.44374,15.27670,345,177,478,15,1,0.9480265,38.64234,145,70.53697,1.7741133,"Oct","Jul", 7.89550000,"winter","IhingerHof_2023_wheat","IhingerHof_2023","IhingerHof_2023_wheat_24", 6.7077623,24, 6.304311,1.252397029,1.06399614,1.00000000,-0.78048425, 1.6763514,"prop_swf.2021",0.0023670507,0.0421468927,0.0347197744,0.0306483017,0.0660970400,0.0844540930,0.0760966039,0.0826505017,0.0636566628,0.0529680050, 100, 200, 300, 400, 500, 600, 700, 800, 900,1000
"Ih_9_4","IhingerHof","2023","wheat", 4.0, 9.045648,54.44374,15.27670,345,177,478,15,1,0.9480265,38.64234,145,70.53697,1.7741133,"Oct","Jul", 6.15467241,"winter","IhingerHof_2023_wheat","IhingerHof_2023","IhingerHof_2023_wheat_4", 6.0265617,24, 6.304311,0.976264131,0.95594300,0.16666667,-0.78048425, 1.6763514,"prop_swf.2021",0.0023670507,0.0421468927,0.0347197744,0.0306483017,0.0660970400,0.0844540930,0.0760966039,0.0826505017,0.0636566628,0.0529680050, 100, 200, 300, 400, 500, 600, 700, 800, 900,1000
"Ih_9_12","IhingerHof","2023","wheat",12.0, 9.045648,54.44374,15.27670,345,177,478,15,1,0.9480265,38.64234,145,70.53697,1.7741133,"Oct","Jul", 6.20943396,"winter","IhingerHof_2023_wheat","IhingerHof_2023","IhingerHof_2023_wheat_12", 6.5839517,24, 6.304311,0.984950497,1.04435710,0.50000000,-0.78048425, 1.6763514,"prop_swf.2021",0.0023670507,0.0421468927,0.0347197744,0.0306483017,0.0660970400,0.0844540930,0.0760966039,0.0826505017,0.0636566628,0.0529680050, 100, 200, 300, 400, 500, 600, 700, 800, 900,1000
"Ih_9_18","IhingerHof","2023","wheat",18.0, 9.045648,54.44374,15.27670,345,177,478,15,1,0.9480265,38.64234,145,70.53697,1.7741133,"Oct","Jul", 6.52914754,"winter","IhingerHof_2023_wheat","IhingerHof_2023","IhingerHof_2023_wheat_18", 6.3695428,24, 6.304311,1.035663984,1.01034722,0.75000000,-0.78048425, 1.6763514,"prop_swf.2021",0.0023670507,0.0421468927,0.0347197744,0.0306483017,0.0660970400,0.0844540930,0.0760966039,0.0826505017,0.0636566628,0.0529680050, 100, 200, 300, 400, 500, 600, 700, 800, 900,1000
"Ih_9_24","IhingerHof","2023","wheat",24.0, 9.045648,54.44374,15.27670,345,177,478,15,1,0.9480265,38.64234,145,70.53697,1.7741133,"Oct","Jul", 6.74079032,"winter","IhingerHof_2023_wheat","IhingerHof_2023","IhingerHof_2023_wheat_24", 6.7077623,24, 6.304311,1.069235106,1.06399614,1.00000000,-0.78048425, 1.6763514,"prop_swf.2021",0.0023670507,0.0421468927,0.0347197744,0.0306483017,0.0660970400,0.0844540930,0.0760966039,0.0826505017,0.0636566628,0.0529680050, 100, 200, 300, 400, 500, 600, 700, 800, 900,1000
"Ih_10_4","IhingerHof","2023","wheat", 4.0, 9.045648,54.44374,15.27670,345,177,478,15,1,0.9480265,38.64234,145,70.53697,1.7741133,"Oct","Jul", 6.07512281,"winter","IhingerHof_2023_wheat","IhingerHof_2023","IhingerHof_2023_wheat_4", 6.0265617,24, 6.304311,0.963645843,0.95594300,0.16666667,-0.78048425, 1.6763514,"prop_swf.2021",0.0023670507,0.0421468927,0.0347197744,0.0306483017,0.0660970400,0.0844540930,0.0760966039,0.0826505017,0.0636566628,0.0529680050, 100, 200, 300, 400, 500, 600, 700, 800, 900,1000
"Ih_10_12","IhingerHof","2023","wheat",12.0, 9.045648,54.44374,15.27670,345,177,478,15,1,0.9480265,38.64234,145,70.53697,1.7741133,"Oct","Jul", 6.93483929,"winter","IhingerHof_2023_wheat","IhingerHof_2023","IhingerHof_2023_wheat_12", 6.5839517,24, 6.304311,1.100015467,1.04435710,0.50000000,-0.78048425, 1.6763514,"prop_swf.2021",0.0023670507,0.0421468927,0.0347197744,0.0306483017,0.0660970400,0.0844540930,0.0760966039,0.0826505017,0.0636566628,0.0529680050, 100, 200, 300, 400, 500, 600, 700, 800, 900,1000
"Ih_10_18","IhingerHof","2023","wheat",18.0, 9.045648,54.44374,15.27670,345,177,478,15,1,0.9480265,38.64234,145,70.53697,1.7741133,"Oct","Jul", 6.99416923,"winter","IhingerHof_2023_wheat","IhingerHof_2023","IhingerHof_2023_wheat_18", 6.3695428,24, 6.304311,1.109426479,1.01034722,0.75000000,-0.78048425, 1.6763514,"prop_swf.2021",0.0023670507,0.0421468927,0.0347197744,0.0306483017,0.0660970400,0.0844540930,0.0760966039,0.0826505017,0.0636566628,0.0529680050, 100, 200, 300, 400, 500, 600, 700, 800, 900,1000
"Ih_10_24","IhingerHof","2023","wheat",24.0, 9.045648,54.44374,15.27670,345,177,478,15,1,0.9480265,38.64234,145,70.53697,1.7741133,"Oct","Jul", 7.56641791,"winter","IhingerHof_2023_wheat","IhingerHof_2023","IhingerHof_2023_wheat_24", 6.7077623,24, 6.304311,1.200197494,1.06399614,1.00000000,-0.78048425, 1.6763514,"prop_swf.2021",0.0023670507,0.0421468927,0.0347197744,0.0306483017,0.0660970400,0.0844540930,0.0760966039,0.0826505017,0.0636566628,0.0529680050, 100, 200, 300, 400, 500, 600, 700, 800, 900,1000
"Ih_11_4","IhingerHof","2023","wheat", 4.0, 9.045648,54.44374,15.27670,345,177,478,15,1,0.9480265,38.64234,145,70.53697,1.7741133,"Oct","Jul", 6.55653571,"winter","IhingerHof_2023_wheat","IhingerHof_2023","IhingerHof_2023_wheat_4", 6.0265617,24, 6.304311,1.040008340,0.95594300,0.16666667,-0.78048425, 1.6763514,"prop_swf.2021",0.0023670507,0.0421468927,0.0347197744,0.0306483017,0.0660970400,0.0844540930,0.0760966039,0.0826505017,0.0636566628,0.0529680050, 100, 200, 300, 400, 500, 600, 700, 800, 900,1000
"Ih_11_12","IhingerHof","2023","wheat",12.0, 9.045648,54.44374,15.27670,345,177,478,15,1,0.9480265,38.64234,145,70.53697,1.7741133,"Oct","Jul", 7.92106349,"winter","IhingerHof_2023_wheat","IhingerHof_2023","IhingerHof_2023_wheat_12", 6.5839517,24, 6.304311,1.256451952,1.04435710,0.50000000,-0.78048425, 1.6763514,"prop_swf.2021",0.0023670507,0.0421468927,0.0347197744,0.0306483017,0.0660970400,0.0844540930,0.0760966039,0.0826505017,0.0636566628,0.0529680050, 100, 200, 300, 400, 500, 600, 700, 800, 900,1000
"Ih_11_18","IhingerHof","2023","wheat",18.0, 9.045648,54.44374,15.27670,345,177,478,15,1,0.9480265,38.64234,145,70.53697,1.7741133,"Oct","Jul", 7.36459091,"winter","IhingerHof_2023_wheat","IhingerHof_2023","IhingerHof_2023_wheat_18", 6.3695428,24, 6.304311,1.168183367,1.01034722,0.75000000,-0.78048425, 1.6763514,"prop_swf.2021",0.0023670507,0.0421468927,0.0347197744,0.0306483017,0.0660970400,0.0844540930,0.0760966039,0.0826505017,0.0636566628,0.0529680050, 100, 200, 300, 400, 500, 600, 700, 800, 900,1000
"Ih_11_24","IhingerHof","2023","wheat",24.0, 9.045648,54.44374,15.27670,345,177,478,15,1,0.9480265,38.64234,145,70.53697,1.7741133,"Oct","Jul", 7.56700000,"winter","IhingerHof_2023_wheat","IhingerHof_2023","IhingerHof_2023_wheat_24", 6.7077623,24, 6.304311,1.200289826,1.06399614,1.00000000,-0.78048425, 1.6763514,"prop_swf.2021",0.0023670507,0.0421468927,0.0347197744,0.0306483017,0.0660970400,0.0844540930,0.0760966039,0.0826505017,0.0636566628,0.0529680050, 100, 200, 300, 400, 500, 600, 700, 800, 900,1000
"Ih_12_4","IhingerHof","2023","wheat", 4.0, 9.045648,54.44374,15.27670,345,177,478,15,1,0.9480265,38.64234,145,70.53697,1.7741133,"Oct","Jul", 5.61716981,"winter","IhingerHof_2023_wheat","IhingerHof_2023","IhingerHof_2023_wheat_4", 6.0265617,24, 6.304311,0.891004596,0.95594300,0.16666667,-0.78048425, 1.6763514,"prop_swf.2021",0.0023670507,0.0421468927,0.0347197744,0.0306483017,0.0660970400,0.0844540930,0.0760966039,0.0826505017,0.0636566628,0.0529680050, 100, 200, 300, 400, 500, 600, 700, 800, 900,1000
"Ih_12_12","IhingerHof","2023","wheat",12.0, 9.045648,54.44374,15.27670,345,177,478,15,1,0.9480265,38.64234,145,70.53697,1.7741133,"Oct","Jul", 6.79320755,"winter","IhingerHof_2023_wheat","IhingerHof_2023","IhingerHof_2023_wheat_12", 6.5839517,24, 6.304311,1.077549611,1.04435710,0.50000000,-0.78048425, 1.6763514,"prop_swf.2021",0.0023670507,0.0421468927,0.0347197744,0.0306483017,0.0660970400,0.0844540930,0.0760966039,0.0826505017,0.0636566628,0.0529680050, 100, 200, 300, 400, 500, 600, 700, 800, 900,1000
"Ih_12_18","IhingerHof","2023","wheat",18.0, 9.045648,54.44374,15.27670,345,177,478,15,1,0.9480265,38.64234,145,70.53697,1.7741133,"Oct","Jul", 6.30498000,"winter","IhingerHof_2023_wheat","IhingerHof_2023","IhingerHof_2023_wheat_18", 6.3695428,24, 6.304311,1.000106165,1.01034722,0.75000000,-0.78048425, 1.6763514,"prop_swf.2021",0.0023670507,0.0421468927,0.0347197744,0.0306483017,0.0660970400,0.0844540930,0.0760966039,0.0826505017,0.0636566628,0.0529680050, 100, 200, 300, 400, 500, 600, 700, 800, 900,1000
"Ih_12_24","IhingerHof","2023","wheat",24.0, 9.045648,54.44374,15.27670,345,177,478,15,1,0.9480265,38.64234,145,70.53697,1.7741133,"Oct","Jul", 6.57537037,"winter","IhingerHof_2023_wheat","IhingerHof_2023","IhingerHof_2023_wheat_24", 6.7077623,24, 6.304311,1.042995924,1.06399614,1.00000000,-0.78048425, 1.6763514,"prop_swf.2021",0.0023670507,0.0421468927,0.0347197744,0.0306483017,0.0660970400,0.0844540930,0.0760966039,0.0826505017,0.0636566628,0.0529680050, 100, 200, 300, 400, 500, 600, 700, 800, 900,1000
"Ih_13_4","IhingerHof","2023","wheat", 4.0, 9.045648,54.44374,15.27670,345,177,478,15,1,0.9480265,38.64234,145,70.53697,1.7741133,"Oct","Jul", 6.83902532,"winter","IhingerHof_2023_wheat","IhingerHof_2023","IhingerHof_2023_wheat_4", 6.0265617,24, 6.304311,1.084817300,0.95594300,0.16666667,-0.78048425, 1.6763514,"prop_swf.2021",0.0023670507,0.0421468927,0.0347197744,0.0306483017,0.0660970400,0.0844540930,0.0760966039,0.0826505017,0.0636566628,0.0529680050, 100, 200, 300, 400, 500, 600, 700, 800, 900,1000
"Ih_13_12","IhingerHof","2023","wheat",12.0, 9.045648,54.44374,15.27670,345,177,478,15,1,0.9480265,38.64234,145,70.53697,1.7741133,"Oct","Jul", 6.89904839,"winter","IhingerHof_2023_wheat","IhingerHof_2023","IhingerHof_2023_wheat_12", 6.5839517,24, 6.304311,1.094338257,1.04435710,0.50000000,-0.78048425, 1.6763514,"prop_swf.2021",0.0023670507,0.0421468927,0.0347197744,0.0306483017,0.0660970400,0.0844540930,0.0760966039,0.0826505017,0.0636566628,0.0529680050, 100, 200, 300, 400, 500, 600, 700, 800, 900,1000
"Ih_13_18","IhingerHof","2023","wheat",18.0, 9.045648,54.44374,15.27670,345,177,478,15,1,0.9480265,38.64234,145,70.53697,1.7741133,"Oct","Jul", 7.15445161,"winter","IhingerHof_2023_wheat","IhingerHof_2023","IhingerHof_2023_wheat_18", 6.3695428,24, 6.304311,1.134850731,1.01034722,0.75000000,-0.78048425, 1.6763514,"prop_swf.2021",0.0023670507,0.0421468927,0.0347197744,0.0306483017,0.0660970400,0.0844540930,0.0760966039,0.0826505017,0.0636566628,0.0529680050, 100, 200, 300, 400, 500, 600, 700, 800, 900,1000
"Ih_13_24","IhingerHof","2023","wheat",24.0, 9.045648,54.44374,15.27670,345,177,478,15,1,0.9480265,38.64234,145,70.53697,1.7741133,"Oct","Jul", 6.91189474,"winter","IhingerHof_2023_wheat","IhingerHof_2023","IhingerHof_2023_wheat_24", 6.7077623,24, 6.304311,1.096375966,1.06399614,1.00000000,-0.78048425, 1.6763514,"prop_swf.2021",0.0023670507,0.0421468927,0.0347197744,0.0306483017,0.0660970400,0.0844540930,0.0760966039,0.0826505017,0.0636566628,0.0529680050, 100, 200, 300, 400, 500, 600, 700, 800, 900,1000
"Ih_14_4","IhingerHof","2023","wheat", 4.0, 9.045648,54.44374,15.27670,345,177,478,15,1,0.9480265,38.64234,145,70.53697,1.7741133,"Oct","Jul", 6.72979661,"winter","IhingerHof_2023_wheat","IhingerHof_2023","IhingerHof_2023_wheat_4", 6.0265617,24, 6.304311,1.067491265,0.95594300,0.16666667,-0.78048425, 1.6763514,"prop_swf.2021",0.0023670507,0.0421468927,0.0347197744,0.0306483017,0.0660970400,0.0844540930,0.0760966039,0.0826505017,0.0636566628,0.0529680050, 100, 200, 300, 400, 500, 600, 700, 800, 900,1000
"Ih_14_12","IhingerHof","2023","wheat",12.0, 9.045648,54.44374,15.27670,345,177,478,15,1,0.9480265,38.64234,145,70.53697,1.7741133,"Oct","Jul", 6.71951111,"winter","IhingerHof_2023_wheat","IhingerHof_2023","IhingerHof_2023_wheat_12", 6.5839517,24, 6.304311,1.065859762,1.04435710,0.50000000,-0.78048425, 1.6763514,"prop_swf.2021",0.0023670507,0.0421468927,0.0347197744,0.0306483017,0.0660970400,0.0844540930,0.0760966039,0.0826505017,0.0636566628,0.0529680050, 100, 200, 300, 400, 500, 600, 700, 800, 900,1000
"Ih_14_18","IhingerHof","2023","wheat",18.0, 9.045648,54.44374,15.27670,345,177,478,15,1,0.9480265,38.64234,145,70.53697,1.7741133,"Oct","Jul", 7.21264444,"winter","IhingerHof_2023_wheat","IhingerHof_2023","IhingerHof_2023_wheat_18", 6.3695428,24, 6.304311,1.144081372,1.01034722,0.75000000,-0.78048425, 1.6763514,"prop_swf.2021",0.0023670507,0.0421468927,0.0347197744,0.0306483017,0.0660970400,0.0844540930,0.0760966039,0.0826505017,0.0636566628,0.0529680050, 100, 200, 300, 400, 500, 600, 700, 800, 900,1000
"Ih_14_24","IhingerHof","2023","wheat",24.0, 9.045648,54.44374,15.27670,345,177,478,15,1,0.9480265,38.64234,145,70.53697,1.7741133,"Oct","Jul", 7.53264583,"winter","IhingerHof_2023_wheat","IhingerHof_2023","IhingerHof_2023_wheat_24", 6.7077623,24, 6.304311,1.194840512,1.06399614,1.00000000,-0.78048425, 1.6763514,"prop_swf.2021",0.0023670507,0.0421468927,0.0347197744,0.0306483017,0.0660970400,0.0844540930,0.0760966039,0.0826505017,0.0636566628,0.0529680050, 100, 200, 300, 400, 500, 600, 700, 800, 900,1000
"Ih_15_4","IhingerHof","2023","wheat", 4.0, 9.045648,54.44374,15.27670,345,177,478,15,1,0.9480265,38.64234,145,70.53697,1.7741133,"Oct","Jul", 6.26122449,"winter","IhingerHof_2023_wheat","IhingerHof_2023","IhingerHof_2023_wheat_4", 6.0265617,24, 6.304311,0.993165594,0.95594300,0.16666667,-0.78048425, 1.6763514,"prop_swf.2021",0.0023670507,0.0421468927,0.0347197744,0.0306483017,0.0660970400,0.0844540930,0.0760966039,0.0826505017,0.0636566628,0.0529680050, 100, 200, 300, 400, 500, 600, 700, 800, 900,1000
"Ih_15_12","IhingerHof","2023","wheat",12.0, 9.045648,54.44374,15.27670,345,177,478,15,1,0.9480265,38.64234,145,70.53697,1.7741133,"Oct","Jul", 6.56733871,"winter","IhingerHof_2023_wheat","IhingerHof_2023","IhingerHof_2023_wheat_12", 6.5839517,24, 6.304311,1.041721929,1.04435710,0.50000000,-0.78048425, 1.6763514,"prop_swf.2021",0.0023670507,0.0421468927,0.0347197744,0.0306483017,0.0660970400,0.0844540930,0.0760966039,0.0826505017,0.0636566628,0.0529680050, 100, 200, 300, 400, 500, 600, 700, 800, 900,1000
"Ih_15_18","IhingerHof","2023","wheat",18.0, 9.045648,54.44374,15.27670,345,177,478,15,1,0.9480265,38.64234,145,70.53697,1.7741133,"Oct","Jul", 7.33201351,"winter","IhingerHof_2023_wheat","IhingerHof_2023","IhingerHof_2023_wheat_18", 6.3695428,24, 6.304311,1.163015888,1.01034722,0.75000000,-0.78048425, 1.6763514,"prop_swf.2021",0.0023670507,0.0421468927,0.0347197744,0.0306483017,0.0660970400,0.0844540930,0.0760966039,0.0826505017,0.0636566628,0.0529680050, 100, 200, 300, 400, 500, 600, 700, 800, 900,1000
"Ih_15_24","IhingerHof","2023","wheat",24.0, 9.045648,54.44374,15.27670,345,177,478,15,1,0.9480265,38.64234,145,70.53697,1.7741133,"Oct","Jul", 7.94460494,"winter","IhingerHof_2023_wheat","IhingerHof_2023","IhingerHof_2023_wheat_24", 6.7077623,24, 6.304311,1.260186134,1.06399614,1.00000000,-0.78048425, 1.6763514,"prop_swf.2021",0.0023670507,0.0421468927,0.0347197744,0.0306483017,0.0660970400,0.0844540930,0.0760966039,0.0826505017,0.0636566628,0.0529680050, 100, 200, 300, 400, 500, 600, 700, 800, 900,1000
"Ih_16_4","IhingerHof","2023","wheat", 4.0, 9.045648,54.44374,15.27670,345,177,478,15,1,0.9480265,38.64234,145,70.53697,1.7741133,"Oct","Jul", 4.36866071,"winter","IhingerHof_2023_wheat","IhingerHof_2023","IhingerHof_2023_wheat_4", 6.0265617,24, 6.304311,0.692964056,0.95594300,0.16666667,-0.78048425, 1.6763514,"prop_swf.2021",0.0023670507,0.0421468927,0.0347197744,0.0306483017,0.0660970400,0.0844540930,0.0760966039,0.0826505017,0.0636566628,0.0529680050, 100, 200, 300, 400, 500, 600, 700, 800, 900,1000
"Ih_16_12","IhingerHof","2023","wheat",12.0, 9.045648,54.44374,15.27670,345,177,478,15,1,0.9480265,38.64234,145,70.53697,1.7741133,"Oct","Jul", 5.65116176,"winter","IhingerHof_2023_wheat","IhingerHof_2023","IhingerHof_2023_wheat_12", 6.5839517,24, 6.304311,0.896396455,1.04435710,0.50000000,-0.78048425, 1.6763514,"prop_swf.2021",0.0023670507,0.0421468927,0.0347197744,0.0306483017,0.0660970400,0.0844540930,0.0760966039,0.0826505017,0.0636566628,0.0529680050, 100, 200, 300, 400, 500, 600, 700, 800, 900,1000
"Ih_16_18","IhingerHof","2023","wheat",18.0, 9.045648,54.44374,15.27670,345,177,478,15,1,0.9480265,38.64234,145,70.53697,1.7741133,"Oct","Jul", 5.20587692,"winter","IhingerHof_2023_wheat","IhingerHof_2023","IhingerHof_2023_wheat_18", 6.3695428,24, 6.304311,0.825764650,1.01034722,0.75000000,-0.78048425, 1.6763514,"prop_swf.2021",0.0023670507,0.0421468927,0.0347197744,0.0306483017,0.0660970400,0.0844540930,0.0760966039,0.0826505017,0.0636566628,0.0529680050, 100, 200, 300, 400, 500, 600, 700, 800, 900,1000
"Ih_16_24","IhingerHof","2023","wheat",24.0, 9.045648,54.44374,15.27670,345,177,478,15,1,0.9480265,38.64234,145,70.53697,1.7741133,"Oct","Jul", 5.70578261,"winter","IhingerHof_2023_wheat","IhingerHof_2023","IhingerHof_2023_wheat_24", 6.7077623,24, 6.304311,0.905060501,1.06399614,1.00000000,-0.78048425, 1.6763514,"prop_swf.2021",0.0023670507,0.0421468927,0.0347197744,0.0306483017,0.0660970400,0.0844540930,0.0760966039,0.0826505017,0.0636566628,0.0529680050, 100, 200, 300, 400, 500, 600, 700, 800, 900,1000
"Ih_17_4","IhingerHof","2023","wheat", 4.0, 9.045648,54.44374,15.27670,345,177,478,15,1,0.9480265,38.64234,145,70.53697,1.7741133,"Oct","Jul", 5.16172093,"winter","IhingerHof_2023_wheat","IhingerHof_2023","IhingerHof_2023_wheat_4", 6.0265617,24, 6.304311,0.818760555,0.95594300,0.16666667,-0.78048425, 1.6763514,"prop_swf.2021",0.0023670507,0.0421468927,0.0347197744,0.0306483017,0.0660970400,0.0844540930,0.0760966039,0.0826505017,0.0636566628,0.0529680050, 100, 200, 300, 400, 500, 600, 700, 800, 900,1000
"Ih_17_12","IhingerHof","2023","wheat",12.0, 9.045648,54.44374,15.27670,345,177,478,15,1,0.9480265,38.64234,145,70.53697,1.7741133,"Oct","Jul", 5.21228302,"winter","IhingerHof_2023_wheat","IhingerHof_2023","IhingerHof_2023_wheat_12", 6.5839517,24, 6.304311,0.826780795,1.04435710,0.50000000,-0.78048425, 1.6763514,"prop_swf.2021",0.0023670507,0.0421468927,0.0347197744,0.0306483017,0.0660970400,0.0844540930,0.0760966039,0.0826505017,0.0636566628,0.0529680050, 100, 200, 300, 400, 500, 600, 700, 800, 900,1000
"Ih_17_18","IhingerHof","2023","wheat",18.0, 9.045648,54.44374,15.27670,345,177,478,15,1,0.9480265,38.64234,145,70.53697,1.7741133,"Oct","Jul", 4.56430612,"winter","IhingerHof_2023_wheat","IhingerHof_2023","IhingerHof_2023_wheat_18", 6.3695428,24, 6.304311,0.723997648,1.01034722,0.75000000,-0.78048425, 1.6763514,"prop_swf.2021",0.0023670507,0.0421468927,0.0347197744,0.0306483017,0.0660970400,0.0844540930,0.0760966039,0.0826505017,0.0636566628,0.0529680050, 100, 200, 300, 400, 500, 600, 700, 800, 900,1000
"Ih_17_24","IhingerHof","2023","wheat",24.0, 9.045648,54.44374,15.27670,345,177,478,15,1,0.9480265,38.64234,145,70.53697,1.7741133,"Oct","Jul", 6.88248077,"winter","IhingerHof_2023_wheat","IhingerHof_2023","IhingerHof_2023_wheat_24", 6.7077623,24, 6.304311,1.091710274,1.06399614,1.00000000,-0.78048425, 1.6763514,"prop_swf.2021",0.0023670507,0.0421468927,0.0347197744,0.0306483017,0.0660970400,0.0844540930,0.0760966039,0.0826505017,0.0636566628,0.0529680050, 100, 200, 300, 400, 500, 600, 700, 800, 900,1000
"Ih_18_4","IhingerHof","2023","wheat", 4.0, 9.045648,54.44374,15.27670,345,177,478,15,1,0.9480265,38.64234,145,70.53697,1.7741133,"Oct","Jul", 6.07475758,"winter","IhingerHof_2023_wheat","IhingerHof_2023","IhingerHof_2023_wheat_4", 6.0265617,24, 6.304311,0.963587910,0.95594300,0.16666667,-0.78048425, 1.6763514,"prop_swf.2021",0.0023670507,0.0421468927,0.0347197744,0.0306483017,0.0660970400,0.0844540930,0.0760966039,0.0826505017,0.0636566628,0.0529680050, 100, 200, 300, 400, 500, 600, 700, 800, 900,1000
"Ih_18_12","IhingerHof","2023","wheat",12.0, 9.045648,54.44374,15.27670,345,177,478,15,1,0.9480265,38.64234,145,70.53697,1.7741133,"Oct","Jul", 5.88464384,"winter","IhingerHof_2023_wheat","IhingerHof_2023","IhingerHof_2023_wheat_12", 6.5839517,24, 6.304311,0.933431760,1.04435710,0.50000000,-0.78048425, 1.6763514,"prop_swf.2021",0.0023670507,0.0421468927,0.0347197744,0.0306483017,0.0660970400,0.0844540930,0.0760966039,0.0826505017,0.0636566628,0.0529680050, 100, 200, 300, 400, 500, 600, 700, 800, 900,1000
"Ih_18_18","IhingerHof","2023","wheat",18.0, 9.045648,54.44374,15.27670,345,177,478,15,1,0.9480265,38.64234,145,70.53697,1.7741133,"Oct","Jul", 6.60255882,"winter","IhingerHof_2023_wheat","IhingerHof_2023","IhingerHof_2023_wheat_18", 6.3695428,24, 6.304311,1.047308601,1.01034722,0.75000000,-0.78048425, 1.6763514,"prop_swf.2021",0.0023670507,0.0421468927,0.0347197744,0.0306483017,0.0660970400,0.0844540930,0.0760966039,0.0826505017,0.0636566628,0.0529680050, 100, 200, 300, 400, 500, 600, 700, 800, 900,1000
"Ih_18_24","IhingerHof","2023","wheat",24.0, 9.045648,54.44374,15.27670,345,177,478,15,1,0.9480265,38.64234,145,70.53697,1.7741133,"Oct","Jul", 7.47210000,"winter","IhingerHof_2023_wheat","IhingerHof_2023","IhingerHof_2023_wheat_24", 6.7077623,24, 6.304311,1.185236634,1.06399614,1.00000000,-0.78048425, 1.6763514,"prop_swf.2021",0.0023670507,0.0421468927,0.0347197744,0.0306483017,0.0660970400,0.0844540930,0.0760966039,0.0826505017,0.0636566628,0.0529680050, 100, 200, 300, 400, 500, 600, 700, 800, 900,1000
"Ih_19_4","IhingerHof","2023","wheat", 4.0, 9.045648,54.44374,15.27670,345,177,478,15,1,0.9480265,38.64234,145,70.53697,1.7741133,"Oct","Jul", 4.63961765,"winter","IhingerHof_2023_wheat","IhingerHof_2023","IhingerHof_2023_wheat_4", 6.0265617,24, 6.304311,0.735943684,0.95594300,0.16666667,-0.78048425, 1.6763514,"prop_swf.2021",0.0023670507,0.0421468927,0.0347197744,0.0306483017,0.0660970400,0.0844540930,0.0760966039,0.0826505017,0.0636566628,0.0529680050, 100, 200, 300, 400, 500, 600, 700, 800, 900,1000
"Ih_19_7","IhingerHof","2023","wheat", 7.0, 9.045648,54.44374,15.27670,345,177,478,15,1,0.9480265,38.64234,145,70.53697,1.7741133,"Oct","Jul", 5.15945714,"winter","IhingerHof_2023_wheat","IhingerHof_2023","IhingerHof_2023_wheat_7", 5.8337351, 4, 6.304311,0.818401469,0.92535654,0.29166667,-0.78048425, 1.6763514,"prop_swf.2021",0.0023670507,0.0421468927,0.0347197744,0.0306483017,0.0660970400,0.0844540930,0.0760966039,0.0826505017,0.0636566628,0.0529680050, 100, 200, 300, 400, 500, 600, 700, 800, 900,1000
"Ih_19_12","IhingerHof","2023","wheat",12.0, 9.045648,54.44374,15.27670,345,177,478,15,1,0.9480265,38.64234,145,70.53697,1.7741133,"Oct","Jul", 6.67488889,"winter","IhingerHof_2023_wheat","IhingerHof_2023","IhingerHof_2023_wheat_12", 6.5839517,24, 6.304311,1.058781713,1.04435710,0.50000000,-0.78048425, 1.6763514,"prop_swf.2021",0.0023670507,0.0421468927,0.0347197744,0.0306483017,0.0660970400,0.0844540930,0.0760966039,0.0826505017,0.0636566628,0.0529680050, 100, 200, 300, 400, 500, 600, 700, 800, 900,1000
"Ih_19_18","IhingerHof","2023","wheat",18.0, 9.045648,54.44374,15.27670,345,177,478,15,1,0.9480265,38.64234,145,70.53697,1.7741133,"Oct","Jul", 7.39396774,"winter","IhingerHof_2023_wheat","IhingerHof_2023","IhingerHof_2023_wheat_18", 6.3695428,24, 6.304311,1.172843168,1.01034722,0.75000000,-0.78048425, 1.6763514,"prop_swf.2021",0.0023670507,0.0421468927,0.0347197744,0.0306483017,0.0660970400,0.0844540930,0.0760966039,0.0826505017,0.0636566628,0.0529680050, 100, 200, 300, 400, 500, 600, 700, 800, 900,1000
"Ih_19_24","IhingerHof","2023","wheat",24.0, 9.045648,54.44374,15.27670,345,177,478,15,1,0.9480265,38.64234,145,70.53697,1.7741133,"Oct","Jul", 6.95472308,"winter","IhingerHof_2023_wheat","IhingerHof_2023","IhingerHof_2023_wheat_24", 6.7077623,24, 6.304311,1.103169466,1.06399614,1.00000000,-0.78048425, 1.6763514,"prop_swf.2021",0.0023670507,0.0421468927,0.0347197744,0.0306483017,0.0660970400,0.0844540930,0.0760966039,0.0826505017,0.0636566628,0.0529680050, 100, 200, 300, 400, 500, 600, 700, 800, 900,1000
"Ih_20_4","IhingerHof","2023","wheat", 4.0, 9.045648,54.44374,15.27670,345,177,478,15,1,0.9480265,38.64234,145,70.53697,1.7741133,"Oct","Jul", 6.55280000,"winter","IhingerHof_2023_wheat","IhingerHof_2023","IhingerHof_2023_wheat_4", 6.0265617,24, 6.304311,1.039415775,0.95594300,0.16666667,-0.78048425, 1.6763514,"prop_swf.2021",0.0023670507,0.0421468927,0.0347197744,0.0306483017,0.0660970400,0.0844540930,0.0760966039,0.0826505017,0.0636566628,0.0529680050, 100, 200, 300, 400, 500, 600, 700, 800, 900,1000
"Ih_20_7","IhingerHof","2023","wheat", 7.0, 9.045648,54.44374,15.27670,345,177,478,15,1,0.9480265,38.64234,145,70.53697,1.7741133,"Oct","Jul", 6.55190000,"winter","IhingerHof_2023_wheat","IhingerHof_2023","IhingerHof_2023_wheat_7", 5.8337351, 4, 6.304311,1.039273016,0.92535654,0.29166667,-0.78048425, 1.6763514,"prop_swf.2021",0.0023670507,0.0421468927,0.0347197744,0.0306483017,0.0660970400,0.0844540930,0.0760966039,0.0826505017,0.0636566628,0.0529680050, 100, 200, 300, 400, 500, 600, 700, 800, 900,1000
"Ih_20_12","IhingerHof","2023","wheat",12.0, 9.045648,54.44374,15.27670,345,177,478,15,1,0.9480265,38.64234,145,70.53697,1.7741133,"Oct","Jul", 6.99806349,"winter","IhingerHof_2023_wheat","IhingerHof_2023","IhingerHof_2023_wheat_12", 6.5839517,24, 6.304311,1.110044193,1.04435710,0.50000000,-0.78048425, 1.6763514,"prop_swf.2021",0.0023670507,0.0421468927,0.0347197744,0.0306483017,0.0660970400,0.0844540930,0.0760966039,0.0826505017,0.0636566628,0.0529680050, 100, 200, 300, 400, 500, 600, 700, 800, 900,1000
"Ih_20_18","IhingerHof","2023","wheat",18.0, 9.045648,54.44374,15.27670,345,177,478,15,1,0.9480265,38.64234,145,70.53697,1.7741133,"Oct","Jul", 6.67180282,"winter","IhingerHof_2023_wheat","IhingerHof_2023","IhingerHof_2023_wheat_18", 6.3695428,24, 6.304311,1.058292195,1.01034722,0.75000000,-0.78048425, 1.6763514,"prop_swf.2021",0.0023670507,0.0421468927,0.0347197744,0.0306483017,0.0660970400,0.0844540930,0.0760966039,0.0826505017,0.0636566628,0.0529680050, 100, 200, 300, 400, 500, 600, 700, 800, 900,1000
"Ih_20_24","IhingerHof","2023","wheat",24.0, 9.045648,54.44374,15.27670,345,177,478,15,1,0.9480265,38.64234,145,70.53697,1.7741133,"Oct","Jul", 6.55328947,"winter","IhingerHof_2023_wheat","IhingerHof_2023","IhingerHof_2023_wheat_24", 6.7077623,24, 6.304311,1.039493416,1.06399614,1.00000000,-0.78048425, 1.6763514,"prop_swf.2021",0.0023670507,0.0421468927,0.0347197744,0.0306483017,0.0660970400,0.0844540930,0.0760966039,0.0826505017,0.0636566628,0.0529680050, 100, 200, 300, 400, 500, 600, 700, 800, 900,1000
"Ih_21_4","IhingerHof","2023","wheat", 4.0, 9.045648,54.44374,15.27670,345,177,478,15,1,0.9480265,38.64234,145,70.53697,1.7741133,"Oct","Jul", 6.56140541,"winter","IhingerHof_2023_wheat","IhingerHof_2023","IhingerHof_2023_wheat_4", 6.0265617,24, 6.304311,1.040780779,0.95594300,0.16666667,-0.78048425, 1.6763514,"prop_swf.2021",0.0023670507,0.0421468927,0.0347197744,0.0306483017,0.0660970400,0.0844540930,0.0760966039,0.0826505017,0.0636566628,0.0529680050, 100, 200, 300, 400, 500, 600, 700, 800, 900,1000
"Ih_21_7","IhingerHof","2023","wheat", 7.0, 9.045648,54.44374,15.27670,345,177,478,15,1,0.9480265,38.64234,145,70.53697,1.7741133,"Oct","Jul", 6.25041667,"winter","IhingerHof_2023_wheat","IhingerHof_2023","IhingerHof_2023_wheat_7", 5.8337351, 4, 6.304311,0.991451240,0.92535654,0.29166667,-0.78048425, 1.6763514,"prop_swf.2021",0.0023670507,0.0421468927,0.0347197744,0.0306483017,0.0660970400,0.0844540930,0.0760966039,0.0826505017,0.0636566628,0.0529680050, 100, 200, 300, 400, 500, 600, 700, 800, 900,1000
"Ih_21_12","IhingerHof","2023","wheat",12.0, 9.045648,54.44374,15.27670,345,177,478,15,1,0.9480265,38.64234,145,70.53697,1.7741133,"Oct","Jul", 5.90465455,"winter","IhingerHof_2023_wheat","IhingerHof_2023","IhingerHof_2023_wheat_12", 6.5839517,24, 6.304311,0.936605891,1.04435710,0.50000000,-0.78048425, 1.6763514,"prop_swf.2021",0.0023670507,0.0421468927,0.0347197744,0.0306483017,0.0660970400,0.0844540930,0.0760966039,0.0826505017,0.0636566628,0.0529680050, 100, 200, 300, 400, 500, 600, 700, 800, 900,1000
"Ih_21_18","IhingerHof","2023","wheat",18.0, 9.045648,54.44374,15.27670,345,177,478,15,1,0.9480265,38.64234,145,70.53697,1.7741133,"Oct","Jul", 6.01412500,"winter","IhingerHof_2023_wheat","IhingerHof_2023","IhingerHof_2023_wheat_18", 6.3695428,24, 6.304311,0.953970272,1.01034722,0.75000000,-0.78048425, 1.6763514,"prop_swf.2021",0.0023670507,0.0421468927,0.0347197744,0.0306483017,0.0660970400,0.0844540930,0.0760966039,0.0826505017,0.0636566628,0.0529680050, 100, 200, 300, 400, 500, 600, 700, 800, 900,1000
"Ih_21_24","IhingerHof","2023","wheat",24.0, 9.045648,54.44374,15.27670,345,177,478,15,1,0.9480265,38.64234,145,70.53697,1.7741133,"Oct","Jul", 5.15257746,"winter","IhingerHof_2023_wheat","IhingerHof_2023","IhingerHof_2023_wheat_24", 6.7077623,24, 6.304311,0.817310203,1.06399614,1.00000000,-0.78048425, 1.6763514,"prop_swf.2021",0.0023670507,0.0421468927,0.0347197744,0.0306483017,0.0660970400,0.0844540930,0.0760966039,0.0826505017,0.0636566628,0.0529680050, 100, 200, 300, 400, 500, 600, 700, 800, 900,1000
"Ih_22_4","IhingerHof","2023","wheat", 4.0, 9.045648,54.44374,15.27670,345,177,478,15,1,0.9480265,38.64234,145,70.53697,1.7741133,"Oct","Jul", 7.20489362,"winter","IhingerHof_2023_wheat","IhingerHof_2023","IhingerHof_2023_wheat_4", 6.0265617,24, 6.304311,1.142851924,0.95594300,0.16666667,-0.78048425, 1.6763514,"prop_swf.2021",0.0023670507,0.0421468927,0.0347197744,0.0306483017,0.0660970400,0.0844540930,0.0760966039,0.0826505017,0.0636566628,0.0529680050, 100, 200, 300, 400, 500, 600, 700, 800, 900,1000
"Ih_22_12","IhingerHof","2023","wheat",12.0, 9.045648,54.44374,15.27670,345,177,478,15,1,0.9480265,38.64234,145,70.53697,1.7741133,"Oct","Jul", 7.44953061,"winter","IhingerHof_2023_wheat","IhingerHof_2023","IhingerHof_2023_wheat_12", 6.5839517,24, 6.304311,1.181656641,1.04435710,0.50000000,-0.78048425, 1.6763514,"prop_swf.2021",0.0023670507,0.0421468927,0.0347197744,0.0306483017,0.0660970400,0.0844540930,0.0760966039,0.0826505017,0.0636566628,0.0529680050, 100, 200, 300, 400, 500, 600, 700, 800, 900,1000
"Ih_22_18","IhingerHof","2023","wheat",18.0, 9.045648,54.44374,15.27670,345,177,478,15,1,0.9480265,38.64234,145,70.53697,1.7741133,"Oct","Jul", 5.05863636,"winter","IhingerHof_2023_wheat","IhingerHof_2023","IhingerHof_2023_wheat_18", 6.3695428,24, 6.304311,0.802409113,1.01034722,0.75000000,-0.78048425, 1.6763514,"prop_swf.2021",0.0023670507,0.0421468927,0.0347197744,0.0306483017,0.0660970400,0.0844540930,0.0760966039,0.0826505017,0.0636566628,0.0529680050, 100, 200, 300, 400, 500, 600, 700, 800, 900,1000
"Ih_22_24","IhingerHof","2023","wheat",24.0, 9.045648,54.44374,15.27670,345,177,478,15,1,0.9480265,38.64234,145,70.53697,1.7741133,"Oct","Jul", 2.60975676,"winter","IhingerHof_2023_wheat","IhingerHof_2023","IhingerHof_2023_wheat_24", 6.7077623,24, 6.304311,0.413963854,1.06399614,1.00000000,-0.78048425, 1.6763514,"prop_swf.2021",0.0023670507,0.0421468927,0.0347197744,0.0306483017,0.0660970400,0.0844540930,0.0760966039,0.0826505017,0.0636566628,0.0529680050, 100, 200, 300, 400, 500, 600, 700, 800, 900,1000
"Ih_23_4","IhingerHof","2023","wheat", 4.0, 9.045648,54.44374,15.27670,345,177,478,15,1,0.9480265,38.64234,145,70.53697,1.7741133,"Oct","Jul", 6.57758491,"winter","IhingerHof_2023_wheat","IhingerHof_2023","IhingerHof_2023_wheat_4", 6.0265617,24, 6.304311,1.043347197,0.95594300,0.16666667,-0.78048425, 1.6763514,"prop_swf.2021",0.0023670507,0.0421468927,0.0347197744,0.0306483017,0.0660970400,0.0844540930,0.0760966039,0.0826505017,0.0636566628,0.0529680050, 100, 200, 300, 400, 500, 600, 700, 800, 900,1000
"Ih_23_12","IhingerHof","2023","wheat",12.0, 9.045648,54.44374,15.27670,345,177,478,15,1,0.9480265,38.64234,145,70.53697,1.7741133,"Oct","Jul", 6.78039062,"winter","IhingerHof_2023_wheat","IhingerHof_2023","IhingerHof_2023_wheat_12", 6.5839517,24, 6.304311,1.075516570,1.04435710,0.50000000,-0.78048425, 1.6763514,"prop_swf.2021",0.0023670507,0.0421468927,0.0347197744,0.0306483017,0.0660970400,0.0844540930,0.0760966039,0.0826505017,0.0636566628,0.0529680050, 100, 200, 300, 400, 500, 600, 700, 800, 900,1000
"Ih_23_18","IhingerHof","2023","wheat",18.0, 9.045648,54.44374,15.27670,345,177,478,15,1,0.9480265,38.64234,145,70.53697,1.7741133,"Oct","Jul", 5.50037931,"winter","IhingerHof_2023_wheat","IhingerHof_2023","IhingerHof_2023_wheat_18", 6.3695428,24, 6.304311,0.872479097,1.01034722,0.75000000,-0.78048425, 1.6763514,"prop_swf.2021",0.0023670507,0.0421468927,0.0347197744,0.0306483017,0.0660970400,0.0844540930,0.0760966039,0.0826505017,0.0636566628,0.0529680050, 100, 200, 300, 400, 500, 600, 700, 800, 900,1000
"Ih_23_24","IhingerHof","2023","wheat",24.0, 9.045648,54.44374,15.27670,345,177,478,15,1,0.9480265,38.64234,145,70.53697,1.7741133,"Oct","Jul", 3.63538000,"winter","IhingerHof_2023_wheat","IhingerHof_2023","IhingerHof_2023_wheat_24", 6.7077623,24, 6.304311,0.576649878,1.06399614,1.00000000,-0.78048425, 1.6763514,"prop_swf.2021",0.0023670507,0.0421468927,0.0347197744,0.0306483017,0.0660970400,0.0844540930,0.0760966039,0.0826505017,0.0636566628,0.0529680050, 100, 200, 300, 400, 500, 600, 700, 800, 900,1000
"Ih_24_4","IhingerHof","2023","wheat", 4.0, 9.045648,54.44374,15.27670,345,177,478,15,1,0.9480265,38.64234,145,70.53697,1.7741133,"Oct","Jul", 4.73636364,"winter","IhingerHof_2023_wheat","IhingerHof_2023","IhingerHof_2023_wheat_4", 6.0265617,24, 6.304311,0.751289690,0.95594300,0.16666667,-0.78048425, 1.6763514,"prop_swf.2021",0.0023670507,0.0421468927,0.0347197744,0.0306483017,0.0660970400,0.0844540930,0.0760966039,0.0826505017,0.0636566628,0.0529680050, 100, 200, 300, 400, 500, 600, 700, 800, 900,1000
"Ih_24_12","IhingerHof","2023","wheat",12.0, 9.045648,54.44374,15.27670,345,177,478,15,1,0.9480265,38.64234,145,70.53697,1.7741133,"Oct","Jul", 5.51674194,"winter","IhingerHof_2023_wheat","IhingerHof_2023","IhingerHof_2023_wheat_12", 6.5839517,24, 6.304311,0.875074563,1.04435710,0.50000000,-0.78048425, 1.6763514,"prop_swf.2021",0.0023670507,0.0421468927,0.0347197744,0.0306483017,0.0660970400,0.0844540930,0.0760966039,0.0826505017,0.0636566628,0.0529680050, 100, 200, 300, 400, 500, 600, 700, 800, 900,1000
"Ih_24_18","IhingerHof","2023","wheat",18.0, 9.045648,54.44374,15.27670,345,177,478,15,1,0.9480265,38.64234,145,70.53697,1.7741133,"Oct","Jul", 4.68261667,"winter","IhingerHof_2023_wheat","IhingerHof_2023","IhingerHof_2023_wheat_18", 6.3695428,24, 6.304311,0.742764259,1.01034722,0.75000000,-0.78048425, 1.6763514,"prop_swf.2021",0.0023670507,0.0421468927,0.0347197744,0.0306483017,0.0660970400,0.0844540930,0.0760966039,0.0826505017,0.0636566628,0.0529680050, 100, 200, 300, 400, 500, 600, 700, 800, 900,1000
"Ih_24_24","IhingerHof","2023","wheat",24.0, 9.045648,54.44374,15.27670,345,177,478,15,1,0.9480265,38.64234,145,70.53697,1.7741133,"Oct","Jul", 3.82445283,"winter","IhingerHof_2023_wheat","IhingerHof_2023","IhingerHof_2023_wheat_24", 6.7077623,24, 6.304311,0.606640917,1.06399614,1.00000000,-0.78048425, 1.6763514,"prop_swf.2021",0.0023670507,0.0421468927,0.0347197744,0.0306483017,0.0660970400,0.0844540930,0.0760966039,0.0826505017,0.0636566628,0.0529680050, 100, 200, 300, 400, 500, 600, 700, 800, 900,1000
