"year","tree_age_years","site","crop","plot","yield_straw","yield","data_id","yield_unit","distance_to_tree_strip","field","lat","lon","orientation","soil_type","tree_species","fertilizer","sample_name_db","row","transect","direction","yield_total","aspect","sd_yield","n","crop_unified","yield_tha","yield_straw_tha","yield_total_tha","harvestyear","treeage"
2016,NA,"Wendhausen","winter rapeseed","W_AF_r1_1m",NA,163.57,"signal16","g/m2 per year",1,"Wendhausen",52.33336,10.63236,NA,NA,"poplar",NA,NA,NA,NA,NA,NA,NA,NA,NA,"rapeseed",1.6357,NA,NA,2013,3
2016,NA,"Wendhausen","winter rapeseed","W_AF_r1_4m",NA,251.48,"signal16","g/m2 per year",4,"Wendhausen",52.33336,10.63236,NA,NA,"poplar",NA,NA,NA,NA,NA,NA,NA,NA,NA,"rapeseed",2.5148,NA,NA,2013,3
2016,NA,"Wendhausen","winter rapeseed","W_AF_r1_7m",NA,295.89,"signal16","g/m2 per year",7,"Wendhausen",52.33336,10.63236,NA,NA,"poplar",NA,NA,NA,NA,NA,NA,NA,NA,NA,"rapeseed",2.9589,NA,NA,2013,3
2016,NA,"Wendhausen","winter rapeseed","W_AF_r2_1m",NA,4.61,"signal16","g/m2 per year",1,"Wendhausen",52.33336,10.63236,NA,NA,"poplar",NA,NA,NA,NA,NA,NA,NA,NA,NA,"rapeseed",0.0461,NA,NA,2013,3
2016,NA,"Wendhausen","winter rapeseed","W_AF_r2_4m",NA,346.43,"signal16","g/m2 per year",4,"Wendhausen",52.33336,10.63236,NA,NA,"poplar",NA,NA,NA,NA,NA,NA,NA,NA,NA,"rapeseed",3.4643,NA,NA,2013,3
2016,NA,"Wendhausen","winter rapeseed","W_AF_r2_7m",NA,276.97,"signal16","g/m2 per year",7,"Wendhausen",52.33336,10.63236,NA,NA,"poplar",NA,NA,NA,NA,NA,NA,NA,NA,NA,"rapeseed",2.7697,NA,NA,2013,3
2016,NA,"Wendhausen","winter rapeseed","W_AF_r3_1m",NA,138.44,"signal16","g/m2 per year",1,"Wendhausen",52.33336,10.63236,NA,NA,"poplar",NA,NA,NA,NA,NA,NA,NA,NA,NA,"rapeseed",1.3844,NA,NA,2013,3
2016,NA,"Wendhausen","winter rapeseed","W_AF_r3_4m",NA,218.42,"signal16","g/m2 per year",4,"Wendhausen",52.33336,10.63236,NA,NA,"poplar",NA,NA,NA,NA,NA,NA,NA,NA,NA,"rapeseed",2.1842,NA,NA,2013,3
2016,NA,"Wendhausen","winter rapeseed","W_AF_r3_7m",NA,297.87,"signal16","g/m2 per year",7,"Wendhausen",52.33336,10.63236,NA,NA,"poplar",NA,NA,NA,NA,NA,NA,NA,NA,NA,"rapeseed",2.9787,NA,NA,2013,3
2016,NA,"Wendhausen","winter rapeseed","W_AF_r4_1m",NA,19.54,"signal16","g/m2 per year",1,"Wendhausen",52.33336,10.63236,NA,NA,"poplar",NA,NA,NA,NA,NA,NA,NA,NA,NA,"rapeseed",0.1954,NA,NA,2013,3
2016,NA,"Wendhausen","winter rapeseed","W_AF_r4_4m",NA,247.38,"signal16","g/m2 per year",4,"Wendhausen",52.33336,10.63236,NA,NA,"poplar",NA,NA,NA,NA,NA,NA,NA,NA,NA,"rapeseed",2.4738,NA,NA,2013,3
2016,NA,"Wendhausen","winter rapeseed","W_AF_r4_7m",NA,360.48,"signal16","g/m2 per year",7,"Wendhausen",52.33336,10.63236,NA,NA,"poplar",NA,NA,NA,NA,NA,NA,NA,NA,NA,"rapeseed",3.6048,NA,NA,2013,3
2016,NA,"Wendhausen","winter rapeseed","W_AF_r1_24m",NA,387.81,"signal16","g/m2 per year",24,"Wendhausen",52.33336,10.63236,NA,NA,"poplar",NA,NA,NA,NA,NA,NA,NA,NA,NA,"rapeseed",3.8781,NA,NA,2013,3
2016,NA,"Wendhausen","winter rapeseed","W_AF_r2_24m",NA,291.11,"signal16","g/m2 per year",24,"Wendhausen",52.33336,10.63236,NA,NA,"poplar",NA,NA,NA,NA,NA,NA,NA,NA,NA,"rapeseed",2.9111,NA,NA,2013,3
2016,NA,"Wendhausen","winter rapeseed","W_AF_r3_24m",NA,335.71,"signal16","g/m2 per year",24,"Wendhausen",52.33336,10.63236,NA,NA,"poplar",NA,NA,NA,NA,NA,NA,NA,NA,NA,"rapeseed",3.3571,NA,NA,2013,3
2016,NA,"Wendhausen","winter rapeseed","W_AF_r4_24m",NA,320.46,"signal16","g/m2 per year",24,"Wendhausen",52.33336,10.63236,NA,NA,"poplar",NA,NA,NA,NA,NA,NA,NA,NA,NA,"rapeseed",3.2046,NA,NA,2013,3
2017,NA,"Wendhausen","winter wheat","W_AF_r1_1m",123.39,347.43,"signal16","g/m2 per year",1,"Wendhausen",52.33336,10.63236,NA,NA,"poplar",NA,NA,NA,NA,NA,NA,NA,NA,NA,"wheat",3.4743,1.2339,NA,2013,4
2017,NA,"Wendhausen","winter wheat","W_AF_r1_4m",201.49,466.86,"signal16","g/m2 per year",4,"Wendhausen",52.33336,10.63236,NA,NA,"poplar",NA,NA,NA,NA,NA,NA,NA,NA,NA,"wheat",4.6686,2.0149,NA,2013,4
2017,NA,"Wendhausen","winter wheat","W_AF_r1_7m",303.32,675.74,"signal16","g/m2 per year",7,"Wendhausen",52.33336,10.63236,NA,NA,"poplar",NA,NA,NA,NA,NA,NA,NA,NA,NA,"wheat",6.7574,3.0332,NA,2013,4
2017,NA,"Wendhausen","winter wheat","W_AF_r2_1m",168.57,470.86,"signal16","g/m2 per year",1,"Wendhausen",52.33336,10.63236,NA,NA,"poplar",NA,NA,NA,NA,NA,NA,NA,NA,NA,"wheat",4.7086,1.6857,NA,2013,4
2017,NA,"Wendhausen","winter wheat","W_AF_r2_4m",411.05,658.4,"signal16","g/m2 per year",4,"Wendhausen",52.33336,10.63236,NA,NA,"poplar",NA,NA,NA,NA,NA,NA,NA,NA,NA,"wheat",6.584,4.1105,NA,2013,4
2017,NA,"Wendhausen","winter wheat","W_AF_r2_7m",268.81,689.39,"signal16","g/m2 per year",7,"Wendhausen",52.33336,10.63236,NA,NA,"poplar",NA,NA,NA,NA,NA,NA,NA,NA,NA,"wheat",6.8939,2.6881,NA,2013,4
2017,NA,"Wendhausen","winter wheat","W_AF_r3_1m",90.2,279.81,"signal16","g/m2 per year",1,"Wendhausen",52.33336,10.63236,NA,NA,"poplar",NA,NA,NA,NA,NA,NA,NA,NA,NA,"wheat",2.7981,0.902,NA,2013,4
2017,NA,"Wendhausen","winter wheat","W_AF_r3_4m",335.71,524.69,"signal16","g/m2 per year",4,"Wendhausen",52.33336,10.63236,NA,NA,"poplar",NA,NA,NA,NA,NA,NA,NA,NA,NA,"wheat",5.2469,3.3571,NA,2013,4
2017,NA,"Wendhausen","winter wheat","W_AF_r3_7m",267.05,545.36,"signal16","g/m2 per year",7,"Wendhausen",52.33336,10.63236,NA,NA,"poplar",NA,NA,NA,NA,NA,NA,NA,NA,NA,"wheat",5.4536,2.6705,NA,2013,4
2017,NA,"Wendhausen","winter wheat","W_AF_r4_1m",108.55,219.53,"signal16","g/m2 per year",1,"Wendhausen",52.33336,10.63236,NA,NA,"poplar",NA,NA,NA,NA,NA,NA,NA,NA,NA,"wheat",2.1953,1.0855,NA,2013,4
2017,NA,"Wendhausen","winter wheat","W_AF_r4_4m",269.12,527.33,"signal16","g/m2 per year",4,"Wendhausen",52.33336,10.63236,NA,NA,"poplar",NA,NA,NA,NA,NA,NA,NA,NA,NA,"wheat",5.2733,2.6912,NA,2013,4
2017,NA,"Wendhausen","winter wheat","W_AF_r4_7m",211.19,541.66,"signal16","g/m2 per year",7,"Wendhausen",52.33336,10.63236,NA,NA,"poplar",NA,NA,NA,NA,NA,NA,NA,NA,NA,"wheat",5.4166,2.1119,NA,2013,4
2017,NA,"Wendhausen","winter wheat","W_AF_r1_24m",296.96,607.37,"signal16","g/m2 per year",24,"Wendhausen",52.33336,10.63236,NA,NA,"poplar",NA,NA,NA,NA,NA,NA,NA,NA,NA,"wheat",6.0737,2.9696,NA,2013,4
2017,NA,"Wendhausen","winter wheat","W_AF_r2_24m",389.66,732.61,"signal16","g/m2 per year",24,"Wendhausen",52.33336,10.63236,NA,NA,"poplar",NA,NA,NA,NA,NA,NA,NA,NA,NA,"wheat",7.3261,3.8966,NA,2013,4
2017,NA,"Wendhausen","winter wheat","W_AF_r3_24m",361.2,691.39,"signal16","g/m2 per year",24,"Wendhausen",52.33336,10.63236,NA,NA,"poplar",NA,NA,NA,NA,NA,NA,NA,NA,NA,"wheat",6.9139,3.612,NA,2013,4
2017,NA,"Wendhausen","winter wheat","W_AF_r4_24m",262.31,779.83,"signal16","g/m2 per year",24,"Wendhausen",52.33336,10.63236,NA,NA,"poplar",NA,NA,NA,NA,NA,NA,NA,NA,NA,"wheat",7.7983,2.6231,NA,2013,4
2019,NA,"Wendhausen","silage maize","W-AF-r1",NA,0.15646085145013,"wendhausen1920","t/ha",1,"Wendhausen",52.333357,10.632363,"lee","Pelosol","poplar",NA,NA,NA,NA,NA,NA,NA,NA,NA,"maize",0.15646085145013,NA,NA,2013,6
2019,NA,"Wendhausen","silage maize","W-AF-r1",NA,5.12846781475336,"wendhausen1920","t/ha",4,"Wendhausen",52.333357,10.632363,"lee","Pelosol","poplar",NA,NA,NA,NA,NA,NA,NA,NA,NA,"maize",5.12846781475336,NA,NA,2013,6
2019,NA,"Wendhausen","silage maize","W-AF-r1",NA,7.11068513301705,"wendhausen1920","t/ha",7,"Wendhausen",52.333357,10.632363,"lee","Pelosol","poplar",NA,NA,NA,NA,NA,NA,NA,NA,NA,"maize",7.11068513301705,NA,NA,2013,6
2019,NA,"Wendhausen","silage maize","W-AF-r1",NA,16.4006765115179,"wendhausen1920","t/ha",24,"Wendhausen",52.333357,10.632363,"lee","Pelosol","poplar",NA,NA,NA,NA,NA,NA,NA,NA,NA,"maize",16.4006765115179,NA,NA,2013,6
2019,NA,"Wendhausen","silage maize","W-AF-r2",NA,1.23249720650641,"wendhausen1920","t/ha",1,"Wendhausen",52.333357,10.632363,"luv","Pelosol","poplar",NA,NA,NA,NA,NA,NA,NA,NA,NA,"maize",1.23249720650641,NA,NA,2013,6
2019,NA,"Wendhausen","silage maize","W-AF-r2",NA,11.4309681505352,"wendhausen1920","t/ha",4,"Wendhausen",52.333357,10.632363,"luv","Pelosol","poplar",NA,NA,NA,NA,NA,NA,NA,NA,NA,"maize",11.4309681505352,NA,NA,2013,6
2019,NA,"Wendhausen","silage maize","W-AF-r2",NA,13.6129922058986,"wendhausen1920","t/ha",7,"Wendhausen",52.333357,10.632363,"luv","Pelosol","poplar",NA,NA,NA,NA,NA,NA,NA,NA,NA,"maize",13.6129922058986,NA,NA,2013,6
2019,NA,"Wendhausen","silage maize","W-AF-r2",NA,15.315273901524,"wendhausen1920","t/ha",24,"Wendhausen",52.333357,10.632363,"luv","Pelosol","poplar",NA,NA,NA,NA,NA,NA,NA,NA,NA,"maize",15.315273901524,NA,NA,2013,6
2019,NA,"Wendhausen","silage maize","W-AF-r3",NA,0.530663980491586,"wendhausen1920","t/ha",1,"Wendhausen",52.333357,10.632363,"lee","Pelosol","poplar",NA,NA,NA,NA,NA,NA,NA,NA,NA,"maize",0.530663980491586,NA,NA,2013,6
2019,NA,"Wendhausen","silage maize","W-AF-r3",NA,10.2017818501442,"wendhausen1920","t/ha",4,"Wendhausen",52.333357,10.632363,"lee","Pelosol","poplar",NA,NA,NA,NA,NA,NA,NA,NA,NA,"maize",10.2017818501442,NA,NA,2013,6
2019,NA,"Wendhausen","silage maize","W-AF-r3",NA,12.4626634317739,"wendhausen1920","t/ha",7,"Wendhausen",52.333357,10.632363,"lee","Pelosol","poplar",NA,NA,NA,NA,NA,NA,NA,NA,NA,"maize",12.4626634317739,NA,NA,2013,6
2019,NA,"Wendhausen","silage maize","W-AF-r3",NA,16.9812205418546,"wendhausen1920","t/ha",24,"Wendhausen",52.333357,10.632363,"lee","Pelosol","poplar",NA,NA,NA,NA,NA,NA,NA,NA,NA,"maize",16.9812205418546,NA,NA,2013,6
2019,NA,"Wendhausen","silage maize","W-AF-r4",NA,0.0804483333333333,"wendhausen1920","t/ha",1,"Wendhausen",52.333357,10.632363,"luv","Pelosol","poplar",NA,NA,NA,NA,NA,NA,NA,NA,NA,"maize",0.0804483333333333,NA,NA,2013,6
2019,NA,"Wendhausen","silage maize","W-AF-r4",NA,12.1793294926038,"wendhausen1920","t/ha",4,"Wendhausen",52.333357,10.632363,"luv","Pelosol","poplar",NA,NA,NA,NA,NA,NA,NA,NA,NA,"maize",12.1793294926038,NA,NA,2013,6
2019,NA,"Wendhausen","silage maize","W-AF-r4",NA,14.9289304101732,"wendhausen1920","t/ha",7,"Wendhausen",52.333357,10.632363,"luv","Pelosol","poplar",NA,NA,NA,NA,NA,NA,NA,NA,NA,"maize",14.9289304101732,NA,NA,2013,6
2019,NA,"Wendhausen","silage maize","W-AF-r4",NA,16.7839859167564,"wendhausen1920","t/ha",24,"Wendhausen",52.333357,10.632363,"luv","Pelosol","poplar",NA,NA,NA,NA,NA,NA,NA,NA,NA,"maize",16.7839859167564,NA,NA,2013,6
2020,NA,"Wendhausen","silage maize","W-AF-r1",NA,1.00618149967096,"wendhausen1920","t/ha",1,"Wendhausen",52.333357,10.632363,"lee","Pelosol","poplar",NA,NA,NA,NA,NA,NA,NA,NA,NA,"maize",1.00618149967096,NA,NA,2013,7
2020,NA,"Wendhausen","silage maize","W-AF-r1",NA,13.1872331951148,"wendhausen1920","t/ha",4,"Wendhausen",52.333357,10.632363,"lee","Pelosol","poplar",NA,NA,NA,NA,NA,NA,NA,NA,NA,"maize",13.1872331951148,NA,NA,2013,7
2020,NA,"Wendhausen","silage maize","W-AF-r1",NA,16.4948943240754,"wendhausen1920","t/ha",7,"Wendhausen",52.333357,10.632363,"lee","Pelosol","poplar",NA,NA,NA,NA,NA,NA,NA,NA,NA,"maize",16.4948943240754,NA,NA,2013,7
2020,NA,"Wendhausen","silage maize","W-AF-r1",NA,20.0387278584006,"wendhausen1920","t/ha",24,"Wendhausen",52.333357,10.632363,"lee","Pelosol","poplar",NA,NA,NA,NA,NA,NA,NA,NA,NA,"maize",20.0387278584006,NA,NA,2013,7
2020,NA,"Wendhausen","silage maize","W-AF-r2",NA,0.653876627610367,"wendhausen1920","t/ha",1,"Wendhausen",52.333357,10.632363,"luv","Pelosol","poplar",NA,NA,NA,NA,NA,NA,NA,NA,NA,"maize",0.653876627610367,NA,NA,2013,7
2020,NA,"Wendhausen","silage maize","W-AF-r2",NA,8.96104159137013,"wendhausen1920","t/ha",4,"Wendhausen",52.333357,10.632363,"luv","Pelosol","poplar",NA,NA,NA,NA,NA,NA,NA,NA,NA,"maize",8.96104159137013,NA,NA,2013,7
2020,NA,"Wendhausen","silage maize","W-AF-r2",NA,17.7209375794879,"wendhausen1920","t/ha",7,"Wendhausen",52.333357,10.632363,"luv","Pelosol","poplar",NA,NA,NA,NA,NA,NA,NA,NA,NA,"maize",17.7209375794879,NA,NA,2013,7
2020,NA,"Wendhausen","silage maize","W-AF-r2",NA,18.1142855638754,"wendhausen1920","t/ha",24,"Wendhausen",52.333357,10.632363,"luv","Pelosol","poplar",NA,NA,NA,NA,NA,NA,NA,NA,NA,"maize",18.1142855638754,NA,NA,2013,7
2020,NA,"Wendhausen","silage maize","W-AF-r3",NA,0.47002658191095,"wendhausen1920","t/ha",1,"Wendhausen",52.333357,10.632363,"lee","Pelosol","poplar",NA,NA,NA,NA,NA,NA,NA,NA,NA,"maize",0.47002658191095,NA,NA,2013,7
2020,NA,"Wendhausen","silage maize","W-AF-r3",NA,6.68006189510362,"wendhausen1920","t/ha",4,"Wendhausen",52.333357,10.632363,"lee","Pelosol","poplar",NA,NA,NA,NA,NA,NA,NA,NA,NA,"maize",6.68006189510362,NA,NA,2013,7
2020,NA,"Wendhausen","silage maize","W-AF-r3",NA,15.1769660951939,"wendhausen1920","t/ha",7,"Wendhausen",52.333357,10.632363,"lee","Pelosol","poplar",NA,NA,NA,NA,NA,NA,NA,NA,NA,"maize",15.1769660951939,NA,NA,2013,7
2020,NA,"Wendhausen","silage maize","W-AF-r3",NA,19.9262622189624,"wendhausen1920","t/ha",24,"Wendhausen",52.333357,10.632363,"lee","Pelosol","poplar",NA,NA,NA,NA,NA,NA,NA,NA,NA,"maize",19.9262622189624,NA,NA,2013,7
2020,NA,"Wendhausen","silage maize","W-AF-r4",NA,0.919126617215768,"wendhausen1920","t/ha",1,"Wendhausen",52.333357,10.632363,"luv","Pelosol","poplar",NA,NA,NA,NA,NA,NA,NA,NA,NA,"maize",0.919126617215768,NA,NA,2013,7
2020,NA,"Wendhausen","silage maize","W-AF-r4",NA,10.1690781190014,"wendhausen1920","t/ha",4,"Wendhausen",52.333357,10.632363,"luv","Pelosol","poplar",NA,NA,NA,NA,NA,NA,NA,NA,NA,"maize",10.1690781190014,NA,NA,2013,7
2020,NA,"Wendhausen","silage maize","W-AF-r4",NA,16.9219685431998,"wendhausen1920","t/ha",7,"Wendhausen",52.333357,10.632363,"luv","Pelosol","poplar",NA,NA,NA,NA,NA,NA,NA,NA,NA,"maize",16.9219685431998,NA,NA,2013,7
2020,NA,"Wendhausen","silage maize","W-AF-r4",NA,32.6436611354305,"wendhausen1920","t/ha",24,"Wendhausen",52.333357,10.632363,"luv","Pelosol","poplar",NA,NA,NA,NA,NA,NA,NA,NA,NA,"maize",32.6436611354305,NA,NA,2013,7
2021,NA,"Wendhausen","summer barley","W-AF-r1",3.8,4.250773252,"wendhausen21","t/ha",1,"Wendhausen",52.333357,10.632363,"lee","Pelosol","poplar",NA,NA,NA,NA,NA,NA,NA,NA,NA,"barley",4.250773252,3.8,NA,2021,0
2021,NA,"Wendhausen","summer barley","W-AF-r1",4,5.283647738,"wendhausen21","t/ha",4,"Wendhausen",52.333357,10.632363,"lee","Pelosol","poplar",NA,NA,NA,NA,NA,NA,NA,NA,NA,"barley",5.283647738,4,NA,2021,0
2021,NA,"Wendhausen","summer barley","W-AF-r1",2.966666667,6.348684152,"wendhausen21","t/ha",7,"Wendhausen",52.333357,10.632363,"lee","Pelosol","poplar",NA,NA,NA,NA,NA,NA,NA,NA,NA,"barley",6.348684152,2.966666667,NA,2021,0
2021,NA,"Wendhausen","summer barley","W-AF-r1",5.333333333,6.166588787,"wendhausen21","t/ha",24,"Wendhausen",52.333357,10.632363,"lee","Pelosol","poplar",NA,NA,NA,NA,NA,NA,NA,NA,NA,"barley",6.166588787,5.333333333,NA,2021,0
2021,NA,"Wendhausen","summer barley","W-AF-r2",1.066666667,1.816700332,"wendhausen21","t/ha",1,"Wendhausen",52.333357,10.632363,"luv","Pelosol","poplar",NA,NA,NA,NA,NA,NA,NA,NA,NA,"barley",1.816700332,1.066666667,NA,2021,0
2021,NA,"Wendhausen","summer barley","W-AF-r2",3.033333333,3.797623786,"wendhausen21","t/ha",4,"Wendhausen",52.333357,10.632363,"luv","Pelosol","poplar",NA,NA,NA,NA,NA,NA,NA,NA,NA,"barley",3.797623786,3.033333333,NA,2021,0
2021,NA,"Wendhausen","summer barley","W-AF-r2",4.133333333,4.769515276,"wendhausen21","t/ha",7,"Wendhausen",52.333357,10.632363,"luv","Pelosol","poplar",NA,NA,NA,NA,NA,NA,NA,NA,NA,"barley",4.769515276,4.133333333,NA,2021,0
2021,NA,"Wendhausen","summer barley","W-AF-r2",4.3,3.298008267,"wendhausen21","t/ha",24,"Wendhausen",52.333357,10.632363,"luv","Pelosol","poplar",NA,NA,NA,NA,NA,NA,NA,NA,NA,"barley",3.298008267,4.3,NA,2021,0
2021,NA,"Wendhausen","summer barley","W-AF-r3",3,4.790264704,"wendhausen21","t/ha",1,"Wendhausen",52.333357,10.632363,"lee","Pelosol","poplar",NA,NA,NA,NA,NA,NA,NA,NA,NA,"barley",4.790264704,3,NA,2021,0
2021,NA,"Wendhausen","summer barley","W-AF-r3",3.733333333,5.751718644,"wendhausen21","t/ha",4,"Wendhausen",52.333357,10.632363,"lee","Pelosol","poplar",NA,NA,NA,NA,NA,NA,NA,NA,NA,"barley",5.751718644,3.733333333,NA,2021,0
2021,NA,"Wendhausen","summer barley","W-AF-r3",2.866666667,5.88063899,"wendhausen21","t/ha",7,"Wendhausen",52.333357,10.632363,"lee","Pelosol","poplar",NA,NA,NA,NA,NA,NA,NA,NA,NA,"barley",5.88063899,2.866666667,NA,2021,0
2021,NA,"Wendhausen","summer barley","W-AF-r3",2.666666667,5.438716733,"wendhausen21","t/ha",24,"Wendhausen",52.333357,10.632363,"lee","Pelosol","poplar",NA,NA,NA,NA,NA,NA,NA,NA,NA,"barley",5.438716733,2.666666667,NA,2021,0
2021,NA,"Wendhausen","summer barley","W-AF-r4",1.766666667,2.611792932,"wendhausen21","t/ha",1,"Wendhausen",52.333357,10.632363,"luv","Pelosol","poplar",NA,NA,NA,NA,NA,NA,NA,NA,NA,"barley",2.611792932,1.766666667,NA,2021,0
2021,NA,"Wendhausen","summer barley","W-AF-r4",4.133333333,5.66745339,"wendhausen21","t/ha",4,"Wendhausen",52.333357,10.632363,"luv","Pelosol","poplar",NA,NA,NA,NA,NA,NA,NA,NA,NA,"barley",5.66745339,4.133333333,NA,2021,0
2021,NA,"Wendhausen","summer barley","W-AF-r4",4.066666667,6.300342209,"wendhausen21","t/ha",7,"Wendhausen",52.333357,10.632363,"luv","Pelosol","poplar",NA,NA,NA,NA,NA,NA,NA,NA,NA,"barley",6.300342209,4.066666667,NA,2021,0
2021,NA,"Wendhausen","summer barley","W-AF-r4",3.4,5.889452225,"wendhausen21","t/ha",24,"Wendhausen",52.333357,10.632363,"luv","Pelosol","poplar",NA,NA,NA,NA,NA,NA,NA,NA,NA,"barley",5.889452225,3.4,NA,2021,0
2022,NA,"Wendhausen","oil rape","W-AF-r1",NA,1.69370064599445,"wendhausen22","t/ha",1,"Wendhausen",52.333357,10.632363,"lee","Pelosol","poplar",NA,NA,NA,NA,NA,NA,NA,NA,NA,"rapeseed",1.69370064599445,NA,NA,2021,1
2022,NA,"Wendhausen","oil rape","W-AF-r1",NA,4.05791728024932,"wendhausen22","t/ha",4,"Wendhausen",52.333357,10.632363,"lee","Pelosol","poplar",NA,NA,NA,NA,NA,NA,NA,NA,NA,"rapeseed",4.05791728024932,NA,NA,2021,1
2022,NA,"Wendhausen","oil rape","W-AF-r1",NA,4.52167567888739,"wendhausen22","t/ha",7,"Wendhausen",52.333357,10.632363,"lee","Pelosol","poplar",NA,NA,NA,NA,NA,NA,NA,NA,NA,"rapeseed",4.52167567888739,NA,NA,2021,1
2022,NA,"Wendhausen","oil rape","W-AF-r1",NA,4.3354737108111,"wendhausen22","t/ha",24,"Wendhausen",52.333357,10.632363,"lee","Pelosol","poplar",NA,NA,NA,NA,NA,NA,NA,NA,NA,"rapeseed",4.3354737108111,NA,NA,2021,1
2022,NA,"Wendhausen","oil rape","W-AF-r2",NA,1.43976503327556,"wendhausen22","t/ha",1,"Wendhausen",52.333357,10.632363,"luv","Pelosol","poplar",NA,NA,NA,NA,NA,NA,NA,NA,NA,"rapeseed",1.43976503327556,NA,NA,2021,1
2022,NA,"Wendhausen","oil rape","W-AF-r2",NA,3.16220160882739,"wendhausen22","t/ha",4,"Wendhausen",52.333357,10.632363,"luv","Pelosol","poplar",NA,NA,NA,NA,NA,NA,NA,NA,NA,"rapeseed",3.16220160882739,NA,NA,2021,1
2022,NA,"Wendhausen","oil rape","W-AF-r2",NA,4.04690860966857,"wendhausen22","t/ha",7,"Wendhausen",52.333357,10.632363,"luv","Pelosol","poplar",NA,NA,NA,NA,NA,NA,NA,NA,NA,"rapeseed",4.04690860966857,NA,NA,2021,1
2022,NA,"Wendhausen","oil rape","W-AF-r2",NA,3.79230689850425,"wendhausen22","t/ha",24,"Wendhausen",52.333357,10.632363,"luv","Pelosol","poplar",NA,NA,NA,NA,NA,NA,NA,NA,NA,"rapeseed",3.79230689850425,NA,NA,2021,1
2022,NA,"Wendhausen","oil rape","W-AF-r3",NA,1.21019220529722,"wendhausen22","t/ha",1,"Wendhausen",52.333357,10.632363,"lee","Pelosol","poplar",NA,NA,NA,NA,NA,NA,NA,NA,NA,"rapeseed",1.21019220529722,NA,NA,2021,1
2022,NA,"Wendhausen","oil rape","W-AF-r3",NA,3.53841385098331,"wendhausen22","t/ha",4,"Wendhausen",52.333357,10.632363,"lee","Pelosol","poplar",NA,NA,NA,NA,NA,NA,NA,NA,NA,"rapeseed",3.53841385098331,NA,NA,2021,1
2022,NA,"Wendhausen","oil rape","W-AF-r3",NA,2.95579978391428,"wendhausen22","t/ha",7,"Wendhausen",52.333357,10.632363,"lee","Pelosol","poplar",NA,NA,NA,NA,NA,NA,NA,NA,NA,"rapeseed",2.95579978391428,NA,NA,2021,1
2022,NA,"Wendhausen","oil rape","W-AF-r3",NA,3.69427934301629,"wendhausen22","t/ha",24,"Wendhausen",52.333357,10.632363,"lee","Pelosol","poplar",NA,NA,NA,NA,NA,NA,NA,NA,NA,"rapeseed",3.69427934301629,NA,NA,2021,1
2022,NA,"Wendhausen","oil rape","W-AF-r4",NA,2.47164634822033,"wendhausen22","t/ha",1,"Wendhausen",52.333357,10.632363,"luv","Pelosol","poplar",NA,NA,NA,NA,NA,NA,NA,NA,NA,"rapeseed",2.47164634822033,NA,NA,2021,1
2022,NA,"Wendhausen","oil rape","W-AF-r4",NA,4.19234431503997,"wendhausen22","t/ha",4,"Wendhausen",52.333357,10.632363,"luv","Pelosol","poplar",NA,NA,NA,NA,NA,NA,NA,NA,NA,"rapeseed",4.19234431503997,NA,NA,2021,1
2022,NA,"Wendhausen","oil rape","W-AF-r4",NA,5.04262632415108,"wendhausen22","t/ha",7,"Wendhausen",52.333357,10.632363,"luv","Pelosol","poplar",NA,NA,NA,NA,NA,NA,NA,NA,NA,"rapeseed",5.04262632415108,NA,NA,2021,1
2022,NA,"Wendhausen","oil rape","W-AF-r4",NA,4.86856806634269,"wendhausen22","t/ha",24,"Wendhausen",52.333357,10.632363,"luv","Pelosol","poplar",NA,NA,NA,NA,NA,NA,NA,NA,NA,"rapeseed",4.86856806634269,NA,NA,2021,1
2023,NA,"Wendhausen","sillage maize","W-AF-r1",NA,1.72218365315959,"wendhausen23","t/ha",1,"Wendhausen",52.333357,10.632363,"lee","Pelosol","poplar",NA,NA,NA,NA,NA,NA,NA,NA,NA,"maize",1.72218365315959,NA,NA,2021,2
2023,NA,"Wendhausen","sillage maize","W-AF-r1",NA,11.5669144163848,"wendhausen23","t/ha",4,"Wendhausen",52.333357,10.632363,"lee","Pelosol","poplar",NA,NA,NA,NA,NA,NA,NA,NA,NA,"maize",11.5669144163848,NA,NA,2021,2
2023,NA,"Wendhausen","sillage maize","W-AF-r1",NA,18.9728797437788,"wendhausen23","t/ha",7,"Wendhausen",52.333357,10.632363,"lee","Pelosol","poplar",NA,NA,NA,NA,NA,NA,NA,NA,NA,"maize",18.9728797437788,NA,NA,2021,2
2023,NA,"Wendhausen","sillage maize","W-AF-r1",NA,19.0634515096014,"wendhausen23","t/ha",24,"Wendhausen",52.333357,10.632363,"lee","Pelosol","poplar",NA,NA,NA,NA,NA,NA,NA,NA,NA,"maize",19.0634515096014,NA,NA,2021,2
2023,NA,"Wendhausen","sillage maize","W-AF-r2",NA,0.551491998008672,"wendhausen23","t/ha",1,"Wendhausen",52.333357,10.632363,"luv","Pelosol","poplar",NA,NA,NA,NA,NA,NA,NA,NA,NA,"maize",0.551491998008672,NA,NA,2021,2
2023,NA,"Wendhausen","sillage maize","W-AF-r2",NA,5.15999581163694,"wendhausen23","t/ha",4,"Wendhausen",52.333357,10.632363,"luv","Pelosol","poplar",NA,NA,NA,NA,NA,NA,NA,NA,NA,"maize",5.15999581163694,NA,NA,2021,2
2023,NA,"Wendhausen","sillage maize","W-AF-r2",NA,12.6319310170929,"wendhausen23","t/ha",7,"Wendhausen",52.333357,10.632363,"luv","Pelosol","poplar",NA,NA,NA,NA,NA,NA,NA,NA,NA,"maize",12.6319310170929,NA,NA,2021,2
2023,NA,"Wendhausen","sillage maize","W-AF-r2",NA,16.2977830244992,"wendhausen23","t/ha",24,"Wendhausen",52.333357,10.632363,"luv","Pelosol","poplar",NA,NA,NA,NA,NA,NA,NA,NA,NA,"maize",16.2977830244992,NA,NA,2021,2
2023,NA,"Wendhausen","sillage maize","W-AF-r3",NA,3.55872397396751,"wendhausen23","t/ha",1,"Wendhausen",52.333357,10.632363,"lee","Pelosol","poplar",NA,NA,NA,NA,NA,NA,NA,NA,NA,"maize",3.55872397396751,NA,NA,2021,2
2023,NA,"Wendhausen","sillage maize","W-AF-r3",NA,9.23144269139808,"wendhausen23","t/ha",4,"Wendhausen",52.333357,10.632363,"lee","Pelosol","poplar",NA,NA,NA,NA,NA,NA,NA,NA,NA,"maize",9.23144269139808,NA,NA,2021,2
2023,NA,"Wendhausen","sillage maize","W-AF-r3",NA,18.0571551456341,"wendhausen23","t/ha",7,"Wendhausen",52.333357,10.632363,"lee","Pelosol","poplar",NA,NA,NA,NA,NA,NA,NA,NA,NA,"maize",18.0571551456341,NA,NA,2021,2
2023,NA,"Wendhausen","sillage maize","W-AF-r3",NA,18.9602025372742,"wendhausen23","t/ha",24,"Wendhausen",52.333357,10.632363,"lee","Pelosol","poplar",NA,NA,NA,NA,NA,NA,NA,NA,NA,"maize",18.9602025372742,NA,NA,2021,2
2023,NA,"Wendhausen","sillage maize","W-AF-r4",NA,3.07188016334948,"wendhausen23","t/ha",1,"Wendhausen",52.333357,10.632363,"luv","Pelosol","poplar",NA,NA,NA,NA,NA,NA,NA,NA,NA,"maize",3.07188016334948,NA,NA,2021,2
2023,NA,"Wendhausen","sillage maize","W-AF-r4",NA,8.55445949810513,"wendhausen23","t/ha",4,"Wendhausen",52.333357,10.632363,"luv","Pelosol","poplar",NA,NA,NA,NA,NA,NA,NA,NA,NA,"maize",8.55445949810513,NA,NA,2021,2
2023,NA,"Wendhausen","sillage maize","W-AF-r4",NA,17.2631581772637,"wendhausen23","t/ha",7,"Wendhausen",52.333357,10.632363,"luv","Pelosol","poplar",NA,NA,NA,NA,NA,NA,NA,NA,NA,"maize",17.2631581772637,NA,NA,2021,2
2023,NA,"Wendhausen","sillage maize","W-AF-r4",NA,15.5466666666667,"wendhausen23","t/ha",24,"Wendhausen",52.333357,10.632363,"luv","Pelosol","poplar",NA,NA,NA,NA,NA,NA,NA,NA,NA,"maize",15.5466666666667,NA,NA,2021,2
2016,NA,"Dornburg","summer barley","D_AF_r1_1m",125.47,302.14,"signal16","g/m2 per year",1,"Dornburg",51.011111,11.646111,NA,NA,"poplar",NA,NA,NA,NA,NA,NA,NA,NA,NA,"barley",3.0214,1.2547,NA,2014,2
2016,NA,"Dornburg","summer barley","D_AF_r1_4m",212.31,443.82,"signal16","g/m2 per year",4,"Dornburg",51.011111,11.646111,NA,NA,"poplar",NA,NA,NA,NA,NA,NA,NA,NA,NA,"barley",4.4382,2.1231,NA,2014,2
2016,NA,"Dornburg","summer barley","D_AF_r1_7m",231.58,442,"signal16","g/m2 per year",7,"Dornburg",51.011111,11.646111,NA,NA,"poplar",NA,NA,NA,NA,NA,NA,NA,NA,NA,"barley",4.42,2.3158,NA,2014,2
2016,NA,"Dornburg","summer barley","D_AF_r2_1m",139.86,378.77,"signal16","g/m2 per year",1,"Dornburg",51.011111,11.646111,NA,NA,"poplar",NA,NA,NA,NA,NA,NA,NA,NA,NA,"barley",3.7877,1.3986,NA,2014,2
2016,NA,"Dornburg","summer barley","D_AF_r2_4m",188.77,497.72,"signal16","g/m2 per year",4,"Dornburg",51.011111,11.646111,NA,NA,"poplar",NA,NA,NA,NA,NA,NA,NA,NA,NA,"barley",4.9772,1.8877,NA,2014,2
2016,NA,"Dornburg","summer barley","D_AF_r2_7m",239.04,455.5,"signal16","g/m2 per year",7,"Dornburg",51.011111,11.646111,NA,NA,"poplar",NA,NA,NA,NA,NA,NA,NA,NA,NA,"barley",4.555,2.3904,NA,2014,2
2016,NA,"Dornburg","summer barley","D_AF_r3_1m",272.82,380.29,"signal16","g/m2 per year",1,"Dornburg",51.011111,11.646111,NA,NA,"poplar",NA,NA,NA,NA,NA,NA,NA,NA,NA,"barley",3.8029,2.7282,NA,2014,2
2016,NA,"Dornburg","summer barley","D_AF_r3_4m",176.79,435.34,"signal16","g/m2 per year",4,"Dornburg",51.011111,11.646111,NA,NA,"poplar",NA,NA,NA,NA,NA,NA,NA,NA,NA,"barley",4.3534,1.7679,NA,2014,2
2016,NA,"Dornburg","summer barley","D_AF_r3_7m",198.17,461.81,"signal16","g/m2 per year",7,"Dornburg",51.011111,11.646111,NA,NA,"poplar",NA,NA,NA,NA,NA,NA,NA,NA,NA,"barley",4.6181,1.9817,NA,2014,2
2016,NA,"Dornburg","summer barley","D_AF_r4_1m",151.18,396.75,"signal16","g/m2 per year",1,"Dornburg",51.011111,11.646111,NA,NA,"poplar",NA,NA,NA,NA,NA,NA,NA,NA,NA,"barley",3.9675,1.5118,NA,2014,2
2016,NA,"Dornburg","summer barley","D_AF_r4_4m",243.17,522.41,"signal16","g/m2 per year",4,"Dornburg",51.011111,11.646111,NA,NA,"poplar",NA,NA,NA,NA,NA,NA,NA,NA,NA,"barley",5.2241,2.4317,NA,2014,2
2016,NA,"Dornburg","summer barley","D_AF_r4_7m",311.25,566.75,"signal16","g/m2 per year",7,"Dornburg",51.011111,11.646111,NA,NA,"poplar",NA,NA,NA,NA,NA,NA,NA,NA,NA,"barley",5.6675,3.1125,NA,2014,2
2016,NA,"Dornburg","summer barley","D_AF_r1_24m",195.83,412.66,"signal16","g/m2 per year",24,"Dornburg",51.011111,11.646111,NA,NA,"poplar",NA,NA,NA,NA,NA,NA,NA,NA,NA,"barley",4.1266,1.9583,NA,2014,2
2016,NA,"Dornburg","summer barley","D_AF_r2_24m",199.28,417.94,"signal16","g/m2 per year",24,"Dornburg",51.011111,11.646111,NA,NA,"poplar",NA,NA,NA,NA,NA,NA,NA,NA,NA,"barley",4.1794,1.9928,NA,2014,2
2016,NA,"Dornburg","summer barley","D_AF_r3_24m",276.67,449.17,"signal16","g/m2 per year",24,"Dornburg",51.011111,11.646111,NA,NA,"poplar",NA,NA,NA,NA,NA,NA,NA,NA,NA,"barley",4.4917,2.7667,NA,2014,2
2016,NA,"Dornburg","summer barley","D_AF_r4_24m",278.29,433.32,"signal16","g/m2 per year",24,"Dornburg",51.011111,11.646111,NA,NA,"poplar",NA,NA,NA,NA,NA,NA,NA,NA,NA,"barley",4.3332,2.7829,NA,2014,2
2017,NA,"Dornburg","winter rapeseed","D_AF_r1_1m",341.6,119.7,"signal16","g/m2 per year",1,"Dornburg",51.011111,11.646111,NA,NA,"poplar",NA,NA,NA,NA,NA,NA,NA,NA,NA,"rapeseed",1.197,3.416,NA,2014,3
2017,NA,"Dornburg","winter rapeseed","D_AF_r1_4m",503.4,191.2,"signal16","g/m2 per year",4,"Dornburg",51.011111,11.646111,NA,NA,"poplar",NA,NA,NA,NA,NA,NA,NA,NA,NA,"rapeseed",1.912,5.034,NA,2014,3
2017,NA,"Dornburg","winter rapeseed","D_AF_r1_7m",479,202.3,"signal16","g/m2 per year",7,"Dornburg",51.011111,11.646111,NA,NA,"poplar",NA,NA,NA,NA,NA,NA,NA,NA,NA,"rapeseed",2.023,4.79,NA,2014,3
2017,NA,"Dornburg","winter rapeseed","D_AF_r2_1m",343.1,175.4,"signal16","g/m2 per year",1,"Dornburg",51.011111,11.646111,NA,NA,"poplar",NA,NA,NA,NA,NA,NA,NA,NA,NA,"rapeseed",1.754,3.431,NA,2014,3
2017,NA,"Dornburg","winter rapeseed","D_AF_r2_4m",400.3,236.7,"signal16","g/m2 per year",4,"Dornburg",51.011111,11.646111,NA,NA,"poplar",NA,NA,NA,NA,NA,NA,NA,NA,NA,"rapeseed",2.367,4.003,NA,2014,3
2017,NA,"Dornburg","winter rapeseed","D_AF_r2_7m",460.1,195.3,"signal16","g/m2 per year",7,"Dornburg",51.011111,11.646111,NA,NA,"poplar",NA,NA,NA,NA,NA,NA,NA,NA,NA,"rapeseed",1.953,4.601,NA,2014,3
2017,NA,"Dornburg","winter rapeseed","D_AF_r3_1m",336.6,181.4,"signal16","g/m2 per year",1,"Dornburg",51.011111,11.646111,NA,NA,"poplar",NA,NA,NA,NA,NA,NA,NA,NA,NA,"rapeseed",1.814,3.366,NA,2014,3
2017,NA,"Dornburg","winter rapeseed","D_AF_r3_4m",401.3,163,"signal16","g/m2 per year",4,"Dornburg",51.011111,11.646111,NA,NA,"poplar",NA,NA,NA,NA,NA,NA,NA,NA,NA,"rapeseed",1.63,4.013,NA,2014,3
2017,NA,"Dornburg","winter rapeseed","D_AF_r3_7m",366.3,215.9,"signal16","g/m2 per year",7,"Dornburg",51.011111,11.646111,NA,NA,"poplar",NA,NA,NA,NA,NA,NA,NA,NA,NA,"rapeseed",2.159,3.663,NA,2014,3
2017,NA,"Dornburg","winter rapeseed","D_AF_r4_1m",363.4,137.1,"signal16","g/m2 per year",1,"Dornburg",51.011111,11.646111,NA,NA,"poplar",NA,NA,NA,NA,NA,NA,NA,NA,NA,"rapeseed",1.371,3.634,NA,2014,3
2017,NA,"Dornburg","winter rapeseed","D_AF_r4_4m",534.7,271.7,"signal16","g/m2 per year",4,"Dornburg",51.011111,11.646111,NA,NA,"poplar",NA,NA,NA,NA,NA,NA,NA,NA,NA,"rapeseed",2.717,5.347,NA,2014,3
2017,NA,"Dornburg","winter rapeseed","D_AF_r4_7m",547.8,251,"signal16","g/m2 per year",7,"Dornburg",51.011111,11.646111,NA,NA,"poplar",NA,NA,NA,NA,NA,NA,NA,NA,NA,"rapeseed",2.51,5.478,NA,2014,3
2017,NA,"Dornburg","winter rapeseed","D_AF_r1_24m",476.8,321.2,"signal16","g/m2 per year",24,"Dornburg",51.011111,11.646111,NA,NA,"poplar",NA,NA,NA,NA,NA,NA,NA,NA,NA,"rapeseed",3.212,4.768,NA,2014,3
2017,NA,"Dornburg","winter rapeseed","D_AF_r2_24m",372.6,336.2,"signal16","g/m2 per year",24,"Dornburg",51.011111,11.646111,NA,NA,"poplar",NA,NA,NA,NA,NA,NA,NA,NA,NA,"rapeseed",3.362,3.726,NA,2014,3
2017,NA,"Dornburg","winter rapeseed","D_AF_r3_24m",471.9,309.7,"signal16","g/m2 per year",24,"Dornburg",51.011111,11.646111,NA,NA,"poplar",NA,NA,NA,NA,NA,NA,NA,NA,NA,"rapeseed",3.097,4.719,NA,2014,3
2017,NA,"Dornburg","winter rapeseed","D_AF_r4_24m",477,393.2,"signal16","g/m2 per year",24,"Dornburg",51.011111,11.646111,NA,NA,"poplar",NA,NA,NA,NA,NA,NA,NA,NA,NA,"rapeseed",3.932,4.77,NA,2014,3
2018,4,"Dornburg_normal","winter wheat","D_AF_r1_1m",NA,420,"dornburg1823","g/m2",1,"Dornburg",51.011111,11.646111,NA,NA,"poplar","normal",NA,NA,NA,NA,NA,NA,NA,NA,"wheat",4.2,NA,NA,2014,4
2018,4,"Dornburg_normal","winter wheat","D_AF_r1_4m",NA,573,"dornburg1823","g/m2",4,"Dornburg",51.011111,11.646111,NA,NA,"poplar","normal",NA,NA,NA,NA,NA,NA,NA,NA,"wheat",5.73,NA,NA,2014,4
2018,4,"Dornburg_normal","winter wheat","D_AF_r1_7m",NA,610,"dornburg1823","g/m2",7,"Dornburg",51.011111,11.646111,NA,NA,"poplar","normal",NA,NA,NA,NA,NA,NA,NA,NA,"wheat",6.1,NA,NA,2014,4
2018,4,"Dornburg_normal","winter wheat","D_AF_r1_24m",NA,733,"dornburg1823","g/m2",24,"Dornburg",51.011111,11.646111,NA,NA,"poplar","normal",NA,NA,NA,NA,NA,NA,NA,NA,"wheat",7.33,NA,NA,2014,4
2018,4,"Dornburg_normal","winter wheat","D_AF_r2_1m",NA,443,"dornburg1823","g/m2",1,"Dornburg",51.011111,11.646111,NA,NA,"poplar","normal",NA,NA,NA,NA,NA,NA,NA,NA,"wheat",4.43,NA,NA,2014,4
2018,4,"Dornburg_normal","winter wheat","D_AF_r2_4m",NA,689,"dornburg1823","g/m2",4,"Dornburg",51.011111,11.646111,NA,NA,"poplar","normal",NA,NA,NA,NA,NA,NA,NA,NA,"wheat",6.89,NA,NA,2014,4
2018,4,"Dornburg_normal","winter wheat","D_AF_r2_7m",NA,737,"dornburg1823","g/m2",7,"Dornburg",51.011111,11.646111,NA,NA,"poplar","normal",NA,NA,NA,NA,NA,NA,NA,NA,"wheat",7.37,NA,NA,2014,4
2018,4,"Dornburg_normal","winter wheat","D_AF_r2_24m",NA,677,"dornburg1823","g/m2",24,"Dornburg",51.011111,11.646111,NA,NA,"poplar","normal",NA,NA,NA,NA,NA,NA,NA,NA,"wheat",6.77,NA,NA,2014,4
2018,4,"Dornburg_normal","winter wheat","D_AF_r3_1m",NA,417,"dornburg1823","g/m2",1,"Dornburg",51.011111,11.646111,NA,NA,"poplar","normal",NA,NA,NA,NA,NA,NA,NA,NA,"wheat",4.17,NA,NA,2014,4
2018,4,"Dornburg_normal","winter wheat","D_AF_r3_4m",NA,614,"dornburg1823","g/m2",4,"Dornburg",51.011111,11.646111,NA,NA,"poplar","normal",NA,NA,NA,NA,NA,NA,NA,NA,"wheat",6.14,NA,NA,2014,4
2018,4,"Dornburg_normal","winter wheat","D_AF_r3_7m",NA,736,"dornburg1823","g/m2",7,"Dornburg",51.011111,11.646111,NA,NA,"poplar","normal",NA,NA,NA,NA,NA,NA,NA,NA,"wheat",7.36,NA,NA,2014,4
2018,4,"Dornburg_normal","winter wheat","D_AF_r3_24m",NA,714,"dornburg1823","g/m2",24,"Dornburg",51.011111,11.646111,NA,NA,"poplar","normal",NA,NA,NA,NA,NA,NA,NA,NA,"wheat",7.14,NA,NA,2014,4
2018,4,"Dornburg_normal","winter wheat","D_AF_r4_1m",NA,453,"dornburg1823","g/m2",1,"Dornburg",51.011111,11.646111,NA,NA,"poplar","normal",NA,NA,NA,NA,NA,NA,NA,NA,"wheat",4.53,NA,NA,2014,4
2018,4,"Dornburg_normal","winter wheat","D_AF_r4_4m",NA,729,"dornburg1823","g/m2",4,"Dornburg",51.011111,11.646111,NA,NA,"poplar","normal",NA,NA,NA,NA,NA,NA,NA,NA,"wheat",7.29,NA,NA,2014,4
2018,4,"Dornburg_normal","winter wheat","D_AF_r4_7m",NA,818,"dornburg1823","g/m2",7,"Dornburg",51.011111,11.646111,NA,NA,"poplar","normal",NA,NA,NA,NA,NA,NA,NA,NA,"wheat",8.18,NA,NA,2014,4
2018,4,"Dornburg_normal","winter wheat","D_AF_r4_24m",NA,674,"dornburg1823","g/m2",24,"Dornburg",51.011111,11.646111,NA,NA,"poplar","normal",NA,NA,NA,NA,NA,NA,NA,NA,"wheat",6.74,NA,NA,2014,4
2019,5,"Dornburg_normal","spring barley","D_AF_r1_1m",NA,224,"dornburg1823","g/m2",1,"Dornburg",51.011111,11.646111,NA,NA,"poplar","normal",NA,NA,NA,NA,NA,NA,NA,NA,"barley",2.24,NA,NA,2014,5
2019,5,"Dornburg_normal","spring barley","D_AF_r1_4m",NA,478,"dornburg1823","g/m2",4,"Dornburg",51.011111,11.646111,NA,NA,"poplar","normal",NA,NA,NA,NA,NA,NA,NA,NA,"barley",4.78,NA,NA,2014,5
2019,5,"Dornburg_normal","spring barley","D_AF_r1_7m",NA,521,"dornburg1823","g/m2",7,"Dornburg",51.011111,11.646111,NA,NA,"poplar","normal",NA,NA,NA,NA,NA,NA,NA,NA,"barley",5.21,NA,NA,2014,5
2019,5,"Dornburg_normal","spring barley","D_AF_r1_24m",NA,603,"dornburg1823","g/m2",24,"Dornburg",51.011111,11.646111,NA,NA,"poplar","normal",NA,NA,NA,NA,NA,NA,NA,NA,"barley",6.03,NA,NA,2014,5
2019,5,"Dornburg_normal","spring barley","D_AF_r2_1m",NA,167,"dornburg1823","g/m2",1,"Dornburg",51.011111,11.646111,NA,NA,"poplar","normal",NA,NA,NA,NA,NA,NA,NA,NA,"barley",1.67,NA,NA,2014,5
2019,5,"Dornburg_normal","spring barley","D_AF_r2_4m",NA,500,"dornburg1823","g/m2",4,"Dornburg",51.011111,11.646111,NA,NA,"poplar","normal",NA,NA,NA,NA,NA,NA,NA,NA,"barley",5,NA,NA,2014,5
2019,5,"Dornburg_normal","spring barley","D_AF_r2_7m",NA,500,"dornburg1823","g/m2",7,"Dornburg",51.011111,11.646111,NA,NA,"poplar","normal",NA,NA,NA,NA,NA,NA,NA,NA,"barley",5,NA,NA,2014,5
2019,5,"Dornburg_normal","spring barley","D_AF_r2_24m",NA,597,"dornburg1823","g/m2",24,"Dornburg",51.011111,11.646111,NA,NA,"poplar","normal",NA,NA,NA,NA,NA,NA,NA,NA,"barley",5.97,NA,NA,2014,5
2019,5,"Dornburg_normal","spring barley","D_AF_r3_1m",NA,252,"dornburg1823","g/m2",1,"Dornburg",51.011111,11.646111,NA,NA,"poplar","normal",NA,NA,NA,NA,NA,NA,NA,NA,"barley",2.52,NA,NA,2014,5
2019,5,"Dornburg_normal","spring barley","D_AF_r3_4m",NA,520,"dornburg1823","g/m2",4,"Dornburg",51.011111,11.646111,NA,NA,"poplar","normal",NA,NA,NA,NA,NA,NA,NA,NA,"barley",5.2,NA,NA,2014,5
2019,5,"Dornburg_normal","spring barley","D_AF_r3_7m",NA,502,"dornburg1823","g/m2",7,"Dornburg",51.011111,11.646111,NA,NA,"poplar","normal",NA,NA,NA,NA,NA,NA,NA,NA,"barley",5.02,NA,NA,2014,5
2019,5,"Dornburg_normal","spring barley","D_AF_r3_24m",NA,503,"dornburg1823","g/m2",24,"Dornburg",51.011111,11.646111,NA,NA,"poplar","normal",NA,NA,NA,NA,NA,NA,NA,NA,"barley",5.03,NA,NA,2014,5
2019,5,"Dornburg_normal","spring barley","D_AF_r4_1m",NA,213,"dornburg1823","g/m2",1,"Dornburg",51.011111,11.646111,NA,NA,"poplar","normal",NA,NA,NA,NA,NA,NA,NA,NA,"barley",2.13,NA,NA,2014,5
2019,5,"Dornburg_normal","spring barley","D_AF_r4_4m",NA,447,"dornburg1823","g/m2",4,"Dornburg",51.011111,11.646111,NA,NA,"poplar","normal",NA,NA,NA,NA,NA,NA,NA,NA,"barley",4.47,NA,NA,2014,5
2019,5,"Dornburg_normal","spring barley","D_AF_r4_7m",NA,513,"dornburg1823","g/m2",7,"Dornburg",51.011111,11.646111,NA,NA,"poplar","normal",NA,NA,NA,NA,NA,NA,NA,NA,"barley",5.13,NA,NA,2014,5
2019,5,"Dornburg_normal","spring barley","D_AF_r4_24m",NA,595,"dornburg1823","g/m2",24,"Dornburg",51.011111,11.646111,NA,NA,"poplar","normal",NA,NA,NA,NA,NA,NA,NA,NA,"barley",5.95,NA,NA,2014,5
2019,5,"Dornburg_reduced","spring barley","D_AF_r5_1m",NA,64,"dornburg1823","g/m2",1,"Dornburg",51.011111,11.646111,NA,NA,"poplar","reduced",NA,NA,NA,NA,NA,NA,NA,NA,"barley",0.64,NA,NA,2014,5
2019,5,"Dornburg_reduced","spring barley","D_AF_r5_4m",NA,378,"dornburg1823","g/m2",4,"Dornburg",51.011111,11.646111,NA,NA,"poplar","reduced",NA,NA,NA,NA,NA,NA,NA,NA,"barley",3.78,NA,NA,2014,5
2019,5,"Dornburg_reduced","spring barley","D_AF_r5_7m",NA,438,"dornburg1823","g/m2",7,"Dornburg",51.011111,11.646111,NA,NA,"poplar","reduced",NA,NA,NA,NA,NA,NA,NA,NA,"barley",4.38,NA,NA,2014,5
2019,5,"Dornburg_reduced","spring barley","D_AF_r5_24m",NA,483,"dornburg1823","g/m2",24,"Dornburg",51.011111,11.646111,NA,NA,"poplar","reduced",NA,NA,NA,NA,NA,NA,NA,NA,"barley",4.83,NA,NA,2014,5
2019,5,"Dornburg_reduced","spring barley","D_AF_r6_1m",NA,215,"dornburg1823","g/m2",1,"Dornburg",51.011111,11.646111,NA,NA,"poplar","reduced",NA,NA,NA,NA,NA,NA,NA,NA,"barley",2.15,NA,NA,2014,5
2019,5,"Dornburg_reduced","spring barley","D_AF_r6_4m",NA,513,"dornburg1823","g/m2",4,"Dornburg",51.011111,11.646111,NA,NA,"poplar","reduced",NA,NA,NA,NA,NA,NA,NA,NA,"barley",5.13,NA,NA,2014,5
2019,5,"Dornburg_reduced","spring barley","D_AF_r6_7m",NA,461,"dornburg1823","g/m2",7,"Dornburg",51.011111,11.646111,NA,NA,"poplar","reduced",NA,NA,NA,NA,NA,NA,NA,NA,"barley",4.61,NA,NA,2014,5
2019,5,"Dornburg_reduced","spring barley","D_AF_r6_24m",NA,553,"dornburg1823","g/m2",24,"Dornburg",51.011111,11.646111,NA,NA,"poplar","reduced",NA,NA,NA,NA,NA,NA,NA,NA,"barley",5.53,NA,NA,2014,5
2019,5,"Dornburg_reduced","spring barley","D_AF_r7_1m",NA,203,"dornburg1823","g/m2",1,"Dornburg",51.011111,11.646111,NA,NA,"poplar","reduced",NA,NA,NA,NA,NA,NA,NA,NA,"barley",2.03,NA,NA,2014,5
2019,5,"Dornburg_reduced","spring barley","D_AF_r7_4m",NA,514,"dornburg1823","g/m2",4,"Dornburg",51.011111,11.646111,NA,NA,"poplar","reduced",NA,NA,NA,NA,NA,NA,NA,NA,"barley",5.14,NA,NA,2014,5
2019,5,"Dornburg_reduced","spring barley","D_AF_r7_7m",NA,464,"dornburg1823","g/m2",7,"Dornburg",51.011111,11.646111,NA,NA,"poplar","reduced",NA,NA,NA,NA,NA,NA,NA,NA,"barley",4.64,NA,NA,2014,5
2019,5,"Dornburg_reduced","spring barley","D_AF_r7_24m",NA,577,"dornburg1823","g/m2",24,"Dornburg",51.011111,11.646111,NA,NA,"poplar","reduced",NA,NA,NA,NA,NA,NA,NA,NA,"barley",5.77,NA,NA,2014,5
2019,5,"Dornburg_reduced","spring barley","D_AF_r8_1m",NA,280,"dornburg1823","g/m2",1,"Dornburg",51.011111,11.646111,NA,NA,"poplar","reduced",NA,NA,NA,NA,NA,NA,NA,NA,"barley",2.8,NA,NA,2014,5
2019,5,"Dornburg_reduced","spring barley","D_AF_r8_4m",NA,487,"dornburg1823","g/m2",4,"Dornburg",51.011111,11.646111,NA,NA,"poplar","reduced",NA,NA,NA,NA,NA,NA,NA,NA,"barley",4.87,NA,NA,2014,5
2019,5,"Dornburg_reduced","spring barley","D_AF_r8_7m",NA,457,"dornburg1823","g/m2",7,"Dornburg",51.011111,11.646111,NA,NA,"poplar","reduced",NA,NA,NA,NA,NA,NA,NA,NA,"barley",4.57,NA,NA,2014,5
2019,5,"Dornburg_reduced","spring barley","D_AF_r8_24m",NA,612,"dornburg1823","g/m2",24,"Dornburg",51.011111,11.646111,NA,NA,"poplar","reduced",NA,NA,NA,NA,NA,NA,NA,NA,"barley",6.12,NA,NA,2014,5
2020,6,"Dornburg_normal","spring barley","D_AF_r1_1m",NA,56,"dornburg1823","g/m2",1,"Dornburg",51.011111,11.646111,NA,NA,"poplar","normal",NA,NA,NA,NA,NA,NA,NA,NA,"barley",0.56,NA,NA,2014,6
2020,6,"Dornburg_normal","spring barley","D_AF_r1_4m",NA,166,"dornburg1823","g/m2",4,"Dornburg",51.011111,11.646111,NA,NA,"poplar","normal",NA,NA,NA,NA,NA,NA,NA,NA,"barley",1.66,NA,NA,2014,6
2020,6,"Dornburg_normal","spring barley","D_AF_r1_7m",NA,280,"dornburg1823","g/m2",7,"Dornburg",51.011111,11.646111,NA,NA,"poplar","normal",NA,NA,NA,NA,NA,NA,NA,NA,"barley",2.8,NA,NA,2014,6
2020,6,"Dornburg_normal","spring barley","D_AF_r1_24m",NA,348,"dornburg1823","g/m2",24,"Dornburg",51.011111,11.646111,NA,NA,"poplar","normal",NA,NA,NA,NA,NA,NA,NA,NA,"barley",3.48,NA,NA,2014,6
2020,6,"Dornburg_normal","spring barley","D_AF_r2_1m",NA,122,"dornburg1823","g/m2",1,"Dornburg",51.011111,11.646111,NA,NA,"poplar","normal",NA,NA,NA,NA,NA,NA,NA,NA,"barley",1.22,NA,NA,2014,6
2020,6,"Dornburg_normal","spring barley","D_AF_r2_4m",NA,268,"dornburg1823","g/m2",4,"Dornburg",51.011111,11.646111,NA,NA,"poplar","normal",NA,NA,NA,NA,NA,NA,NA,NA,"barley",2.68,NA,NA,2014,6
2020,6,"Dornburg_normal","spring barley","D_AF_r2_7m",NA,265,"dornburg1823","g/m2",7,"Dornburg",51.011111,11.646111,NA,NA,"poplar","normal",NA,NA,NA,NA,NA,NA,NA,NA,"barley",2.65,NA,NA,2014,6
2020,6,"Dornburg_normal","spring barley","D_AF_r2_24m",NA,258,"dornburg1823","g/m2",24,"Dornburg",51.011111,11.646111,NA,NA,"poplar","normal",NA,NA,NA,NA,NA,NA,NA,NA,"barley",2.58,NA,NA,2014,6
2020,6,"Dornburg_normal","spring barley","D_AF_r3_7m",NA,315,"dornburg1823","g/m2",7,"Dornburg",51.011111,11.646111,NA,NA,"poplar","normal",NA,NA,NA,NA,NA,NA,NA,NA,"barley",3.15,NA,NA,2014,6
2020,6,"Dornburg_normal","spring barley","D_AF_r3_24m",NA,362,"dornburg1823","g/m2",24,"Dornburg",51.011111,11.646111,NA,NA,"poplar","normal",NA,NA,NA,NA,NA,NA,NA,NA,"barley",3.62,NA,NA,2014,6
2020,6,"Dornburg_normal","spring barley","D_AF_r4_1m",NA,54,"dornburg1823","g/m2",1,"Dornburg",51.011111,11.646111,NA,NA,"poplar","normal",NA,NA,NA,NA,NA,NA,NA,NA,"barley",0.54,NA,NA,2014,6
2020,6,"Dornburg_normal","spring barley","D_AF_r4_4m",NA,217,"dornburg1823","g/m2",4,"Dornburg",51.011111,11.646111,NA,NA,"poplar","normal",NA,NA,NA,NA,NA,NA,NA,NA,"barley",2.17,NA,NA,2014,6
2020,6,"Dornburg_normal","spring barley","D_AF_r4_7m",NA,339,"dornburg1823","g/m2",7,"Dornburg",51.011111,11.646111,NA,NA,"poplar","normal",NA,NA,NA,NA,NA,NA,NA,NA,"barley",3.39,NA,NA,2014,6
2020,6,"Dornburg_normal","spring barley","D_AF_r4_24m",NA,251,"dornburg1823","g/m2",24,"Dornburg",51.011111,11.646111,NA,NA,"poplar","normal",NA,NA,NA,NA,NA,NA,NA,NA,"barley",2.51,NA,NA,2014,6
2020,6,"Dornburg_reduced","spring barley","D_AF_r5_1m",NA,48,"dornburg1823","g/m2",1,"Dornburg",51.011111,11.646111,NA,NA,"poplar","reduced",NA,NA,NA,NA,NA,NA,NA,NA,"barley",0.48,NA,NA,2014,6
2020,6,"Dornburg_reduced","spring barley","D_AF_r5_4m",NA,213,"dornburg1823","g/m2",4,"Dornburg",51.011111,11.646111,NA,NA,"poplar","reduced",NA,NA,NA,NA,NA,NA,NA,NA,"barley",2.13,NA,NA,2014,6
2020,6,"Dornburg_reduced","spring barley","D_AF_r5_7m",NA,253,"dornburg1823","g/m2",7,"Dornburg",51.011111,11.646111,NA,NA,"poplar","reduced",NA,NA,NA,NA,NA,NA,NA,NA,"barley",2.53,NA,NA,2014,6
2020,6,"Dornburg_reduced","spring barley","D_AF_r5_24m",NA,320,"dornburg1823","g/m2",24,"Dornburg",51.011111,11.646111,NA,NA,"poplar","reduced",NA,NA,NA,NA,NA,NA,NA,NA,"barley",3.2,NA,NA,2014,6
2020,6,"Dornburg_reduced","spring barley","D_AF_r6_1m",NA,44,"dornburg1823","g/m2",1,"Dornburg",51.011111,11.646111,NA,NA,"poplar","reduced",NA,NA,NA,NA,NA,NA,NA,NA,"barley",0.44,NA,NA,2014,6
2020,6,"Dornburg_reduced","spring barley","D_AF_r6_4m",NA,90,"dornburg1823","g/m2",4,"Dornburg",51.011111,11.646111,NA,NA,"poplar","reduced",NA,NA,NA,NA,NA,NA,NA,NA,"barley",0.9,NA,NA,2014,6
2020,6,"Dornburg_reduced","spring barley","D_AF_r6_7m",NA,141,"dornburg1823","g/m2",7,"Dornburg",51.011111,11.646111,NA,NA,"poplar","reduced",NA,NA,NA,NA,NA,NA,NA,NA,"barley",1.41,NA,NA,2014,6
2020,6,"Dornburg_reduced","spring barley","D_AF_r6_24m",NA,212,"dornburg1823","g/m2",24,"Dornburg",51.011111,11.646111,NA,NA,"poplar","reduced",NA,NA,NA,NA,NA,NA,NA,NA,"barley",2.12,NA,NA,2014,6
2020,6,"Dornburg_reduced","spring barley","D_AF_r7_1m",NA,88,"dornburg1823","g/m2",1,"Dornburg",51.011111,11.646111,NA,NA,"poplar","reduced",NA,NA,NA,NA,NA,NA,NA,NA,"barley",0.88,NA,NA,2014,6
2020,6,"Dornburg_reduced","spring barley","D_AF_r7_4m",NA,303,"dornburg1823","g/m2",4,"Dornburg",51.011111,11.646111,NA,NA,"poplar","reduced",NA,NA,NA,NA,NA,NA,NA,NA,"barley",3.03,NA,NA,2014,6
2020,6,"Dornburg_reduced","spring barley","D_AF_r7_7m",NA,287,"dornburg1823","g/m2",7,"Dornburg",51.011111,11.646111,NA,NA,"poplar","reduced",NA,NA,NA,NA,NA,NA,NA,NA,"barley",2.87,NA,NA,2014,6
2020,6,"Dornburg_reduced","spring barley","D_AF_r7_24m",NA,350,"dornburg1823","g/m2",24,"Dornburg",51.011111,11.646111,NA,NA,"poplar","reduced",NA,NA,NA,NA,NA,NA,NA,NA,"barley",3.5,NA,NA,2014,6
2020,6,"Dornburg_reduced","spring barley","D_AF_r8_1m",NA,95,"dornburg1823","g/m2",1,"Dornburg",51.011111,11.646111,NA,NA,"poplar","reduced",NA,NA,NA,NA,NA,NA,NA,NA,"barley",0.95,NA,NA,2014,6
2020,6,"Dornburg_reduced","spring barley","D_AF_r8_4m",NA,161,"dornburg1823","g/m2",4,"Dornburg",51.011111,11.646111,NA,NA,"poplar","reduced",NA,NA,NA,NA,NA,NA,NA,NA,"barley",1.61,NA,NA,2014,6
2020,6,"Dornburg_reduced","spring barley","D_AF_r8_7m",NA,242,"dornburg1823","g/m2",7,"Dornburg",51.011111,11.646111,NA,NA,"poplar","reduced",NA,NA,NA,NA,NA,NA,NA,NA,"barley",2.42,NA,NA,2014,6
2020,6,"Dornburg_reduced","spring barley","D_AF_r8_24m",NA,300,"dornburg1823","g/m2",24,"Dornburg",51.011111,11.646111,NA,NA,"poplar","reduced",NA,NA,NA,NA,NA,NA,NA,NA,"barley",3,NA,NA,2014,6
2021,7,"Dornburg_normal","winter wheat","D_AF_r1_1m",NA,351,"dornburg1823","g/m2",1,"Dornburg",51.011111,11.646111,NA,NA,"poplar","normal",NA,NA,NA,NA,NA,NA,NA,NA,"wheat",3.51,NA,NA,2014,7
2021,7,"Dornburg_normal","winter wheat","D_AF_r1_4m",NA,548,"dornburg1823","g/m2",4,"Dornburg",51.011111,11.646111,NA,NA,"poplar","normal",NA,NA,NA,NA,NA,NA,NA,NA,"wheat",5.48,NA,NA,2014,7
2021,7,"Dornburg_normal","winter wheat","D_AF_r1_7m",NA,676,"dornburg1823","g/m2",7,"Dornburg",51.011111,11.646111,NA,NA,"poplar","normal",NA,NA,NA,NA,NA,NA,NA,NA,"wheat",6.76,NA,NA,2014,7
2021,7,"Dornburg_normal","winter wheat","D_AF_r1_18m",NA,726,"dornburg1823","g/m2",18,"Dornburg",51.011111,11.646111,NA,NA,"poplar","normal",NA,NA,NA,NA,NA,NA,NA,NA,"wheat",7.26,NA,NA,2014,7
2021,7,"Dornburg_normal","winter wheat","D_AF_r1_24m",NA,710,"dornburg1823","g/m2",24,"Dornburg",51.011111,11.646111,NA,NA,"poplar","normal",NA,NA,NA,NA,NA,NA,NA,NA,"wheat",7.1,NA,NA,2014,7
2021,7,"Dornburg_normal","winter wheat","D_AF_r2_1m",NA,435,"dornburg1823","g/m2",1,"Dornburg",51.011111,11.646111,NA,NA,"poplar","normal",NA,NA,NA,NA,NA,NA,NA,NA,"wheat",4.35,NA,NA,2014,7
2021,7,"Dornburg_normal","winter wheat","D_AF_r2_4m",NA,669,"dornburg1823","g/m2",4,"Dornburg",51.011111,11.646111,NA,NA,"poplar","normal",NA,NA,NA,NA,NA,NA,NA,NA,"wheat",6.69,NA,NA,2014,7
2021,7,"Dornburg_normal","winter wheat","D_AF_r2_7m",NA,589,"dornburg1823","g/m2",7,"Dornburg",51.011111,11.646111,NA,NA,"poplar","normal",NA,NA,NA,NA,NA,NA,NA,NA,"wheat",5.89,NA,NA,2014,7
2021,7,"Dornburg_normal","winter wheat","D_AF_r2_18m",NA,781,"dornburg1823","g/m2",18,"Dornburg",51.011111,11.646111,NA,NA,"poplar","normal",NA,NA,NA,NA,NA,NA,NA,NA,"wheat",7.81,NA,NA,2014,7
2021,7,"Dornburg_normal","winter wheat","D_AF_r2_24m",NA,711,"dornburg1823","g/m2",24,"Dornburg",51.011111,11.646111,NA,NA,"poplar","normal",NA,NA,NA,NA,NA,NA,NA,NA,"wheat",7.11,NA,NA,2014,7
2021,7,"Dornburg_normal","winter wheat","D_AF_r3_1m",NA,524,"dornburg1823","g/m2",1,"Dornburg",51.011111,11.646111,NA,NA,"poplar","normal",NA,NA,NA,NA,NA,NA,NA,NA,"wheat",5.24,NA,NA,2014,7
2021,7,"Dornburg_normal","winter wheat","D_AF_r3_4m",NA,722,"dornburg1823","g/m2",4,"Dornburg",51.011111,11.646111,NA,NA,"poplar","normal",NA,NA,NA,NA,NA,NA,NA,NA,"wheat",7.22,NA,NA,2014,7
2021,7,"Dornburg_normal","winter wheat","D_AF_r3_7m",NA,747,"dornburg1823","g/m2",7,"Dornburg",51.011111,11.646111,NA,NA,"poplar","normal",NA,NA,NA,NA,NA,NA,NA,NA,"wheat",7.47,NA,NA,2014,7
2021,7,"Dornburg_normal","winter wheat","D_AF_r3_18m",NA,725,"dornburg1823","g/m2",18,"Dornburg",51.011111,11.646111,NA,NA,"poplar","normal",NA,NA,NA,NA,NA,NA,NA,NA,"wheat",7.25,NA,NA,2014,7
2021,7,"Dornburg_normal","winter wheat","D_AF_r3_24m",NA,670,"dornburg1823","g/m2",24,"Dornburg",51.011111,11.646111,NA,NA,"poplar","normal",NA,NA,NA,NA,NA,NA,NA,NA,"wheat",6.7,NA,NA,2014,7
2021,7,"Dornburg_normal","winter wheat","D_AF_r4_1m",NA,502,"dornburg1823","g/m2",1,"Dornburg",51.011111,11.646111,NA,NA,"poplar","normal",NA,NA,NA,NA,NA,NA,NA,NA,"wheat",5.02,NA,NA,2014,7
2021,7,"Dornburg_normal","winter wheat","D_AF_r4_4m",NA,734,"dornburg1823","g/m2",4,"Dornburg",51.011111,11.646111,NA,NA,"poplar","normal",NA,NA,NA,NA,NA,NA,NA,NA,"wheat",7.34,NA,NA,2014,7
2021,7,"Dornburg_normal","winter wheat","D_AF_r4_7m",NA,731,"dornburg1823","g/m2",7,"Dornburg",51.011111,11.646111,NA,NA,"poplar","normal",NA,NA,NA,NA,NA,NA,NA,NA,"wheat",7.31,NA,NA,2014,7
2021,7,"Dornburg_normal","winter wheat","D_AF_r4_18m",NA,785,"dornburg1823","g/m2",18,"Dornburg",51.011111,11.646111,NA,NA,"poplar","normal",NA,NA,NA,NA,NA,NA,NA,NA,"wheat",7.85,NA,NA,2014,7
2021,7,"Dornburg_normal","winter wheat","D_AF_r4_24m",NA,774,"dornburg1823","g/m2",24,"Dornburg",51.011111,11.646111,NA,NA,"poplar","normal",NA,NA,NA,NA,NA,NA,NA,NA,"wheat",7.74,NA,NA,2014,7
2021,7,"Dornburg_reduced","winter wheat","D_AF_r5_1m",NA,323,"dornburg1823","g/m2",1,"Dornburg",51.011111,11.646111,NA,NA,"poplar","reduced",NA,NA,NA,NA,NA,NA,NA,NA,"wheat",3.23,NA,NA,2014,7
2021,7,"Dornburg_reduced","winter wheat","D_AF_r5_4m",NA,603,"dornburg1823","g/m2",4,"Dornburg",51.011111,11.646111,NA,NA,"poplar","reduced",NA,NA,NA,NA,NA,NA,NA,NA,"wheat",6.03,NA,NA,2014,7
2021,7,"Dornburg_reduced","winter wheat","D_AF_r5_7m",NA,666,"dornburg1823","g/m2",7,"Dornburg",51.011111,11.646111,NA,NA,"poplar","reduced",NA,NA,NA,NA,NA,NA,NA,NA,"wheat",6.66,NA,NA,2014,7
2021,7,"Dornburg_reduced","winter wheat","D_AF_r5_18m",NA,663,"dornburg1823","g/m2",18,"Dornburg",51.011111,11.646111,NA,NA,"poplar","reduced",NA,NA,NA,NA,NA,NA,NA,NA,"wheat",6.63,NA,NA,2014,7
2021,7,"Dornburg_reduced","winter wheat","D_AF_r5_24m",NA,646,"dornburg1823","g/m2",24,"Dornburg",51.011111,11.646111,NA,NA,"poplar","reduced",NA,NA,NA,NA,NA,NA,NA,NA,"wheat",6.46,NA,NA,2014,7
2021,7,"Dornburg_reduced","winter wheat","D_AF_r6_1m",NA,417,"dornburg1823","g/m2",1,"Dornburg",51.011111,11.646111,NA,NA,"poplar","reduced",NA,NA,NA,NA,NA,NA,NA,NA,"wheat",4.17,NA,NA,2014,7
2021,7,"Dornburg_reduced","winter wheat","D_AF_r6_4m",NA,548,"dornburg1823","g/m2",4,"Dornburg",51.011111,11.646111,NA,NA,"poplar","reduced",NA,NA,NA,NA,NA,NA,NA,NA,"wheat",5.48,NA,NA,2014,7
2021,7,"Dornburg_reduced","winter wheat","D_AF_r6_7m",NA,646,"dornburg1823","g/m2",7,"Dornburg",51.011111,11.646111,NA,NA,"poplar","reduced",NA,NA,NA,NA,NA,NA,NA,NA,"wheat",6.46,NA,NA,2014,7
2021,7,"Dornburg_reduced","winter wheat","D_AF_r6_18m",NA,671,"dornburg1823","g/m2",18,"Dornburg",51.011111,11.646111,NA,NA,"poplar","reduced",NA,NA,NA,NA,NA,NA,NA,NA,"wheat",6.71,NA,NA,2014,7
2021,7,"Dornburg_reduced","winter wheat","D_AF_r6_24m",NA,738,"dornburg1823","g/m2",24,"Dornburg",51.011111,11.646111,NA,NA,"poplar","reduced",NA,NA,NA,NA,NA,NA,NA,NA,"wheat",7.38,NA,NA,2014,7
2021,7,"Dornburg_reduced","winter wheat","D_AF_r7_1m",NA,311,"dornburg1823","g/m2",1,"Dornburg",51.011111,11.646111,NA,NA,"poplar","reduced",NA,NA,NA,NA,NA,NA,NA,NA,"wheat",3.11,NA,NA,2014,7
2021,7,"Dornburg_reduced","winter wheat","D_AF_r7_4m",NA,626,"dornburg1823","g/m2",4,"Dornburg",51.011111,11.646111,NA,NA,"poplar","reduced",NA,NA,NA,NA,NA,NA,NA,NA,"wheat",6.26,NA,NA,2014,7
2021,7,"Dornburg_reduced","winter wheat","D_AF_r7_7m",NA,667,"dornburg1823","g/m2",7,"Dornburg",51.011111,11.646111,NA,NA,"poplar","reduced",NA,NA,NA,NA,NA,NA,NA,NA,"wheat",6.67,NA,NA,2014,7
2021,7,"Dornburg_reduced","winter wheat","D_AF_r7_18m",NA,732,"dornburg1823","g/m2",18,"Dornburg",51.011111,11.646111,NA,NA,"poplar","reduced",NA,NA,NA,NA,NA,NA,NA,NA,"wheat",7.32,NA,NA,2014,7
2021,7,"Dornburg_reduced","winter wheat","D_AF_r7_24m",NA,703,"dornburg1823","g/m2",24,"Dornburg",51.011111,11.646111,NA,NA,"poplar","reduced",NA,NA,NA,NA,NA,NA,NA,NA,"wheat",7.03,NA,NA,2014,7
2021,7,"Dornburg_reduced","winter wheat","D_AF_r8_1m",NA,459,"dornburg1823","g/m2",1,"Dornburg",51.011111,11.646111,NA,NA,"poplar","reduced",NA,NA,NA,NA,NA,NA,NA,NA,"wheat",4.59,NA,NA,2014,7
2021,7,"Dornburg_reduced","winter wheat","D_AF_r8_4m",NA,636,"dornburg1823","g/m2",4,"Dornburg",51.011111,11.646111,NA,NA,"poplar","reduced",NA,NA,NA,NA,NA,NA,NA,NA,"wheat",6.36,NA,NA,2014,7
2021,7,"Dornburg_reduced","winter wheat","D_AF_r8_7m",NA,648,"dornburg1823","g/m2",7,"Dornburg",51.011111,11.646111,NA,NA,"poplar","reduced",NA,NA,NA,NA,NA,NA,NA,NA,"wheat",6.48,NA,NA,2014,7
2021,7,"Dornburg_reduced","winter wheat","D_AF_r8_18m",NA,677,"dornburg1823","g/m2",18,"Dornburg",51.011111,11.646111,NA,NA,"poplar","reduced",NA,NA,NA,NA,NA,NA,NA,NA,"wheat",6.77,NA,NA,2014,7
2021,7,"Dornburg_reduced","winter wheat","D_AF_r8_24m",NA,700,"dornburg1823","g/m2",24,"Dornburg",51.011111,11.646111,NA,NA,"poplar","reduced",NA,NA,NA,NA,NA,NA,NA,NA,"wheat",7,NA,NA,2014,7
2022,8,"Dornburg_normal","winter barley","D_AF_r1_1m",NA,362,"dornburg1823","g/m2",1,"Dornburg",51.011111,11.646111,NA,NA,"poplar","normal",NA,NA,NA,NA,NA,NA,NA,NA,"barley",3.62,NA,NA,2014,8
2022,8,"Dornburg_normal","winter barley","D_AF_r1_4m",NA,571,"dornburg1823","g/m2",4,"Dornburg",51.011111,11.646111,NA,NA,"poplar","normal",NA,NA,NA,NA,NA,NA,NA,NA,"barley",5.71,NA,NA,2014,8
2022,8,"Dornburg_normal","winter barley","D_AF_r1_7m",NA,700,"dornburg1823","g/m2",7,"Dornburg",51.011111,11.646111,NA,NA,"poplar","normal",NA,NA,NA,NA,NA,NA,NA,NA,"barley",7,NA,NA,2014,8
2022,8,"Dornburg_normal","winter barley","D_AF_r1_18m",NA,753,"dornburg1823","g/m2",18,"Dornburg",51.011111,11.646111,NA,NA,"poplar","normal",NA,NA,NA,NA,NA,NA,NA,NA,"barley",7.53,NA,NA,2014,8
2022,8,"Dornburg_normal","winter barley","D_AF_r1_24m",NA,736,"dornburg1823","g/m2",24,"Dornburg",51.011111,11.646111,NA,NA,"poplar","normal",NA,NA,NA,NA,NA,NA,NA,NA,"barley",7.36,NA,NA,2014,8
2022,8,"Dornburg_normal","winter barley","D_AF_r2_1m",NA,451,"dornburg1823","g/m2",1,"Dornburg",51.011111,11.646111,NA,NA,"poplar","normal",NA,NA,NA,NA,NA,NA,NA,NA,"barley",4.51,NA,NA,2014,8
2022,8,"Dornburg_normal","winter barley","D_AF_r2_4m",NA,691,"dornburg1823","g/m2",4,"Dornburg",51.011111,11.646111,NA,NA,"poplar","normal",NA,NA,NA,NA,NA,NA,NA,NA,"barley",6.91,NA,NA,2014,8
2022,8,"Dornburg_normal","winter barley","D_AF_r2_7m",NA,602,"dornburg1823","g/m2",7,"Dornburg",51.011111,11.646111,NA,NA,"poplar","normal",NA,NA,NA,NA,NA,NA,NA,NA,"barley",6.02,NA,NA,2014,8
2022,8,"Dornburg_normal","winter barley","D_AF_r2_18m",NA,810,"dornburg1823","g/m2",18,"Dornburg",51.011111,11.646111,NA,NA,"poplar","normal",NA,NA,NA,NA,NA,NA,NA,NA,"barley",8.1,NA,NA,2014,8
2022,8,"Dornburg_normal","winter barley","D_AF_r2_24m",NA,735,"dornburg1823","g/m2",24,"Dornburg",51.011111,11.646111,NA,NA,"poplar","normal",NA,NA,NA,NA,NA,NA,NA,NA,"barley",7.35,NA,NA,2014,8
2022,8,"Dornburg_normal","winter barley","D_AF_r3_1m",NA,552,"dornburg1823","g/m2",1,"Dornburg",51.011111,11.646111,NA,NA,"poplar","normal",NA,NA,NA,NA,NA,NA,NA,NA,"barley",5.52,NA,NA,2014,8
2022,8,"Dornburg_normal","winter barley","D_AF_r3_4m",NA,759,"dornburg1823","g/m2",4,"Dornburg",51.011111,11.646111,NA,NA,"poplar","normal",NA,NA,NA,NA,NA,NA,NA,NA,"barley",7.59,NA,NA,2014,8
2022,8,"Dornburg_normal","winter barley","D_AF_r3_7m",NA,782,"dornburg1823","g/m2",7,"Dornburg",51.011111,11.646111,NA,NA,"poplar","normal",NA,NA,NA,NA,NA,NA,NA,NA,"barley",7.82,NA,NA,2014,8
2022,8,"Dornburg_normal","winter barley","D_AF_r3_18m",NA,753,"dornburg1823","g/m2",18,"Dornburg",51.011111,11.646111,NA,NA,"poplar","normal",NA,NA,NA,NA,NA,NA,NA,NA,"barley",7.53,NA,NA,2014,8
2022,8,"Dornburg_normal","winter barley","D_AF_r3_24m",NA,696,"dornburg1823","g/m2",24,"Dornburg",51.011111,11.646111,NA,NA,"poplar","normal",NA,NA,NA,NA,NA,NA,NA,NA,"barley",6.96,NA,NA,2014,8
2022,8,"Dornburg_normal","winter barley","D_AF_r4_1m",NA,520,"dornburg1823","g/m2",1,"Dornburg",51.011111,11.646111,NA,NA,"poplar","normal",NA,NA,NA,NA,NA,NA,NA,NA,"barley",5.2,NA,NA,2014,8
2022,8,"Dornburg_normal","winter barley","D_AF_r4_4m",NA,764,"dornburg1823","g/m2",4,"Dornburg",51.011111,11.646111,NA,NA,"poplar","normal",NA,NA,NA,NA,NA,NA,NA,NA,"barley",7.64,NA,NA,2014,8
2022,8,"Dornburg_normal","winter barley","D_AF_r4_7m",NA,758,"dornburg1823","g/m2",7,"Dornburg",51.011111,11.646111,NA,NA,"poplar","normal",NA,NA,NA,NA,NA,NA,NA,NA,"barley",7.58,NA,NA,2014,8
2022,8,"Dornburg_normal","winter barley","D_AF_r4_18m",NA,812,"dornburg1823","g/m2",18,"Dornburg",51.011111,11.646111,NA,NA,"poplar","normal",NA,NA,NA,NA,NA,NA,NA,NA,"barley",8.12,NA,NA,2014,8
2022,8,"Dornburg_normal","winter barley","D_AF_r4_24m",NA,798,"dornburg1823","g/m2",24,"Dornburg",51.011111,11.646111,NA,NA,"poplar","normal",NA,NA,NA,NA,NA,NA,NA,NA,"barley",7.98,NA,NA,2014,8
2022,8,"Dornburg_reduced","winter barley","D_AF_r5_1m",NA,339.39,"dornburg1823","g/m2",1,"Dornburg",51.011111,11.646111,NA,NA,"poplar","reduced",NA,NA,NA,NA,NA,NA,NA,NA,"barley",3.3939,NA,NA,2014,8
2022,8,"Dornburg_reduced","winter barley","D_AF_r5_4m",NA,630.6,"dornburg1823","g/m2",4,"Dornburg",51.011111,11.646111,NA,NA,"poplar","reduced",NA,NA,NA,NA,NA,NA,NA,NA,"barley",6.306,NA,NA,2014,8
2022,8,"Dornburg_reduced","winter barley","D_AF_r5_7m",NA,690.68,"dornburg1823","g/m2",7,"Dornburg",51.011111,11.646111,NA,NA,"poplar","reduced",NA,NA,NA,NA,NA,NA,NA,NA,"barley",6.9068,NA,NA,2014,8
2022,8,"Dornburg_reduced","winter barley","D_AF_r5_18m",NA,677.43,"dornburg1823","g/m2",18,"Dornburg",51.011111,11.646111,NA,NA,"poplar","reduced",NA,NA,NA,NA,NA,NA,NA,NA,"barley",6.7743,NA,NA,2014,8
2022,8,"Dornburg_reduced","winter barley","D_AF_r5_24m",NA,667.22,"dornburg1823","g/m2",24,"Dornburg",51.011111,11.646111,NA,NA,"poplar","reduced",NA,NA,NA,NA,NA,NA,NA,NA,"barley",6.6722,NA,NA,2014,8
2022,8,"Dornburg_reduced","winter barley","D_AF_r6_1m",NA,431.74,"dornburg1823","g/m2",1,"Dornburg",51.011111,11.646111,NA,NA,"poplar","reduced",NA,NA,NA,NA,NA,NA,NA,NA,"barley",4.3174,NA,NA,2014,8
2022,8,"Dornburg_reduced","winter barley","D_AF_r6_4m",NA,566.04,"dornburg1823","g/m2",4,"Dornburg",51.011111,11.646111,NA,NA,"poplar","reduced",NA,NA,NA,NA,NA,NA,NA,NA,"barley",5.6604,NA,NA,2014,8
2022,8,"Dornburg_reduced","winter barley","D_AF_r6_7m",NA,662.81,"dornburg1823","g/m2",7,"Dornburg",51.011111,11.646111,NA,NA,"poplar","reduced",NA,NA,NA,NA,NA,NA,NA,NA,"barley",6.6281,NA,NA,2014,8
2022,8,"Dornburg_reduced","winter barley","D_AF_r6_18m",NA,692.98,"dornburg1823","g/m2",18,"Dornburg",51.011111,11.646111,NA,NA,"poplar","reduced",NA,NA,NA,NA,NA,NA,NA,NA,"barley",6.9298,NA,NA,2014,8
2022,8,"Dornburg_reduced","winter barley","D_AF_r6_24m",NA,762.74,"dornburg1823","g/m2",24,"Dornburg",51.011111,11.646111,NA,NA,"poplar","reduced",NA,NA,NA,NA,NA,NA,NA,NA,"barley",7.6274,NA,NA,2014,8
2022,8,"Dornburg_reduced","winter barley","D_AF_r7_1m",NA,327.98,"dornburg1823","g/m2",1,"Dornburg",51.011111,11.646111,NA,NA,"poplar","reduced",NA,NA,NA,NA,NA,NA,NA,NA,"barley",3.2798,NA,NA,2014,8
2022,8,"Dornburg_reduced","winter barley","D_AF_r7_4m",NA,657.19,"dornburg1823","g/m2",4,"Dornburg",51.011111,11.646111,NA,NA,"poplar","reduced",NA,NA,NA,NA,NA,NA,NA,NA,"barley",6.5719,NA,NA,2014,8
2022,8,"Dornburg_reduced","winter barley","D_AF_r7_7m",NA,693.7,"dornburg1823","g/m2",7,"Dornburg",51.011111,11.646111,NA,NA,"poplar","reduced",NA,NA,NA,NA,NA,NA,NA,NA,"barley",6.937,NA,NA,2014,8
2022,8,"Dornburg_reduced","winter barley","D_AF_r7_18m",NA,756.23,"dornburg1823","g/m2",18,"Dornburg",51.011111,11.646111,NA,NA,"poplar","reduced",NA,NA,NA,NA,NA,NA,NA,NA,"barley",7.5623,NA,NA,2014,8
2022,8,"Dornburg_reduced","winter barley","D_AF_r7_24m",NA,729.39,"dornburg1823","g/m2",24,"Dornburg",51.011111,11.646111,NA,NA,"poplar","reduced",NA,NA,NA,NA,NA,NA,NA,NA,"barley",7.2939,NA,NA,2014,8
2022,8,"Dornburg_reduced","winter barley","D_AF_r8_1m",NA,473.12,"dornburg1823","g/m2",1,"Dornburg",51.011111,11.646111,NA,NA,"poplar","reduced",NA,NA,NA,NA,NA,NA,NA,NA,"barley",4.7312,NA,NA,2014,8
2022,8,"Dornburg_reduced","winter barley","D_AF_r8_4m",NA,654.92,"dornburg1823","g/m2",4,"Dornburg",51.011111,11.646111,NA,NA,"poplar","reduced",NA,NA,NA,NA,NA,NA,NA,NA,"barley",6.5492,NA,NA,2014,8
2022,8,"Dornburg_reduced","winter barley","D_AF_r8_7m",NA,657.14,"dornburg1823","g/m2",7,"Dornburg",51.011111,11.646111,NA,NA,"poplar","reduced",NA,NA,NA,NA,NA,NA,NA,NA,"barley",6.5714,NA,NA,2014,8
2022,8,"Dornburg_reduced","winter barley","D_AF_r8_18m",NA,700,"dornburg1823","g/m2",18,"Dornburg",51.011111,11.646111,NA,NA,"poplar","reduced",NA,NA,NA,NA,NA,NA,NA,NA,"barley",7,NA,NA,2014,8
2022,8,"Dornburg_reduced","winter barley","D_AF_r8_24m",NA,722.73,"dornburg1823","g/m2",24,"Dornburg",51.011111,11.646111,NA,NA,"poplar","reduced",NA,NA,NA,NA,NA,NA,NA,NA,"barley",7.2273,NA,NA,2014,8
2023,9,"Dornburg_normal","winter oilseedrape","D_AF_r1_1m",NA,112,"dornburg1823","g/m2",1,"Dornburg",51.011111,11.646111,NA,NA,"poplar","normal",NA,NA,NA,NA,NA,NA,NA,NA,"rapeseed",1.12,NA,NA,2014,9
2023,9,"Dornburg_normal","winter oilseedrape","D_AF_r1_4m",NA,326,"dornburg1823","g/m2",4,"Dornburg",51.011111,11.646111,NA,NA,"poplar","normal",NA,NA,NA,NA,NA,NA,NA,NA,"rapeseed",3.26,NA,NA,2014,9
2023,9,"Dornburg_normal","winter oilseedrape","D_AF_r1_18m",NA,383,"dornburg1823","g/m2",18,"Dornburg",51.011111,11.646111,NA,NA,"poplar","normal",NA,NA,NA,NA,NA,NA,NA,NA,"rapeseed",3.83,NA,NA,2014,9
2023,9,"Dornburg_normal","winter oilseedrape","D_AF_r1_24m",NA,406,"dornburg1823","g/m2",24,"Dornburg",51.011111,11.646111,NA,NA,"poplar","normal",NA,NA,NA,NA,NA,NA,NA,NA,"rapeseed",4.06,NA,NA,2014,9
2023,9,"Dornburg_normal","winter oilseedrape","D_AF_r2_1m",NA,220,"dornburg1823","g/m2",1,"Dornburg",51.011111,11.646111,NA,NA,"poplar","normal",NA,NA,NA,NA,NA,NA,NA,NA,"rapeseed",2.2,NA,NA,2014,9
2023,9,"Dornburg_normal","winter oilseedrape","D_AF_r2_4m",NA,357,"dornburg1823","g/m2",4,"Dornburg",51.011111,11.646111,NA,NA,"poplar","normal",NA,NA,NA,NA,NA,NA,NA,NA,"rapeseed",3.57,NA,NA,2014,9
2023,9,"Dornburg_normal","winter oilseedrape","D_AF_r2_7m",NA,385,"dornburg1823","g/m2",7,"Dornburg",51.011111,11.646111,NA,NA,"poplar","normal",NA,NA,NA,NA,NA,NA,NA,NA,"rapeseed",3.85,NA,NA,2014,9
2023,9,"Dornburg_normal","winter oilseedrape","D_AF_r2_18m",NA,414,"dornburg1823","g/m2",18,"Dornburg",51.011111,11.646111,NA,NA,"poplar","normal",NA,NA,NA,NA,NA,NA,NA,NA,"rapeseed",4.14,NA,NA,2014,9
2023,9,"Dornburg_normal","winter oilseedrape","D_AF_r2_24m",NA,401,"dornburg1823","g/m2",24,"Dornburg",51.011111,11.646111,NA,NA,"poplar","normal",NA,NA,NA,NA,NA,NA,NA,NA,"rapeseed",4.01,NA,NA,2014,9
2023,9,"Dornburg_normal","winter oilseedrape","D_AF_r3_1m",NA,178,"dornburg1823","g/m2",1,"Dornburg",51.011111,11.646111,NA,NA,"poplar","normal",NA,NA,NA,NA,NA,NA,NA,NA,"rapeseed",1.78,NA,NA,2014,9
2023,9,"Dornburg_normal","winter oilseedrape","D_AF_r3_4m",NA,373,"dornburg1823","g/m2",4,"Dornburg",51.011111,11.646111,NA,NA,"poplar","normal",NA,NA,NA,NA,NA,NA,NA,NA,"rapeseed",3.73,NA,NA,2014,9
2023,9,"Dornburg_normal","winter oilseedrape","D_AF_r3_18m",NA,392,"dornburg1823","g/m2",18,"Dornburg",51.011111,11.646111,NA,NA,"poplar","normal",NA,NA,NA,NA,NA,NA,NA,NA,"rapeseed",3.92,NA,NA,2014,9
2023,9,"Dornburg_normal","winter oilseedrape","D_AF_r3_24m",NA,401,"dornburg1823","g/m2",24,"Dornburg",51.011111,11.646111,NA,NA,"poplar","normal",NA,NA,NA,NA,NA,NA,NA,NA,"rapeseed",4.01,NA,NA,2014,9
2023,9,"Dornburg_normal","winter oilseedrape","D_AF_r4_1m",NA,156,"dornburg1823","g/m2",1,"Dornburg",51.011111,11.646111,NA,NA,"poplar","normal",NA,NA,NA,NA,NA,NA,NA,NA,"rapeseed",1.56,NA,NA,2014,9
2023,9,"Dornburg_normal","winter oilseedrape","D_AF_r4_4m",NA,467,"dornburg1823","g/m2",4,"Dornburg",51.011111,11.646111,NA,NA,"poplar","normal",NA,NA,NA,NA,NA,NA,NA,NA,"rapeseed",4.67,NA,NA,2014,9
2023,9,"Dornburg_normal","winter oilseedrape","D_AF_r4_7m",NA,560,"dornburg1823","g/m2",7,"Dornburg",51.011111,11.646111,NA,NA,"poplar","normal",NA,NA,NA,NA,NA,NA,NA,NA,"rapeseed",5.6,NA,NA,2014,9
2023,9,"Dornburg_normal","winter oilseedrape","D_AF_r4_18m",NA,486,"dornburg1823","g/m2",18,"Dornburg",51.011111,11.646111,NA,NA,"poplar","normal",NA,NA,NA,NA,NA,NA,NA,NA,"rapeseed",4.86,NA,NA,2014,9
2023,9,"Dornburg_normal","winter oilseedrape","D_AF_r4_24m",NA,453,"dornburg1823","g/m2",24,"Dornburg",51.011111,11.646111,NA,NA,"poplar","normal",NA,NA,NA,NA,NA,NA,NA,NA,"rapeseed",4.53,NA,NA,2014,9
2023,9,"Dornburg_reduced","winter oilseedrape","D_AF_r5_1m",NA,95,"dornburg1823","g/m2",1,"Dornburg",51.011111,11.646111,NA,NA,"poplar","reduced",NA,NA,NA,NA,NA,NA,NA,NA,"rapeseed",0.95,NA,NA,2014,9
2023,9,"Dornburg_reduced","winter oilseedrape","D_AF_r5_4m",NA,379,"dornburg1823","g/m2",4,"Dornburg",51.011111,11.646111,NA,NA,"poplar","reduced",NA,NA,NA,NA,NA,NA,NA,NA,"rapeseed",3.79,NA,NA,2014,9
2023,9,"Dornburg_reduced","winter oilseedrape","D_AF_r5_7m",NA,378,"dornburg1823","g/m2",7,"Dornburg",51.011111,11.646111,NA,NA,"poplar","reduced",NA,NA,NA,NA,NA,NA,NA,NA,"rapeseed",3.78,NA,NA,2014,9
2023,9,"Dornburg_reduced","winter oilseedrape","D_AF_r5_18m",NA,404,"dornburg1823","g/m2",18,"Dornburg",51.011111,11.646111,NA,NA,"poplar","reduced",NA,NA,NA,NA,NA,NA,NA,NA,"rapeseed",4.04,NA,NA,2014,9
2023,9,"Dornburg_reduced","winter oilseedrape","D_AF_r5_24m",NA,392,"dornburg1823","g/m2",24,"Dornburg",51.011111,11.646111,NA,NA,"poplar","reduced",NA,NA,NA,NA,NA,NA,NA,NA,"rapeseed",3.92,NA,NA,2014,9
2023,9,"Dornburg_reduced","winter oilseedrape","D_AF_r6_1m",NA,204,"dornburg1823","g/m2",1,"Dornburg",51.011111,11.646111,NA,NA,"poplar","reduced",NA,NA,NA,NA,NA,NA,NA,NA,"rapeseed",2.04,NA,NA,2014,9
2023,9,"Dornburg_reduced","winter oilseedrape","D_AF_r6_4m",NA,334,"dornburg1823","g/m2",4,"Dornburg",51.011111,11.646111,NA,NA,"poplar","reduced",NA,NA,NA,NA,NA,NA,NA,NA,"rapeseed",3.34,NA,NA,2014,9
2023,9,"Dornburg_reduced","winter oilseedrape","D_AF_r6_18m",NA,387,"dornburg1823","g/m2",18,"Dornburg",51.011111,11.646111,NA,NA,"poplar","reduced",NA,NA,NA,NA,NA,NA,NA,NA,"rapeseed",3.87,NA,NA,2014,9
2023,9,"Dornburg_reduced","winter oilseedrape","D_AF_r6_24m",NA,429,"dornburg1823","g/m2",24,"Dornburg",51.011111,11.646111,NA,NA,"poplar","reduced",NA,NA,NA,NA,NA,NA,NA,NA,"rapeseed",4.29,NA,NA,2014,9
2023,9,"Dornburg_reduced","winter oilseedrape","D_AF_r7_1m",NA,221,"dornburg1823","g/m2",1,"Dornburg",51.011111,11.646111,NA,NA,"poplar","reduced",NA,NA,NA,NA,NA,NA,NA,NA,"rapeseed",2.21,NA,NA,2014,9
2023,9,"Dornburg_reduced","winter oilseedrape","D_AF_r7_4m",NA,397,"dornburg1823","g/m2",4,"Dornburg",51.011111,11.646111,NA,NA,"poplar","reduced",NA,NA,NA,NA,NA,NA,NA,NA,"rapeseed",3.97,NA,NA,2014,9
2023,9,"Dornburg_reduced","winter oilseedrape","D_AF_r7_7m",NA,399,"dornburg1823","g/m2",7,"Dornburg",51.011111,11.646111,NA,NA,"poplar","reduced",NA,NA,NA,NA,NA,NA,NA,NA,"rapeseed",3.99,NA,NA,2014,9
2023,9,"Dornburg_reduced","winter oilseedrape","D_AF_r7_18m",NA,442,"dornburg1823","g/m2",18,"Dornburg",51.011111,11.646111,NA,NA,"poplar","reduced",NA,NA,NA,NA,NA,NA,NA,NA,"rapeseed",4.42,NA,NA,2014,9
2023,9,"Dornburg_reduced","winter oilseedrape","D_AF_r7_24m",NA,422,"dornburg1823","g/m2",24,"Dornburg",51.011111,11.646111,NA,NA,"poplar","reduced",NA,NA,NA,NA,NA,NA,NA,NA,"rapeseed",4.22,NA,NA,2014,9
2023,9,"Dornburg_reduced","winter oilseedrape","D_AF_r8_1m",NA,171,"dornburg1823","g/m2",1,"Dornburg",51.011111,11.646111,NA,NA,"poplar","reduced",NA,NA,NA,NA,NA,NA,NA,NA,"rapeseed",1.71,NA,NA,2014,9
2023,9,"Dornburg_reduced","winter oilseedrape","D_AF_r8_4m",NA,347,"dornburg1823","g/m2",4,"Dornburg",51.011111,11.646111,NA,NA,"poplar","reduced",NA,NA,NA,NA,NA,NA,NA,NA,"rapeseed",3.47,NA,NA,2014,9
2023,9,"Dornburg_reduced","winter oilseedrape","D_AF_r8_18m",NA,441,"dornburg1823","g/m2",18,"Dornburg",51.011111,11.646111,NA,NA,"poplar","reduced",NA,NA,NA,NA,NA,NA,NA,NA,"rapeseed",4.41,NA,NA,2014,9
2023,9,"Dornburg_reduced","winter oilseedrape","D_AF_r8_24m",NA,468,"dornburg1823","g/m2",24,"Dornburg",51.011111,11.646111,NA,NA,"poplar","reduced",NA,NA,NA,NA,NA,NA,NA,NA,"rapeseed",4.68,NA,NA,2014,9
2019,1,"Vechta","silage maize","V_AF_r1_1m",NA,2002,"dornburg1823","g/m2",1,"Vechta",52.758056,8.534722,NA,NA,"poplar",NA,NA,NA,NA,NA,NA,NA,NA,NA,"maize",20.02,NA,NA,2018,1
2019,1,"Vechta","silage maize","V_AF_r1_7m",NA,2252,"dornburg1823","g/m2",7,"Vechta",52.758056,8.534722,NA,NA,"poplar",NA,NA,NA,NA,NA,NA,NA,NA,NA,"maize",22.52,NA,NA,2018,1
2019,1,"Vechta","silage maize","V_AF_r1_24m",NA,2760,"dornburg1823","g/m2",24,"Vechta",52.758056,8.534722,NA,NA,"poplar",NA,NA,NA,NA,NA,NA,NA,NA,NA,"maize",27.6,NA,NA,2018,1
2019,1,"Vechta","silage maize","V_AF_r2_1m",NA,1977,"dornburg1823","g/m2",1,"Vechta",52.758056,8.534722,NA,NA,"poplar",NA,NA,NA,NA,NA,NA,NA,NA,NA,"maize",19.77,NA,NA,2018,1
2019,1,"Vechta","silage maize","V_AF_r2_7m",NA,1790,"dornburg1823","g/m2",7,"Vechta",52.758056,8.534722,NA,NA,"poplar",NA,NA,NA,NA,NA,NA,NA,NA,NA,"maize",17.9,NA,NA,2018,1
2019,1,"Vechta","silage maize","V_AF_r2_24m",NA,1573,"dornburg1823","g/m2",24,"Vechta",52.758056,8.534722,NA,NA,"poplar",NA,NA,NA,NA,NA,NA,NA,NA,NA,"maize",15.73,NA,NA,2018,1
2019,1,"Vechta","silage maize","V_AF_r3_1m",NA,2933,"dornburg1823","g/m2",1,"Vechta",52.758056,8.534722,NA,NA,"poplar",NA,NA,NA,NA,NA,NA,NA,NA,NA,"maize",29.33,NA,NA,2018,1
2019,1,"Vechta","silage maize","V_AF_r3_7m",NA,2459,"dornburg1823","g/m2",7,"Vechta",52.758056,8.534722,NA,NA,"poplar",NA,NA,NA,NA,NA,NA,NA,NA,NA,"maize",24.59,NA,NA,2018,1
2019,1,"Vechta","silage maize","V_AF_r3_24m",NA,2527,"dornburg1823","g/m2",24,"Vechta",52.758056,8.534722,NA,NA,"poplar",NA,NA,NA,NA,NA,NA,NA,NA,NA,"maize",25.27,NA,NA,2018,1
2019,1,"Vechta","silage maize","V_AF_r4_1m",NA,2011,"dornburg1823","g/m2",1,"Vechta",52.758056,8.534722,NA,NA,"poplar",NA,NA,NA,NA,NA,NA,NA,NA,NA,"maize",20.11,NA,NA,2018,1
2019,1,"Vechta","silage maize","V_AF_r4_7m",NA,2226,"dornburg1823","g/m2",7,"Vechta",52.758056,8.534722,NA,NA,"poplar",NA,NA,NA,NA,NA,NA,NA,NA,NA,"maize",22.26,NA,NA,2018,1
2019,1,"Vechta","silage maize","V_AF_r4_24m",NA,2602,"dornburg1823","g/m2",24,"Vechta",52.758056,8.534722,NA,NA,"poplar",NA,NA,NA,NA,NA,NA,NA,NA,NA,"maize",26.02,NA,NA,2018,1
2020,2,"Vechta","winter rye","V_AF_r1_1m",NA,499,"dornburg1823","g/m2",1,"Vechta",52.758056,8.534722,NA,NA,"poplar",NA,NA,NA,NA,NA,NA,NA,NA,NA,"rye",4.99,NA,NA,2018,2
2020,2,"Vechta","winter rye","V_AF_r1_7m",NA,585,"dornburg1823","g/m2",7,"Vechta",52.758056,8.534722,NA,NA,"poplar",NA,NA,NA,NA,NA,NA,NA,NA,NA,"rye",5.85,NA,NA,2018,2
2020,2,"Vechta","winter rye","V_AF_r1_24m",NA,515,"dornburg1823","g/m2",24,"Vechta",52.758056,8.534722,NA,NA,"poplar",NA,NA,NA,NA,NA,NA,NA,NA,NA,"rye",5.15,NA,NA,2018,2
2020,2,"Vechta","winter rye","V_AF_r2_1m",NA,375,"dornburg1823","g/m2",1,"Vechta",52.758056,8.534722,NA,NA,"poplar",NA,NA,NA,NA,NA,NA,NA,NA,NA,"rye",3.75,NA,NA,2018,2
2020,2,"Vechta","winter rye","V_AF_r2_7m",NA,438,"dornburg1823","g/m2",7,"Vechta",52.758056,8.534722,NA,NA,"poplar",NA,NA,NA,NA,NA,NA,NA,NA,NA,"rye",4.38,NA,NA,2018,2
2020,2,"Vechta","winter rye","V_AF_r2_24m",NA,507,"dornburg1823","g/m2",24,"Vechta",52.758056,8.534722,NA,NA,"poplar",NA,NA,NA,NA,NA,NA,NA,NA,NA,"rye",5.07,NA,NA,2018,2
2020,2,"Vechta","winter rye","V_AF_r3_1m",NA,452,"dornburg1823","g/m2",1,"Vechta",52.758056,8.534722,NA,NA,"poplar",NA,NA,NA,NA,NA,NA,NA,NA,NA,"rye",4.52,NA,NA,2018,2
2020,2,"Vechta","winter rye","V_AF_r3_7m",NA,560,"dornburg1823","g/m2",7,"Vechta",52.758056,8.534722,NA,NA,"poplar",NA,NA,NA,NA,NA,NA,NA,NA,NA,"rye",5.6,NA,NA,2018,2
2020,2,"Vechta","winter rye","V_AF_r3_24m",NA,579,"dornburg1823","g/m2",24,"Vechta",52.758056,8.534722,NA,NA,"poplar",NA,NA,NA,NA,NA,NA,NA,NA,NA,"rye",5.79,NA,NA,2018,2
2020,2,"Vechta","winter rye","V_AF_r4_1m",NA,518,"dornburg1823","g/m2",1,"Vechta",52.758056,8.534722,NA,NA,"poplar",NA,NA,NA,NA,NA,NA,NA,NA,NA,"rye",5.18,NA,NA,2018,2
2020,2,"Vechta","winter rye","V_AF_r4_7m",NA,541,"dornburg1823","g/m2",7,"Vechta",52.758056,8.534722,NA,NA,"poplar",NA,NA,NA,NA,NA,NA,NA,NA,NA,"rye",5.41,NA,NA,2018,2
2020,2,"Vechta","winter rye","V_AF_r4_24m",NA,585,"dornburg1823","g/m2",24,"Vechta",52.758056,8.534722,NA,NA,"poplar",NA,NA,NA,NA,NA,NA,NA,NA,NA,"rye",5.85,NA,NA,2018,2
2021,3,"Vechta","potato","V_AF_r1_1m",NA,894.92,"dornburg1823","g/m2",1,"Vechta",52.758056,8.534722,NA,NA,"poplar",NA,NA,NA,NA,NA,NA,NA,NA,NA,"potato",8.9492,NA,NA,2018,3
2021,3,"Vechta","potato","V_AF_r1_4m",NA,1219.5,"dornburg1823","g/m2",4,"Vechta",52.758056,8.534722,NA,NA,"poplar",NA,NA,NA,NA,NA,NA,NA,NA,NA,"potato",12.195,NA,NA,2018,3
2021,3,"Vechta","potato","V_AF_r1_7m",NA,990.71,"dornburg1823","g/m2",7,"Vechta",52.758056,8.534722,NA,NA,"poplar",NA,NA,NA,NA,NA,NA,NA,NA,NA,"potato",9.9071,NA,NA,2018,3
2021,3,"Vechta","potato","V_AF_r1_18m",NA,1338.63,"dornburg1823","g/m2",18,"Vechta",52.758056,8.534722,NA,NA,"poplar",NA,NA,NA,NA,NA,NA,NA,NA,NA,"potato",13.3863,NA,NA,2018,3
2021,3,"Vechta","potato","V_AF_r1_18m",NA,1135.56,"dornburg1823","g/m2",18,"Vechta",52.758056,8.534722,NA,NA,"poplar",NA,NA,NA,NA,NA,NA,NA,NA,NA,"potato",11.3556,NA,NA,2018,3
2021,3,"Vechta","potato","V_AF_r1_18m",NA,1211.17,"dornburg1823","g/m2",18,"Vechta",52.758056,8.534722,NA,NA,"poplar",NA,NA,NA,NA,NA,NA,NA,NA,NA,"potato",12.1117,NA,NA,2018,3
2021,3,"Vechta","potato","V_AF_r1_18m",NA,1245.94,"dornburg1823","g/m2",18,"Vechta",52.758056,8.534722,NA,NA,"poplar",NA,NA,NA,NA,NA,NA,NA,NA,NA,"potato",12.4594,NA,NA,2018,3
2021,3,"Vechta","potato","V_AF_r1_24m",NA,1005.12,"dornburg1823","g/m2",24,"Vechta",52.758056,8.534722,NA,NA,"poplar",NA,NA,NA,NA,NA,NA,NA,NA,NA,"potato",10.0512,NA,NA,2018,3
2021,3,"Vechta","potato","V_AF_r2_1m",NA,1159,"dornburg1823","g/m2",1,"Vechta",52.758056,8.534722,NA,NA,"poplar",NA,NA,NA,NA,NA,NA,NA,NA,NA,"potato",11.59,NA,NA,2018,3
2021,3,"Vechta","potato","V_AF_r2_4m",NA,1107.14,"dornburg1823","g/m2",4,"Vechta",52.758056,8.534722,NA,NA,"poplar",NA,NA,NA,NA,NA,NA,NA,NA,NA,"potato",11.0714,NA,NA,2018,3
2021,3,"Vechta","potato","V_AF_r2_7m",NA,1021.26,"dornburg1823","g/m2",7,"Vechta",52.758056,8.534722,NA,NA,"poplar",NA,NA,NA,NA,NA,NA,NA,NA,NA,"potato",10.2126,NA,NA,2018,3
2021,3,"Vechta","potato","V_AF_r2_24m",NA,1235.81,"dornburg1823","g/m2",24,"Vechta",52.758056,8.534722,NA,NA,"poplar",NA,NA,NA,NA,NA,NA,NA,NA,NA,"potato",12.3581,NA,NA,2018,3
2021,3,"Vechta","potato","V_AF_r3_1m",NA,881.84,"dornburg1823","g/m2",1,"Vechta",52.758056,8.534722,NA,NA,"poplar",NA,NA,NA,NA,NA,NA,NA,NA,NA,"potato",8.8184,NA,NA,2018,3
2021,3,"Vechta","potato","V_AF_r3_4m",NA,1201.96,"dornburg1823","g/m2",4,"Vechta",52.758056,8.534722,NA,NA,"poplar",NA,NA,NA,NA,NA,NA,NA,NA,NA,"potato",12.0196,NA,NA,2018,3
2021,3,"Vechta","potato","V_AF_r3_7m",NA,1058.41,"dornburg1823","g/m2",7,"Vechta",52.758056,8.534722,NA,NA,"poplar",NA,NA,NA,NA,NA,NA,NA,NA,NA,"potato",10.5841,NA,NA,2018,3
2021,3,"Vechta","potato","V_AF_r3_24m",NA,1165.93,"dornburg1823","g/m2",24,"Vechta",52.758056,8.534722,NA,NA,"poplar",NA,NA,NA,NA,NA,NA,NA,NA,NA,"potato",11.6593,NA,NA,2018,3
2021,3,"Vechta","potato","V_AF_r4_1m",NA,848.82,"dornburg1823","g/m2",1,"Vechta",52.758056,8.534722,NA,NA,"poplar",NA,NA,NA,NA,NA,NA,NA,NA,NA,"potato",8.4882,NA,NA,2018,3
2021,3,"Vechta","potato","V_AF_r4_4m",NA,1138.9,"dornburg1823","g/m2",4,"Vechta",52.758056,8.534722,NA,NA,"poplar",NA,NA,NA,NA,NA,NA,NA,NA,NA,"potato",11.389,NA,NA,2018,3
2021,3,"Vechta","potato","V_AF_r4_7m",NA,1132.53,"dornburg1823","g/m2",7,"Vechta",52.758056,8.534722,NA,NA,"poplar",NA,NA,NA,NA,NA,NA,NA,NA,NA,"potato",11.3253,NA,NA,2018,3
2021,3,"Vechta","potato","V_AF_r4_24m",NA,1132.9,"dornburg1823","g/m2",24,"Vechta",52.758056,8.534722,NA,NA,"poplar",NA,NA,NA,NA,NA,NA,NA,NA,NA,"potato",11.329,NA,NA,2018,3
2022,4,"Vechta","winter rye","V_AF_r1_1m",NA,532,"dornburg1823","g/m2",1,"Vechta",52.758056,8.534722,NA,NA,"poplar",NA,NA,NA,NA,NA,NA,NA,NA,NA,"rye",5.32,NA,NA,2018,4
2022,4,"Vechta","winter rye","V_AF_r1_24m",NA,599,"dornburg1823","g/m2",24,"Vechta",52.758056,8.534722,NA,NA,"poplar",NA,NA,NA,NA,NA,NA,NA,NA,NA,"rye",5.99,NA,NA,2018,4
2022,4,"Vechta","winter rye","V_AF_r1_4m",NA,501,"dornburg1823","g/m2",4,"Vechta",52.758056,8.534722,NA,NA,"poplar",NA,NA,NA,NA,NA,NA,NA,NA,NA,"rye",5.01,NA,NA,2018,4
2022,4,"Vechta","winter rye","V_AF_r1_7m",NA,526,"dornburg1823","g/m2",7,"Vechta",52.758056,8.534722,NA,NA,"poplar",NA,NA,NA,NA,NA,NA,NA,NA,NA,"rye",5.26,NA,NA,2018,4
2022,4,"Vechta","winter rye","V_AF_r2_1m",NA,599,"dornburg1823","g/m2",1,"Vechta",52.758056,8.534722,NA,NA,"poplar",NA,NA,NA,NA,NA,NA,NA,NA,NA,"rye",5.99,NA,NA,2018,4
2022,4,"Vechta","winter rye","V_AF_r2_24m",NA,619,"dornburg1823","g/m2",24,"Vechta",52.758056,8.534722,NA,NA,"poplar",NA,NA,NA,NA,NA,NA,NA,NA,NA,"rye",6.19,NA,NA,2018,4
2022,4,"Vechta","winter rye","V_AF_r2_4m",NA,562,"dornburg1823","g/m2",4,"Vechta",52.758056,8.534722,NA,NA,"poplar",NA,NA,NA,NA,NA,NA,NA,NA,NA,"rye",5.62,NA,NA,2018,4
2022,4,"Vechta","winter rye","V_AF_r2_7m",NA,551,"dornburg1823","g/m2",7,"Vechta",52.758056,8.534722,NA,NA,"poplar",NA,NA,NA,NA,NA,NA,NA,NA,NA,"rye",5.51,NA,NA,2018,4
2022,4,"Vechta","winter rye","V_AF_r3_1m",NA,656,"dornburg1823","g/m2",1,"Vechta",52.758056,8.534722,NA,NA,"poplar",NA,NA,NA,NA,NA,NA,NA,NA,NA,"rye",6.56,NA,NA,2018,4
2022,4,"Vechta","winter rye","V_AF_r3_24m",NA,755,"dornburg1823","g/m2",24,"Vechta",52.758056,8.534722,NA,NA,"poplar",NA,NA,NA,NA,NA,NA,NA,NA,NA,"rye",7.55,NA,NA,2018,4
2022,4,"Vechta","winter rye","V_AF_r3_4m",NA,651,"dornburg1823","g/m2",4,"Vechta",52.758056,8.534722,NA,NA,"poplar",NA,NA,NA,NA,NA,NA,NA,NA,NA,"rye",6.51,NA,NA,2018,4
2022,4,"Vechta","winter rye","V_AF_r3_7m",NA,679,"dornburg1823","g/m2",7,"Vechta",52.758056,8.534722,NA,NA,"poplar",NA,NA,NA,NA,NA,NA,NA,NA,NA,"rye",6.79,NA,NA,2018,4
2022,4,"Vechta","winter rye","V_AF_r4_1m",NA,521,"dornburg1823","g/m2",1,"Vechta",52.758056,8.534722,NA,NA,"poplar",NA,NA,NA,NA,NA,NA,NA,NA,NA,"rye",5.21,NA,NA,2018,4
2022,4,"Vechta","winter rye","V_AF_r4_24m",NA,741,"dornburg1823","g/m2",24,"Vechta",52.758056,8.534722,NA,NA,"poplar",NA,NA,NA,NA,NA,NA,NA,NA,NA,"rye",7.41,NA,NA,2018,4
2022,4,"Vechta","winter rye","V_AF_r4_4m",NA,645,"dornburg1823","g/m2",4,"Vechta",52.758056,8.534722,NA,NA,"poplar",NA,NA,NA,NA,NA,NA,NA,NA,NA,"rye",6.45,NA,NA,2018,4
2022,4,"Vechta","winter rye","V_AF_r4_7m",NA,662,"dornburg1823","g/m2",7,"Vechta",52.758056,8.534722,NA,NA,"poplar",NA,NA,NA,NA,NA,NA,NA,NA,NA,"rye",6.62,NA,NA,2018,4
2023,9,"Vechta","winter oilseedrape","V_AF_r1_1m",NA,215,"dornburg1823","g/m2",1,"Vechta",52.758056,8.534722,NA,NA,"poplar",NA,NA,NA,NA,NA,NA,NA,NA,NA,"rapeseed",2.15,NA,NA,2018,5
2023,9,"Vechta","winter oilseedrape","V_AF_r1_24m",NA,189,"dornburg1823","g/m2",24,"Vechta",52.758056,8.534722,NA,NA,"poplar",NA,NA,NA,NA,NA,NA,NA,NA,NA,"rapeseed",1.89,NA,NA,2018,5
2023,9,"Vechta","winter oilseedrape","V_AF_r1_4m",NA,278,"dornburg1823","g/m2",4,"Vechta",52.758056,8.534722,NA,NA,"poplar",NA,NA,NA,NA,NA,NA,NA,NA,NA,"rapeseed",2.78,NA,NA,2018,5
2023,9,"Vechta","winter oilseedrape","V_AF_r1_7m",NA,236,"dornburg1823","g/m2",7,"Vechta",52.758056,8.534722,NA,NA,"poplar",NA,NA,NA,NA,NA,NA,NA,NA,NA,"rapeseed",2.36,NA,NA,2018,5
2023,9,"Vechta","winter oilseedrape","V_AF_r2_1m",NA,277,"dornburg1823","g/m2",1,"Vechta",52.758056,8.534722,NA,NA,"poplar",NA,NA,NA,NA,NA,NA,NA,NA,NA,"rapeseed",2.77,NA,NA,2018,5
2023,9,"Vechta","winter oilseedrape","V_AF_r2_24m",NA,232,"dornburg1823","g/m2",24,"Vechta",52.758056,8.534722,NA,NA,"poplar",NA,NA,NA,NA,NA,NA,NA,NA,NA,"rapeseed",2.32,NA,NA,2018,5
2023,9,"Vechta","winter oilseedrape","V_AF_r2_4m",NA,293,"dornburg1823","g/m2",4,"Vechta",52.758056,8.534722,NA,NA,"poplar",NA,NA,NA,NA,NA,NA,NA,NA,NA,"rapeseed",2.93,NA,NA,2018,5
2023,9,"Vechta","winter oilseedrape","V_AF_r2_7m",NA,279,"dornburg1823","g/m2",7,"Vechta",52.758056,8.534722,NA,NA,"poplar",NA,NA,NA,NA,NA,NA,NA,NA,NA,"rapeseed",2.79,NA,NA,2018,5
2023,9,"Vechta","winter oilseedrape","V_AF_r3_1m",NA,283,"dornburg1823","g/m2",1,"Vechta",52.758056,8.534722,NA,NA,"poplar",NA,NA,NA,NA,NA,NA,NA,NA,NA,"rapeseed",2.83,NA,NA,2018,5
2023,9,"Vechta","winter oilseedrape","V_AF_r3_24m",NA,334,"dornburg1823","g/m2",24,"Vechta",52.758056,8.534722,NA,NA,"poplar",NA,NA,NA,NA,NA,NA,NA,NA,NA,"rapeseed",3.34,NA,NA,2018,5
2023,9,"Vechta","winter oilseedrape","V_AF_r3_4m",NA,363,"dornburg1823","g/m2",4,"Vechta",52.758056,8.534722,NA,NA,"poplar",NA,NA,NA,NA,NA,NA,NA,NA,NA,"rapeseed",3.63,NA,NA,2018,5
2023,9,"Vechta","winter oilseedrape","V_AF_r3_7m",NA,360,"dornburg1823","g/m2",7,"Vechta",52.758056,8.534722,NA,NA,"poplar",NA,NA,NA,NA,NA,NA,NA,NA,NA,"rapeseed",3.6,NA,NA,2018,5
2023,9,"Vechta","winter oilseedrape","V_AF_r4_1m",NA,89.1,"dornburg1823","g/m2",1,"Vechta",52.758056,8.534722,NA,NA,"poplar",NA,NA,NA,NA,NA,NA,NA,NA,NA,"rapeseed",0.891,NA,NA,2018,5
2023,9,"Vechta","winter oilseedrape","V_AF_r4_24m",NA,297,"dornburg1823","g/m2",24,"Vechta",52.758056,8.534722,NA,NA,"poplar",NA,NA,NA,NA,NA,NA,NA,NA,NA,"rapeseed",2.97,NA,NA,2018,5
2023,9,"Vechta","winter oilseedrape","V_AF_r4_4m",NA,227,"dornburg1823","g/m2",4,"Vechta",52.758056,8.534722,NA,NA,"poplar",NA,NA,NA,NA,NA,NA,NA,NA,NA,"rapeseed",2.27,NA,NA,2018,5
2023,9,"Vechta","winter oilseedrape","V_AF_r4_7m",NA,341,"dornburg1823","g/m2",7,"Vechta",52.758056,8.534722,NA,NA,"poplar",NA,NA,NA,NA,NA,NA,NA,NA,NA,"rapeseed",3.41,NA,NA,2018,5
2016,NA,NA,"winter barley","R_AF_r1_1m",194.43,301.79,"reiffenhausen16","g/m2 per year",1,"Reiffenhausen",51.666667,9.983333,NA,"Eutric Cambisol","poplar",NA,NA,NA,NA,NA,NA,NA,NA,NA,"barley",3.0179,1.9443,NA,2015,1
2017,NA,NA,"rapeseed","R_AF_r1_1m",69.64,216.84,"reiffenhausen16","g/m2 per year",1,"Reiffenhausen",51.666667,9.983333,NA,"Eutric Cambisol","poplar",NA,NA,NA,NA,NA,NA,NA,NA,NA,"rapeseed",2.1684,0.6964,NA,2015,2
2016,NA,NA,"winter barley","R_AF_r1_4m",307.96,623.51,"reiffenhausen16","g/m2 per year",4,"Reiffenhausen",51.666667,9.983333,NA,"Eutric Cambisol","poplar",NA,NA,NA,NA,NA,NA,NA,NA,NA,"barley",6.2351,3.0796,NA,2015,1
2017,NA,NA,"rapeseed","R_AF_r1_4m",181.09,312.28,"reiffenhausen16","g/m2 per year",4,"Reiffenhausen",51.666667,9.983333,NA,"Eutric Cambisol","poplar",NA,NA,NA,NA,NA,NA,NA,NA,NA,"rapeseed",3.1228,1.8109,NA,2015,2
2016,NA,NA,"winter barley","R_AF_r1_7m",325.65,659.27,"reiffenhausen16","g/m2 per year",7,"Reiffenhausen",51.666667,9.983333,NA,"Eutric Cambisol","poplar",NA,NA,NA,NA,NA,NA,NA,NA,NA,"barley",6.5927,3.2565,NA,2015,1
2017,NA,NA,"rapeseed","R_AF_r1_7m",152.61,320.07,"reiffenhausen16","g/m2 per year",7,"Reiffenhausen",51.666667,9.983333,NA,"Eutric Cambisol","poplar",NA,NA,NA,NA,NA,NA,NA,NA,NA,"rapeseed",3.2007,1.5261,NA,2015,2
2016,NA,NA,"winter barley","R_AF_r2_1m",244.79,328.76,"reiffenhausen16","g/m2 per year",1,"Reiffenhausen",51.666667,9.983333,NA,"Eutric Cambisol","poplar",NA,NA,NA,NA,NA,NA,NA,NA,NA,"barley",3.2876,2.4479,NA,2015,1
2017,NA,NA,"rapeseed","R_AF_r2_1m",69.47,211.2,"reiffenhausen16","g/m2 per year",1,"Reiffenhausen",51.666667,9.983333,NA,"Eutric Cambisol","poplar",NA,NA,NA,NA,NA,NA,NA,NA,NA,"rapeseed",2.112,0.6947,NA,2015,2
2016,NA,NA,"winter barley","R_AF_r2_4m",298.82,545.6,"reiffenhausen16","g/m2 per year",4,"Reiffenhausen",51.666667,9.983333,NA,"Eutric Cambisol","poplar",NA,NA,NA,NA,NA,NA,NA,NA,NA,"barley",5.456,2.9882,NA,2015,1
2017,NA,NA,"rapeseed","R_AF_r2_4m",107.84,292.84,"reiffenhausen16","g/m2 per year",4,"Reiffenhausen",51.666667,9.983333,NA,"Eutric Cambisol","poplar",NA,NA,NA,NA,NA,NA,NA,NA,NA,"rapeseed",2.9284,1.0784,NA,2015,2
2016,NA,NA,"winter barley","R_AF_r2_7m",258.69,580.76,"reiffenhausen16","g/m2 per year",7,"Reiffenhausen",51.666667,9.983333,NA,"Eutric Cambisol","poplar",NA,NA,NA,NA,NA,NA,NA,NA,NA,"barley",5.8076,2.5869,NA,2015,1
2017,NA,NA,"rapeseed","R_AF_r2_7m",102.37,344.14,"reiffenhausen16","g/m2 per year",7,"Reiffenhausen",51.666667,9.983333,NA,"Eutric Cambisol","poplar",NA,NA,NA,NA,NA,NA,NA,NA,NA,"rapeseed",3.4414,1.0237,NA,2015,2
2016,NA,NA,"winter barley","R_AF_r3_1m",239.94,289.16,"reiffenhausen16","g/m2 per year",1,"Reiffenhausen",51.666667,9.983333,NA,"Eutric Cambisol","poplar",NA,NA,NA,NA,NA,NA,NA,NA,NA,"barley",2.8916,2.3994,NA,2015,1
2017,NA,NA,"rapeseed","R_AF_r3_1m",53.18,194.7,"reiffenhausen16","g/m2 per year",1,"Reiffenhausen",51.666667,9.983333,NA,"Eutric Cambisol","poplar",NA,NA,NA,NA,NA,NA,NA,NA,NA,"rapeseed",1.947,0.5318,NA,2015,2
2016,NA,NA,"winter barley","R_AF_r3_4m",278.93,584.86,"reiffenhausen16","g/m2 per year",4,"Reiffenhausen",51.666667,9.983333,NA,"Eutric Cambisol","poplar",NA,NA,NA,NA,NA,NA,NA,NA,NA,"barley",5.8486,2.7893,NA,2015,1
2017,NA,NA,"rapeseed","R_AF_r3_4m",161.21,304.68,"reiffenhausen16","g/m2 per year",4,"Reiffenhausen",51.666667,9.983333,NA,"Eutric Cambisol","poplar",NA,NA,NA,NA,NA,NA,NA,NA,NA,"rapeseed",3.0468,1.6121,NA,2015,2
2016,NA,NA,"winter barley","R_AF_r3_7m",516.75,718.35,"reiffenhausen16","g/m2 per year",7,"Reiffenhausen",51.666667,9.983333,NA,"Eutric Cambisol","poplar",NA,NA,NA,NA,NA,NA,NA,NA,NA,"barley",7.1835,5.1675,NA,2015,1
2017,NA,NA,"rapeseed","R_AF_r3_7m",109.93,287.45,"reiffenhausen16","g/m2 per year",7,"Reiffenhausen",51.666667,9.983333,NA,"Eutric Cambisol","poplar",NA,NA,NA,NA,NA,NA,NA,NA,NA,"rapeseed",2.8745,1.0993,NA,2015,2
2016,NA,NA,"winter barley","R_AF_r4_1m",282.75,368.85,"reiffenhausen16","g/m2 per year",1,"Reiffenhausen",51.666667,9.983333,NA,"Eutric Cambisol","poplar",NA,NA,NA,NA,NA,NA,NA,NA,NA,"barley",3.6885,2.8275,NA,2015,1
2017,NA,NA,"rapeseed","R_AF_r4_1m",31.25,154.85,"reiffenhausen16","g/m2 per year",1,"Reiffenhausen",51.666667,9.983333,NA,"Eutric Cambisol","poplar",NA,NA,NA,NA,NA,NA,NA,NA,NA,"rapeseed",1.5485,0.3125,NA,2015,2
2016,NA,NA,"winter barley","R_AF_r4_4m",309.78,640.46,"reiffenhausen16","g/m2 per year",4,"Reiffenhausen",51.666667,9.983333,NA,"Eutric Cambisol","poplar",NA,NA,NA,NA,NA,NA,NA,NA,NA,"barley",6.4046,3.0978,NA,2015,1
2017,NA,NA,"rapeseed","R_AF_r4_4m",63.2,272.45,"reiffenhausen16","g/m2 per year",4,"Reiffenhausen",51.666667,9.983333,NA,"Eutric Cambisol","poplar",NA,NA,NA,NA,NA,NA,NA,NA,NA,"rapeseed",2.7245,0.632,NA,2015,2
2016,NA,NA,"winter barley","R_AF_r4_7m",425.91,766.1,"reiffenhausen16","g/m2 per year",7,"Reiffenhausen",51.666667,9.983333,NA,"Eutric Cambisol","poplar",NA,NA,NA,NA,NA,NA,NA,NA,NA,"barley",7.661,4.2591,NA,2015,1
2017,NA,NA,"rapeseed","R_AF_r4_7m",105.12,310.27,"reiffenhausen16","g/m2 per year",7,"Reiffenhausen",51.666667,9.983333,NA,"Eutric Cambisol","poplar",NA,NA,NA,NA,NA,NA,NA,NA,NA,"rapeseed",3.1027,1.0512,NA,2015,2
2017,NA,NA,"grass","M-AF-r1",NA,3.39729597,"mariensee1719","t/ha",1,"Mariensee",52.564495,9.464266,"lee","Erd-Niedermoor","willow",NA,NA,NA,NA,NA,NA,NA,NA,NA,"grass",3.39729597,NA,NA,2015,2
2017,NA,NA,"grass","M-AF-r1",NA,3.22201886,"mariensee1719","t/ha",4,"Mariensee",52.564495,9.464266,"lee","Erd-Niedermoor","willow",NA,NA,NA,NA,NA,NA,NA,NA,NA,"grass",3.22201886,NA,NA,2015,2
2017,NA,NA,"grass","M-AF-r1",NA,4.71496155,"mariensee1719","t/ha",7,"Mariensee",52.564495,9.464266,"lee","Erd-Niedermoor","willow",NA,NA,NA,NA,NA,NA,NA,NA,NA,"grass",4.71496155,NA,NA,2015,2
2017,NA,NA,"grass","M-AF-r1",NA,3.95388689,"mariensee1719","t/ha",24,"Mariensee",52.564495,9.464266,"lee","Erd-Niedermoor","willow",NA,NA,NA,NA,NA,NA,NA,NA,NA,"grass",3.95388689,NA,NA,2015,2
2017,NA,NA,"grass","M-AF-r2",NA,2.56744446,"mariensee1719","t/ha",1,"Mariensee",52.564495,9.464266,"luv","Erd-Niedermoor","willow",NA,NA,NA,NA,NA,NA,NA,NA,NA,"grass",2.56744446,NA,NA,2015,2
2017,NA,NA,"grass","M-AF-r2",NA,6.98170262,"mariensee1719","t/ha",4,"Mariensee",52.564495,9.464266,"luv","Erd-Niedermoor","willow",NA,NA,NA,NA,NA,NA,NA,NA,NA,"grass",6.98170262,NA,NA,2015,2
2017,NA,NA,"grass","M-AF-r2",NA,4.31498153,"mariensee1719","t/ha",7,"Mariensee",52.564495,9.464266,"luv","Erd-Niedermoor","willow",NA,NA,NA,NA,NA,NA,NA,NA,NA,"grass",4.31498153,NA,NA,2015,2
2017,NA,NA,"grass","M-AF-r2",NA,3.8751469,"mariensee1719","t/ha",24,"Mariensee",52.564495,9.464266,"luv","Erd-Niedermoor","willow",NA,NA,NA,NA,NA,NA,NA,NA,NA,"grass",3.8751469,NA,NA,2015,2
2017,NA,NA,"grass","M-AF-r3",NA,3.12260885,"mariensee1719","t/ha",1,"Mariensee",52.564495,9.464266,"lee","Erd-Niedermoor","willow",NA,NA,NA,NA,NA,NA,NA,NA,NA,"grass",3.12260885,NA,NA,2015,2
2017,NA,NA,"grass","M-AF-r3",NA,3.52921544,"mariensee1719","t/ha",4,"Mariensee",52.564495,9.464266,"lee","Erd-Niedermoor","willow",NA,NA,NA,NA,NA,NA,NA,NA,NA,"grass",3.52921544,NA,NA,2015,2
2017,NA,NA,"grass","M-AF-r3",NA,2.76459799,"mariensee1719","t/ha",7,"Mariensee",52.564495,9.464266,"lee","Erd-Niedermoor","willow",NA,NA,NA,NA,NA,NA,NA,NA,NA,"grass",2.76459799,NA,NA,2015,2
2017,NA,NA,"grass","M-AF-r3",NA,2.21334462,"mariensee1719","t/ha",24,"Mariensee",52.564495,9.464266,"lee","Erd-Niedermoor","willow",NA,NA,NA,NA,NA,NA,NA,NA,NA,"grass",2.21334462,NA,NA,2015,2
2017,NA,NA,"grass","M-AF-r4",NA,4.13645424,"mariensee1719","t/ha",1,"Mariensee",52.564495,9.464266,"lee","Niedermoor-Gley","willow",NA,NA,NA,NA,NA,NA,NA,NA,NA,"grass",4.13645424,NA,NA,2015,2
2017,NA,NA,"grass","M-AF-r4",NA,3.10429657,"mariensee1719","t/ha",4,"Mariensee",52.564495,9.464266,"lee","Niedermoor-Gley","willow",NA,NA,NA,NA,NA,NA,NA,NA,NA,"grass",3.10429657,NA,NA,2015,2
2017,NA,NA,"grass","M-AF-r4",NA,4.79427019,"mariensee1719","t/ha",7,"Mariensee",52.564495,9.464266,"lee","Niedermoor-Gley","willow",NA,NA,NA,NA,NA,NA,NA,NA,NA,"grass",4.79427019,NA,NA,2015,2
2017,NA,NA,"grass","M-AF-r4",NA,2.99289966,"mariensee1719","t/ha",24,"Mariensee",52.564495,9.464266,"lee","Niedermoor-Gley","willow",NA,NA,NA,NA,NA,NA,NA,NA,NA,"grass",2.99289966,NA,NA,2015,2
2017,NA,NA,"grass","M-AF-r5",NA,1.78567587,"mariensee1719","t/ha",1,"Mariensee",52.564495,9.464266,"luv","Niedermoor-Gley","willow",NA,NA,NA,NA,NA,NA,NA,NA,NA,"grass",1.78567587,NA,NA,2015,2
2017,NA,NA,"grass","M-AF-r5",NA,2.84989904,"mariensee1719","t/ha",4,"Mariensee",52.564495,9.464266,"luv","Niedermoor-Gley","willow",NA,NA,NA,NA,NA,NA,NA,NA,NA,"grass",2.84989904,NA,NA,2015,2
2017,NA,NA,"grass","M-AF-r5",NA,3.89318635,"mariensee1719","t/ha",7,"Mariensee",52.564495,9.464266,"luv","Niedermoor-Gley","willow",NA,NA,NA,NA,NA,NA,NA,NA,NA,"grass",3.89318635,NA,NA,2015,2
2017,NA,NA,"grass","M-AF-r5",NA,2.42090195,"mariensee1719","t/ha",24,"Mariensee",52.564495,9.464266,"luv","Niedermoor-Gley","willow",NA,NA,NA,NA,NA,NA,NA,NA,NA,"grass",2.42090195,NA,NA,2015,2
2017,NA,NA,"grass","M-AF-r6",NA,2.24332649,"mariensee1719","t/ha",1,"Mariensee",52.564495,9.464266,"lee","Niedermoor-Gley","willow",NA,NA,NA,NA,NA,NA,NA,NA,NA,"grass",2.24332649,NA,NA,2015,2
2017,NA,NA,"grass","M-AF-r6",NA,2.47014565,"mariensee1719","t/ha",4,"Mariensee",52.564495,9.464266,"lee","Niedermoor-Gley","willow",NA,NA,NA,NA,NA,NA,NA,NA,NA,"grass",2.47014565,NA,NA,2015,2
2017,NA,NA,"grass","M-AF-r6",NA,1.84663961,"mariensee1719","t/ha",7,"Mariensee",52.564495,9.464266,"lee","Niedermoor-Gley","willow",NA,NA,NA,NA,NA,NA,NA,NA,NA,"grass",1.84663961,NA,NA,2015,2
2017,NA,NA,"grass","M-AF-r6",NA,2.50407107,"mariensee1719","t/ha",24,"Mariensee",52.564495,9.464266,"lee","Niedermoor-Gley","willow",NA,NA,NA,NA,NA,NA,NA,NA,NA,"grass",2.50407107,NA,NA,2015,2
2018,NA,NA,"grass","M-AF-r1",NA,3.78228949,"mariensee1719","t/ha",1,"Mariensee",52.564495,9.464266,"lee","Erd-Niedermoor","willow",NA,NA,NA,NA,NA,NA,NA,NA,NA,"grass",3.78228949,NA,NA,2015,3
2018,NA,NA,"grass","M-AF-r1",NA,4.43791145,"mariensee1719","t/ha",4,"Mariensee",52.564495,9.464266,"lee","Erd-Niedermoor","willow",NA,NA,NA,NA,NA,NA,NA,NA,NA,"grass",4.43791145,NA,NA,2015,3
2018,NA,NA,"grass","M-AF-r1",NA,2.38602734,"mariensee1719","t/ha",7,"Mariensee",52.564495,9.464266,"lee","Erd-Niedermoor","willow",NA,NA,NA,NA,NA,NA,NA,NA,NA,"grass",2.38602734,NA,NA,2015,3
2018,NA,NA,"grass","M-AF-r1",NA,2.25231233,"mariensee1719","t/ha",24,"Mariensee",52.564495,9.464266,"lee","Erd-Niedermoor","willow",NA,NA,NA,NA,NA,NA,NA,NA,NA,"grass",2.25231233,NA,NA,2015,3
2018,NA,NA,"grass","M-AF-r2",NA,2.57090127,"mariensee1719","t/ha",1,"Mariensee",52.564495,9.464266,"luv","Erd-Niedermoor","willow",NA,NA,NA,NA,NA,NA,NA,NA,NA,"grass",2.57090127,NA,NA,2015,3
2018,NA,NA,"grass","M-AF-r2",NA,2.60191413,"mariensee1719","t/ha",4,"Mariensee",52.564495,9.464266,"luv","Erd-Niedermoor","willow",NA,NA,NA,NA,NA,NA,NA,NA,NA,"grass",2.60191413,NA,NA,2015,3
2018,NA,NA,"grass","M-AF-r2",NA,3.71745654,"mariensee1719","t/ha",7,"Mariensee",52.564495,9.464266,"luv","Erd-Niedermoor","willow",NA,NA,NA,NA,NA,NA,NA,NA,NA,"grass",3.71745654,NA,NA,2015,3
2018,NA,NA,"grass","M-AF-r2",NA,3.30634792,"mariensee1719","t/ha",24,"Mariensee",52.564495,9.464266,"luv","Erd-Niedermoor","willow",NA,NA,NA,NA,NA,NA,NA,NA,NA,"grass",3.30634792,NA,NA,2015,3
2018,NA,NA,"grass","M-AF-r3",NA,3.25700639,"mariensee1719","t/ha",1,"Mariensee",52.564495,9.464266,"lee","Erd-Niedermoor","willow",NA,NA,NA,NA,NA,NA,NA,NA,NA,"grass",3.25700639,NA,NA,2015,3
2018,NA,NA,"grass","M-AF-r3",NA,3.02393789,"mariensee1719","t/ha",4,"Mariensee",52.564495,9.464266,"lee","Erd-Niedermoor","willow",NA,NA,NA,NA,NA,NA,NA,NA,NA,"grass",3.02393789,NA,NA,2015,3
2018,NA,NA,"grass","M-AF-r3",NA,3.30271175,"mariensee1719","t/ha",7,"Mariensee",52.564495,9.464266,"lee","Erd-Niedermoor","willow",NA,NA,NA,NA,NA,NA,NA,NA,NA,"grass",3.30271175,NA,NA,2015,3
2018,NA,NA,"grass","M-AF-r3",NA,2.98199886,"mariensee1719","t/ha",24,"Mariensee",52.564495,9.464266,"lee","Erd-Niedermoor","willow",NA,NA,NA,NA,NA,NA,NA,NA,NA,"grass",2.98199886,NA,NA,2015,3
2018,NA,NA,"grass","M-AF-r4",NA,2.39925449,"mariensee1719","t/ha",1,"Mariensee",52.564495,9.464266,"lee","Niedermoor-Gley","willow",NA,NA,NA,NA,NA,NA,NA,NA,NA,"grass",2.39925449,NA,NA,2015,3
2018,NA,NA,"grass","M-AF-r4",NA,2.95234362,"mariensee1719","t/ha",4,"Mariensee",52.564495,9.464266,"lee","Niedermoor-Gley","willow",NA,NA,NA,NA,NA,NA,NA,NA,NA,"grass",2.95234362,NA,NA,2015,3
2018,NA,NA,"grass","M-AF-r4",NA,3.52118808,"mariensee1719","t/ha",7,"Mariensee",52.564495,9.464266,"lee","Niedermoor-Gley","willow",NA,NA,NA,NA,NA,NA,NA,NA,NA,"grass",3.52118808,NA,NA,2015,3
2018,NA,NA,"grass","M-AF-r4",NA,3.39026541,"mariensee1719","t/ha",24,"Mariensee",52.564495,9.464266,"lee","Niedermoor-Gley","willow",NA,NA,NA,NA,NA,NA,NA,NA,NA,"grass",3.39026541,NA,NA,2015,3
2018,NA,NA,"grass","M-AF-r5",NA,1.58728229,"mariensee1719","t/ha",1,"Mariensee",52.564495,9.464266,"luv","Niedermoor-Gley","willow",NA,NA,NA,NA,NA,NA,NA,NA,NA,"grass",1.58728229,NA,NA,2015,3
2018,NA,NA,"grass","M-AF-r5",NA,2.76188799,"mariensee1719","t/ha",4,"Mariensee",52.564495,9.464266,"luv","Niedermoor-Gley","willow",NA,NA,NA,NA,NA,NA,NA,NA,NA,"grass",2.76188799,NA,NA,2015,3
2018,NA,NA,"grass","M-AF-r5",NA,3.5354245,"mariensee1719","t/ha",7,"Mariensee",52.564495,9.464266,"luv","Niedermoor-Gley","willow",NA,NA,NA,NA,NA,NA,NA,NA,NA,"grass",3.5354245,NA,NA,2015,3
2018,NA,NA,"grass","M-AF-r5",NA,3.55912556,"mariensee1719","t/ha",24,"Mariensee",52.564495,9.464266,"luv","Niedermoor-Gley","willow",NA,NA,NA,NA,NA,NA,NA,NA,NA,"grass",3.55912556,NA,NA,2015,3
2018,NA,NA,"grass","M-AF-r6",NA,2.68288021,"mariensee1719","t/ha",1,"Mariensee",52.564495,9.464266,"lee","Niedermoor-Gley","willow",NA,NA,NA,NA,NA,NA,NA,NA,NA,"grass",2.68288021,NA,NA,2015,3
2018,NA,NA,"grass","M-AF-r6",NA,3.20725611,"mariensee1719","t/ha",4,"Mariensee",52.564495,9.464266,"lee","Niedermoor-Gley","willow",NA,NA,NA,NA,NA,NA,NA,NA,NA,"grass",3.20725611,NA,NA,2015,3
2018,NA,NA,"grass","M-AF-r6",NA,3.17768445,"mariensee1719","t/ha",7,"Mariensee",52.564495,9.464266,"lee","Niedermoor-Gley","willow",NA,NA,NA,NA,NA,NA,NA,NA,NA,"grass",3.17768445,NA,NA,2015,3
2018,NA,NA,"grass","M-AF-r6",NA,2.24069091,"mariensee1719","t/ha",24,"Mariensee",52.564495,9.464266,"lee","Niedermoor-Gley","willow",NA,NA,NA,NA,NA,NA,NA,NA,NA,"grass",2.24069091,NA,NA,2015,3
2016,NA,"Forst","winter wheat","F_AF_r1_1m",355.21,373.89,"signal16","g/m2 per year",1,"Forst",51.787,14.633,NA,NA,"poplar",NA,NA,NA,NA,NA,NA,NA,NA,NA,"wheat",3.7389,3.5521,NA,2014,2
2016,NA,"Forst","winter wheat","F_AF_r1_4m",943.41,582.9,"signal16","g/m2 per year",4,"Forst",51.787,14.633,NA,NA,"poplar",NA,NA,NA,NA,NA,NA,NA,NA,NA,"wheat",5.829,9.4341,NA,2014,2
2016,NA,"Forst","winter wheat","F_AF_r1_7m",906.04,705.86,"signal16","g/m2 per year",7,"Forst",51.787,14.633,NA,NA,"poplar",NA,NA,NA,NA,NA,NA,NA,NA,NA,"wheat",7.0586,9.0604,NA,2014,2
2016,NA,"Forst","winter wheat","F_AF_r2_1m",607.99,303.72,"signal16","g/m2 per year",1,"Forst",51.787,14.633,NA,NA,"poplar",NA,NA,NA,NA,NA,NA,NA,NA,NA,"wheat",3.0372,6.0799,NA,2014,2
2016,NA,"Forst","winter wheat","F_AF_r2_4m",921.09,590.39,"signal16","g/m2 per year",4,"Forst",51.787,14.633,NA,NA,"poplar",NA,NA,NA,NA,NA,NA,NA,NA,NA,"wheat",5.9039,9.2109,NA,2014,2
2016,NA,"Forst","winter wheat","F_AF_r2_7m",833.35,547.42,"signal16","g/m2 per year",7,"Forst",51.787,14.633,NA,NA,"poplar",NA,NA,NA,NA,NA,NA,NA,NA,NA,"wheat",5.4742,8.3335,NA,2014,2
2016,NA,"Forst","winter wheat","F_AF_r3_1m",675.91,364.17,"signal16","g/m2 per year",1,"Forst",51.787,14.633,NA,NA,"poplar",NA,NA,NA,NA,NA,NA,NA,NA,NA,"wheat",3.6417,6.7591,NA,2014,2
2016,NA,"Forst","winter wheat","F_AF_r3_4m",1016.53,633.06,"signal16","g/m2 per year",4,"Forst",51.787,14.633,NA,NA,"poplar",NA,NA,NA,NA,NA,NA,NA,NA,NA,"wheat",6.3306,10.1653,NA,2014,2
2016,NA,"Forst","winter wheat","F_AF_r3_7m",940.91,622.76,"signal16","g/m2 per year",7,"Forst",51.787,14.633,NA,NA,"poplar",NA,NA,NA,NA,NA,NA,NA,NA,NA,"wheat",6.2276,9.4091,NA,2014,2
2016,NA,"Forst","winter wheat","F_AF_r4_1m",536.73,252.24,"signal16","g/m2 per year",1,"Forst",51.787,14.633,NA,NA,"poplar",NA,NA,NA,NA,NA,NA,NA,NA,NA,"wheat",2.5224,5.3673,NA,2014,2
2016,NA,"Forst","winter wheat","F_AF_r4_4m",1055.25,718.07,"signal16","g/m2 per year",4,"Forst",51.787,14.633,NA,NA,"poplar",NA,NA,NA,NA,NA,NA,NA,NA,NA,"wheat",7.1807,10.5525,NA,2014,2
2016,NA,"Forst","winter wheat","F_AF_r4_7m",856.07,569.63,"signal16","g/m2 per year",7,"Forst",51.787,14.633,NA,NA,"poplar",NA,NA,NA,NA,NA,NA,NA,NA,NA,"wheat",5.6963,8.5607,NA,2014,2
2016,NA,"Forst","winter wheat","F_AF_r1_24m",908.92,681.93,"signal16","g/m2 per year",24,"Forst",51.787,14.633,NA,NA,"poplar",NA,NA,NA,NA,NA,NA,NA,NA,NA,"wheat",6.8193,9.0892,NA,2014,2
2016,NA,"Forst","winter wheat","F_AF_r2_24m",1057.72,740.62,"signal16","g/m2 per year",24,"Forst",51.787,14.633,NA,NA,"poplar",NA,NA,NA,NA,NA,NA,NA,NA,NA,"wheat",7.4062,10.5772,NA,2014,2
2016,NA,"Forst","winter wheat","F_AF_r3_24m",979.28,697.46,"signal16","g/m2 per year",24,"Forst",51.787,14.633,NA,NA,"poplar",NA,NA,NA,NA,NA,NA,NA,NA,NA,"wheat",6.9746,9.7928,NA,2014,2
2016,NA,"Forst","winter wheat","F_AF_r4_24m",1022.35,787.85,"signal16","g/m2 per year",24,"Forst",51.787,14.633,NA,NA,"poplar",NA,NA,NA,NA,NA,NA,NA,NA,NA,"wheat",7.8785,10.2235,NA,2014,2
2017,NA,"Forst","winter barley","F_AF_r1_1m",230.07,324.61,"signal16","g/m2 per year",1,"Forst",51.787,14.633,NA,NA,"poplar",NA,NA,NA,NA,NA,NA,NA,NA,NA,"barley",3.2461,2.3007,NA,2014,3
2017,NA,"Forst","winter barley","F_AF_r1_4m",205.99,321.91,"signal16","g/m2 per year",4,"Forst",51.787,14.633,NA,NA,"poplar",NA,NA,NA,NA,NA,NA,NA,NA,NA,"barley",3.2191,2.0599,NA,2014,3
2017,NA,"Forst","winter barley","F_AF_r1_7m",290,428.8,"signal16","g/m2 per year",7,"Forst",51.787,14.633,NA,NA,"poplar",NA,NA,NA,NA,NA,NA,NA,NA,NA,"barley",4.288,2.9,NA,2014,3
2017,NA,"Forst","winter barley","F_AF_r2_1m",267.78,313.03,"signal16","g/m2 per year",1,"Forst",51.787,14.633,NA,NA,"poplar",NA,NA,NA,NA,NA,NA,NA,NA,NA,"barley",3.1303,2.6778,NA,2014,3
2017,NA,"Forst","winter barley","F_AF_r2_4m",272.57,409.38,"signal16","g/m2 per year",4,"Forst",51.787,14.633,NA,NA,"poplar",NA,NA,NA,NA,NA,NA,NA,NA,NA,"barley",4.0938,2.7257,NA,2014,3
2017,NA,"Forst","winter barley","F_AF_r2_7m",303.98,461.92,"signal16","g/m2 per year",7,"Forst",51.787,14.633,NA,NA,"poplar",NA,NA,NA,NA,NA,NA,NA,NA,NA,"barley",4.6192,3.0398,NA,2014,3
2017,NA,"Forst","winter barley","F_AF_r3_1m",239.19,301.76,"signal16","g/m2 per year",1,"Forst",51.787,14.633,NA,NA,"poplar",NA,NA,NA,NA,NA,NA,NA,NA,NA,"barley",3.0176,2.3919,NA,2014,3
2017,NA,"Forst","winter barley","F_AF_r3_4m",397.71,532.17,"signal16","g/m2 per year",4,"Forst",51.787,14.633,NA,NA,"poplar",NA,NA,NA,NA,NA,NA,NA,NA,NA,"barley",5.3217,3.9771,NA,2014,3
2017,NA,"Forst","winter barley","F_AF_r3_7m",390.37,584.72,"signal16","g/m2 per year",7,"Forst",51.787,14.633,NA,NA,"poplar",NA,NA,NA,NA,NA,NA,NA,NA,NA,"barley",5.8472,3.9037,NA,2014,3
2017,NA,"Forst","winter barley","F_AF_r4_1m",266.02,267.85,"signal16","g/m2 per year",1,"Forst",51.787,14.633,NA,NA,"poplar",NA,NA,NA,NA,NA,NA,NA,NA,NA,"barley",2.6785,2.6602,NA,2014,3
2017,NA,"Forst","winter barley","F_AF_r4_4m",251.53,400.91,"signal16","g/m2 per year",4,"Forst",51.787,14.633,NA,NA,"poplar",NA,NA,NA,NA,NA,NA,NA,NA,NA,"barley",4.0091,2.5153,NA,2014,3
2017,NA,"Forst","winter barley","F_AF_r4_7m",261.5,378.76,"signal16","g/m2 per year",7,"Forst",51.787,14.633,NA,NA,"poplar",NA,NA,NA,NA,NA,NA,NA,NA,NA,"barley",3.7876,2.615,NA,2014,3
2017,NA,"Forst","winter barley","F_AF_r1_24m",338.19,540.8,"signal16","g/m2 per year",24,"Forst",51.787,14.633,NA,NA,"poplar",NA,NA,NA,NA,NA,NA,NA,NA,NA,"barley",5.408,3.3819,NA,2014,3
2017,NA,"Forst","winter barley","F_AF_r2_24m",396.97,612.97,"signal16","g/m2 per year",24,"Forst",51.787,14.633,NA,NA,"poplar",NA,NA,NA,NA,NA,NA,NA,NA,NA,"barley",6.1297,3.9697,NA,2014,3
2017,NA,"Forst","winter barley","F_AF_r3_24m",532.35,699.22,"signal16","g/m2 per year",24,"Forst",51.787,14.633,NA,NA,"poplar",NA,NA,NA,NA,NA,NA,NA,NA,NA,"barley",6.9922,5.3235,NA,2014,3
2017,NA,"Forst","winter barley","F_AF_r4_24m",414.75,625.42,"signal16","g/m2 per year",24,"Forst",51.787,14.633,NA,NA,"poplar",NA,NA,NA,NA,NA,NA,NA,NA,NA,"barley",6.2542,4.1475,NA,2014,3
2019,NA,NA,"barley","F_AF_r1_1m",1.342725012,2.138942585,"forst1920","t/ha",1,"Forst",51.78825209,14.63338865,NA,NA,"poplar",NA,NA,NA,NA,NA,NA,NA,NA,NA,"barley",2.138942585,1.342725012,NA,2014,5
2019,NA,NA,"barley","F_AF_r1_4m",2.078921112,3.27456277,"forst1920","t/ha",4,"Forst",51.78825026,14.63343536,NA,NA,"poplar",NA,NA,NA,NA,NA,NA,NA,NA,NA,"barley",3.27456277,2.078921112,NA,2014,5
2019,NA,NA,"barley","F_AF_r1_7m",2.439590604,3.716810099,"forst1920","t/ha",7,"Forst",51.78824843,14.63347566,NA,NA,"poplar",NA,NA,NA,NA,NA,NA,NA,NA,NA,"barley",3.716810099,2.439590604,NA,2014,5
2019,NA,NA,"barley","F_AF_r1_24m",2.678492239,3.872666208,"forst1920","t/ha",24,"Forst",51.78824659,14.63369547,NA,NA,"poplar",NA,NA,NA,NA,NA,NA,NA,NA,NA,"barley",3.872666208,2.678492239,NA,2014,5
2019,NA,NA,"barley","F_AF_r2_1m",1.59253823,2.093471294,"forst1920","t/ha",1,"Forst",51.78773005,14.63338957,NA,NA,"poplar",NA,NA,NA,NA,NA,NA,NA,NA,NA,"barley",2.093471294,1.59253823,NA,2014,5
2019,NA,NA,"barley","F_AF_r2_4m",2.721161103,4.359914849,"forst1920","t/ha",4,"Forst",51.78773005,14.63342987,NA,NA,"poplar",NA,NA,NA,NA,NA,NA,NA,NA,NA,"barley",4.359914849,2.721161103,NA,2014,5
2019,NA,NA,"barley","F_AF_r2_7m",3.187713595,4.782238158,"forst1920","t/ha",7,"Forst",51.78773005,14.633472,NA,NA,"poplar",NA,NA,NA,NA,NA,NA,NA,NA,NA,"barley",4.782238158,3.187713595,NA,2014,5
2019,NA,NA,"barley","F_AF_r2_24m",2.537399679,4.38068862,"forst1920","t/ha",24,"Forst",51.78773005,14.6336918,NA,NA,"poplar",NA,NA,NA,NA,NA,NA,NA,NA,NA,"barley",4.38068862,2.537399679,NA,2014,5
2019,NA,NA,"barley","F_AF_r3_1m",3.627941476,5.300594903,"forst1920","t/ha",1,"Forst",51.78666398,14.63398305,NA,NA,"poplar",NA,NA,NA,NA,NA,NA,NA,NA,NA,"barley",5.300594903,3.627941476,NA,2014,5
2019,NA,NA,"barley","F_AF_r3_4m",3.252809216,4.417226142,"forst1920","t/ha",4,"Forst",51.78666398,14.63394275,NA,NA,"poplar",NA,NA,NA,NA,NA,NA,NA,NA,NA,"barley",4.417226142,3.252809216,NA,2014,5
2019,NA,NA,"barley","F_AF_r3_7m",3.225873544,4.385340207,"forst1920","t/ha",7,"Forst",51.78666398,14.63390245,NA,NA,"poplar",NA,NA,NA,NA,NA,NA,NA,NA,NA,"barley",4.385340207,3.225873544,NA,2014,5
2019,NA,NA,"barley","F_AF_r3_24m",2.641720629,3.219110379,"forst1920","t/ha",24,"Forst",51.78666398,14.63368631,NA,NA,"poplar",NA,NA,NA,NA,NA,NA,NA,NA,NA,"barley",3.219110379,2.641720629,NA,2014,5
2019,NA,NA,"barley","F_AF_r4_1m",3.139507996,4.065112901,"forst1920","t/ha",1,"Forst",51.78601555,14.63398671,NA,NA,"poplar",NA,NA,NA,NA,NA,NA,NA,NA,NA,"barley",4.065112901,3.139507996,NA,2014,5
2019,NA,NA,"barley","F_AF_r4_4m",2.985880917,3.505828956,"forst1920","t/ha",4,"Forst",51.78601555,14.63394275,NA,NA,"poplar",NA,NA,NA,NA,NA,NA,NA,NA,NA,"barley",3.505828956,2.985880917,NA,2014,5
2019,NA,NA,"barley","F_AF_r4_7m",2.811464088,3.822191256,"forst1920","t/ha",7,"Forst",51.78601555,14.63389879,NA,NA,"poplar",NA,NA,NA,NA,NA,NA,NA,NA,NA,"barley",3.822191256,2.811464088,NA,2014,5
2019,NA,NA,"barley","F_AF_r4_24m",1.743827525,2.670687182,"forst1920","t/ha",24,"Forst",51.78601555,14.63369364,NA,NA,"poplar",NA,NA,NA,NA,NA,NA,NA,NA,NA,"barley",2.670687182,1.743827525,NA,2014,5
2020,NA,NA,"bristle oat","F_AF_r1_1m",2.05973815,1.077600555,"forst1920","t/ha",1,"Forst",51.78825209,14.63338865,NA,NA,"poplar",NA,NA,NA,NA,NA,NA,NA,NA,NA,"oat",1.077600555,2.05973815,NA,2014,6
2020,NA,NA,"bristle oat","F_AF_r1_4m",2.870229122,1.312890216,"forst1920","t/ha",4,"Forst",51.78825026,14.63343536,NA,NA,"poplar",NA,NA,NA,NA,NA,NA,NA,NA,NA,"oat",1.312890216,2.870229122,NA,2014,6
2020,NA,NA,"bristle oat","F_AF_r1_7m",3.512323912,1.785722686,"forst1920","t/ha",7,"Forst",51.78824843,14.63347566,NA,NA,"poplar",NA,NA,NA,NA,NA,NA,NA,NA,NA,"oat",1.785722686,3.512323912,NA,2014,6
2020,NA,NA,"bristle oat","F_AF_r1_24m",3.586180727,2.063430828,"forst1920","t/ha",24,"Forst",51.78824659,14.63369547,NA,NA,"poplar",NA,NA,NA,NA,NA,NA,NA,NA,NA,"oat",2.063430828,3.586180727,NA,2014,6
2020,NA,NA,"bristle oat","F_AF_r2_1m",1.902671141,1.007897855,"forst1920","t/ha",1,"Forst",51.78773005,14.63338957,NA,NA,"poplar",NA,NA,NA,NA,NA,NA,NA,NA,NA,"oat",1.007897855,1.902671141,NA,2014,6
2020,NA,NA,"bristle oat","F_AF_r2_4m",4.342750393,1.683776432,"forst1920","t/ha",4,"Forst",51.78773005,14.63342987,NA,NA,"poplar",NA,NA,NA,NA,NA,NA,NA,NA,NA,"oat",1.683776432,4.342750393,NA,2014,6
2020,NA,NA,"bristle oat","F_AF_r2_7m",4.727281205,1.794278023,"forst1920","t/ha",7,"Forst",51.78773005,14.633472,NA,NA,"poplar",NA,NA,NA,NA,NA,NA,NA,NA,NA,"oat",1.794278023,4.727281205,NA,2014,6
2020,NA,NA,"bristle oat","F_AF_r2_24m",3.075625747,1.836372267,"forst1920","t/ha",24,"Forst",51.78773005,14.6336918,NA,NA,"poplar",NA,NA,NA,NA,NA,NA,NA,NA,NA,"oat",1.836372267,3.075625747,NA,2014,6
2020,NA,NA,"bristle oat","F_AF_r3_1m",1.519871481,0.711279196,"forst1920","t/ha",1,"Forst",51.78666398,14.63398305,NA,NA,"poplar",NA,NA,NA,NA,NA,NA,NA,NA,NA,"oat",0.711279196,1.519871481,NA,2014,6
2020,NA,NA,"bristle oat","F_AF_r3_4m",3.431689861,1.763659448,"forst1920","t/ha",4,"Forst",51.78666398,14.63394275,NA,NA,"poplar",NA,NA,NA,NA,NA,NA,NA,NA,NA,"oat",1.763659448,3.431689861,NA,2014,6
2020,NA,NA,"bristle oat","F_AF_r3_7m",3.17519943,1.714083164,"forst1920","t/ha",7,"Forst",51.78666398,14.63390245,NA,NA,"poplar",NA,NA,NA,NA,NA,NA,NA,NA,NA,"oat",1.714083164,3.17519943,NA,2014,6
2020,NA,NA,"bristle oat","F_AF_r3_24m",4.862008514,2.381167412,"forst1920","t/ha",24,"Forst",51.78666398,14.63368631,NA,NA,"poplar",NA,NA,NA,NA,NA,NA,NA,NA,NA,"oat",2.381167412,4.862008514,NA,2014,6
2020,NA,NA,"bristle oat","F_AF_r4_1m",0.877778846,0.425474917,"forst1920","t/ha",1,"Forst",51.78601555,14.63398671,NA,NA,"poplar",NA,NA,NA,NA,NA,NA,NA,NA,NA,"oat",0.425474917,0.877778846,NA,2014,6
2020,NA,NA,"bristle oat","F_AF_r4_4m",2.189256794,1.260831894,"forst1920","t/ha",4,"Forst",51.78601555,14.63394275,NA,NA,"poplar",NA,NA,NA,NA,NA,NA,NA,NA,NA,"oat",1.260831894,2.189256794,NA,2014,6
2020,NA,NA,"bristle oat","F_AF_r4_7m",2.295422332,1.250221573,"forst1920","t/ha",7,"Forst",51.78601555,14.63389879,NA,NA,"poplar",NA,NA,NA,NA,NA,NA,NA,NA,NA,"oat",1.250221573,2.295422332,NA,2014,6
2020,NA,NA,"bristle oat","F_AF_r4_24m",3.228118812,1.777040847,"forst1920","t/ha",24,"Forst",51.78601555,14.63369364,NA,NA,"poplar",NA,NA,NA,NA,NA,NA,NA,NA,NA,"oat",1.777040847,3.228118812,NA,2014,6
2021,NA,"GH1","winterwheat","AF_GH1_Yield_1e-i",0.648676372157611,0.31339,"gladbacherhof2122","kg/m2",6,"Gladbacherhof",50.3962496570317,8.25261476246718,NA,NA,"mixed",NA,"1e-i",1,"A","down",0.962066372157611,NA,NA,NA,"wheat",3.1339,6.48676372157611,9.62066372157611,2019,2
2021,NA,"GH1","winterwheat","AF_GH1_Yield_1e-I",0.880655944700461,0.43058,"gladbacherhof2122","kg/m2",6,"Gladbacherhof",50.3962658583324,8.25278167591378,NA,NA,"mixed",NA,"1e-I",1,"A","up",1.31123594470046,NA,NA,NA,"wheat",4.3058,8.80655944700461,13.1123594470046,2019,2
2021,NA,"GH1","winterwheat","AF_GH1_Yield_1e-ii",0.55976580839487,0.27798,"gladbacherhof2122","kg/m2",10.5,"Gladbacherhof",50.3962435814823,8.25255216995469,NA,NA,"mixed",NA,"1e-ii",1,"A","down",0.83774580839487,NA,NA,NA,"wheat",2.7798,5.5976580839487,8.3774580839487,2019,2
2021,NA,"GH1","winterwheat","AF_GH1_Yield_1e-II",0.932634181095657,0.47581,"gladbacherhof2122","kg/m2",10.5,"Gladbacherhof",50.3962719337586,8.25284426848624,NA,NA,"mixed",NA,"1e-II",1,"A","up",1.40844418109566,NA,NA,NA,"wheat",4.7581,9.32634181095657,14.0844418109566,2019,2
2021,NA,"GH1","winterwheat","AF_GH1_Yield_1e-iv",0.342069143646409,0.15837,"gladbacherhof2122","kg/m2",2.5,"Gladbacherhof",50.3962543824357,8.25266344554375,NA,NA,"mixed",NA,"1e-iv",1,"A","down",0.500439143646409,NA,NA,NA,"wheat",1.5837,3.42069143646409,5.00439143646409,2019,2
2021,NA,"GH1","winterwheat","AF_GH1_Yield_1e-IV",0.90262770871644,0.4258,"gladbacherhof2122","kg/m2",2.5,"Gladbacherhof",50.3962611329777,8.25273299281317,NA,NA,"mixed",NA,"1e-IV",1,"A","up",1.32842770871644,NA,NA,NA,"wheat",4.258,9.0262770871644,13.2842770871644,2019,2
2021,NA,"GH1","winterwheat","AF_GH1_INF_1b-i",0.832843257623888,0.43392,"gladbacherhof2122","kg/m2",6,"Gladbacherhof",50.3966081335388,8.2525304934092,NA,NA,"mixed",NA,"1a-i",1,"B","down",1.26676325762389,NA,NA,NA,"wheat",4.3392,8.32843257623888,12.6676325762389,2019,2
2021,NA,"GH1","winterwheat","AF_GH1_RKS_1b-I",0.860477250099827,0.45166,"gladbacherhof2122","kg/m2",6,"Gladbacherhof",50.3966242910822,8.2526974184934,NA,NA,"mixed",NA,"1a-I",1,"B","up",1.31213725009983,NA,NA,NA,"wheat",4.5166,8.60477250099827,13.1213725009983,2019,2
2021,NA,"GH1","winterwheat","AF_GH1_INF_1b-ii",0.840152898664572,0.35446,"gladbacherhof2122","kg/m2",10.5,"Gladbacherhof",50.3966020743984,8.2524678965326,NA,NA,"mixed",NA,"1a-ii",1,"B","down",1.19461289866457,NA,NA,NA,"wheat",3.5446,8.40152898664572,11.9461289866457,2019,2
2021,NA,"GH1","winterwheat","AF_GH1_RKS_1b-II",0.819826833242803,0.44833,"gladbacherhof2122","kg/m2",10.5,"Gladbacherhof",50.3966303500993,8.2527600154299,NA,NA,"mixed",NA,"1a-II",1,"B","up",1.2681568332428,NA,NA,NA,"wheat",4.4833,8.19826833242803,12.681568332428,2019,2
2021,NA,"GH1","winterwheat","AF_GH1_INF_1b-iv",0.462748606719368,0.21275,"gladbacherhof2122","kg/m2",2.5,"Gladbacherhof",50.3966128461803,8.2525791798801,NA,NA,"mixed",NA,"1a-iv",1,"B","down",0.675498606719368,NA,NA,NA,"wheat",2.1275,4.62748606719368,6.75498606719368,2019,2
2021,NA,"GH1","winterwheat","AF_GH1_INF_1b-IV",0.804306868437307,0.39654,"gladbacherhof2122","kg/m2",2.5,"Gladbacherhof",50.3966195784901,8.2526487319985,NA,NA,"mixed",NA,"1a-IV",1,"B","up",1.20084686843731,NA,NA,NA,"wheat",3.9654,8.04306868437307,12.0084686843731,2019,2
2021,NA,"GH1","winterwheat","AF_GH1_Yield_1b-i",0.961090418323961,0.46635,"gladbacherhof2122","kg/m2",6,"Gladbacherhof",50.3968516903462,8.2524717319202,NA,NA,"mixed",NA,"1b-i",1,"C","down",1.42744041832396,NA,NA,NA,"wheat",4.6635,9.61090418323961,14.2744041832396,2019,2
2021,NA,"GH1","winterwheat","AF_GH1_Yield_1b-I",1.0766531962482,0.52332,"gladbacherhof2122","kg/m2",6,"Gladbacherhof",50.3968678935685,8.25263864702176,NA,NA,"mixed",NA,"1b-I",1,"C","up",1.5999731962482,NA,NA,NA,"wheat",5.2332,10.766531962482,15.999731962482,2019,2
2021,NA,"GH1","winterwheat","AF_GH1_Yield_1b-ii",0.810392969489313,0.30817,"gladbacherhof2122","kg/m2",10.5,"Gladbacherhof",50.3968456140762,8.25240913878711,NA,NA,"mixed",NA,"1b-ii",1,"C","down",1.11856296948931,NA,NA,NA,"wheat",3.0817,8.10392969489313,11.1856296948931,2019,2
2021,NA,"GH1","winterwheat","AF_GH1_Yield_1b-II",0.727758489167617,0.3689,"gladbacherhof2122","kg/m2",10.5,"Gladbacherhof",50.3968739697153,8.25270124021484,NA,NA,"mixed",NA,"1b-II",1,"C","up",1.09665848916762,NA,NA,NA,"wheat",3.689,7.27758489167617,10.9665848916762,2019,2
2021,NA,"GH1","winterwheat","AF_GH1_Yield_1b-iv",0.518800261758691,0.21841,"gladbacherhof2122","kg/m2",2.5,"Gladbacherhof",50.3968564163107,8.25252041547947,NA,NA,"mixed",NA,"1b-iv",1,"C","down",0.737210261758691,NA,NA,NA,"wheat",2.1841,5.18800261758691,7.37210261758691,2019,2
2021,NA,"GH1","winterwheat","AF_GH1_Yield_1b-IV",1.0070559446093,0.47662,"gladbacherhof2122","kg/m2",2.5,"Gladbacherhof",50.3968631676534,8.25258996343846,NA,NA,"mixed",NA,"1b-IV",1,"C","up",1.4836759446093,NA,NA,NA,"wheat",4.7662,10.070559446093,14.836759446093,2019,2
2021,NA,"GH1","winterwheat","AF_GH1_Yield_1c-i",0.946776207976045,0.413,"gladbacherhof2122","kg/m2",6,"Gladbacherhof",50.3973092896658,8.25236301080292,NA,NA,"mixed",NA,"1c-i",1,"D","down",1.35977620797604,NA,NA,NA,"wheat",4.13,9.46776207976045,13.5977620797604,2019,2
2021,NA,"GH1","winterwheat","AF_GH1_Yield_1c-I",0.811686883021635,0.38926,"gladbacherhof2122","kg/m2",6,"Gladbacherhof",50.3973254931872,8.25252992743837,NA,NA,"mixed",NA,"1c-I",1,"D","up",1.20094688302164,NA,NA,NA,"wheat",3.8926,8.11686883021635,12.0094688302164,2019,2
2021,NA,"GH1","winterwheat","AF_GH1_Yield_1c-ii",0.847427502372367,0.33362,"gladbacherhof2122","kg/m2",10.5,"Gladbacherhof",50.3973032132836,8.25230041709461,NA,NA,"mixed",NA,"1c-ii",1,"D","down",1.18104750237237,NA,NA,NA,"wheat",3.3362,8.47427502372367,11.8104750237237,2019,2
2021,NA,"GH1","winterwheat","AF_GH1_Yield_1c-II",0.500533282990372,0.21899,"gladbacherhof2122","kg/m2",10.5,"Gladbacherhof",50.3973315694461,8.25259252120666,NA,NA,"mixed",NA,"1c-II",1,"D","up",0.719523282990372,NA,NA,NA,"wheat",2.1899,5.00533282990372,7.19523282990372,2019,2
2021,NA,"GH1","winterwheat","AF_GH1_Yield_1c-iv",0.670883719961106,0.26581,"gladbacherhof2122","kg/m2",2.5,"Gladbacherhof",50.3973140157175,8.25241169480957,NA,NA,"mixed",NA,"1c-iv",1,"D","down",0.936693719961106,NA,NA,NA,"wheat",2.6581,6.70883719961106,9.36693719961106,2019,2
2021,NA,"GH1","winterwheat","AF_GH1_Yield_1c-IV",1.00290877305094,0.51123,"gladbacherhof2122","kg/m2",2.5,"Gladbacherhof",50.3973207671848,8.25248124340768,NA,NA,"mixed",NA,"1c-IV",1,"D","up",1.51413877305094,NA,NA,NA,"wheat",5.1123,10.0290877305094,15.1413877305094,2019,2
2021,NA,"GH1","winterwheat","AF_GH1_Yield_1d-i",0.375756975637884,0.18824,"gladbacherhof2122","kg/m2",6,"Gladbacherhof",50.3975538596328,8.25230490284226,NA,NA,"mixed",NA,"1d-i",1,"E","down",0.563996975637884,NA,NA,NA,"wheat",1.8824,3.75756975637884,5.63996975637884,2019,2
2021,NA,"GH1","winterwheat","AF_GH1_Yield_1d-I",0.475880323754789,0.27935,"gladbacherhof2122","kg/m2",6,"Gladbacherhof",50.3975700631916,8.25247182032666,NA,NA,"mixed",NA,"1d-I",1,"E","up",0.755230323754789,NA,NA,NA,"wheat",2.7935,4.75880323754789,7.55230323754789,2019,2
2021,NA,"GH1","winterwheat","AF_GH1_Yield_1d-ii",0.457504545207711,0.19079,"gladbacherhof2122","kg/m2",10.5,"Gladbacherhof",50.3975477832367,8.2522423088156,NA,NA,"mixed",NA,"1d-ii",1,"E","down",0.648294545207711,NA,NA,NA,"wheat",1.9079,4.57504545207711,6.48294545207711,2019,2
2021,NA,"GH1","winterwheat","AF_GH1_Yield_1d-II",0.290701106025934,0.14289,"gladbacherhof2122","kg/m2",10.5,"Gladbacherhof",50.3975761394645,8.2525344144133,NA,NA,"mixed",NA,"1d-II",1,"E","up",0.433591106025934,NA,NA,NA,"wheat",1.4289,2.90701106025934,4.33591106025934,2019,2
2021,NA,"GH1","winterwheat","AF_GH1_Yield_1d-iv",0.244566197417743,0.11201,"gladbacherhof2122","kg/m2",2.5,"Gladbacherhof",50.3975585856955,8.25235358709653,NA,NA,"mixed",NA,"1d-iv",1,"E","down",0.356576197417743,NA,NA,NA,"wheat",1.1201,2.44566197417743,3.56576197417743,2019,2
2021,NA,"GH1","winterwheat","AF_GH1_Yield_1d-IV",0.709425756417258,0.3879,"gladbacherhof2122","kg/m2",2.5,"Gladbacherhof",50.3975653371783,8.25242313604836,NA,NA,"mixed",NA,"1d-IV",1,"E","up",1.09732575641726,NA,NA,NA,"wheat",3.879,7.09425756417258,10.9732575641726,2019,2
2021,NA,"GH1","winterwheat","AF_GH1_Yield_2a-i",1.03799488725747,0.5618,"gladbacherhof2122","kg/m2",6,"Gladbacherhof",50.3967856916059,8.25278597605444,NA,NA,"mixed",NA,"2a-i",2,"A","down",1.59979488725747,NA,NA,NA,"wheat",5.618,10.3799488725747,15.9979488725747,2019,2
2021,NA,"GH1","winterwheat","AF_GH1_Yield_2a-I",0.796747416216216,0.40235,"gladbacherhof2122","kg/m2",6,"Gladbacherhof",50.3968018993871,8.25295288984599,NA,NA,"mixed",NA,"2a-I",2,"A","up",1.19909741621622,NA,NA,NA,"wheat",4.0235,7.96747416216216,11.9909741621622,2019,2
2021,NA,"GH1","winterwheat","AF-GH1-DTF_1_C",0.741875105662204,0.34205,"gladbacherhof2122","kg/m2",10.5,"Gladbacherhof",50.3967805886381,8.2527221508494,NA,NA,"mixed",NA,"2a-ii",2,"A","down",1.0839251056622,NA,NA,NA,"wheat",3.4205,7.41875105662204,10.839251056622,2019,2
2021,NA,"GH1","winterwheat","AF_GH1_Yield_2a-II",0.916111275088548,0.38793,"gladbacherhof2122","kg/m2",10.5,"Gladbacherhof",50.3968079772435,8.25301548254782,NA,NA,"mixed",NA,"2a-II",2,"A","up",1.30404127508855,NA,NA,NA,"wheat",3.8793,9.16111275088548,13.0404127508855,2019,2
2021,NA,"GH1","winterwheat","AF-GH1-DTF_1_CT",0.835038775055679,0.42029,"gladbacherhof2122","kg/m2",2.5,"Gladbacherhof",50.3967924402515,8.25283733100972,NA,NA,"mixed",NA,"2a-iv",2,"A","down",1.25532877505568,NA,NA,NA,"wheat",4.2029,8.35038775055679,12.5532877505568,2019,2
2021,NA,"GH1","winterwheat","AF_GH1_Yield_2a-IV",0.867814493166287,0.42761,"gladbacherhof2122","kg/m2",2.5,"Gladbacherhof",50.3967971721423,8.25290420664476,NA,NA,"mixed",NA,"2a-IV",2,"A","up",1.29542449316629,NA,NA,NA,"wheat",4.2761,8.67814493166287,12.9542449316629,2019,2
2021,NA,"GH1","winterwheat","AF_GH1_INF_2b-i",0.896293749060856,0.45302,"gladbacherhof2122","kg/m2",6,"Gladbacherhof",50.397146496395,8.252699796982,NA,NA,"mixed",NA,"2b-i",2,"B","down",1.34931374906086,NA,NA,NA,"wheat",4.5302,8.96293749060856,13.4931374906086,2019,2
2021,NA,"GH1","winterwheat","AF_GH1_RKS_2b-I",0.586513427872861,0.22143,"gladbacherhof2122","kg/m2",6,"Gladbacherhof",50.3971627400075,8.252866703514,NA,NA,"mixed",NA,"2b-I",2,"B","up",0.807943427872861,NA,NA,NA,"wheat",2.2143,5.86513427872861,8.07943427872861,2019,2
2021,NA,"GH1","winterwheat","AF_GH1_INF_2b-ii",0.618820481927711,0.28434,"gladbacherhof2122","kg/m2",10.5,"Gladbacherhof",50.3971404049788,8.2526372070626,NA,NA,"mixed",NA,"2b-ii",2,"B","down",0.903160481927711,NA,NA,NA,"wheat",2.8434,6.18820481927711,9.03160481927711,2019,2
2021,NA,"GH1","winterwheat","AF_GH1_RKS_2b-II",0.525114123858448,0.25246,"gladbacherhof2122","kg/m2",10.5,"Gladbacherhof",50.3971688313006,8.2529292934936,NA,NA,"mixed",NA,"2b-II",2,"B","up",0.777574123858448,NA,NA,NA,"wheat",2.5246,5.25114123858448,7.77574123858448,2019,2
2021,NA,"GH1","winterwheat","AF_GH1_INF_2b-iv",0.424820492681185,0.19642,"gladbacherhof2122","kg/m2",2.5,"Gladbacherhof",50.39715123414,8.2527484780418,NA,NA,"mixed",NA,"2b-iv",2,"B","down",0.621240492681185,NA,NA,NA,"wheat",1.9642,4.24820492681185,6.21240492681185,2019,2
2021,NA,"GH1","winterwheat","AF_GH1_INF_2b-IV",0.600559288624256,0.24196,"gladbacherhof2122","kg/m2",2.5,"Gladbacherhof",50.3971580023119,8.2528180224302,NA,NA,"mixed",NA,"2b-IV",2,"B","up",0.842519288624256,NA,NA,NA,"wheat",2.4196,6.00559288624256,8.42519288624256,2019,2
2021,NA,"GH1","winterwheat","AF_GH1_INF_2d-i",0.474129537591122,0.29314,"gladbacherhof2122","kg/m2",6,"Gladbacherhof",50.3976604381305,8.252577573596,NA,NA,"mixed",NA,"2c-i",2,"C","down",0.767269537591122,NA,NA,NA,"wheat",2.9314,4.74129537591122,7.67269537591122,2019,2
2021,NA,"GH1","winterwheat","AF_GH1_RKS_2d-I",0.734755511706671,0.3686,"gladbacherhof2122","kg/m2",6,"Gladbacherhof",50.3976765888069,8.2527445040023,NA,NA,"mixed",NA,"2c-I",2,"C","up",1.10335551170667,NA,NA,NA,"wheat",3.686,7.34755511706671,11.0335551170667,2019,2
2021,NA,"GH1","winterwheat","AF_GH1_INF_2d-ii",0.33251957130849,0.16743,"gladbacherhof2122","kg/m2",10.5,"Gladbacherhof",50.3976543815652,8.2525149747236,NA,NA,"mixed",NA,"2c-ii",2,"C","down",0.49994957130849,NA,NA,NA,"wheat",1.6743,3.3251957130849,4.9994957130849,2019,2
2021,NA,"GH1","winterwheat","AF_GH1_RKS_2d-II",0.622625982978724,0.28963,"gladbacherhof2122","kg/m2",10.5,"Gladbacherhof",50.397682645249,8.2528071029346,NA,NA,"mixed",NA,"2c-II",2,"C","up",0.912255982978724,NA,NA,NA,"wheat",2.8963,6.22625982978724,9.12255982978724,2019,2
2021,NA,"GH1","winterwheat","AF_GH1_INF_2d-iv",0.359762733481811,0.16046,"gladbacherhof2122","kg/m2",2.5,"Gladbacherhof",50.3976651487691,8.2526262616192,NA,NA,"mixed",NA,"2c-iv",2,"C","down",0.520222733481811,NA,NA,NA,"wheat",1.6046,3.59762733481811,5.20222733481811,2019,2
2021,NA,"GH1","winterwheat","AF_GH1_INF_2d-IV",0.494531625814459,0.27531,"gladbacherhof2122","kg/m2",2.5,"Gladbacherhof",50.3976718782177,8.2526958159552,NA,NA,"mixed",NA,"2c-IV",2,"C","up",0.769841625814458,NA,NA,NA,"wheat",2.7531,4.94531625814459,7.69841625814458,2019,2
2021,NA,"GH1","winterwheat","AF_GH1_Yield_2d-i",0.91690384464752,0.40979,"gladbacherhof2122","kg/m2",6,"Gladbacherhof",50.3984768247409,8.2523840582029,NA,NA,"mixed",NA,"2d-i",2,"D","down",1.32669384464752,NA,NA,NA,"wheat",4.0979,9.1690384464752,13.2669384464752,2019,2
2021,NA,"GH1","winterwheat","AF_GH1_Yield_2d-I",0.801469537560581,0.29118,"gladbacherhof2122","kg/m2",6,"Gladbacherhof",50.3984930331197,8.25255097778394,NA,NA,"mixed",NA,"2d-I",2,"D","up",1.09264953756058,NA,NA,NA,"wheat",2.9118,8.01469537560581,10.9264953756058,2019,2
2021,NA,"GH1","winterwheat","AF_GH1_Yield_2d-ii",0.587794166379607,0.23852,"gladbacherhof2122","kg/m2",10.5,"Gladbacherhof",50.3984707465372,8.25232146339001,NA,NA,"mixed",NA,"2d-ii",2,"D","down",0.826314166379607,NA,NA,NA,"wheat",2.3852,5.87794166379607,8.26314166379607,2019,2
2021,NA,"GH1","winterwheat","AF_GH1_Yield_2d-II",0.628968453437952,0.21535,"gladbacherhof2122","kg/m2",10.5,"Gladbacherhof",50.3984991112002,8.25261357265683,NA,NA,"mixed",NA,"2d-II",2,"D","up",0.844318453437952,NA,NA,NA,"wheat",2.1535,6.28968453437952,8.44318453437952,2019,2
2021,NA,"GH1","winterwheat","AF_GH1_Yield_2d-iv",0.54468602690583,0.20131,"gladbacherhof2122","kg/m2",2.5,"Gladbacherhof",50.3984815522094,8.25243274306868,NA,NA,"mixed",NA,"2d-iv",2,"D","down",0.74599602690583,NA,NA,NA,"wheat",2.0131,5.4468602690583,7.4599602690583,2019,2
2021,NA,"GH1","winterwheat","AF_GH1_Yield_2d-IV",0.808387332044466,0.29241,"gladbacherhof2122","kg/m2",2.5,"Gladbacherhof",50.3984883057006,8.25250229289411,NA,NA,"mixed",NA,"2d-IV",2,"D","up",1.10079733204447,NA,NA,NA,"wheat",2.9241,8.08387332044466,11.0079733204447,2019,2
2021,NA,"GH1","winterwheat","AF_GH1_Yield_3a-i",0.701446383777694,0.27572,"gladbacherhof2122","kg/m2",6,"Gladbacherhof",50.3971014284988,8.25300887506313,NA,NA,"mixed",NA,"3a-i",3,"A","down",0.977166383777694,NA,NA,NA,"wheat",2.7572,7.01446383777694,9.77166383777694,2019,2
2021,NA,"GH1","winterwheat","AF_GH1_Yield_3a-I",0.551167876314835,0.1737,"gladbacherhof2122","kg/m2",6,"Gladbacherhof",50.397117563666,8.25317580718404,NA,NA,"mixed",NA,"3a-I",3,"A","up",0.724867876314835,NA,NA,NA,"wheat",1.737,5.51167876314835,7.24867876314835,2019,2
2021,NA,"GH1","winterwheat","AF_GH1_Yield_3a-ii",0.80325467961165,0.34351,"gladbacherhof2122","kg/m2",10.5,"Gladbacherhof",50.3970953777495,8.25294627554766,NA,NA,"mixed",NA,"3a-ii",3,"A","down",1.14676467961165,NA,NA,NA,"wheat",3.4351,8.0325467961165,11.4676467961165,2019,2
2021,NA,"GH1","winterwheat","AF_GH1_Yield_3a-II",0.296448033442385,0.15265,"gladbacherhof2122","kg/m2",10.5,"Gladbacherhof",50.3971236142921,8.25323840675925,NA,NA,"mixed",NA,"3a-II",3,"A","up",0.449098033442385,NA,NA,NA,"wheat",1.5265,2.96448033442385,4.49098033442385,2019,2
2021,NA,"GH1","winterwheat","AF_GH1_Yield_3a-iv",0.445063368898979,0.15074,"gladbacherhof2122","kg/m2",2.5,"Gladbacherhof",50.397106134614,8.25305756358643,NA,NA,"mixed",NA,"3a-iv",3,"A","down",0.595803368898979,NA,NA,NA,"wheat",1.5074,4.45063368898979,5.95803368898979,2019,2
2021,NA,"GH1","winterwheat","AF_GH1_Yield_3a-IV",0.723418459893048,0.2555,"gladbacherhof2122","kg/m2",2.5,"Gladbacherhof",50.3971128576003,8.25312711863681,NA,NA,"mixed",NA,"3a-IV",3,"A","up",0.978918459893048,NA,NA,NA,"wheat",2.555,7.23418459893048,9.78918459893048,2019,2
2021,NA,"GH1","winterwheat","AF_GH1_Yield_3b-i",0.742772016449234,0.43088,"gladbacherhof2122","kg/m2",6,"Gladbacherhof",50.397552379627,8.25290219451235,NA,NA,"mixed",NA,"3b-i",3,"B","down",1.17365201644923,NA,NA,NA,"wheat",4.3088,7.42772016449234,11.7365201644923,2019,2
2021,NA,"GH1","winterwheat","AF_GH1_Yield_3b-I",0.811327409126939,0.46406,"gladbacherhof2122","kg/m2",6,"Gladbacherhof",50.3975685149226,8.2530691281847,NA,NA,"mixed",NA,"3b-I",3,"B","up",1.27538740912694,NA,NA,NA,"wheat",4.6406,8.11327409126939,12.7538740912694,2019,2
2021,NA,"GH1","winterwheat","AF_GH1_Yield_3b-ii",0.754499615384616,0.43573,"gladbacherhof2122","kg/m2",10.5,"Gladbacherhof",50.3975463288295,8.25283959441509,NA,NA,"mixed",NA,"3b-ii",3,"B","down",1.19022961538462,NA,NA,NA,"wheat",4.3573,7.54499615384616,11.9022961538462,2019,2
2021,NA,"GH1","winterwheat","AF_GH1_Yield_3b-II",0.770947648891332,0.35819,"gladbacherhof2122","kg/m2",10.5,"Gladbacherhof",50.3975745655969,8.2531317283417,NA,NA,"mixed",NA,"3b-II",3,"B","up",1.12913764889133,NA,NA,NA,"wheat",3.5819,7.70947648891332,11.2913764889133,2019,2
2021,NA,"GH1","winterwheat","AF_GH1_Yield_3b-iv",0.479627563532401,0.24396,"gladbacherhof2122","kg/m2",2.5,"Gladbacherhof",50.3975570857796,8.25295088348815,NA,NA,"mixed",NA,"3b-iv",3,"B","down",0.723587563532401,NA,NA,NA,"wheat",2.4396,4.79627563532401,7.23587563532401,2019,2
2021,NA,"GH1","winterwheat","AF_GH1_Yield_3b-IV",0.820059244419004,0.46177,"gladbacherhof2122","kg/m2",2.5,"Gladbacherhof",50.3975638088194,8.25302043918497,NA,NA,"mixed",NA,"3b-IV",3,"B","up",1.281829244419,NA,NA,NA,"wheat",4.6177,8.20059244419004,12.81829244419,2019,2
2021,NA,"GH1","winterwheat","AF_GH1_INF_3d-i",0.766157817109145,0.39008,"gladbacherhof2122","kg/m2",6,"Gladbacherhof",50.3977915471748,8.2528460525824,NA,NA,"mixed",NA,"3c-i",3,"C","down",1.15623781710914,NA,NA,NA,"wheat",3.9008,7.66157817109145,11.5623781710914,2019,2
2021,NA,"GH1","winterwheat","AF_GH1_RKS_3d-I",0.947214780748663,0.53051,"gladbacherhof2122","kg/m2",6,"Gladbacherhof",50.3978076718396,8.2530129896078,NA,NA,"mixed",NA,"3c-I",3,"C","up",1.47772478074866,NA,NA,NA,"wheat",5.3051,9.47214780748663,14.7772478074866,2019,2
2021,NA,"GH1","winterwheat","AF_GH1_INF_3d-ii",0.564603677510608,0.31333,"gladbacherhof2122","kg/m2",10.5,"Gladbacherhof",50.3977855003639,8.2527834512278,NA,NA,"mixed",NA,"3c-ii",3,"C","down",0.877933677510608,NA,NA,NA,"wheat",3.1333,5.64603677510608,8.77933677510608,2019,2
2021,NA,"GH1","winterwheat","AF_GH1_RKS_3d-II",0.906176575529734,0.49765,"gladbacherhof2122","kg/m2",10.5,"Gladbacherhof",50.3978137185272,8.2530755910222,NA,NA,"mixed",NA,"3c-II",3,"C","up",1.40382657552973,NA,NA,NA,"wheat",4.9765,9.06176575529734,14.0382657552973,2019,2
2021,NA,"GH1","winterwheat","AF_GH1_INF_3d-iv",0.577857384101148,0.32215,"gladbacherhof2122","kg/m2",2.5,"Gladbacherhof",50.3977962502267,8.2528947425362,NA,NA,"mixed",NA,"3c-iv",3,"C","down",0.900007384101148,NA,NA,NA,"wheat",3.2215,5.77857384101148,9.00007384101148,2019,2
2021,NA,"GH1","winterwheat","AF_GH1_INF_3d-IV",0.850645577373974,0.44312,"gladbacherhof2122","kg/m2",2.5,"Gladbacherhof",50.397802968837,8.2529642996301,NA,NA,"mixed",NA,"3c-IV",3,"C","up",1.29376557737397,NA,NA,NA,"wheat",4.4312,8.50645577373974,12.9376557737397,2019,2
2021,NA,"GH1","winterwheat","AF_GH1_Yield_3e-i",0.881896144578313,0.50078,"gladbacherhof2122","kg/m2",6,"Gladbacherhof",50.3984009796029,8.2527014382634,NA,NA,"mixed",NA,"3e-i",3,"D","down",1.38267614457831,NA,NA,NA,"wheat",5.0078,8.81896144578313,13.8267614457831,2019,2
2021,NA,"GH1","winterwheat","AF_GH1_Yield_3e-I",0.747511091428571,0.43109,"gladbacherhof2122","kg/m2",6,"Gladbacherhof",50.3984171157115,8.2528683747202,NA,NA,"mixed",NA,"3e-I",3,"D","up",1.17860109142857,NA,NA,NA,"wheat",4.3109,7.47511091428571,11.7860109142857,2019,2
2021,NA,"GH1","winterwheat","AF_GH1_Yield_3e-ii",0.776298092505064,0.4194,"gladbacherhof2122","kg/m2",10.5,"Gladbacherhof",50.3983949285005,8.25263883712197,NA,NA,"mixed",NA,"3e-ii",3,"D","down",1.19569809250506,NA,NA,NA,"wheat",4.194,7.76298092505064,11.9569809250506,2019,2
2021,NA,"GH1","winterwheat","AF_GH1_Yield_3e-II",0.807394375408764,0.33925,"gladbacherhof2122","kg/m2",10.5,"Gladbacherhof",50.3984231666906,8.25293097592137,NA,NA,"mixed",NA,"3e-II",3,"D","up",1.14664437540876,NA,NA,NA,"wheat",3.3925,8.07394375408764,11.4664437540876,2019,2
2021,NA,"GH1","winterwheat","AF_GH1_Yield_3e-iv",0.440377278350515,0.22118,"gladbacherhof2122","kg/m2",2.5,"Gladbacherhof",50.3984056859926,8.25275012805133,NA,NA,"mixed",NA,"3e-iv",3,"D","down",0.661557278350515,NA,NA,NA,"wheat",2.2118,4.40377278350515,6.61557278350515,2019,2
2021,NA,"GH1","winterwheat","AF_GH1_Yield_3e-IV",0.926099265683724,0.47613,"gladbacherhof2122","kg/m2",2.5,"Gladbacherhof",50.3984124093712,8.25281968490833,NA,NA,"mixed",NA,"3e-IV",3,"D","up",1.40222926568372,NA,NA,NA,"wheat",4.7613,9.26099265683724,14.0222926568372,2019,2
2021,NA,"GH1","winterwheat","AF_GH1_Yield_3d-i",0.88733656356092,0.43866,"gladbacherhof2122","kg/m2",6,"Gladbacherhof",50.3982413136674,8.25273921393104,NA,NA,"mixed",NA,"3d-i",3,"E","down",1.32599656356092,NA,NA,NA,"wheat",4.3866,8.8733656356092,13.2599656356092,2019,2
2021,NA,"GH1","winterwheat","AF_GH1_Yield_3d-I",0.891546325151192,0.45333,"gladbacherhof2122","kg/m2",6,"Gladbacherhof",50.3982574488023,8.2529061500581,NA,NA,"mixed",NA,"3d-I",3,"E","up",1.34487632515119,NA,NA,NA,"wheat",4.5333,8.91546325151192,13.4487632515119,2019,2
2021,NA,"GH1","winterwheat","AF_GH1_Yield_3d-ii",0.789606411353033,0.39217,"gladbacherhof2122","kg/m2",10.5,"Gladbacherhof",50.3982352629302,8.25267661291326,NA,NA,"mixed",NA,"3d-ii",3,"E","down",1.18177641135303,NA,NA,NA,"wheat",3.9217,7.89606411353033,11.8177641135303,2019,2
2021,NA,"GH1","winterwheat","AF_GH1_Yield_3d-II",0.961878146745989,0.42146,"gladbacherhof2122","kg/m2",10.5,"Gladbacherhof",50.3982634994162,8.25296875113562,NA,NA,"mixed",NA,"3d-II",3,"E","up",1.38333814674599,NA,NA,NA,"wheat",4.2146,9.61878146745989,13.8333814674599,2019,2
2021,NA,"GH1","winterwheat","AF_GH1_Yield_3d-iv",0.709945154483798,0.31893,"gladbacherhof2122","kg/m2",2.5,"Gladbacherhof",50.3982460197731,8.25278790362279,NA,NA,"mixed",NA,"3d-iv",3,"E","down",1.0288751544838,NA,NA,NA,"wheat",3.1893,7.09945154483798,10.288751544838,2019,2
2021,NA,"GH1","winterwheat","AF_GH1_Yield_3d-IV",1.05388340831109,0.48025,"gladbacherhof2122","kg/m2",2.5,"Gladbacherhof",50.398252742746,8.2528574603424,NA,NA,"mixed",NA,"3d-IV",3,"E","up",1.53413340831109,NA,NA,NA,"wheat",4.8025,10.5388340831109,15.3413340831109,2019,2
2021,NA,"GH1","winterwheat","AF_GH1_Yield_4a-i",0.859263914523893,0.32743,"gladbacherhof2122","kg/m2",6,"Gladbacherhof",50.3969955160341,8.25333260916784,NA,NA,"mixed",NA,"4a-i",4,"A","down",1.18669391452389,NA,NA,NA,"wheat",3.2743,8.59263914523893,11.8669391452389,2019,2
2021,NA,"GH1","winterwheat","AF_GH1_Yield_4a-I",1.23163970162749,0.63185,"gladbacherhof2122","kg/m2",6,"Gladbacherhof",50.3970117040282,8.25349952840422,NA,NA,"mixed",NA,"4a-I",4,"A","up",1.86348970162749,NA,NA,NA,"wheat",6.3185,12.3163970162749,18.6348970162749,2019,2
2021,NA,"GH1","winterwheat","AF_GH1_Yield_4a-ii",0.809606544430919,0.35206,"gladbacherhof2122","kg/m2",10.5,"Gladbacherhof",50.3969894454746,8.25327001448416,NA,NA,"mixed",NA,"4a-ii",4,"A","down",1.16166654443092,NA,NA,NA,"wheat",3.5206,8.09606544430919,11.6166654443092,2019,2
2021,NA,"GH1","winterwheat","AF_GH1_Yield_4a-II",0.877445310673012,0.21508,"gladbacherhof2122","kg/m2",10.5,"Gladbacherhof",50.3970177744644,8.25356212314783,NA,NA,"mixed",NA,"4a-II",4,"A","up",1.09252531067301,NA,NA,NA,"wheat",2.1508,8.77445310673012,10.9252531067301,2019,2
2021,NA,"GH1","winterwheat","AF_GH1_Yield_4a-iv",0.760607156209712,0.33263,"gladbacherhof2122","kg/m2",2.5,"Gladbacherhof",50.397000237557,8.25338129393311,NA,NA,"mixed",NA,"4a-iv",4,"A","down",1.09323715620971,NA,NA,NA,"wheat",3.3263,7.60607156209712,10.9323715620971,2019,2
2021,NA,"GH1","winterwheat","AF_GH1_Yield_4a-IV",1.180751398315,0.48523,"gladbacherhof2122","kg/m2",2.5,"Gladbacherhof",50.3970069825546,8.25345084361494,NA,NA,"mixed",NA,"4a-IV",4,"A","up",1.665981398315,NA,NA,NA,"wheat",4.8523,11.80751398315,16.65981398315,2019,2
2021,NA,"GH1","winterwheat","AF_GH1_Yield_4b-i",0.712258515068493,0.4281,"gladbacherhof2122","kg/m2",6,"Gladbacherhof",50.3973414342752,8.25325050232231,NA,NA,"mixed",NA,"4b-i",4,"B","down",1.14035851506849,NA,NA,NA,"wheat",4.281,7.12258515068493,11.4035851506849,2019,2
2021,NA,"GH1","winterwheat","AF_GH1_Yield_4b-I",1.02976176573705,0.5192,"gladbacherhof2122","kg/m2",6,"Gladbacherhof",50.3973576226929,8.25341742267145,NA,NA,"mixed",NA,"4b-I",4,"B","up",1.54896176573705,NA,NA,NA,"wheat",5.192,10.2976176573705,15.4896176573705,2019,2
2021,NA,"GH1","winterwheat","AF_GH1_Yield_4b-ii",0.749886621810556,0.37757,"gladbacherhof2122","kg/m2",10.5,"Gladbacherhof",50.397335363557,8.25318790722135,NA,NA,"mixed",NA,"4b-ii",4,"B","down",1.12745662181056,NA,NA,NA,"wheat",3.7757,7.49886621810556,11.2745662181056,2019,2
2021,NA,"GH1","winterwheat","AF_GH1_Yield_4b-II",0.828497907649897,0.43483,"gladbacherhof2122","kg/m2",10.5,"Gladbacherhof",50.3973636932879,8.25348001783235,NA,NA,"mixed",NA,"4b-II",4,"B","up",1.2633279076499,NA,NA,NA,"wheat",4.3483,8.28497907649897,12.633279076499,2019,2
2021,NA,"GH1","winterwheat","AF_GH1_Yield_4b-iv",0.471828494510453,0.23385,"gladbacherhof2122","kg/m2",2.5,"Gladbacherhof",50.3973461559217,8.25329918741214,NA,NA,"mixed",NA,"4b-iv",4,"B","down",0.705678494510453,NA,NA,NA,"wheat",2.3385,4.71828494510453,7.05678494510453,2019,2
2021,NA,"GH1","winterwheat","AF_GH1_Yield_4b-IV",0.968936679080311,0.4777,"gladbacherhof2122","kg/m2",2.5,"Gladbacherhof",50.3973529010958,8.25336873755761,NA,NA,"mixed",NA,"4b-IV",4,"B","up",1.44663667908031,NA,NA,NA,"wheat",4.777,9.68936679080311,14.4663667908031,2019,2
2021,NA,"GH1","winterwheat","AF_GH1_Yield_4c-i",0.798511454606817,0.44761,"gladbacherhof2122","kg/m2",6,"Gladbacherhof",50.3974742326662,8.2532189798838,NA,NA,"mixed",NA,"4c-i",4,"C","down",1.24612145460682,NA,NA,NA,"wheat",4.4761,7.98511454606817,12.4612145460682,2019,2
2021,NA,"GH1","winterwheat","AF_GH1_Yield_4c-I",0.780594250797024,0.39713,"gladbacherhof2122","kg/m2",6,"Gladbacherhof",50.3974904212982,8.25338590064788,NA,NA,"mixed",NA,"4c-I",4,"C","up",1.17772425079702,NA,NA,NA,"wheat",3.9713,7.80594250797024,11.7772425079702,2019,2
2021,NA,"GH1","winterwheat","AF-GH1-DTF_2_C",0.733122536378707,0.39089,"gladbacherhof2122","kg/m2",10.5,"Gladbacherhof",50.3974709814895,8.25315485551181,NA,NA,"mixed",NA,"4c-ii",4,"C","down",1.12401253637871,NA,NA,NA,"wheat",3.9089,7.33122536378707,11.2401253637871,2019,2
2021,NA,"GH1","winterwheat","AF_GH1_Yield_4c-II",0.744633434225844,0.35794,"gladbacherhof2122","kg/m2",10.5,"Gladbacherhof",50.3974964919735,8.25344849596437,NA,NA,"mixed",NA,"4c-II",4,"C","up",1.10257343422584,NA,NA,NA,"wheat",3.5794,7.44633434225844,11.0257343422584,2019,2
2021,NA,"GH1","winterwheat","AF-GH1-DTF_2_CT",0.401148774369049,0.20756,"gladbacherhof2122","kg/m2",2.5,"Gladbacherhof",50.3974795143679,8.25327040566808,NA,NA,"mixed",NA,"4c-iv",4,"C","down",0.608708774369049,NA,NA,NA,"wheat",2.0756,4.01148774369049,6.08708774369049,2019,2
2021,NA,"GH1","winterwheat","AF_GH1_Yield_4c-IV",0.872038617021277,0.41663,"gladbacherhof2122","kg/m2",2.5,"Gladbacherhof",50.3974856996386,8.25333721541301,NA,NA,"mixed",NA,"4c-IV",4,"C","up",1.28866861702128,NA,NA,NA,"wheat",4.1663,8.72038617021277,12.8866861702128,2019,2
2021,NA,"GH1","winterwheat","AF_GH1_Yield_4d-i",0.875312017690418,0.28861,"gladbacherhof2122","kg/m2",6,"Gladbacherhof",50.3979256736905,8.2531118214884,NA,NA,"mixed",NA,"4d-i",4,"D","down",1.16392201769042,NA,NA,NA,"wheat",2.8861,8.75312017690418,11.6392201769042,2019,2
2021,NA,"GH1","winterwheat","AF_GH1_Yield_4d-I",0.697668535311899,0.25306,"gladbacherhof2122","kg/m2",6,"Gladbacherhof",50.3979418623477,8.25327874382993,NA,NA,"mixed",NA,"4d-I",4,"D","up",0.950728535311899,NA,NA,NA,"wheat",2.5306,6.97668535311899,9.50728535311899,2019,2
2021,NA,"GH1","winterwheat","AF_GH1_Yield_4d-ii",1.09534182182182,0.41044,"gladbacherhof2122","kg/m2",10.5,"Gladbacherhof",50.3979196028825,8.25304922564029,NA,NA,"mixed",NA,"4d-ii",4,"D","down",1.50578182182182,NA,NA,NA,"wheat",4.1044,10.9534182182182,15.0578182182182,2019,2
2021,NA,"GH1","winterwheat","AF_GH1_Yield_4d-II",1.01986378914729,0.45295,"gladbacherhof2122","kg/m2",10.5,"Gladbacherhof",50.3979479330325,8.25334133973797,NA,NA,"mixed",NA,"4d-II",4,"D","up",1.47281378914729,NA,NA,NA,"wheat",4.5295,10.1986378914729,14.7281378914729,2019,2
2021,NA,"GH1","winterwheat","AF_GH1_Yield_4d-iv",0.806662399248881,0.28167,"gladbacherhof2122","kg/m2",2.5,"Gladbacherhof",50.3979303954069,8.25316050715934,NA,NA,"mixed",NA,"4d-iv",4,"D","down",1.08833239924888,NA,NA,NA,"wheat",2.8167,8.06662399248881,10.8833239924888,2019,2
2021,NA,"GH1","winterwheat","AF_GH1_Yield_4d-IV",1.01314250569476,0.43778,"gladbacherhof2122","kg/m2",2.5,"Gladbacherhof",50.3979371406807,8.25323005813498,NA,NA,"mixed",NA,"4d-IV",4,"D","up",1.45092250569476,NA,NA,NA,"wheat",4.3778,10.1314250569476,14.5092250569476,2019,2
2021,NA,"GH1","winterwheat","AF_GH1_INF_5a-i",0.652165162796731,0.30558,"gladbacherhof2122","kg/m2",6,"Gladbacherhof",50.3970906350847,8.253608470602,NA,NA,"mixed",NA,"5a-i",5,"A","down",0.957745162796731,NA,NA,NA,"wheat",3.0558,6.52165162796731,9.57745162796731,2019,2
2021,NA,"GH1","winterwheat","AF_GH1_RKS_5a-I",0.741867732482228,0.29586,"gladbacherhof2122","kg/m2",6,"Gladbacherhof",50.397106761811,8.2537754046908,NA,NA,"mixed",NA,"5a-I",5,"A","up",1.03772773248223,NA,NA,NA,"wheat",2.9586,7.41867732482228,10.3772773248223,2019,2
2021,NA,"GH1","winterwheat","AF_GH1_INF_5a-ii",0.663344633715799,0.2668,"gladbacherhof2122","kg/m2",10.5,"Gladbacherhof",50.3970845875007,8.2535458703486,NA,NA,"mixed",NA,"5a-ii",5,"A","down",0.930144633715799,NA,NA,NA,"wheat",2.668,6.63344633715799,9.30144633715799,2019,2
2021,NA,"GH1","winterwheat","AF_GH1_RKS_5a-II",0.599932235294118,0.23463,"gladbacherhof2122","kg/m2",10.5,"Gladbacherhof",50.3971128092718,8.2538380050039,NA,NA,"mixed",NA,"5a-II",5,"A","up",0.834562235294118,NA,NA,NA,"wheat",2.3463,5.99932235294118,8.34562235294118,2019,2
2021,NA,"GH1","winterwheat","AF_GH1_INF_5a-iv",0.746000045822514,0.25631,"gladbacherhof2122","kg/m2",2.5,"Gladbacherhof",50.3970953387379,8.2536571596993,NA,NA,"mixed",NA,"5a-iv",5,"A","down",1.00231004582251,NA,NA,NA,"wheat",2.5631,7.46000045822514,10.0231004582251,2019,2
2021,NA,"GH1","winterwheat","AF_GH1_INF_5a-IV",0.927914524222818,0.42864,"gladbacherhof2122","kg/m2",2.5,"Gladbacherhof",50.3971020582072,8.2537267155696,NA,NA,"mixed",NA,"5a-IV",5,"A","up",1.35655452422282,NA,NA,NA,"wheat",4.2864,9.27914524222818,13.5655452422282,2019,2
2021,NA,"GH1","winterwheat","AF_GH1_Yield_5b-i",0.363392554695389,0.19309,"gladbacherhof2122","kg/m2",6,"Gladbacherhof",50.3972241996195,8.25357606570783,NA,NA,"mixed",NA,"5b-i",5,"B","down",0.556482554695389,NA,NA,NA,"wheat",1.9309,3.63392554695389,5.56482554695389,2019,2
2021,NA,"GH1","winterwheat","AF_GH1_Yield_5b-I",0.885682282275463,0.32356,"gladbacherhof2122","kg/m2",6,"Gladbacherhof",50.3972404010751,8.2537429825545,NA,NA,"mixed",NA,"5b-I",5,"B","up",1.20924228227546,NA,NA,NA,"wheat",3.2356,8.85682282275463,12.0924228227546,2019,2
2021,NA,"GH1","winterwheat","AF_GH1_Yield_5b-ii",0.49468771751041,0.157,"gladbacherhof2122","kg/m2",10.5,"Gladbacherhof",50.397218124012,8.25351347192031,NA,NA,"mixed",NA,"5b-ii",5,"B","down",0.65168771751041,NA,NA,NA,"wheat",1.57,4.9468771751041,6.5168771751041,2019,2
2021,NA,"GH1","winterwheat","AF_GH1_Yield_5b-II",0.726402257012394,0.3386,"gladbacherhof2122","kg/m2",10.5,"Gladbacherhof",50.3972464765594,8.25380557640199,NA,NA,"mixed",NA,"5b-II",5,"B","up",1.06500225701239,NA,NA,NA,"wheat",3.386,7.26402257012394,10.6500225701239,2019,2
2021,NA,"GH1","winterwheat","AF_GH1_Yield_5b-iv",0.278979241071428,0.14294,"gladbacherhof2122","kg/m2",2.5,"Gladbacherhof",50.3972289250687,8.25362474977609,NA,NA,"mixed",NA,"5b-iv",5,"B","down",0.421919241071429,NA,NA,NA,"wheat",1.4294,2.78979241071428,4.21919241071429,2019,2
2021,NA,"GH1","winterwheat","AF_GH1_Yield_5b-IV",0.568041608016223,0.25158,"gladbacherhof2122","kg/m2",2.5,"Gladbacherhof",50.3972356756752,8.25369429846221,NA,NA,"mixed",NA,"5b-IV",5,"B","up",0.819621608016223,NA,NA,NA,"wheat",2.5158,5.68041608016223,8.19621608016223,2019,2
2021,NA,"GH1","winterwheat","AF_GH1_INF_5c-i",0.697142887614985,0.42759,"gladbacherhof2122","kg/m2",6,"Gladbacherhof",50.3974674280121,8.2535193123086,NA,NA,"mixed",NA,"5c-i",5,"C","down",1.12473288761498,NA,NA,NA,"wheat",4.2759,6.97142887614985,11.2473288761498,2019,2
2021,NA,"GH1","winterwheat","AF_GH1_RKS_5c-I",0.847842601787487,0.3446,"gladbacherhof2122","kg/m2",6,"Gladbacherhof",50.3974835573325,8.2536862471057,NA,NA,"mixed",NA,"5c-I",5,"C","up",1.19244260178749,NA,NA,NA,"wheat",3.446,8.47842601787487,11.9244260178749,2019,2
2021,NA,"GH1","winterwheat","AF_GH1_INF_5c-ii",0.663195392670157,0.3643,"gladbacherhof2122","kg/m2",10.5,"Gladbacherhof",50.3974613794554,8.2534567117895,NA,NA,"mixed",NA,"5c-ii",5,"C","down",1.02749539267016,NA,NA,NA,"wheat",3.643,6.63195392670157,10.2749539267016,2019,2
2021,NA,"GH1","winterwheat","AF_GH1_RKS_5c-II",0.724190472589792,0.33667,"gladbacherhof2122","kg/m2",10.5,"Gladbacherhof",50.3974896057659,8.2537488476844,NA,NA,"mixed",NA,"5c-II",5,"C","up",1.06086047258979,NA,NA,NA,"wheat",3.3667,7.24190472589792,10.6086047258979,2019,2
2021,NA,"GH1","winterwheat","AF_GH1_INF_5c-iv",0.515966513385827,0.26736,"gladbacherhof2122","kg/m2",2.5,"Gladbacherhof",50.3974721324219,8.2535680016124,NA,NA,"mixed",NA,"5c-iv",5,"C","down",0.783326513385827,NA,NA,NA,"wheat",2.6736,5.15966513385827,7.83326513385827,2019,2
2021,NA,"GH1","winterwheat","AF_GH1_INF_5c-IV",0.78339924647545,0.34552,"gladbacherhof2122","kg/m2",2.5,"Gladbacherhof",50.3974788529721,8.2536375577779,NA,NA,"mixed",NA,"5c-IV",5,"C","up",1.12891924647545,NA,NA,NA,"wheat",3.4552,7.8339924647545,11.2891924647545,2019,2
2021,NA,"GH1","winterwheat","AF_GH1_Yield_5d-i",0.725318180907041,0.3679,"gladbacherhof2122","kg/m2",6,"Gladbacherhof",50.397708751644,8.25346094962505,NA,NA,"mixed",NA,"5d-i",5,"D","down",1.09321818090704,NA,NA,NA,"wheat",3.679,7.25318180907041,10.9321818090704,2019,2
2021,NA,"GH1","winterwheat","AF_GH1_Yield_5d-I",0.805541167883212,0.40983,"gladbacherhof2122","kg/m2",6,"Gladbacherhof",50.3977249539352,8.25362786797274,NA,NA,"mixed",NA,"5d-I",5,"D","up",1.21537116788321,NA,NA,NA,"wheat",4.0983,8.05541167883212,12.1537116788321,2019,2
2021,NA,"GH1","winterwheat","AF_GH1_Yield_5d-ii",0.730198775832566,0.37892,"gladbacherhof2122","kg/m2",10.5,"Gladbacherhof",50.3977026757231,8.25339835527465,NA,NA,"mixed",NA,"5d-ii",5,"D","down",1.10911877583257,NA,NA,NA,"wheat",3.7892,7.30198775832566,11.0911877583257,2019,2
2021,NA,"GH1","winterwheat","AF_GH1_Yield_5d-II",0.564205888123565,0.19118,"gladbacherhof2122","kg/m2",10.5,"Gladbacherhof",50.3977310297328,8.25369046238311,NA,NA,"mixed",NA,"5d-II",5,"D","up",0.755385888123565,NA,NA,NA,"wheat",1.9118,5.64205888123565,7.55385888123565,2019,2
2021,NA,"GH1","winterwheat","AF_GH1_Yield_5d-iv",0.465172364217252,0.19598,"gladbacherhof2122","kg/m2",2.5,"Gladbacherhof",50.397713477337,8.25350963413111,NA,NA,"mixed",NA,"5d-iv",5,"D","down",0.661152364217252,NA,NA,NA,"wheat",1.9598,4.65172364217252,6.61152364217252,2019,2
2021,NA,"GH1","winterwheat","AF_GH1_Yield_5d-IV",0.865087507447865,0.39701,"gladbacherhof2122","kg/m2",2.5,"Gladbacherhof",50.3977202282916,8.25357918344265,NA,NA,"mixed",NA,"5d-IV",5,"D","up",1.26209750744786,NA,NA,NA,"wheat",3.9701,8.65087507447865,12.6209750744786,2019,2
2021,NA,"GH1","winterwheat","AF_GH1_Yield_6a-i",0.391561731226639,0.21403,"gladbacherhof2122","kg/m2",6,"Gladbacherhof",50.3971879290928,8.25388432146402,NA,NA,"mixed",NA,"6a-i",6,"A","down",0.605591731226639,NA,NA,NA,"wheat",2.1403,3.91561731226639,6.05591731226639,2019,2
2021,NA,"GH1","winterwheat","AF_GH1_Yield_6a-I",0.837554973451327,0.38741,"gladbacherhof2122","kg/m2",6,"Gladbacherhof",50.3972039512281,8.25405128054583,NA,NA,"mixed",NA,"6a-I",6,"A","up",1.22496497345133,NA,NA,NA,"wheat",3.8741,8.37554973451327,12.2496497345133,2019,2
2021,NA,"GH1","winterwheat","AF_GH1_Yield_6a-ii",0.32828506709158,0.15144,"gladbacherhof2122","kg/m2",10.5,"Gladbacherhof",50.3971819207303,8.25382171183801,NA,NA,"mixed",NA,"6a-ii",6,"A","down",0.47972506709158,NA,NA,NA,"wheat",1.5144,3.2828506709158,4.7972506709158,2019,2
2021,NA,"GH1","winterwheat","AF_GH1_Yield_6a-II",0.71183958704694,0.36455,"gladbacherhof2122","kg/m2",10.5,"Gladbacherhof",50.3972099594672,8.25411389023118,NA,NA,"mixed",NA,"6a-II",6,"A","up",1.07638958704694,NA,NA,NA,"wheat",3.6455,7.1183958704694,10.7638958704694,2019,2
2021,NA,"GH1","winterwheat","AF_GH1_Yield_6a-iv",0.432691471855818,0.19803,"gladbacherhof2122","kg/m2",2.5,"Gladbacherhof",50.3971926022403,8.25393301785099,NA,NA,"mixed",NA,"6a-iv",6,"A","down",0.630721471855818,NA,NA,NA,"wheat",1.9803,4.32691471855818,6.30721471855818,2019,2
2021,NA,"GH1","winterwheat","AF_GH1_Yield_6a-IV",0.944182363810131,0.49205,"gladbacherhof2122","kg/m2",2.5,"Gladbacherhof",50.39719927813,8.25400258413508,NA,NA,"mixed",NA,"6a-IV",6,"A","up",1.43623236381013,NA,NA,NA,"wheat",4.9205,9.44182363810131,14.3623236381013,2019,2
2021,NA,"GH1","winterwheat","AF_GH1_Yield_6b-i",0.973580204865557,0.3189,"gladbacherhof2122","kg/m2",6,"Gladbacherhof",50.3973219569337,8.25385284208252,NA,NA,"mixed",NA,"6b-i",6,"B","down",1.29248020486556,NA,NA,NA,"wheat",3.189,9.73580204865557,12.9248020486556,2019,2
2021,NA,"GH1","winterwheat","AF_GH1_Yield_6b-I",0.870262491667989,0.37814,"gladbacherhof2122","kg/m2",6,"Gladbacherhof",50.39733797917,8.25401980161083,NA,NA,"mixed",NA,"6b-I",6,"B","up",1.24840249166799,NA,NA,NA,"wheat",3.7814,8.70262491667989,12.4840249166799,2019,2
2021,NA,"GH1","winterwheat","AF_GH1_Yield_6b-ii",0.59571593713845,0.28929,"gladbacherhof2122","kg/m2",10.5,"Gladbacherhof",50.3973159485334,8.25379023228907,NA,NA,"mixed",NA,"6b-ii",6,"B","down",0.88500593713845,NA,NA,NA,"wheat",2.8929,5.9571593713845,8.8500593713845,2019,2
2021,NA,"GH1","winterwheat","AF_GH1_Yield_6b-II",0.563527030010885,0.23103,"gladbacherhof2122","kg/m2",10.5,"Gladbacherhof",50.397343987447,8.25408241146361,NA,NA,"mixed",NA,"6b-II",6,"B","up",0.794557030010885,NA,NA,NA,"wheat",2.3103,5.63527030010885,7.94557030010885,2019,2
2021,NA,"GH1","winterwheat","AF_GH1_Yield_6b-iv",0.733939353673224,0.31874,"gladbacherhof2122","kg/m2",2.5,"Gladbacherhof",50.3973266301107,8.25390153859972,NA,NA,"mixed",NA,"6b-iv",6,"B","down",1.05267935367322,NA,NA,NA,"wheat",3.1874,7.33939353673224,10.5267935367322,2019,2
2021,NA,"GH1","winterwheat","AF_GH1_Yield_6b-IV",0.799125376327048,0.42016,"gladbacherhof2122","kg/m2",2.5,"Gladbacherhof",50.3973333060425,8.25397110506985,NA,NA,"mixed",NA,"6b-IV",6,"B","up",1.21928537632705,NA,NA,NA,"wheat",4.2016,7.99125376327048,12.1928537632705,2019,2
2021,NA,"GH1","winterwheat","AF_GH1_INF_6d-i",0.721043429844098,0.35497,"gladbacherhof2122","kg/m2",6,"Gladbacherhof",50.3974556502978,8.2538212875063,NA,NA,"mixed",NA,"6c-i",6,"C","down",1.0760134298441,NA,NA,NA,"wheat",3.5497,7.21043429844098,10.760134298441,2019,2
2021,NA,"GH1","winterwheat","AF_GH1_RKS_6d-I",0.761820044247788,0.51097,"gladbacherhof2122","kg/m2",6,"Gladbacherhof",50.3974718301625,8.2539882102951,NA,NA,"mixed",NA,"6c-I",6,"C","up",1.27279004424779,NA,NA,NA,"wheat",5.1097,7.61820044247788,12.7279004424779,2019,2
2021,NA,"GH1","winterwheat","AF_GH1_INF_6d-ii",0.553734112223393,0.2335,"gladbacherhof2122","kg/m2",10.5,"Gladbacherhof",50.3974495827869,8.2537586914904,NA,NA,"mixed",NA,"6c-ii",6,"C","down",0.787234112223393,NA,NA,NA,"wheat",2.335,5.53734112223393,7.87234112223393,2019,2
2021,NA,"GH1","winterwheat","AF_GH1_RKS_6d-II",0.786675231101512,0.36163,"gladbacherhof2122","kg/m2",10.5,"Gladbacherhof",50.3974778975501,8.2540508063709,NA,NA,"mixed",NA,"6c-II",6,"C","up",1.14830523110151,NA,NA,NA,"wheat",3.6163,7.86675231101512,11.4830523110151,2019,2
2021,NA,"GH1","winterwheat","AF_GH1_INF_6d-iv",0.557708767992193,0.27621,"gladbacherhof2122","kg/m2",2.5,"Gladbacherhof",50.3974603694497,8.2538699733077,NA,NA,"mixed",NA,"6c-iv",6,"C","down",0.833918767992193,NA,NA,NA,"wheat",2.7621,5.57708767992193,8.33918767992193,2019,2
2021,NA,"GH1","winterwheat","AF_GH1_INF_6d-IV",0.809349655223005,0.42208,"gladbacherhof2122","kg/m2",2.5,"Gladbacherhof",50.39746711106,8.2539395244697,NA,NA,"mixed",NA,"6c-IV",6,"C","up",1.231429655223,NA,NA,NA,"wheat",4.2208,8.09349655223005,12.31429655223,2019,2
2021,NA,"GH1","winterwheat","AF_GH1_Yield_6d-i",0.698311959144282,0.3962,"gladbacherhof2122","kg/m2",6,"Gladbacherhof",50.3975925985834,8.2537892738446,NA,NA,"mixed",NA,"6d-i",6,"D","down",1.09451195914428,NA,NA,NA,"wheat",3.962,6.98311959144282,10.9451195914428,2019,2
2021,NA,"GH1","winterwheat","AF_GH1_Yield_6d-I",0.74727903930131,0.34572,"gladbacherhof2122","kg/m2",6,"Gladbacherhof",50.3976086215081,8.25395623416074,NA,NA,"mixed",NA,"6d-I",6,"D","up",1.09299903930131,NA,NA,NA,"wheat",3.4572,7.4727903930131,10.9299903930131,2019,2
2021,NA,"GH1","winterwheat","AF_GH1_Yield_6d-ii",0.653992993686683,0.32058,"gladbacherhof2122","kg/m2",10.5,"Gladbacherhof",50.3975865899249,8.25372666375573,NA,NA,"mixed",NA,"6d-ii",6,"D","down",0.974572993686683,NA,NA,NA,"wheat",3.2058,6.53992993686683,9.74572993686683,2019,2
2021,NA,"GH1","winterwheat","AF_GH1_Yield_6d-II",0.754007080777763,0.34666,"gladbacherhof2122","kg/m2",10.5,"Gladbacherhof",50.3976146300432,8.25401884430896,NA,NA,"mixed",NA,"6d-II",6,"D","up",1.10066708077776,NA,NA,NA,"wheat",3.4666,7.54007080777763,11.0066708077776,2019,2
2021,NA,"GH1","winterwheat","AF_GH1_Yield_6d-iv",0.586052499392762,0.28336,"gladbacherhof2122","kg/m2",2.5,"Gladbacherhof",50.3975972719611,8.25383797059159,NA,NA,"mixed",NA,"6d-iv",6,"D","down",0.869412499392762,NA,NA,NA,"wheat",2.8336,5.86052499392762,8.69412499392762,2019,2
2021,NA,"GH1","winterwheat","AF_GH1_Yield_6d-IV",0.94042710933028,0.41998,"gladbacherhof2122","kg/m2",2.5,"Gladbacherhof",50.3976039481798,8.25390753738998,NA,NA,"mixed",NA,"6d-IV",6,"D","up",1.36040710933028,NA,NA,NA,"wheat",4.1998,9.4042710933028,13.6040710933028,2019,2
2018,NA,NA,"wr","10_2_12",NA,3.45453846153846,"koch25","t/ha",12,"IhingerHof",48.7449047817598,8.90982707000781,NA,NA,"walnut",NA,NA,NA,NA,NA,NA,"E",0.322780913652935,39,"rye",3.45453846153846,NA,NA,2016,2
2021,NA,NA,"wb","10_2_12",NA,7.16380952380952,"koch25","t/ha",12,"IhingerHof",48.7449047817598,8.90982707000781,NA,NA,"walnut",NA,NA,NA,NA,NA,NA,"E",0.535294823625045,42,"barley",7.16380952380952,NA,NA,2019,2
2022,NA,NA,"wr","10_2_12",NA,2.64209523809524,"koch25","t/ha",12,"IhingerHof",48.7449047817598,8.90982707000781,NA,NA,"walnut",NA,NA,NA,NA,NA,NA,"E",0.347535912130924,42,"rye",2.64209523809524,NA,NA,2022,0
2023,NA,NA,"ww","10_2_12",NA,6.93483928571429,"koch25","t/ha",12,"IhingerHof",48.7449047817598,8.90982707000781,NA,NA,"walnut",NA,NA,NA,NA,NA,NA,"E",0.998992397400969,56,"wheat",6.93483928571429,NA,NA,2022,1
2018,NA,NA,"wr","10_2_18",NA,3.12635,"koch25","t/ha",18,"IhingerHof",48.7449047817598,8.90982707000781,NA,NA,"walnut",NA,NA,NA,NA,NA,NA,"E",0.372593099706259,40,"rye",3.12635,NA,NA,2016,2
2021,NA,NA,"wb","10_2_18",NA,5.03986363636364,"koch25","t/ha",18,"IhingerHof",48.7449047817598,8.90982707000781,NA,NA,"walnut",NA,NA,NA,NA,NA,NA,"E",2.87945734677354,66,"barley",5.03986363636364,NA,NA,2019,2
2022,NA,NA,"wr","10_2_18",NA,2.81613725490196,"koch25","t/ha",18,"IhingerHof",48.7449047817598,8.90982707000781,NA,NA,"walnut",NA,NA,NA,NA,NA,NA,"E",0.269168275961923,51,"rye",2.81613725490196,NA,NA,2022,0
2023,NA,NA,"ww","10_2_18",NA,6.99416923076923,"koch25","t/ha",18,"IhingerHof",48.7449047817598,8.90982707000781,NA,NA,"walnut",NA,NA,NA,NA,NA,NA,"E",0.393180046592476,65,"wheat",6.99416923076923,NA,NA,2022,1
2016,NA,NA,"wp","10_2_24",NA,1.2712,"koch25","t/ha",24,"IhingerHof",48.7449047817598,8.90982707000781,NA,NA,"walnut",NA,NA,NA,NA,NA,NA,"E",0.798826138781149,5,"pea",1.2712,NA,NA,2016,0
2018,NA,NA,"wr","10_2_24",NA,3.33464102564103,"koch25","t/ha",24,"IhingerHof",48.7449047817598,8.90982707000781,NA,NA,"walnut",NA,NA,NA,NA,NA,NA,"E",0.395323417708076,39,"rye",3.33464102564103,NA,NA,2016,2
2021,NA,NA,"wb","10_2_24",NA,5.94088372093023,"koch25","t/ha",24,"IhingerHof",48.7449047817598,8.90982707000781,NA,NA,"walnut",NA,NA,NA,NA,NA,NA,"E",0.389951169672155,43,"barley",5.94088372093023,NA,NA,2019,2
2022,NA,NA,"wr","10_2_24",NA,3.14931914893617,"koch25","t/ha",24,"IhingerHof",48.7449047817598,8.90982707000781,NA,NA,"walnut",NA,NA,NA,NA,NA,NA,"E",0.29177664971858,47,"rye",3.14931914893617,NA,NA,2022,0
2023,NA,NA,"ww","10_2_24",NA,7.56641791044776,"koch25","t/ha",24,"IhingerHof",48.7449047817598,8.90982707000781,NA,NA,"walnut",NA,NA,NA,NA,NA,NA,"E",0.328479285323255,67,"wheat",7.56641791044776,NA,NA,2022,1
2018,NA,NA,"wr","10_2_4",NA,2.7459756097561,"koch25","t/ha",4,"IhingerHof",48.7449047817598,8.90982707000781,NA,NA,"walnut",NA,NA,NA,NA,NA,NA,"E",0.316881640980105,41,"rye",2.7459756097561,NA,NA,2016,2
2021,NA,NA,"wb","10_2_4",NA,8.61044736842105,"koch25","t/ha",4,"IhingerHof",48.7449047817598,8.90982707000781,NA,NA,"walnut",NA,NA,NA,NA,NA,NA,"E",0.952412007636498,38,"barley",8.61044736842105,NA,NA,2019,2
2022,NA,NA,"wr","10_2_4",NA,2.75069090909091,"koch25","t/ha",4,"IhingerHof",48.7449047817598,8.90982707000781,NA,NA,"walnut",NA,NA,NA,NA,NA,NA,"E",0.259965871886012,55,"rye",2.75069090909091,NA,NA,2022,0
2023,NA,NA,"ww","10_2_4",NA,6.07512280701754,"koch25","t/ha",4,"IhingerHof",48.7449047817598,8.90982707000781,NA,NA,"walnut",NA,NA,NA,NA,NA,NA,"E",0.629468541996666,57,"wheat",6.07512280701754,NA,NA,2022,1
2016,NA,NA,"wp","11_2_12",NA,3.85980487804878,"koch25","t/ha",12,"IhingerHof",48.7449047817598,8.90982707000781,NA,NA,"willow",NA,NA,NA,NA,NA,NA,"E",1.1232801569402,41,"pea",3.85980487804878,NA,NA,2016,0
2018,NA,NA,"wr","11_2_12",NA,3.84921951219512,"koch25","t/ha",12,"IhingerHof",48.7449047817598,8.90982707000781,NA,NA,"willow",NA,NA,NA,NA,NA,NA,"E",0.200304207668626,41,"rye",3.84921951219512,NA,NA,2016,2
2021,NA,NA,"wb","11_2_12",NA,6.77111627906977,"koch25","t/ha",12,"IhingerHof",48.7449047817598,8.90982707000781,NA,NA,"willow",NA,NA,NA,NA,NA,NA,"E",0.325717392060336,43,"barley",6.77111627906977,NA,NA,2019,2
2022,NA,NA,"wr","11_2_12",NA,3.13348888888889,"koch25","t/ha",12,"IhingerHof",48.7449047817598,8.90982707000781,NA,NA,"willow",NA,NA,NA,NA,NA,NA,"E",0.461040208373818,45,"rye",3.13348888888889,NA,NA,2022,0
2023,NA,NA,"ww","11_2_12",NA,7.92106349206349,"koch25","t/ha",12,"IhingerHof",48.7449047817598,8.90982707000781,NA,NA,"willow",NA,NA,NA,NA,NA,NA,"E",1.10123691267557,63,"wheat",7.92106349206349,NA,NA,2022,1
2016,NA,NA,"wp","11_2_18",NA,4.21858974358974,"koch25","t/ha",18,"IhingerHof",48.7449047817598,8.90982707000781,NA,NA,"willow",NA,NA,NA,NA,NA,NA,"E",1.1293149464667,39,"pea",4.21858974358974,NA,NA,2016,0
2018,NA,NA,"wr","11_2_18",NA,3.73826666666667,"koch25","t/ha",18,"IhingerHof",48.7449047817598,8.90982707000781,NA,NA,"willow",NA,NA,NA,NA,NA,NA,"E",0.386888132762853,45,"rye",3.73826666666667,NA,NA,2016,2
2021,NA,NA,"wb","11_2_18",NA,5.23757142857143,"koch25","t/ha",18,"IhingerHof",48.7449047817598,8.90982707000781,NA,NA,"willow",NA,NA,NA,NA,NA,NA,"E",0.391104206062783,49,"barley",5.23757142857143,NA,NA,2019,2
2022,NA,NA,"wr","11_2_18",NA,3.3230625,"koch25","t/ha",18,"IhingerHof",48.7449047817598,8.90982707000781,NA,NA,"willow",NA,NA,NA,NA,NA,NA,"E",0.408081834004751,48,"rye",3.3230625,NA,NA,2022,0
2023,NA,NA,"ww","11_2_18",NA,7.36459090909091,"koch25","t/ha",18,"IhingerHof",48.7449047817598,8.90982707000781,NA,NA,"willow",NA,NA,NA,NA,NA,NA,"E",0.731229648811301,66,"wheat",7.36459090909091,NA,NA,2022,1
2016,NA,NA,"wp","11_2_24",NA,3.79748780487805,"koch25","t/ha",24,"IhingerHof",48.7449047817598,8.90982707000781,NA,NA,"willow",NA,NA,NA,NA,NA,NA,"E",0.537109957175959,41,"pea",3.79748780487805,NA,NA,2016,0
2018,NA,NA,"wr","11_2_24",NA,3.6904,"koch25","t/ha",24,"IhingerHof",48.7449047817598,8.90982707000781,NA,NA,"willow",NA,NA,NA,NA,NA,NA,"E",0.397054462453007,40,"rye",3.6904,NA,NA,2016,2
2021,NA,NA,"wb","11_2_24",NA,5.60788888888889,"koch25","t/ha",24,"IhingerHof",48.7449047817598,8.90982707000781,NA,NA,"willow",NA,NA,NA,NA,NA,NA,"E",0.353327444204781,45,"barley",5.60788888888889,NA,NA,2019,2
2022,NA,NA,"wr","11_2_24",NA,3.55019607843137,"koch25","t/ha",24,"IhingerHof",48.7449047817598,8.90982707000781,NA,NA,"willow",NA,NA,NA,NA,NA,NA,"E",0.194789837476994,51,"rye",3.55019607843137,NA,NA,2022,0
2023,NA,NA,"ww","11_2_24",NA,7.567,"koch25","t/ha",24,"IhingerHof",48.7449047817598,8.90982707000781,NA,NA,"willow",NA,NA,NA,NA,NA,NA,"E",0.879751322186497,73,"wheat",7.567,NA,NA,2022,1
2016,NA,NA,"wp","11_2_4",NA,3.45281578947368,"koch25","t/ha",4,"IhingerHof",48.7449047817598,8.90982707000781,NA,NA,"willow",NA,NA,NA,NA,NA,NA,"E",1.35551601534326,38,"pea",3.45281578947368,NA,NA,2016,0
2018,NA,NA,"wr","11_2_4",NA,3.53919047619048,"koch25","t/ha",4,"IhingerHof",48.7449047817598,8.90982707000781,NA,NA,"willow",NA,NA,NA,NA,NA,NA,"E",0.306947460197538,42,"rye",3.53919047619048,NA,NA,2016,2
2021,NA,NA,"wb","11_2_4",NA,6.86253333333333,"koch25","t/ha",4,"IhingerHof",48.7449047817598,8.90982707000781,NA,NA,"willow",NA,NA,NA,NA,NA,NA,"E",1.38576735552414,45,"barley",6.86253333333333,NA,NA,2019,2
2022,NA,NA,"wr","11_2_4",NA,3.36584615384615,"koch25","t/ha",4,"IhingerHof",48.7449047817598,8.90982707000781,NA,NA,"willow",NA,NA,NA,NA,NA,NA,"E",0.384230750962123,52,"rye",3.36584615384615,NA,NA,2022,0
2023,NA,NA,"ww","11_2_4",NA,6.55653571428571,"koch25","t/ha",4,"IhingerHof",48.7449047817598,8.90982707000781,NA,NA,"willow",NA,NA,NA,NA,NA,NA,"E",0.561061298361846,56,"wheat",6.55653571428571,NA,NA,2022,1
2016,NA,NA,"wp","11_2_7",NA,4.64907692307692,"koch25","t/ha",7,"IhingerHof",48.7449047817598,8.90982707000781,NA,NA,"willow",NA,NA,NA,NA,NA,NA,"E",0.864309209864392,13,"pea",4.64907692307692,NA,NA,2016,0
2016,NA,NA,"wp","12_2_12",NA,2.0660487804878,"koch25","t/ha",12,"IhingerHof",48.7449047817598,8.90982707000781,NA,NA,"hedge",NA,NA,NA,NA,NA,NA,"E",1.13732005062822,41,"pea",2.0660487804878,NA,NA,2016,0
2018,NA,NA,"wr","12_2_12",NA,3.38341935483871,"koch25","t/ha",12,"IhingerHof",48.7449047817598,8.90982707000781,NA,NA,"hedge",NA,NA,NA,NA,NA,NA,"E",1.12983753328207,31,"rye",3.38341935483871,NA,NA,2016,2
2021,NA,NA,"wb","12_2_12",NA,6.51759375,"koch25","t/ha",12,"IhingerHof",48.7449047817598,8.90982707000781,NA,NA,"hedge",NA,NA,NA,NA,NA,NA,"E",0.812877995820227,32,"barley",6.51759375,NA,NA,2019,2
2022,NA,NA,"wr","12_2_12",NA,3.45928947368421,"koch25","t/ha",12,"IhingerHof",48.7449047817598,8.90982707000781,NA,NA,"hedge",NA,NA,NA,NA,NA,NA,"E",0.529937574492671,38,"rye",3.45928947368421,NA,NA,2022,0
2023,NA,NA,"ww","12_2_12",NA,6.79320754716981,"koch25","t/ha",12,"IhingerHof",48.7449047817598,8.90982707000781,NA,NA,"hedge",NA,NA,NA,NA,NA,NA,"E",0.808164571932326,53,"wheat",6.79320754716981,NA,NA,2022,1
2016,NA,NA,"wp","12_2_18",NA,2.12358974358974,"koch25","t/ha",18,"IhingerHof",48.7449047817598,8.90982707000781,NA,NA,"hedge",NA,NA,NA,NA,NA,NA,"E",1.3850593131504,39,"pea",2.12358974358974,NA,NA,2016,0
2018,NA,NA,"wr","12_2_18",NA,3.55821212121212,"koch25","t/ha",18,"IhingerHof",48.7449047817598,8.90982707000781,NA,NA,"hedge",NA,NA,NA,NA,NA,NA,"E",0.990303828301438,33,"rye",3.55821212121212,NA,NA,2016,2
2021,NA,NA,"wb","12_2_18",NA,6.08238888888889,"koch25","t/ha",18,"IhingerHof",48.7449047817598,8.90982707000781,NA,NA,"hedge",NA,NA,NA,NA,NA,NA,"E",0.327218431001833,36,"barley",6.08238888888889,NA,NA,2019,2
2022,NA,NA,"wr","12_2_18",NA,3.35836842105263,"koch25","t/ha",18,"IhingerHof",48.7449047817598,8.90982707000781,NA,NA,"hedge",NA,NA,NA,NA,NA,NA,"E",0.428212906192553,38,"rye",3.35836842105263,NA,NA,2022,0
2023,NA,NA,"ww","12_2_18",NA,6.30498,"koch25","t/ha",18,"IhingerHof",48.7449047817598,8.90982707000781,NA,NA,"hedge",NA,NA,NA,NA,NA,NA,"E",1.35823631874244,50,"wheat",6.30498,NA,NA,2022,1
2016,NA,NA,"wp","12_2_24",NA,1.94344230769231,"koch25","t/ha",24,"IhingerHof",48.7449047817598,8.90982707000781,NA,NA,"hedge",NA,NA,NA,NA,NA,NA,"E",1.5546342356125,26,"pea",1.94344230769231,NA,NA,2016,0
2018,NA,NA,"wr","12_2_24",NA,2.92966666666667,"koch25","t/ha",24,"IhingerHof",48.7449047817598,8.90982707000781,NA,NA,"hedge",NA,NA,NA,NA,NA,NA,"E",1.12263361305756,33,"rye",2.92966666666667,NA,NA,2016,2
2021,NA,NA,"wb","12_2_24",NA,5.3086875,"koch25","t/ha",24,"IhingerHof",48.7449047817598,8.90982707000781,NA,NA,"hedge",NA,NA,NA,NA,NA,NA,"E",2.55359693045803,48,"barley",5.3086875,NA,NA,2019,2
2022,NA,NA,"wr","12_2_24",NA,3.50280487804878,"koch25","t/ha",24,"IhingerHof",48.7449047817598,8.90982707000781,NA,NA,"hedge",NA,NA,NA,NA,NA,NA,"E",0.558362795121245,41,"rye",3.50280487804878,NA,NA,2022,0
2023,NA,NA,"ww","12_2_24",NA,6.57537037037037,"koch25","t/ha",24,"IhingerHof",48.7449047817598,8.90982707000781,NA,NA,"hedge",NA,NA,NA,NA,NA,NA,"E",1.49613330926944,54,"wheat",6.57537037037037,NA,NA,2022,1
2016,NA,NA,"wp","12_2_4",NA,1.808,"koch25","t/ha",4,"IhingerHof",48.7449047817598,8.90982707000781,NA,NA,"hedge",NA,NA,NA,NA,NA,NA,"E",1.26929988991031,39,"pea",1.808,NA,NA,2016,0
2018,NA,NA,"wr","12_2_4",NA,3.48817857142857,"koch25","t/ha",4,"IhingerHof",48.7449047817598,8.90982707000781,NA,NA,"hedge",NA,NA,NA,NA,NA,NA,"E",0.690959614705114,28,"rye",3.48817857142857,NA,NA,2016,2
2021,NA,NA,"wb","12_2_4",NA,4.775,"koch25","t/ha",4,"IhingerHof",48.7449047817598,8.90982707000781,NA,NA,"hedge",NA,NA,NA,NA,NA,NA,"E",0.8641337635403,32,"barley",4.775,NA,NA,2019,2
2022,NA,NA,"wr","12_2_4",NA,3.59873684210526,"koch25","t/ha",4,"IhingerHof",48.7449047817598,8.90982707000781,NA,NA,"hedge",NA,NA,NA,NA,NA,NA,"E",0.71562358685655,38,"rye",3.59873684210526,NA,NA,2022,0
2023,NA,NA,"ww","12_2_4",NA,5.61716981132076,"koch25","t/ha",4,"IhingerHof",48.7449047817598,8.90982707000781,NA,NA,"hedge",NA,NA,NA,NA,NA,NA,"E",0.990244914069418,53,"wheat",5.61716981132076,NA,NA,2022,1
2016,NA,NA,"wp","13_3_12",NA,3.10665789473684,"koch25","t/ha",12,"IhingerHof",48.7449047817598,8.90982707000781,NA,NA,"walnut",NA,NA,NA,NA,NA,NA,"W",1.63930704338863,38,"pea",3.10665789473684,NA,NA,2016,0
2018,NA,NA,"wr","13_3_12",NA,3.45241025641026,"koch25","t/ha",12,"IhingerHof",48.7449047817598,8.90982707000781,NA,NA,"walnut",NA,NA,NA,NA,NA,NA,"W",0.511566773845374,39,"rye",3.45241025641026,NA,NA,2016,2
2021,NA,NA,"wb","13_3_12",NA,6.484325,"koch25","t/ha",12,"IhingerHof",48.7449047817598,8.90982707000781,NA,NA,"walnut",NA,NA,NA,NA,NA,NA,"W",0.577931075098149,40,"barley",6.484325,NA,NA,2019,2
2022,NA,NA,"wr","13_3_12",NA,2.60558536585366,"koch25","t/ha",12,"IhingerHof",48.7449047817598,8.90982707000781,NA,NA,"walnut",NA,NA,NA,NA,NA,NA,"W",0.768103280021956,41,"rye",2.60558536585366,NA,NA,2022,0
2023,NA,NA,"ww","13_3_12",NA,6.89904838709677,"koch25","t/ha",12,"IhingerHof",48.7449047817598,8.90982707000781,NA,NA,"walnut",NA,NA,NA,NA,NA,NA,"W",0.95399437100823,62,"wheat",6.89904838709677,NA,NA,2022,1
2016,NA,NA,"wp","13_3_18",NA,2.17992307692308,"koch25","t/ha",18,"IhingerHof",48.7449047817598,8.90982707000781,NA,NA,"walnut",NA,NA,NA,NA,NA,NA,"W",1.80335562048286,39,"pea",2.17992307692308,NA,NA,2016,0
2018,NA,NA,"wr","13_3_18",NA,3.64410256410256,"koch25","t/ha",18,"IhingerHof",48.7449047817598,8.90982707000781,NA,NA,"walnut",NA,NA,NA,NA,NA,NA,"W",0.963061805823156,39,"rye",3.64410256410256,NA,NA,2016,2
2021,NA,NA,"wb","13_3_18",NA,6.52848837209302,"koch25","t/ha",18,"IhingerHof",48.7449047817598,8.90982707000781,NA,NA,"walnut",NA,NA,NA,NA,NA,NA,"W",0.655834668919546,43,"barley",6.52848837209302,NA,NA,2019,2
2022,NA,NA,"wr","13_3_18",NA,2.87136956521739,"koch25","t/ha",18,"IhingerHof",48.7449047817598,8.90982707000781,NA,NA,"walnut",NA,NA,NA,NA,NA,NA,"W",1.04441425069421,46,"rye",2.87136956521739,NA,NA,2022,0
2023,NA,NA,"ww","13_3_18",NA,7.15445161290323,"koch25","t/ha",18,"IhingerHof",48.7449047817598,8.90982707000781,NA,NA,"walnut",NA,NA,NA,NA,NA,NA,"W",1.20416868375315,62,"wheat",7.15445161290323,NA,NA,2022,1
2016,NA,NA,"wp","13_3_24",NA,2.79552,"koch25","t/ha",24,"IhingerHof",48.7449047817598,8.90982707000781,NA,NA,"walnut",NA,NA,NA,NA,NA,NA,"W",1.48154705516452,25,"pea",2.79552,NA,NA,2016,0
2018,NA,NA,"wr","13_3_24",NA,3.20443243243243,"koch25","t/ha",24,"IhingerHof",48.7449047817598,8.90982707000781,NA,NA,"walnut",NA,NA,NA,NA,NA,NA,"W",0.998679003610396,37,"rye",3.20443243243243,NA,NA,2016,2
2021,NA,NA,"wb","13_3_24",NA,5.8399,"koch25","t/ha",24,"IhingerHof",48.7449047817598,8.90982707000781,NA,NA,"walnut",NA,NA,NA,NA,NA,NA,"W",0.667269322476276,40,"barley",5.8399,NA,NA,2019,2
2022,NA,NA,"wr","13_3_24",NA,2.96966666666667,"koch25","t/ha",24,"IhingerHof",48.7449047817598,8.90982707000781,NA,NA,"walnut",NA,NA,NA,NA,NA,NA,"W",0.784842080235948,45,"rye",2.96966666666667,NA,NA,2022,0
2023,NA,NA,"ww","13_3_24",NA,6.9118947368421,"koch25","t/ha",24,"IhingerHof",48.7449047817598,8.90982707000781,NA,NA,"walnut",NA,NA,NA,NA,NA,NA,"W",1.45555370765378,57,"wheat",6.9118947368421,NA,NA,2022,1
2016,NA,NA,"wp","13_3_4",NA,2.8515,"koch25","t/ha",4,"IhingerHof",48.7449047817598,8.90982707000781,NA,NA,"walnut",NA,NA,NA,NA,NA,NA,"W",1.53145094998016,42,"pea",2.8515,NA,NA,2016,0
2018,NA,NA,"wr","13_3_4",NA,3.241,"koch25","t/ha",4,"IhingerHof",48.7449047817598,8.90982707000781,NA,NA,"walnut",NA,NA,NA,NA,NA,NA,"W",1.02349345381395,41,"rye",3.241,NA,NA,2016,2
2021,NA,NA,"wb","13_3_4",NA,5.63101612903226,"koch25","t/ha",4,"IhingerHof",48.7449047817598,8.90982707000781,NA,NA,"walnut",NA,NA,NA,NA,NA,NA,"W",3.05933267389665,62,"barley",5.63101612903226,NA,NA,2019,2
2022,NA,NA,"wr","13_3_4",NA,2.90718,"koch25","t/ha",4,"IhingerHof",48.7449047817598,8.90982707000781,NA,NA,"walnut",NA,NA,NA,NA,NA,NA,"W",0.67826747147209,50,"rye",2.90718,NA,NA,2022,0
2023,NA,NA,"ww","13_3_4",NA,6.8390253164557,"koch25","t/ha",4,"IhingerHof",48.7449047817598,8.90982707000781,NA,NA,"walnut",NA,NA,NA,NA,NA,NA,"W",1.56208257582941,79,"wheat",6.8390253164557,NA,NA,2022,1
2016,NA,NA,"wp","14_3_12",NA,2.31326666666667,"koch25","t/ha",12,"IhingerHof",48.7449047817598,8.90982707000781,NA,NA,"hedge",NA,NA,NA,NA,NA,NA,"W",1.1218328270977,30,"pea",2.31326666666667,NA,NA,2016,0
2018,NA,NA,"wr","14_3_12",NA,3.33175862068966,"koch25","t/ha",12,"IhingerHof",48.7449047817598,8.90982707000781,NA,NA,"hedge",NA,NA,NA,NA,NA,NA,"W",0.477972403206086,29,"rye",3.33175862068966,NA,NA,2016,2
2021,NA,NA,"wb","14_3_12",NA,5.37053333333333,"koch25","t/ha",12,"IhingerHof",48.7449047817598,8.90982707000781,NA,NA,"hedge",NA,NA,NA,NA,NA,NA,"W",0.211552020721298,30,"barley",5.37053333333333,NA,NA,2019,2
2022,NA,NA,"wr","14_3_12",NA,2.7379,"koch25","t/ha",12,"IhingerHof",48.7449047817598,8.90982707000781,NA,NA,"hedge",NA,NA,NA,NA,NA,NA,"W",0.323535570714012,30,"rye",2.7379,NA,NA,2022,0
2023,NA,NA,"ww","14_3_12",NA,6.71951111111111,"koch25","t/ha",12,"IhingerHof",48.7449047817598,8.90982707000781,NA,NA,"hedge",NA,NA,NA,NA,NA,NA,"W",0.701341040832173,45,"wheat",6.71951111111111,NA,NA,2022,1
2016,NA,NA,"wp","14_3_18",NA,3.10583333333333,"koch25","t/ha",18,"IhingerHof",48.7449047817598,8.90982707000781,NA,NA,"hedge",NA,NA,NA,NA,NA,NA,"W",0.842630081366069,30,"pea",3.10583333333333,NA,NA,2016,0
2018,NA,NA,"wr","14_3_18",NA,3.7906875,"koch25","t/ha",18,"IhingerHof",48.7449047817598,8.90982707000781,NA,NA,"hedge",NA,NA,NA,NA,NA,NA,"W",0.323046529905323,32,"rye",3.7906875,NA,NA,2016,2
2021,NA,NA,"wb","14_3_18",NA,6.83481818181818,"koch25","t/ha",18,"IhingerHof",48.7449047817598,8.90982707000781,NA,NA,"hedge",NA,NA,NA,NA,NA,NA,"W",0.308457194613922,33,"barley",6.83481818181818,NA,NA,2019,2
2022,NA,NA,"wr","14_3_18",NA,3.08821212121212,"koch25","t/ha",18,"IhingerHof",48.7449047817598,8.90982707000781,NA,NA,"hedge",NA,NA,NA,NA,NA,NA,"W",0.152871219817482,33,"rye",3.08821212121212,NA,NA,2022,0
2023,NA,NA,"ww","14_3_18",NA,7.21264444444444,"koch25","t/ha",18,"IhingerHof",48.7449047817598,8.90982707000781,NA,NA,"hedge",NA,NA,NA,NA,NA,NA,"W",0.618095541142143,45,"wheat",7.21264444444444,NA,NA,2022,1
2016,NA,NA,"wp","14_3_24",NA,2.12373333333333,"koch25","t/ha",24,"IhingerHof",48.7449047817598,8.90982707000781,NA,NA,"hedge",NA,NA,NA,NA,NA,NA,"W",0.682034933544252,30,"pea",2.12373333333333,NA,NA,2016,0
2018,NA,NA,"wr","14_3_24",NA,3.58621212121212,"koch25","t/ha",24,"IhingerHof",48.7449047817598,8.90982707000781,NA,NA,"hedge",NA,NA,NA,NA,NA,NA,"W",0.408842707955621,33,"rye",3.58621212121212,NA,NA,2016,2
2021,NA,NA,"wb","14_3_24",NA,6.25075757575758,"koch25","t/ha",24,"IhingerHof",48.7449047817598,8.90982707000781,NA,NA,"hedge",NA,NA,NA,NA,NA,NA,"W",0.260407376803998,33,"barley",6.25075757575758,NA,NA,2019,2
2022,NA,NA,"wr","14_3_24",NA,3.50683783783784,"koch25","t/ha",24,"IhingerHof",48.7449047817598,8.90982707000781,NA,NA,"hedge",NA,NA,NA,NA,NA,NA,"W",0.214190921261268,37,"rye",3.50683783783784,NA,NA,2022,0
2023,NA,NA,"ww","14_3_24",NA,7.53264583333333,"koch25","t/ha",24,"IhingerHof",48.7449047817598,8.90982707000781,NA,NA,"hedge",NA,NA,NA,NA,NA,NA,"W",0.524592343840731,48,"wheat",7.53264583333333,NA,NA,2022,1
2016,NA,NA,"wp","14_3_4",NA,2.10228571428571,"koch25","t/ha",4,"IhingerHof",48.7449047817598,8.90982707000781,NA,NA,"hedge",NA,NA,NA,NA,NA,NA,"W",1.65946006071906,28,"pea",2.10228571428571,NA,NA,2016,0
2018,NA,NA,"wr","14_3_4",NA,2.7918275862069,"koch25","t/ha",4,"IhingerHof",48.7449047817598,8.90982707000781,NA,NA,"hedge",NA,NA,NA,NA,NA,NA,"W",0.904095209468146,29,"rye",2.7918275862069,NA,NA,2016,2
2021,NA,NA,"wb","14_3_4",NA,5.872525,"koch25","t/ha",4,"IhingerHof",48.7449047817598,8.90982707000781,NA,NA,"hedge",NA,NA,NA,NA,NA,NA,"W",0.742425891579206,40,"barley",5.872525,NA,NA,2019,2
2022,NA,NA,"wr","14_3_4",NA,2.94382352941176,"koch25","t/ha",4,"IhingerHof",48.7449047817598,8.90982707000781,NA,NA,"hedge",NA,NA,NA,NA,NA,NA,"W",0.696640747839805,34,"rye",2.94382352941176,NA,NA,2022,0
2023,NA,NA,"ww","14_3_4",NA,6.72979661016949,"koch25","t/ha",4,"IhingerHof",48.7449047817598,8.90982707000781,NA,NA,"hedge",NA,NA,NA,NA,NA,NA,"W",0.77363030865593,59,"wheat",6.72979661016949,NA,NA,2022,1
2018,NA,NA,"wr","14_3_7",NA,1.658,"koch25","t/ha",7,"IhingerHof",48.7449047817598,8.90982707000781,NA,NA,"hedge",NA,NA,NA,NA,NA,NA,"W",0.0268700576850888,2,"rye",1.658,NA,NA,2016,2
2016,NA,NA,"wp","15_3_12",NA,0.602571428571429,"koch25","t/ha",12,"IhingerHof",48.7449047817598,8.90982707000781,NA,NA,"willow",NA,NA,NA,NA,NA,NA,"W",0.0558803994940896,7,"pea",0.602571428571429,NA,NA,2016,0
2018,NA,NA,"wr","15_3_12",NA,3.15821739130435,"koch25","t/ha",12,"IhingerHof",48.7449047817598,8.90982707000781,NA,NA,"willow",NA,NA,NA,NA,NA,NA,"W",0.4038965166169,46,"rye",3.15821739130435,NA,NA,2016,2
2021,NA,NA,"wb","15_3_12",NA,5.77751063829787,"koch25","t/ha",12,"IhingerHof",48.7449047817598,8.90982707000781,NA,NA,"willow",NA,NA,NA,NA,NA,NA,"W",0.307208955396275,47,"barley",5.77751063829787,NA,NA,2019,2
2022,NA,NA,"wr","15_3_12",NA,2.18125581395349,"koch25","t/ha",12,"IhingerHof",48.7449047817598,8.90982707000781,NA,NA,"willow",NA,NA,NA,NA,NA,NA,"W",0.426574958132647,43,"rye",2.18125581395349,NA,NA,2022,0
2023,NA,NA,"ww","15_3_12",NA,6.56733870967742,"koch25","t/ha",12,"IhingerHof",48.7449047817598,8.90982707000781,NA,NA,"willow",NA,NA,NA,NA,NA,NA,"W",1.0923149870509,62,"wheat",6.56733870967742,NA,NA,2022,1
2016,NA,NA,"wp","15_3_18",NA,1.2858,"koch25","t/ha",18,"IhingerHof",48.7449047817598,8.90982707000781,NA,NA,"willow",NA,NA,NA,NA,NA,NA,"W",0.891193768679592,25,"pea",1.2858,NA,NA,2016,0
2018,NA,NA,"wr","15_3_18",NA,3.98121276595745,"koch25","t/ha",18,"IhingerHof",48.7449047817598,8.90982707000781,NA,NA,"willow",NA,NA,NA,NA,NA,NA,"W",0.488135224322924,47,"rye",3.98121276595745,NA,NA,2016,2
2021,NA,NA,"wb","15_3_18",NA,7.23778846153846,"koch25","t/ha",18,"IhingerHof",48.7449047817598,8.90982707000781,NA,NA,"willow",NA,NA,NA,NA,NA,NA,"W",0.648872607108984,52,"barley",7.23778846153846,NA,NA,2019,2
2022,NA,NA,"wr","15_3_18",NA,2.93498,"koch25","t/ha",18,"IhingerHof",48.7449047817598,8.90982707000781,NA,NA,"willow",NA,NA,NA,NA,NA,NA,"W",0.311355790315943,50,"rye",2.93498,NA,NA,2022,0
2023,NA,NA,"ww","15_3_18",NA,7.33201351351351,"koch25","t/ha",18,"IhingerHof",48.7449047817598,8.90982707000781,NA,NA,"willow",NA,NA,NA,NA,NA,NA,"W",1.07872521788697,74,"wheat",7.33201351351351,NA,NA,2022,1
2016,NA,NA,"wp","15_3_24",NA,0.670705882352941,"koch25","t/ha",24,"IhingerHof",48.7449047817598,8.90982707000781,NA,NA,"willow",NA,NA,NA,NA,NA,NA,"W",0.316835281476409,17,"pea",0.670705882352941,NA,NA,2016,0
2018,NA,NA,"wr","15_3_24",NA,3.69963265306122,"koch25","t/ha",24,"IhingerHof",48.7449047817598,8.90982707000781,NA,NA,"willow",NA,NA,NA,NA,NA,NA,"W",0.647367222353921,49,"rye",3.69963265306122,NA,NA,2016,2
2021,NA,NA,"wb","15_3_24",NA,6.51766666666667,"koch25","t/ha",24,"IhingerHof",48.7449047817598,8.90982707000781,NA,NA,"willow",NA,NA,NA,NA,NA,NA,"W",0.584960421768397,48,"barley",6.51766666666667,NA,NA,2019,2
2022,NA,NA,"wr","15_3_24",NA,3.34505660377358,"koch25","t/ha",24,"IhingerHof",48.7449047817598,8.90982707000781,NA,NA,"willow",NA,NA,NA,NA,NA,NA,"W",0.304227484161134,53,"rye",3.34505660377358,NA,NA,2022,0
2023,NA,NA,"ww","15_3_24",NA,7.94460493827161,"koch25","t/ha",24,"IhingerHof",48.7449047817598,8.90982707000781,NA,NA,"willow",NA,NA,NA,NA,NA,NA,"W",0.534670545266249,81,"wheat",7.94460493827161,NA,NA,2022,1
2021,NA,NA,"wb","15_3_4",NA,5.4047,"koch25","t/ha",4,"IhingerHof",48.7449047817598,8.90982707000781,NA,NA,"willow",NA,NA,NA,NA,NA,NA,"W",0.46635417258315,50,"barley",5.4047,NA,NA,2019,2
2022,NA,NA,"wr","15_3_4",NA,1.65191666666667,"koch25","t/ha",4,"IhingerHof",48.7449047817598,8.90982707000781,NA,NA,"willow",NA,NA,NA,NA,NA,NA,"W",0.467284952625649,48,"rye",1.65191666666667,NA,NA,2022,0
2023,NA,NA,"ww","15_3_4",NA,6.26122448979592,"koch25","t/ha",4,"IhingerHof",48.7449047817598,8.90982707000781,NA,NA,"willow",NA,NA,NA,NA,NA,NA,"W",0.844366944351598,98,"wheat",6.26122448979592,NA,NA,2022,1
2018,NA,NA,"wr","15_3_7",NA,1.52913513513514,"koch25","t/ha",7,"IhingerHof",48.7449047817598,8.90982707000781,NA,NA,"willow",NA,NA,NA,NA,NA,NA,"W",0.653073467117945,37,"rye",1.52913513513514,NA,NA,2016,2
2016,NA,NA,"wp","16_3_12",NA,0.29075,"koch25","t/ha",12,"IhingerHof",48.7449047817598,8.90982707000781,NA,NA,"willow",NA,NA,NA,NA,NA,NA,"E",0.321703390452403,8,"pea",0.29075,NA,NA,2016,0
2018,NA,NA,"wr","16_3_12",NA,2.47835714285714,"koch25","t/ha",12,"IhingerHof",48.7449047817598,8.90982707000781,NA,NA,"willow",NA,NA,NA,NA,NA,NA,"E",0.327081911231808,42,"rye",2.47835714285714,NA,NA,2016,2
2021,NA,NA,"wb","16_3_12",NA,5.20509523809524,"koch25","t/ha",12,"IhingerHof",48.7449047817598,8.90982707000781,NA,NA,"willow",NA,NA,NA,NA,NA,NA,"E",0.393278453424531,42,"barley",5.20509523809524,NA,NA,2019,2
2022,NA,NA,"wr","16_3_12",NA,2.10437254901961,"koch25","t/ha",12,"IhingerHof",48.7449047817598,8.90982707000781,NA,NA,"willow",NA,NA,NA,NA,NA,NA,"E",0.573495177339245,51,"rye",2.10437254901961,NA,NA,2022,0
2023,NA,NA,"ww","16_3_12",NA,5.65116176470588,"koch25","t/ha",12,"IhingerHof",48.7449047817598,8.90982707000781,NA,NA,"willow",NA,NA,NA,NA,NA,NA,"E",1.16922008206637,68,"wheat",5.65116176470588,NA,NA,2022,1
2018,NA,NA,"wr","16_3_18",NA,2.837,"koch25","t/ha",18,"IhingerHof",48.7449047817598,8.90982707000781,NA,NA,"willow",NA,NA,NA,NA,NA,NA,"E",0.508848946151999,41,"rye",2.837,NA,NA,2016,2
2021,NA,NA,"wb","16_3_18",NA,6.0895,"koch25","t/ha",18,"IhingerHof",48.7449047817598,8.90982707000781,NA,NA,"willow",NA,NA,NA,NA,NA,NA,"E",0.390506508695224,40,"barley",6.0895,NA,NA,2019,2
2022,NA,NA,"wr","16_3_18",NA,2.33382978723404,"koch25","t/ha",18,"IhingerHof",48.7449047817598,8.90982707000781,NA,NA,"willow",NA,NA,NA,NA,NA,NA,"E",0.339597608376695,47,"rye",2.33382978723404,NA,NA,2022,0
2023,NA,NA,"ww","16_3_18",NA,5.20587692307692,"koch25","t/ha",18,"IhingerHof",48.7449047817598,8.90982707000781,NA,NA,"willow",NA,NA,NA,NA,NA,NA,"E",1.41536399368339,65,"wheat",5.20587692307692,NA,NA,2022,1
2018,NA,NA,"wr","16_3_24",NA,3.16545454545455,"koch25","t/ha",24,"IhingerHof",48.7449047817598,8.90982707000781,NA,NA,"willow",NA,NA,NA,NA,NA,NA,"E",0.526756086466992,44,"rye",3.16545454545455,NA,NA,2016,2
2021,NA,NA,"wb","16_3_24",NA,6.99985714285714,"koch25","t/ha",24,"IhingerHof",48.7449047817598,8.90982707000781,NA,NA,"willow",NA,NA,NA,NA,NA,NA,"E",0.699234932829588,42,"barley",6.99985714285714,NA,NA,2019,2
2022,NA,NA,"wr","16_3_24",NA,2.62604,"koch25","t/ha",24,"IhingerHof",48.7449047817598,8.90982707000781,NA,NA,"willow",NA,NA,NA,NA,NA,NA,"E",0.427566056956378,50,"rye",2.62604,NA,NA,2022,0
2023,NA,NA,"ww","16_3_24",NA,5.70578260869565,"koch25","t/ha",24,"IhingerHof",48.7449047817598,8.90982707000781,NA,NA,"willow",NA,NA,NA,NA,NA,NA,"E",1.13648226441953,69,"wheat",5.70578260869565,NA,NA,2022,1
2018,NA,NA,"wr","16_3_4",NA,2.59166666666667,"koch25","t/ha",4,"IhingerHof",48.7449047817598,8.90982707000781,NA,NA,"willow",NA,NA,NA,NA,NA,NA,"E",0.408124041601733,21,"rye",2.59166666666667,NA,NA,2016,2
2021,NA,NA,"wb","16_3_4",NA,6.1315,"koch25","t/ha",4,"IhingerHof",48.7449047817598,8.90982707000781,NA,NA,"willow",NA,NA,NA,NA,NA,NA,"E",0.51594550614006,50,"barley",6.1315,NA,NA,2019,2
2022,NA,NA,"wr","16_3_4",NA,1.61933333333333,"koch25","t/ha",4,"IhingerHof",48.7449047817598,8.90982707000781,NA,NA,"willow",NA,NA,NA,NA,NA,NA,"E",0.56568328889347,57,"rye",1.61933333333333,NA,NA,2022,0
2023,NA,NA,"ww","16_3_4",NA,4.36866071428571,"koch25","t/ha",4,"IhingerHof",48.7449047817598,8.90982707000781,NA,NA,"willow",NA,NA,NA,NA,NA,NA,"E",0.852458866547732,56,"wheat",4.36866071428571,NA,NA,2022,1
2016,NA,NA,"wp","16_3_7",NA,1.51833333333333,"koch25","t/ha",7,"IhingerHof",48.7449047817598,8.90982707000781,NA,NA,"willow",NA,NA,NA,NA,NA,NA,"E",0.271000615005452,3,"pea",1.51833333333333,NA,NA,2016,0
2018,NA,NA,"wr","16_3_7",NA,2.3049,"koch25","t/ha",7,"IhingerHof",48.7449047817598,8.90982707000781,NA,NA,"willow",NA,NA,NA,NA,NA,NA,"E",0.292227362816947,20,"rye",2.3049,NA,NA,2016,2
2016,NA,NA,"wp","17_3_12",NA,1.37682352941176,"koch25","t/ha",12,"IhingerHof",48.7449047817598,8.90982707000781,NA,NA,"hedge",NA,NA,NA,NA,NA,NA,"E",0.873963402787419,17,"pea",1.37682352941176,NA,NA,2016,0
2018,NA,NA,"wr","17_3_12",NA,3.14186666666667,"koch25","t/ha",12,"IhingerHof",48.7449047817598,8.90982707000781,NA,NA,"hedge",NA,NA,NA,NA,NA,NA,"E",0.552694074719356,30,"rye",3.14186666666667,NA,NA,2016,2
2021,NA,NA,"wb","17_3_12",NA,5.17290625,"koch25","t/ha",12,"IhingerHof",48.7449047817598,8.90982707000781,NA,NA,"hedge",NA,NA,NA,NA,NA,NA,"E",0.284628944572947,32,"barley",5.17290625,NA,NA,2019,2
2022,NA,NA,"wr","17_3_12",NA,2.36477777777778,"koch25","t/ha",12,"IhingerHof",48.7449047817598,8.90982707000781,NA,NA,"hedge",NA,NA,NA,NA,NA,NA,"E",0.474203579616007,36,"rye",2.36477777777778,NA,NA,2022,0
2023,NA,NA,"ww","17_3_12",NA,5.21228301886792,"koch25","t/ha",12,"IhingerHof",48.7449047817598,8.90982707000781,NA,NA,"hedge",NA,NA,NA,NA,NA,NA,"E",0.753698939522184,53,"wheat",5.21228301886792,NA,NA,2022,1
2016,NA,NA,"wp","17_3_18",NA,2.28938888888889,"koch25","t/ha",18,"IhingerHof",48.7449047817598,8.90982707000781,NA,NA,"hedge",NA,NA,NA,NA,NA,NA,"E",1.78315593125318,18,"pea",2.28938888888889,NA,NA,2016,0
2018,NA,NA,"wr","17_3_18",NA,3.53596666666667,"koch25","t/ha",18,"IhingerHof",48.7449047817598,8.90982707000781,NA,NA,"hedge",NA,NA,NA,NA,NA,NA,"E",0.911237827441837,30,"rye",3.53596666666667,NA,NA,2016,2
2021,NA,NA,"wb","17_3_18",NA,5.74413333333333,"koch25","t/ha",18,"IhingerHof",48.7449047817598,8.90982707000781,NA,NA,"hedge",NA,NA,NA,NA,NA,NA,"E",0.363763349875498,30,"barley",5.74413333333333,NA,NA,2019,2
2022,NA,NA,"wr","17_3_18",NA,2.44282352941176,"koch25","t/ha",18,"IhingerHof",48.7449047817598,8.90982707000781,NA,NA,"hedge",NA,NA,NA,NA,NA,NA,"E",0.746104610042425,34,"rye",2.44282352941176,NA,NA,2022,0
2023,NA,NA,"ww","17_3_18",NA,4.56430612244898,"koch25","t/ha",18,"IhingerHof",48.7449047817598,8.90982707000781,NA,NA,"hedge",NA,NA,NA,NA,NA,NA,"E",1.88539203708497,49,"wheat",4.56430612244898,NA,NA,2022,1
2016,NA,NA,"wp","17_3_24",NA,1.79318367346939,"koch25","t/ha",24,"IhingerHof",48.7449047817598,8.90982707000781,NA,NA,"hedge",NA,NA,NA,NA,NA,NA,"E",1.78933535930558,49,"pea",1.79318367346939,NA,NA,2016,0
2018,NA,NA,"wr","17_3_24",NA,3.67141176470588,"koch25","t/ha",24,"IhingerHof",48.7449047817598,8.90982707000781,NA,NA,"hedge",NA,NA,NA,NA,NA,NA,"E",0.618576132236404,34,"rye",3.67141176470588,NA,NA,2016,2
2021,NA,NA,"wb","17_3_24",NA,7.37494285714286,"koch25","t/ha",24,"IhingerHof",48.7449047817598,8.90982707000781,NA,NA,"hedge",NA,NA,NA,NA,NA,NA,"E",0.437099123423371,35,"barley",7.37494285714286,NA,NA,2019,2
2022,NA,NA,"wr","17_3_24",NA,3.13288235294118,"koch25","t/ha",24,"IhingerHof",48.7449047817598,8.90982707000781,NA,NA,"hedge",NA,NA,NA,NA,NA,NA,"E",0.449812807173524,34,"rye",3.13288235294118,NA,NA,2022,0
2023,NA,NA,"ww","17_3_24",NA,6.88248076923077,"koch25","t/ha",24,"IhingerHof",48.7449047817598,8.90982707000781,NA,NA,"hedge",NA,NA,NA,NA,NA,NA,"E",1.25764681426339,52,"wheat",6.88248076923077,NA,NA,2022,1
2016,NA,NA,"wp","17_3_4",NA,1.02207142857143,"koch25","t/ha",4,"IhingerHof",48.7449047817598,8.90982707000781,NA,NA,"hedge",NA,NA,NA,NA,NA,NA,"E",0.551756281799759,14,"pea",1.02207142857143,NA,NA,2016,0
2018,NA,NA,"wr","17_3_4",NA,3.14114285714286,"koch25","t/ha",4,"IhingerHof",48.7449047817598,8.90982707000781,NA,NA,"hedge",NA,NA,NA,NA,NA,NA,"E",0.476361185274345,28,"rye",3.14114285714286,NA,NA,2016,2
2021,NA,NA,"wb","17_3_4",NA,6.12647222222222,"koch25","t/ha",4,"IhingerHof",48.7449047817598,8.90982707000781,NA,NA,"hedge",NA,NA,NA,NA,NA,NA,"E",1.02625305946608,36,"barley",6.12647222222222,NA,NA,2019,2
2022,NA,NA,"wr","17_3_4",NA,2.821,"koch25","t/ha",4,"IhingerHof",48.7449047817598,8.90982707000781,NA,NA,"hedge",NA,NA,NA,NA,NA,NA,"E",0.454553312919084,43,"rye",2.821,NA,NA,2022,0
2023,NA,NA,"ww","17_3_4",NA,5.16172093023256,"koch25","t/ha",4,"IhingerHof",48.7449047817598,8.90982707000781,NA,NA,"hedge",NA,NA,NA,NA,NA,NA,"E",0.697577758955652,43,"wheat",5.16172093023256,NA,NA,2022,1
2016,NA,NA,"wp","17_3_7",NA,0.957666666666667,"koch25","t/ha",7,"IhingerHof",48.7449047817598,8.90982707000781,NA,NA,"hedge",NA,NA,NA,NA,NA,NA,"E",0.0577534991724888,6,"pea",0.957666666666667,NA,NA,2016,0
2016,NA,NA,"wp","18_3_12",NA,1.98955813953488,"koch25","t/ha",12,"IhingerHof",48.7449047817598,8.90982707000781,NA,NA,"walnut",NA,NA,NA,NA,NA,NA,"E",1.07508540751146,43,"pea",1.98955813953488,NA,NA,2016,0
2018,NA,NA,"wr","18_3_12",NA,3.4530487804878,"koch25","t/ha",12,"IhingerHof",48.7449047817598,8.90982707000781,NA,NA,"walnut",NA,NA,NA,NA,NA,NA,"E",0.541972829172253,41,"rye",3.4530487804878,NA,NA,2016,2
2021,NA,NA,"wb","18_3_12",NA,6.8177,"koch25","t/ha",12,"IhingerHof",48.7449047817598,8.90982707000781,NA,NA,"walnut",NA,NA,NA,NA,NA,NA,"E",0.867345098797568,50,"barley",6.8177,NA,NA,2019,2
2022,NA,NA,"wr","18_3_12",NA,2.78898,"koch25","t/ha",12,"IhingerHof",48.7449047817598,8.90982707000781,NA,NA,"walnut",NA,NA,NA,NA,NA,NA,"E",0.372886232581708,50,"rye",2.78898,NA,NA,2022,0
2023,NA,NA,"ww","18_3_12",NA,5.88464383561644,"koch25","t/ha",12,"IhingerHof",48.7449047817598,8.90982707000781,NA,NA,"walnut",NA,NA,NA,NA,NA,NA,"E",0.701416589835309,73,"wheat",5.88464383561644,NA,NA,2022,1
2016,NA,NA,"wp","18_3_18",NA,2.00068292682927,"koch25","t/ha",18,"IhingerHof",48.7449047817598,8.90982707000781,NA,NA,"walnut",NA,NA,NA,NA,NA,NA,"E",0.794715906441553,41,"pea",2.00068292682927,NA,NA,2016,0
2018,NA,NA,"wr","18_3_18",NA,3.67648888888889,"koch25","t/ha",18,"IhingerHof",48.7449047817598,8.90982707000781,NA,NA,"walnut",NA,NA,NA,NA,NA,NA,"E",0.740417254054098,45,"rye",3.67648888888889,NA,NA,2016,2
2021,NA,NA,"wb","18_3_18",NA,5.92227083333333,"koch25","t/ha",18,"IhingerHof",48.7449047817598,8.90982707000781,NA,NA,"walnut",NA,NA,NA,NA,NA,NA,"E",0.859858542042059,48,"barley",5.92227083333333,NA,NA,2019,2
2022,NA,NA,"wr","18_3_18",NA,2.97962,"koch25","t/ha",18,"IhingerHof",48.7449047817598,8.90982707000781,NA,NA,"walnut",NA,NA,NA,NA,NA,NA,"E",0.369292312182009,50,"rye",2.97962,NA,NA,2022,0
2023,NA,NA,"ww","18_3_18",NA,6.60255882352941,"koch25","t/ha",18,"IhingerHof",48.7449047817598,8.90982707000781,NA,NA,"walnut",NA,NA,NA,NA,NA,NA,"E",0.989894557664662,68,"wheat",6.60255882352941,NA,NA,2022,1
2016,NA,NA,"wp","18_3_24",NA,2.34828260869565,"koch25","t/ha",24,"IhingerHof",48.7449047817598,8.90982707000781,NA,NA,"walnut",NA,NA,NA,NA,NA,NA,"E",1.22079747456859,46,"pea",2.34828260869565,NA,NA,2016,0
2018,NA,NA,"wr","18_3_24",NA,3.38879166666667,"koch25","t/ha",24,"IhingerHof",48.7449047817598,8.90982707000781,NA,NA,"walnut",NA,NA,NA,NA,NA,NA,"E",0.638438519285766,48,"rye",3.38879166666667,NA,NA,2016,2
2021,NA,NA,"wb","18_3_24",NA,6.3435,"koch25","t/ha",24,"IhingerHof",48.7449047817598,8.90982707000781,NA,NA,"walnut",NA,NA,NA,NA,NA,NA,"E",0.805711576461729,46,"barley",6.3435,NA,NA,2019,2
2022,NA,NA,"wr","18_3_24",NA,3.28328846153846,"koch25","t/ha",24,"IhingerHof",48.7449047817598,8.90982707000781,NA,NA,"walnut",NA,NA,NA,NA,NA,NA,"E",0.355944936066398,52,"rye",3.28328846153846,NA,NA,2022,0
2023,NA,NA,"ww","18_3_24",NA,7.4721,"koch25","t/ha",24,"IhingerHof",48.7449047817598,8.90982707000781,NA,NA,"walnut",NA,NA,NA,NA,NA,NA,"E",1.01507761878188,80,"wheat",7.4721,NA,NA,2022,1
2016,NA,NA,"wp","18_3_4",NA,1.7740625,"koch25","t/ha",4,"IhingerHof",48.7449047817598,8.90982707000781,NA,NA,"walnut",NA,NA,NA,NA,NA,NA,"E",1.25626163432741,48,"pea",1.7740625,NA,NA,2016,0
2018,NA,NA,"wr","18_3_4",NA,3.319425,"koch25","t/ha",4,"IhingerHof",48.7449047817598,8.90982707000781,NA,NA,"walnut",NA,NA,NA,NA,NA,NA,"E",0.610490802446519,40,"rye",3.319425,NA,NA,2016,2
2021,NA,NA,"wb","18_3_4",NA,6.8375,"koch25","t/ha",4,"IhingerHof",48.7449047817598,8.90982707000781,NA,NA,"walnut",NA,NA,NA,NA,NA,NA,"E",1.21132555683894,44,"barley",6.8375,NA,NA,2019,2
2022,NA,NA,"wr","18_3_4",NA,2.97425490196078,"koch25","t/ha",4,"IhingerHof",48.7449047817598,8.90982707000781,NA,NA,"walnut",NA,NA,NA,NA,NA,NA,"E",0.4029592953705,51,"rye",2.97425490196078,NA,NA,2022,0
2023,NA,NA,"ww","18_3_4",NA,6.07475757575758,"koch25","t/ha",4,"IhingerHof",48.7449047817598,8.90982707000781,NA,NA,"walnut",NA,NA,NA,NA,NA,NA,"E",0.749200826739986,66,"wheat",6.07475757575758,NA,NA,2022,1
2016,NA,NA,"wp","19_4_12",NA,2.01872916666667,"koch25","t/ha",12,"IhingerHof",48.7449047817598,8.90982707000781,NA,NA,"willow",NA,NA,NA,NA,NA,NA,"W",3.05524319984433,48,"pea",2.01872916666667,NA,NA,2016,0
2018,NA,NA,"wr","19_4_12",NA,3.0435,"koch25","t/ha",12,"IhingerHof",48.7449047817598,8.90982707000781,NA,NA,"willow",NA,NA,NA,NA,NA,NA,"W",0.714044882759196,38,"rye",3.0435,NA,NA,2016,2
2021,NA,NA,"wb","19_4_12",NA,6.83324444444444,"koch25","t/ha",12,"IhingerHof",48.7449047817598,8.90982707000781,NA,NA,"willow",NA,NA,NA,NA,NA,NA,"W",2.13183661914019,45,"barley",6.83324444444444,NA,NA,2019,2
2022,NA,NA,"wr","19_4_12",NA,1.56179545454545,"koch25","t/ha",12,"IhingerHof",48.7449047817598,8.90982707000781,NA,NA,"willow",NA,NA,NA,NA,NA,NA,"W",0.512826167544513,44,"rye",1.56179545454545,NA,NA,2022,0
2023,NA,NA,"ww","19_4_12",NA,6.67488888888889,"koch25","t/ha",12,"IhingerHof",48.7449047817598,8.90982707000781,NA,NA,"willow",NA,NA,NA,NA,NA,NA,"W",0.816810217135909,54,"wheat",6.67488888888889,NA,NA,2022,1
2016,NA,NA,"wp","19_4_18",NA,1.61234146341463,"koch25","t/ha",18,"IhingerHof",48.7449047817598,8.90982707000781,NA,NA,"willow",NA,NA,NA,NA,NA,NA,"W",0.606824258321802,41,"pea",1.61234146341463,NA,NA,2016,0
2018,NA,NA,"wr","19_4_18",NA,3.5785,"koch25","t/ha",18,"IhingerHof",48.7449047817598,8.90982707000781,NA,NA,"willow",NA,NA,NA,NA,NA,NA,"W",0.780214064527477,38,"rye",3.5785,NA,NA,2016,2
2021,NA,NA,"wb","19_4_18",NA,6.21207692307692,"koch25","t/ha",18,"IhingerHof",48.7449047817598,8.90982707000781,NA,NA,"willow",NA,NA,NA,NA,NA,NA,"W",0.730224636836443,39,"barley",6.21207692307692,NA,NA,2019,2
2022,NA,NA,"wr","19_4_18",NA,2.6985,"koch25","t/ha",18,"IhingerHof",48.7449047817598,8.90982707000781,NA,NA,"willow",NA,NA,NA,NA,NA,NA,"W",0.627514509141959,50,"rye",2.6985,NA,NA,2022,0
2023,NA,NA,"ww","19_4_18",NA,7.39396774193548,"koch25","t/ha",18,"IhingerHof",48.7449047817598,8.90982707000781,NA,NA,"willow",NA,NA,NA,NA,NA,NA,"W",0.730203855833086,62,"wheat",7.39396774193548,NA,NA,2022,1
2016,NA,NA,"wp","19_4_24",NA,1.79934285714286,"koch25","t/ha",24,"IhingerHof",48.7449047817598,8.90982707000781,NA,NA,"willow",NA,NA,NA,NA,NA,NA,"W",0.5365816610653,35,"pea",1.79934285714286,NA,NA,2016,0
2018,NA,NA,"wr","19_4_24",NA,3.35421212121212,"koch25","t/ha",24,"IhingerHof",48.7449047817598,8.90982707000781,NA,NA,"willow",NA,NA,NA,NA,NA,NA,"W",0.88524515522452,33,"rye",3.35421212121212,NA,NA,2016,2
2021,NA,NA,"wb","19_4_24",NA,6.29697297297297,"koch25","t/ha",24,"IhingerHof",48.7449047817598,8.90982707000781,NA,NA,"willow",NA,NA,NA,NA,NA,NA,"W",0.900921703543608,37,"barley",6.29697297297297,NA,NA,2019,2
2022,NA,NA,"wr","19_4_24",NA,2.60129545454545,"koch25","t/ha",24,"IhingerHof",48.7449047817598,8.90982707000781,NA,NA,"willow",NA,NA,NA,NA,NA,NA,"W",0.710394603070633,44,"rye",2.60129545454545,NA,NA,2022,0
2023,NA,NA,"ww","19_4_24",NA,6.95472307692308,"koch25","t/ha",24,"IhingerHof",48.7449047817598,8.90982707000781,NA,NA,"willow",NA,NA,NA,NA,NA,NA,"W",1.13815661690972,65,"wheat",6.95472307692308,NA,NA,2022,1
2016,NA,NA,"wp","19_4_4",NA,1.31371428571429,"koch25","t/ha",4,"IhingerHof",48.7449047817598,8.90982707000781,NA,NA,"willow",NA,NA,NA,NA,NA,NA,"W",0.452713600851139,14,"pea",1.31371428571429,NA,NA,2016,0
2022,NA,NA,"wr","19_4_4",NA,1.289,"koch25","t/ha",4,"IhingerHof",48.7449047817598,8.90982707000781,NA,NA,"willow",NA,NA,NA,NA,NA,NA,"W",NA,1,"rye",1.289,NA,NA,2022,0
2023,NA,NA,"ww","19_4_4",NA,4.63961764705882,"koch25","t/ha",4,"IhingerHof",48.7449047817598,8.90982707000781,NA,NA,"willow",NA,NA,NA,NA,NA,NA,"W",1.01594467204117,34,"wheat",4.63961764705882,NA,NA,2022,1
2016,NA,NA,"wp","19_4_7",NA,1.11933333333333,"koch25","t/ha",7,"IhingerHof",48.7449047817598,8.90982707000781,NA,NA,"willow",NA,NA,NA,NA,NA,NA,"W",0.243521031440045,24,"pea",1.11933333333333,NA,NA,2016,0
2018,NA,NA,"wr","19_4_7",NA,2.89579487179487,"koch25","t/ha",7,"IhingerHof",48.7449047817598,8.90982707000781,NA,NA,"willow",NA,NA,NA,NA,NA,NA,"W",0.589200268851869,39,"rye",2.89579487179487,NA,NA,2016,2
2021,NA,NA,"wb","19_4_7",NA,5.37084444444444,"koch25","t/ha",7,"IhingerHof",48.7449047817598,8.90982707000781,NA,NA,"willow",NA,NA,NA,NA,NA,NA,"W",0.413476280267,45,"barley",5.37084444444444,NA,NA,2019,2
2022,NA,NA,"wr","19_4_7",NA,1.44530769230769,"koch25","t/ha",7,"IhingerHof",48.7449047817598,8.90982707000781,NA,NA,"willow",NA,NA,NA,NA,NA,NA,"W",0.597506064903239,65,"rye",1.44530769230769,NA,NA,2022,0
2023,NA,NA,"ww","19_4_7",NA,5.15945714285714,"koch25","t/ha",7,"IhingerHof",48.7449047817598,8.90982707000781,NA,NA,"willow",NA,NA,NA,NA,NA,NA,"W",0.423543757226705,35,"wheat",5.15945714285714,NA,NA,2022,1
2016,NA,NA,"wp","1_1_12",NA,1.12617647058824,"koch25","t/ha",12,"IhingerHof",48.7449047817598,8.90982707000781,NA,NA,"hedge",NA,NA,NA,NA,NA,NA,"E",0.705305273914611,17,"pea",1.12617647058824,NA,NA,2016,0
2018,NA,NA,"wr","1_1_12",NA,3.23465517241379,"koch25","t/ha",12,"IhingerHof",48.7449047817598,8.90982707000781,NA,NA,"hedge",NA,NA,NA,NA,NA,NA,"E",0.665410843864905,29,"rye",3.23465517241379,NA,NA,2016,2
2021,NA,NA,"wb","1_1_12",NA,6.922,"koch25","t/ha",12,"IhingerHof",48.7449047817598,8.90982707000781,NA,NA,"hedge",NA,NA,NA,NA,NA,NA,"E",0.438444390853581,32,"barley",6.922,NA,NA,2019,2
2022,NA,NA,"wr","1_1_12",NA,2.63319444444444,"koch25","t/ha",12,"IhingerHof",48.7449047817598,8.90982707000781,NA,NA,"hedge",NA,NA,NA,NA,NA,NA,"E",0.232227083377388,36,"rye",2.63319444444444,NA,NA,2022,0
2023,NA,NA,"ww","1_1_12",NA,6.95181081081081,"koch25","t/ha",12,"IhingerHof",48.7449047817598,8.90982707000781,NA,NA,"hedge",NA,NA,NA,NA,NA,NA,"E",1.05038714655962,37,"wheat",6.95181081081081,NA,NA,2022,1
2016,NA,NA,"wp","1_1_18",NA,1.16120833333333,"koch25","t/ha",18,"IhingerHof",48.7449047817598,8.90982707000781,NA,NA,"hedge",NA,NA,NA,NA,NA,NA,"E",0.562148903310105,24,"pea",1.16120833333333,NA,NA,2016,0
2018,NA,NA,"wr","1_1_18",NA,3.02412903225806,"koch25","t/ha",18,"IhingerHof",48.7449047817598,8.90982707000781,NA,NA,"hedge",NA,NA,NA,NA,NA,NA,"E",0.337267524075027,31,"rye",3.02412903225806,NA,NA,2016,2
2021,NA,NA,"wb","1_1_18",NA,5.6791875,"koch25","t/ha",18,"IhingerHof",48.7449047817598,8.90982707000781,NA,NA,"hedge",NA,NA,NA,NA,NA,NA,"E",0.583406704679091,32,"barley",5.6791875,NA,NA,2019,2
2022,NA,NA,"wr","1_1_18",NA,2.36638888888889,"koch25","t/ha",18,"IhingerHof",48.7449047817598,8.90982707000781,NA,NA,"hedge",NA,NA,NA,NA,NA,NA,"E",0.263819773739333,36,"rye",2.36638888888889,NA,NA,2022,0
2023,NA,NA,"ww","1_1_18",NA,6.34881395348837,"koch25","t/ha",18,"IhingerHof",48.7449047817598,8.90982707000781,NA,NA,"hedge",NA,NA,NA,NA,NA,NA,"E",1.63811185233275,43,"wheat",6.34881395348837,NA,NA,2022,1
2016,NA,NA,"wp","1_1_24",NA,1.40183333333333,"koch25","t/ha",24,"IhingerHof",48.7449047817598,8.90982707000781,NA,NA,"hedge",NA,NA,NA,NA,NA,NA,"E",0.173180371799089,18,"pea",1.40183333333333,NA,NA,2016,0
2018,NA,NA,"wr","1_1_24",NA,3.17451851851852,"koch25","t/ha",24,"IhingerHof",48.7449047817598,8.90982707000781,NA,NA,"hedge",NA,NA,NA,NA,NA,NA,"E",0.701711499471135,27,"rye",3.17451851851852,NA,NA,2016,2
2021,NA,NA,"wb","1_1_24",NA,5.90814285714286,"koch25","t/ha",24,"IhingerHof",48.7449047817598,8.90982707000781,NA,NA,"hedge",NA,NA,NA,NA,NA,NA,"E",0.734534712384295,35,"barley",5.90814285714286,NA,NA,2019,2
2022,NA,NA,"wr","1_1_24",NA,2.63477777777778,"koch25","t/ha",24,"IhingerHof",48.7449047817598,8.90982707000781,NA,NA,"hedge",NA,NA,NA,NA,NA,NA,"E",0.486396588213405,27,"rye",2.63477777777778,NA,NA,2022,0
2023,NA,NA,"ww","1_1_24",NA,6.129125,"koch25","t/ha",24,"IhingerHof",48.7449047817598,8.90982707000781,NA,NA,"hedge",NA,NA,NA,NA,NA,NA,"E",0.5523041798242,40,"wheat",6.129125,NA,NA,2022,1
2018,NA,NA,"wr","1_1_4",NA,3.1140303030303,"koch25","t/ha",4,"IhingerHof",48.7449047817598,8.90982707000781,NA,NA,"hedge",NA,NA,NA,NA,NA,NA,"E",0.436737799260644,33,"rye",3.1140303030303,NA,NA,2016,2
2021,NA,NA,"wb","1_1_4",NA,9.59984375,"koch25","t/ha",4,"IhingerHof",48.7449047817598,8.90982707000781,NA,NA,"hedge",NA,NA,NA,NA,NA,NA,"E",0.72301720451466,32,"barley",9.59984375,NA,NA,2019,2
2022,NA,NA,"wr","1_1_4",NA,2.5753488372093,"koch25","t/ha",4,"IhingerHof",48.7449047817598,8.90982707000781,NA,NA,"hedge",NA,NA,NA,NA,NA,NA,"E",0.916261812337836,43,"rye",2.5753488372093,NA,NA,2022,0
2023,NA,NA,"ww","1_1_4",NA,6.3214,"koch25","t/ha",4,"IhingerHof",48.7449047817598,8.90982707000781,NA,NA,"hedge",NA,NA,NA,NA,NA,NA,"E",0.88587813529189,35,"wheat",6.3214,NA,NA,2022,1
2016,NA,NA,"wp","1_1_7",NA,1.41592592592593,"koch25","t/ha",7,"IhingerHof",48.7449047817598,8.90982707000781,NA,NA,"hedge",NA,NA,NA,NA,NA,NA,"E",1.06113418733578,27,"pea",1.41592592592593,NA,NA,2016,0
2016,NA,NA,"wp","20_4_12",NA,3.13652777777778,"koch25","t/ha",12,"IhingerHof",48.7449047817598,8.90982707000781,NA,NA,"walnut",NA,NA,NA,NA,NA,NA,"W",1.25033900514132,36,"pea",3.13652777777778,NA,NA,2016,0
2018,NA,NA,"wr","20_4_12",NA,3.51414634146341,"koch25","t/ha",12,"IhingerHof",48.7449047817598,8.90982707000781,NA,NA,"walnut",NA,NA,NA,NA,NA,NA,"W",0.702967871277757,41,"rye",3.51414634146341,NA,NA,2016,2
2021,NA,NA,"wb","20_4_12",NA,4.95794545454545,"koch25","t/ha",12,"IhingerHof",48.7449047817598,8.90982707000781,NA,NA,"walnut",NA,NA,NA,NA,NA,NA,"W",2.0220553754569,55,"barley",4.95794545454545,NA,NA,2019,2
2022,NA,NA,"wr","20_4_12",NA,2.05097872340426,"koch25","t/ha",12,"IhingerHof",48.7449047817598,8.90982707000781,NA,NA,"walnut",NA,NA,NA,NA,NA,NA,"W",0.571300404088233,47,"rye",2.05097872340426,NA,NA,2022,0
2023,NA,NA,"ww","20_4_12",NA,6.99806349206349,"koch25","t/ha",12,"IhingerHof",48.7449047817598,8.90982707000781,NA,NA,"walnut",NA,NA,NA,NA,NA,NA,"W",1.46961731767827,63,"wheat",6.99806349206349,NA,NA,2022,1
2016,NA,NA,"wp","20_4_18",NA,2.57191666666667,"koch25","t/ha",18,"IhingerHof",48.7449047817598,8.90982707000781,NA,NA,"walnut",NA,NA,NA,NA,NA,NA,"W",1.53704730617785,36,"pea",2.57191666666667,NA,NA,2016,0
2018,NA,NA,"wr","20_4_18",NA,3.8580243902439,"koch25","t/ha",18,"IhingerHof",48.7449047817598,8.90982707000781,NA,NA,"walnut",NA,NA,NA,NA,NA,NA,"W",0.63674031157941,41,"rye",3.8580243902439,NA,NA,2016,2
2021,NA,NA,"wb","20_4_18",NA,6.6139512195122,"koch25","t/ha",18,"IhingerHof",48.7449047817598,8.90982707000781,NA,NA,"walnut",NA,NA,NA,NA,NA,NA,"W",0.570006357474174,41,"barley",6.6139512195122,NA,NA,2019,2
2022,NA,NA,"wr","20_4_18",NA,2.82037037037037,"koch25","t/ha",18,"IhingerHof",48.7449047817598,8.90982707000781,NA,NA,"walnut",NA,NA,NA,NA,NA,NA,"W",0.533416658847199,54,"rye",2.82037037037037,NA,NA,2022,0
2023,NA,NA,"ww","20_4_18",NA,6.67180281690141,"koch25","t/ha",18,"IhingerHof",48.7449047817598,8.90982707000781,NA,NA,"walnut",NA,NA,NA,NA,NA,NA,"W",1.42206392883943,71,"wheat",6.67180281690141,NA,NA,2022,1
2016,NA,NA,"wp","20_4_24",NA,3.30039393939394,"koch25","t/ha",24,"IhingerHof",48.7449047817598,8.90982707000781,NA,NA,"walnut",NA,NA,NA,NA,NA,NA,"W",1.3827427666461,33,"pea",3.30039393939394,NA,NA,2016,0
2018,NA,NA,"wr","20_4_24",NA,4.89277777777778,"koch25","t/ha",24,"IhingerHof",48.7449047817598,8.90982707000781,NA,NA,"walnut",NA,NA,NA,NA,NA,NA,"W",1.26685123968525,36,"rye",4.89277777777778,NA,NA,2016,2
2021,NA,NA,"wb","20_4_24",NA,6.51551162790698,"koch25","t/ha",24,"IhingerHof",48.7449047817598,8.90982707000781,NA,NA,"walnut",NA,NA,NA,NA,NA,NA,"W",0.54610762815423,43,"barley",6.51551162790698,NA,NA,2019,2
2022,NA,NA,"wr","20_4_24",NA,2.89217777777778,"koch25","t/ha",24,"IhingerHof",48.7449047817598,8.90982707000781,NA,NA,"walnut",NA,NA,NA,NA,NA,NA,"W",0.385526162824551,45,"rye",2.89217777777778,NA,NA,2022,0
2023,NA,NA,"ww","20_4_24",NA,6.55328947368421,"koch25","t/ha",24,"IhingerHof",48.7449047817598,8.90982707000781,NA,NA,"walnut",NA,NA,NA,NA,NA,NA,"W",1.49111999799515,76,"wheat",6.55328947368421,NA,NA,2022,1
2016,NA,NA,"wp","20_4_4",NA,0.834625,"koch25","t/ha",4,"IhingerHof",48.7449047817598,8.90982707000781,NA,NA,"walnut",NA,NA,NA,NA,NA,NA,"W",0.278954207711588,16,"pea",0.834625,NA,NA,2016,0
2021,NA,NA,"wb","20_4_4",NA,4.38495,"koch25","t/ha",4,"IhingerHof",48.7449047817598,8.90982707000781,NA,NA,"walnut",NA,NA,NA,NA,NA,NA,"W",2.77988741678508,20,"barley",4.38495,NA,NA,2019,2
2022,NA,NA,"wr","20_4_4",NA,1.87558333333333,"koch25","t/ha",4,"IhingerHof",48.7449047817598,8.90982707000781,NA,NA,"walnut",NA,NA,NA,NA,NA,NA,"W",1.02208347447157,12,"rye",1.87558333333333,NA,NA,2022,0
2023,NA,NA,"ww","20_4_4",NA,6.5528,"koch25","t/ha",4,"IhingerHof",48.7449047817598,8.90982707000781,NA,NA,"walnut",NA,NA,NA,NA,NA,NA,"W",0.570898195828293,25,"wheat",6.5528,NA,NA,2022,1
2016,NA,NA,"wp","20_4_7",NA,2.423,"koch25","t/ha",7,"IhingerHof",48.7449047817598,8.90982707000781,NA,NA,"walnut",NA,NA,NA,NA,NA,NA,"W",0.565174374926955,28,"pea",2.423,NA,NA,2016,0
2018,NA,NA,"wr","20_4_7",NA,3.90540909090909,"koch25","t/ha",7,"IhingerHof",48.7449047817598,8.90982707000781,NA,NA,"walnut",NA,NA,NA,NA,NA,NA,"W",0.665759972047396,44,"rye",3.90540909090909,NA,NA,2016,2
2021,NA,NA,"wb","20_4_7",NA,5.96802941176471,"koch25","t/ha",7,"IhingerHof",48.7449047817598,8.90982707000781,NA,NA,"walnut",NA,NA,NA,NA,NA,NA,"W",0.530036161447564,34,"barley",5.96802941176471,NA,NA,2019,2
2022,NA,NA,"wr","20_4_7",NA,2.65214492753623,"koch25","t/ha",7,"IhingerHof",48.7449047817598,8.90982707000781,NA,NA,"walnut",NA,NA,NA,NA,NA,NA,"W",0.922772409569986,69,"rye",2.65214492753623,NA,NA,2022,0
2023,NA,NA,"ww","20_4_7",NA,6.5519,"koch25","t/ha",7,"IhingerHof",48.7449047817598,8.90982707000781,NA,NA,"walnut",NA,NA,NA,NA,NA,NA,"W",0.756463178757781,50,"wheat",6.5519,NA,NA,2022,1
2018,NA,NA,"wr","21_4_12",NA,3.28836363636364,"koch25","t/ha",12,"IhingerHof",48.7449047817598,8.90982707000781,NA,NA,"hedge",NA,NA,NA,NA,NA,NA,"W",0.437565767783957,33,"rye",3.28836363636364,NA,NA,2016,2
2021,NA,NA,"wb","21_4_12",NA,3.77532352941176,"koch25","t/ha",12,"IhingerHof",48.7449047817598,8.90982707000781,NA,NA,"hedge",NA,NA,NA,NA,NA,NA,"W",3.05455358362871,68,"barley",3.77532352941176,NA,NA,2019,2
2022,NA,NA,"wr","21_4_12",NA,1.78911111111111,"koch25","t/ha",12,"IhingerHof",48.7449047817598,8.90982707000781,NA,NA,"hedge",NA,NA,NA,NA,NA,NA,"W",0.347571639298209,36,"rye",1.78911111111111,NA,NA,2022,0
2023,NA,NA,"ww","21_4_12",NA,5.90465454545455,"koch25","t/ha",12,"IhingerHof",48.7449047817598,8.90982707000781,NA,NA,"hedge",NA,NA,NA,NA,NA,NA,"W",1.07475360170464,55,"wheat",5.90465454545455,NA,NA,2022,1
2018,NA,NA,"wr","21_4_18",NA,3.39197142857143,"koch25","t/ha",18,"IhingerHof",48.7449047817598,8.90982707000781,NA,NA,"hedge",NA,NA,NA,NA,NA,NA,"W",0.428628420300236,35,"rye",3.39197142857143,NA,NA,2016,2
2021,NA,NA,"wb","21_4_18",NA,6.30814583333333,"koch25","t/ha",18,"IhingerHof",48.7449047817598,8.90982707000781,NA,NA,"hedge",NA,NA,NA,NA,NA,NA,"W",2.94914610064693,48,"barley",6.30814583333333,NA,NA,2019,2
2022,NA,NA,"wr","21_4_18",NA,2.54378571428571,"koch25","t/ha",18,"IhingerHof",48.7449047817598,8.90982707000781,NA,NA,"hedge",NA,NA,NA,NA,NA,NA,"W",0.308794393329795,42,"rye",2.54378571428571,NA,NA,2022,0
2023,NA,NA,"ww","21_4_18",NA,6.014125,"koch25","t/ha",18,"IhingerHof",48.7449047817598,8.90982707000781,NA,NA,"hedge",NA,NA,NA,NA,NA,NA,"W",1.07859319750974,64,"wheat",6.014125,NA,NA,2022,1
2018,NA,NA,"wr","21_4_24",NA,2.62696875,"koch25","t/ha",24,"IhingerHof",48.7449047817598,8.90982707000781,NA,NA,"hedge",NA,NA,NA,NA,NA,NA,"W",1.06255670010001,32,"rye",2.62696875,NA,NA,2016,2
2021,NA,NA,"wb","21_4_24",NA,6.81421052631579,"koch25","t/ha",24,"IhingerHof",48.7449047817598,8.90982707000781,NA,NA,"hedge",NA,NA,NA,NA,NA,NA,"W",0.709522304389892,38,"barley",6.81421052631579,NA,NA,2019,2
2022,NA,NA,"wr","21_4_24",NA,2.31230952380952,"koch25","t/ha",24,"IhingerHof",48.7449047817598,8.90982707000781,NA,NA,"hedge",NA,NA,NA,NA,NA,NA,"W",0.375972007786208,42,"rye",2.31230952380952,NA,NA,2022,0
2023,NA,NA,"ww","21_4_24",NA,5.15257746478873,"koch25","t/ha",24,"IhingerHof",48.7449047817598,8.90982707000781,NA,NA,"hedge",NA,NA,NA,NA,NA,NA,"W",1.02192355965142,71,"wheat",5.15257746478873,NA,NA,2022,1
2016,NA,NA,"wp","21_4_4",NA,0.732828571428571,"koch25","t/ha",4,"IhingerHof",48.7449047817598,8.90982707000781,NA,NA,"hedge",NA,NA,NA,NA,NA,NA,"W",0.224018445369006,35,"pea",0.732828571428571,NA,NA,2016,0
2021,NA,NA,"wb","21_4_4",NA,6.21595348837209,"koch25","t/ha",4,"IhingerHof",48.7449047817598,8.90982707000781,NA,NA,"hedge",NA,NA,NA,NA,NA,NA,"W",0.818828575393164,43,"barley",6.21595348837209,NA,NA,2019,2
2022,NA,NA,"wr","21_4_4",NA,2.78973076923077,"koch25","t/ha",4,"IhingerHof",48.7449047817598,8.90982707000781,NA,NA,"hedge",NA,NA,NA,NA,NA,NA,"W",0.235329820922433,26,"rye",2.78973076923077,NA,NA,2022,0
2023,NA,NA,"ww","21_4_4",NA,6.56140540540541,"koch25","t/ha",4,"IhingerHof",48.7449047817598,8.90982707000781,NA,NA,"hedge",NA,NA,NA,NA,NA,NA,"W",0.527811859338968,37,"wheat",6.56140540540541,NA,NA,2022,1
2018,NA,NA,"wr","21_4_7",NA,3.43615151515152,"koch25","t/ha",7,"IhingerHof",48.7449047817598,8.90982707000781,NA,NA,"hedge",NA,NA,NA,NA,NA,NA,"W",0.355586322256295,33,"rye",3.43615151515152,NA,NA,2016,2
2021,NA,NA,"wb","21_4_7",NA,0.0583636363636364,"koch25","t/ha",7,"IhingerHof",48.7449047817598,8.90982707000781,NA,NA,"hedge",NA,NA,NA,NA,NA,NA,"W",0.0287481224683377,11,"barley",0.0583636363636364,NA,NA,2019,2
2022,NA,NA,"wr","21_4_7",NA,2.32811111111111,"koch25","t/ha",7,"IhingerHof",48.7449047817598,8.90982707000781,NA,NA,"hedge",NA,NA,NA,NA,NA,NA,"W",0.15266028756259,18,"rye",2.32811111111111,NA,NA,2022,0
2023,NA,NA,"ww","21_4_7",NA,6.25041666666667,"koch25","t/ha",7,"IhingerHof",48.7449047817598,8.90982707000781,NA,NA,"hedge",NA,NA,NA,NA,NA,NA,"W",0.328291217044267,24,"wheat",6.25041666666667,NA,NA,2022,1
2018,NA,NA,"wr","22_4_12",NA,2.5895,"koch25","t/ha",12,"IhingerHof",48.7449047817598,8.90982707000781,NA,NA,"hedge",NA,NA,NA,NA,NA,NA,"E",0.873609190222596,30,"rye",2.5895,NA,NA,2016,2
2023,NA,NA,"ww","22_4_12",NA,7.4495306122449,"koch25","t/ha",12,"IhingerHof",48.7449047817598,8.90982707000781,NA,NA,"hedge",NA,NA,NA,NA,NA,NA,"E",0.934755652163548,49,"wheat",7.4495306122449,NA,NA,2022,1
2018,NA,NA,"wr","22_4_18",NA,1.51805882352941,"koch25","t/ha",18,"IhingerHof",48.7449047817598,8.90982707000781,NA,NA,"hedge",NA,NA,NA,NA,NA,NA,"E",0.753065570857343,34,"rye",1.51805882352941,NA,NA,2016,2
2021,NA,NA,"wb","22_4_18",NA,4.19085185185185,"koch25","t/ha",18,"IhingerHof",48.7449047817598,8.90982707000781,NA,NA,"hedge",NA,NA,NA,NA,NA,NA,"E",2.25274644460395,54,"barley",4.19085185185185,NA,NA,2019,2
2023,NA,NA,"ww","22_4_18",NA,5.05863636363636,"koch25","t/ha",18,"IhingerHof",48.7449047817598,8.90982707000781,NA,NA,"hedge",NA,NA,NA,NA,NA,NA,"E",1.93117654331178,44,"wheat",5.05863636363636,NA,NA,2022,1
2018,NA,NA,"wr","22_4_24",NA,0.540961538461538,"koch25","t/ha",24,"IhingerHof",48.7449047817598,8.90982707000781,NA,NA,"hedge",NA,NA,NA,NA,NA,NA,"E",0.2907367855321,26,"rye",0.540961538461538,NA,NA,2016,2
2021,NA,NA,"wb","22_4_24",NA,3.77397402597403,"koch25","t/ha",24,"IhingerHof",48.7449047817598,8.90982707000781,NA,NA,"hedge",NA,NA,NA,NA,NA,NA,"E",2.08173709077442,77,"barley",3.77397402597403,NA,NA,2019,2
2023,NA,NA,"ww","22_4_24",NA,2.60975675675676,"koch25","t/ha",24,"IhingerHof",48.7449047817598,8.90982707000781,NA,NA,"hedge",NA,NA,NA,NA,NA,NA,"E",2.25149949309776,74,"wheat",2.60975675675676,NA,NA,2022,1
2018,NA,NA,"wr","22_4_4",NA,3.03466666666667,"koch25","t/ha",4,"IhingerHof",48.7449047817598,8.90982707000781,NA,NA,"hedge",NA,NA,NA,NA,NA,NA,"E",0.576274858590654,30,"rye",3.03466666666667,NA,NA,2016,2
2021,NA,NA,"wb","22_4_4",NA,3.03531578947368,"koch25","t/ha",4,"IhingerHof",48.7449047817598,8.90982707000781,NA,NA,"hedge",NA,NA,NA,NA,NA,NA,"E",0.458249377715221,38,"barley",3.03531578947368,NA,NA,2019,2
2023,NA,NA,"ww","22_4_4",NA,7.20489361702128,"koch25","t/ha",4,"IhingerHof",48.7449047817598,8.90982707000781,NA,NA,"hedge",NA,NA,NA,NA,NA,NA,"E",1.76318257500023,47,"wheat",7.20489361702128,NA,NA,2022,1
2021,NA,NA,"wb","22_4_7",NA,6.01221212121212,"koch25","t/ha",7,"IhingerHof",48.7449047817598,8.90982707000781,NA,NA,"hedge",NA,NA,NA,NA,NA,NA,"E",0.696860986745911,33,"barley",6.01221212121212,NA,NA,2019,2
2016,NA,NA,"wp","23_4_12",NA,1.59169565217391,"koch25","t/ha",12,"IhingerHof",48.7449047817598,8.90982707000781,NA,NA,"walnut",NA,NA,NA,NA,NA,NA,"E",0.767075226533914,23,"pea",1.59169565217391,NA,NA,2016,0
2018,NA,NA,"wr","23_4_12",NA,1.83666666666667,"koch25","t/ha",12,"IhingerHof",48.7449047817598,8.90982707000781,NA,NA,"walnut",NA,NA,NA,NA,NA,NA,"E",0.837422182821008,39,"rye",1.83666666666667,NA,NA,2016,2
2023,NA,NA,"ww","23_4_12",NA,6.780390625,"koch25","t/ha",12,"IhingerHof",48.7449047817598,8.90982707000781,NA,NA,"walnut",NA,NA,NA,NA,NA,NA,"E",0.650236968213396,64,"wheat",6.780390625,NA,NA,2022,1
2016,NA,NA,"wp","23_4_18",NA,1.00011764705882,"koch25","t/ha",18,"IhingerHof",48.7449047817598,8.90982707000781,NA,NA,"walnut",NA,NA,NA,NA,NA,NA,"E",0.650148317097413,34,"pea",1.00011764705882,NA,NA,2016,0
2018,NA,NA,"wr","23_4_18",NA,1.48707317073171,"koch25","t/ha",18,"IhingerHof",48.7449047817598,8.90982707000781,NA,NA,"walnut",NA,NA,NA,NA,NA,NA,"E",0.70969741405207,41,"rye",1.48707317073171,NA,NA,2016,2
2021,NA,NA,"wb","23_4_18",NA,5.040525,"koch25","t/ha",18,"IhingerHof",48.7449047817598,8.90982707000781,NA,NA,"walnut",NA,NA,NA,NA,NA,NA,"E",0.288893821991083,40,"barley",5.040525,NA,NA,2019,2
2023,NA,NA,"ww","23_4_18",NA,5.50037931034483,"koch25","t/ha",18,"IhingerHof",48.7449047817598,8.90982707000781,NA,NA,"walnut",NA,NA,NA,NA,NA,NA,"E",0.511452483690519,58,"wheat",5.50037931034483,NA,NA,2022,1
2018,NA,NA,"wr","23_4_24",NA,1.72509523809524,"koch25","t/ha",24,"IhingerHof",48.7449047817598,8.90982707000781,NA,NA,"walnut",NA,NA,NA,NA,NA,NA,"E",0.876052782949382,42,"rye",1.72509523809524,NA,NA,2016,2
2021,NA,NA,"wb","23_4_24",NA,5.56175280898876,"koch25","t/ha",24,"IhingerHof",48.7449047817598,8.90982707000781,NA,NA,"walnut",NA,NA,NA,NA,NA,NA,"E",1.42973232778424,89,"barley",5.56175280898876,NA,NA,2019,2
2023,NA,NA,"ww","23_4_24",NA,3.63538,"koch25","t/ha",24,"IhingerHof",48.7449047817598,8.90982707000781,NA,NA,"walnut",NA,NA,NA,NA,NA,NA,"E",2.6898727722532,100,"wheat",3.63538,NA,NA,2022,1
2016,NA,NA,"wp","23_4_4",NA,2.35937142857143,"koch25","t/ha",4,"IhingerHof",48.7449047817598,8.90982707000781,NA,NA,"walnut",NA,NA,NA,NA,NA,NA,"E",0.543403927637102,35,"pea",2.35937142857143,NA,NA,2016,0
2018,NA,NA,"wr","23_4_4",NA,2.88467441860465,"koch25","t/ha",4,"IhingerHof",48.7449047817598,8.90982707000781,NA,NA,"walnut",NA,NA,NA,NA,NA,NA,"E",0.332691886695285,43,"rye",2.88467441860465,NA,NA,2016,2
2021,NA,NA,"wb","23_4_4",NA,3.379,"koch25","t/ha",4,"IhingerHof",48.7449047817598,8.90982707000781,NA,NA,"walnut",NA,NA,NA,NA,NA,NA,"E",0.351545634780654,43,"barley",3.379,NA,NA,2019,2
2023,NA,NA,"ww","23_4_4",NA,6.57758490566038,"koch25","t/ha",4,"IhingerHof",48.7449047817598,8.90982707000781,NA,NA,"walnut",NA,NA,NA,NA,NA,NA,"E",0.590095410602331,53,"wheat",6.57758490566038,NA,NA,2022,1
2021,NA,NA,"wb","23_4_7",NA,5.76637209302326,"koch25","t/ha",7,"IhingerHof",48.7449047817598,8.90982707000781,NA,NA,"walnut",NA,NA,NA,NA,NA,NA,"E",0.199011847368778,43,"barley",5.76637209302326,NA,NA,2019,2
2016,NA,NA,"wp","24_4_12",NA,0.1255,"koch25","t/ha",12,"IhingerHof",48.7449047817598,8.90982707000781,NA,NA,"willow",NA,NA,NA,NA,NA,NA,"E",0.0357365359261359,6,"pea",0.1255,NA,NA,2016,0
2018,NA,NA,"wr","24_4_12",NA,1.46228205128205,"koch25","t/ha",12,"IhingerHof",48.7449047817598,8.90982707000781,NA,NA,"willow",NA,NA,NA,NA,NA,NA,"E",0.411752285566657,39,"rye",1.46228205128205,NA,NA,2016,2
2023,NA,NA,"ww","24_4_12",NA,5.51674193548387,"koch25","t/ha",12,"IhingerHof",48.7449047817598,8.90982707000781,NA,NA,"willow",NA,NA,NA,NA,NA,NA,"E",0.600904125777582,62,"wheat",5.51674193548387,NA,NA,2022,1
2018,NA,NA,"wr","24_4_18",NA,0.725621621621622,"koch25","t/ha",18,"IhingerHof",48.7449047817598,8.90982707000781,NA,NA,"willow",NA,NA,NA,NA,NA,NA,"E",0.186815171783259,37,"rye",0.725621621621622,NA,NA,2016,2
2021,NA,NA,"wb","24_4_18",NA,5.50487804878049,"koch25","t/ha",18,"IhingerHof",48.7449047817598,8.90982707000781,NA,NA,"willow",NA,NA,NA,NA,NA,NA,"E",0.306956934692959,41,"barley",5.50487804878049,NA,NA,2019,2
2023,NA,NA,"ww","24_4_18",NA,4.68261666666667,"koch25","t/ha",18,"IhingerHof",48.7449047817598,8.90982707000781,NA,NA,"willow",NA,NA,NA,NA,NA,NA,"E",0.380940632932756,60,"wheat",4.68261666666667,NA,NA,2022,1
2018,NA,NA,"wr","24_4_24",NA,1.46297297297297,"koch25","t/ha",24,"IhingerHof",48.7449047817598,8.90982707000781,NA,NA,"willow",NA,NA,NA,NA,NA,NA,"E",0.308316710046169,37,"rye",1.46297297297297,NA,NA,2016,2
2021,NA,NA,"wb","24_4_24",NA,6.15337,"koch25","t/ha",24,"IhingerHof",48.7449047817598,8.90982707000781,NA,NA,"willow",NA,NA,NA,NA,NA,NA,"E",2.50076256109406,100,"barley",6.15337,NA,NA,2019,2
2023,NA,NA,"ww","24_4_24",NA,3.82445283018868,"koch25","t/ha",24,"IhingerHof",48.7449047817598,8.90982707000781,NA,NA,"willow",NA,NA,NA,NA,NA,NA,"E",2.90188534817354,106,"wheat",3.82445283018868,NA,NA,2022,1
2018,NA,NA,"wr","24_4_4",NA,0.6155,"koch25","t/ha",4,"IhingerHof",48.7449047817598,8.90982707000781,NA,NA,"willow",NA,NA,NA,NA,NA,NA,"E",0.729718484531306,16,"rye",0.6155,NA,NA,2016,2
2021,NA,NA,"wb","24_4_4",NA,2.4213125,"koch25","t/ha",4,"IhingerHof",48.7449047817598,8.90982707000781,NA,NA,"willow",NA,NA,NA,NA,NA,NA,"E",0.699706919938287,64,"barley",2.4213125,NA,NA,2019,2
2023,NA,NA,"ww","24_4_4",NA,4.73636363636364,"koch25","t/ha",4,"IhingerHof",48.7449047817598,8.90982707000781,NA,NA,"willow",NA,NA,NA,NA,NA,NA,"E",0.410135405085992,55,"wheat",4.73636363636364,NA,NA,2022,1
2016,NA,NA,"wp","24_4_7",NA,0.695533333333333,"koch25","t/ha",7,"IhingerHof",48.7449047817598,8.90982707000781,NA,NA,"willow",NA,NA,NA,NA,NA,NA,"E",0.221535507204558,15,"pea",0.695533333333333,NA,NA,2016,0
2018,NA,NA,"wr","24_4_7",NA,1.46797368421053,"koch25","t/ha",7,"IhingerHof",48.7449047817598,8.90982707000781,NA,NA,"willow",NA,NA,NA,NA,NA,NA,"E",0.691467397243662,38,"rye",1.46797368421053,NA,NA,2016,2
2021,NA,NA,"wb","24_4_7",NA,6.09504761904762,"koch25","t/ha",7,"IhingerHof",48.7449047817598,8.90982707000781,NA,NA,"willow",NA,NA,NA,NA,NA,NA,"E",0.440268485291117,42,"barley",6.09504761904762,NA,NA,2019,2
2016,NA,NA,"wp","2_1_12",NA,1.78091428571429,"koch25","t/ha",12,"IhingerHof",48.7449047817598,8.90982707000781,NA,NA,"walnut",NA,NA,NA,NA,NA,NA,"E",1.44354582582629,35,"pea",1.78091428571429,NA,NA,2016,0
2018,NA,NA,"wr","2_1_12",NA,3.33637777777778,"koch25","t/ha",12,"IhingerHof",48.7449047817598,8.90982707000781,NA,NA,"walnut",NA,NA,NA,NA,NA,NA,"E",0.500962994863116,45,"rye",3.33637777777778,NA,NA,2016,2
2021,NA,NA,"wb","2_1_12",NA,6.60391111111111,"koch25","t/ha",12,"IhingerHof",48.7449047817598,8.90982707000781,NA,NA,"walnut",NA,NA,NA,NA,NA,NA,"E",0.364141320108143,45,"barley",6.60391111111111,NA,NA,2019,2
2022,NA,NA,"wr","2_1_12",NA,3.0022,"koch25","t/ha",12,"IhingerHof",48.7449047817598,8.90982707000781,NA,NA,"walnut",NA,NA,NA,NA,NA,NA,"E",0.373178843156457,50,"rye",3.0022,NA,NA,2022,0
2023,NA,NA,"ww","2_1_12",NA,7.21868181818182,"koch25","t/ha",12,"IhingerHof",48.7449047817598,8.90982707000781,NA,NA,"walnut",NA,NA,NA,NA,NA,NA,"E",0.746090797290295,44,"wheat",7.21868181818182,NA,NA,2022,1
2016,NA,NA,"wp","2_1_18",NA,1.70187878787879,"koch25","t/ha",18,"IhingerHof",48.7449047817598,8.90982707000781,NA,NA,"walnut",NA,NA,NA,NA,NA,NA,"E",1.3317833147132,33,"pea",1.70187878787879,NA,NA,2016,0
2018,NA,NA,"wr","2_1_18",NA,3.16490476190476,"koch25","t/ha",18,"IhingerHof",48.7449047817598,8.90982707000781,NA,NA,"walnut",NA,NA,NA,NA,NA,NA,"E",0.556104561563206,42,"rye",3.16490476190476,NA,NA,2016,2
2021,NA,NA,"wb","2_1_18",NA,5.5877619047619,"koch25","t/ha",18,"IhingerHof",48.7449047817598,8.90982707000781,NA,NA,"walnut",NA,NA,NA,NA,NA,NA,"E",0.347971670386262,42,"barley",5.5877619047619,NA,NA,2019,2
2022,NA,NA,"wr","2_1_18",NA,3.06872340425532,"koch25","t/ha",18,"IhingerHof",48.7449047817598,8.90982707000781,NA,NA,"walnut",NA,NA,NA,NA,NA,NA,"E",0.361885503279437,47,"rye",3.06872340425532,NA,NA,2022,0
2023,NA,NA,"ww","2_1_18",NA,7.345,"koch25","t/ha",18,"IhingerHof",48.7449047817598,8.90982707000781,NA,NA,"walnut",NA,NA,NA,NA,NA,NA,"E",0.741962937079744,53,"wheat",7.345,NA,NA,2022,1
2016,NA,NA,"wp","2_1_24",NA,2.08213333333333,"koch25","t/ha",24,"IhingerHof",48.7449047817598,8.90982707000781,NA,NA,"walnut",NA,NA,NA,NA,NA,NA,"E",1.374169184317,30,"pea",2.08213333333333,NA,NA,2016,0
2018,NA,NA,"wr","2_1_24",NA,3.226,"koch25","t/ha",24,"IhingerHof",48.7449047817598,8.90982707000781,NA,NA,"walnut",NA,NA,NA,NA,NA,NA,"E",0.553883055368541,42,"rye",3.226,NA,NA,2016,2
2021,NA,NA,"wb","2_1_24",NA,5.72638775510204,"koch25","t/ha",24,"IhingerHof",48.7449047817598,8.90982707000781,NA,NA,"walnut",NA,NA,NA,NA,NA,NA,"E",0.609965361596,49,"barley",5.72638775510204,NA,NA,2019,2
2022,NA,NA,"wr","2_1_24",NA,3.26032075471698,"koch25","t/ha",24,"IhingerHof",48.7449047817598,8.90982707000781,NA,NA,"walnut",NA,NA,NA,NA,NA,NA,"E",0.446164499397359,53,"rye",3.26032075471698,NA,NA,2022,0
2023,NA,NA,"ww","2_1_24",NA,7.20070909090909,"koch25","t/ha",24,"IhingerHof",48.7449047817598,8.90982707000781,NA,NA,"walnut",NA,NA,NA,NA,NA,NA,"E",0.699613720741066,55,"wheat",7.20070909090909,NA,NA,2022,1
2016,NA,NA,"wp","2_1_4",NA,1.84767857142857,"koch25","t/ha",4,"IhingerHof",48.7449047817598,8.90982707000781,NA,NA,"walnut",NA,NA,NA,NA,NA,NA,"E",0.655795928825843,28,"pea",1.84767857142857,NA,NA,2016,0
2018,NA,NA,"wr","2_1_4",NA,3.13044897959184,"koch25","t/ha",4,"IhingerHof",48.7449047817598,8.90982707000781,NA,NA,"walnut",NA,NA,NA,NA,NA,NA,"E",0.602355206018581,49,"rye",3.13044897959184,NA,NA,2016,2
2021,NA,NA,"wb","2_1_4",NA,8.83359523809524,"koch25","t/ha",4,"IhingerHof",48.7449047817598,8.90982707000781,NA,NA,"walnut",NA,NA,NA,NA,NA,NA,"E",0.713343281351932,42,"barley",8.83359523809524,NA,NA,2019,2
2022,NA,NA,"wr","2_1_4",NA,2.92885714285714,"koch25","t/ha",4,"IhingerHof",48.7449047817598,8.90982707000781,NA,NA,"walnut",NA,NA,NA,NA,NA,NA,"E",0.319654370635952,49,"rye",2.92885714285714,NA,NA,2022,0
2023,NA,NA,"ww","2_1_4",NA,6.93786274509804,"koch25","t/ha",4,"IhingerHof",48.7449047817598,8.90982707000781,NA,NA,"walnut",NA,NA,NA,NA,NA,NA,"E",0.748820192559144,51,"wheat",6.93786274509804,NA,NA,2022,1
2016,NA,NA,"wp","2_1_7",NA,0.5313,"koch25","t/ha",7,"IhingerHof",48.7449047817598,8.90982707000781,NA,NA,"walnut",NA,NA,NA,NA,NA,NA,"E",0.0866269780918931,10,"pea",0.5313,NA,NA,2016,0
2016,NA,NA,"wp","3_1_12",NA,3.1173829787234,"koch25","t/ha",12,"IhingerHof",48.7449047817598,8.90982707000781,NA,NA,"willow",NA,NA,NA,NA,NA,NA,"E",1.18482122212578,47,"pea",3.1173829787234,NA,NA,2016,0
2018,NA,NA,"wr","3_1_12",NA,3.10188636363636,"koch25","t/ha",12,"IhingerHof",48.7449047817598,8.90982707000781,NA,NA,"willow",NA,NA,NA,NA,NA,NA,"E",1.15910358739905,44,"rye",3.10188636363636,NA,NA,2016,2
2021,NA,NA,"wb","3_1_12",NA,5.97636170212766,"koch25","t/ha",12,"IhingerHof",48.7449047817598,8.90982707000781,NA,NA,"willow",NA,NA,NA,NA,NA,NA,"E",0.587660003208448,47,"barley",5.97636170212766,NA,NA,2019,2
2022,NA,NA,"wr","3_1_12",NA,3.25072916666667,"koch25","t/ha",12,"IhingerHof",48.7449047817598,8.90982707000781,NA,NA,"willow",NA,NA,NA,NA,NA,NA,"E",0.250064905581623,48,"rye",3.25072916666667,NA,NA,2022,0
2023,NA,NA,"ww","3_1_12",NA,5.91531818181818,"koch25","t/ha",12,"IhingerHof",48.7449047817598,8.90982707000781,NA,NA,"willow",NA,NA,NA,NA,NA,NA,"E",0.888601508321906,44,"wheat",5.91531818181818,NA,NA,2022,1
2016,NA,NA,"wp","3_1_18",NA,3.35332608695652,"koch25","t/ha",18,"IhingerHof",48.7449047817598,8.90982707000781,NA,NA,"willow",NA,NA,NA,NA,NA,NA,"E",1.1760259833552,46,"pea",3.35332608695652,NA,NA,2016,0
2018,NA,NA,"wr","3_1_18",NA,4.01379069767442,"koch25","t/ha",18,"IhingerHof",48.7449047817598,8.90982707000781,NA,NA,"willow",NA,NA,NA,NA,NA,NA,"E",0.410047242234096,43,"rye",4.01379069767442,NA,NA,2016,2
2021,NA,NA,"wb","3_1_18",NA,6.30220833333333,"koch25","t/ha",18,"IhingerHof",48.7449047817598,8.90982707000781,NA,NA,"willow",NA,NA,NA,NA,NA,NA,"E",0.498860614922212,48,"barley",6.30220833333333,NA,NA,2019,2
2022,NA,NA,"wr","3_1_18",NA,3.17308,"koch25","t/ha",18,"IhingerHof",48.7449047817598,8.90982707000781,NA,NA,"willow",NA,NA,NA,NA,NA,NA,"E",0.36206521230185,50,"rye",3.17308,NA,NA,2022,0
2023,NA,NA,"ww","3_1_18",NA,5.60233333333333,"koch25","t/ha",18,"IhingerHof",48.7449047817598,8.90982707000781,NA,NA,"willow",NA,NA,NA,NA,NA,NA,"E",0.70268428724938,54,"wheat",5.60233333333333,NA,NA,2022,1
2016,NA,NA,"wp","3_1_24",NA,3.30160416666667,"koch25","t/ha",24,"IhingerHof",48.7449047817598,8.90982707000781,NA,NA,"willow",NA,NA,NA,NA,NA,NA,"E",1.17778068867704,48,"pea",3.30160416666667,NA,NA,2016,0
2018,NA,NA,"wr","3_1_24",NA,3.31874418604651,"koch25","t/ha",24,"IhingerHof",48.7449047817598,8.90982707000781,NA,NA,"willow",NA,NA,NA,NA,NA,NA,"E",0.554057676773442,43,"rye",3.31874418604651,NA,NA,2016,2
2021,NA,NA,"wb","3_1_24",NA,6.43678846153846,"koch25","t/ha",24,"IhingerHof",48.7449047817598,8.90982707000781,NA,NA,"willow",NA,NA,NA,NA,NA,NA,"E",0.935396976365471,52,"barley",6.43678846153846,NA,NA,2019,2
2022,NA,NA,"wr","3_1_24",NA,2.86883018867925,"koch25","t/ha",24,"IhingerHof",48.7449047817598,8.90982707000781,NA,NA,"willow",NA,NA,NA,NA,NA,NA,"E",0.685394292356009,53,"rye",2.86883018867925,NA,NA,2022,0
2023,NA,NA,"ww","3_1_24",NA,5.73324074074074,"koch25","t/ha",24,"IhingerHof",48.7449047817598,8.90982707000781,NA,NA,"willow",NA,NA,NA,NA,NA,NA,"E",0.483004587469335,54,"wheat",5.73324074074074,NA,NA,2022,1
2016,NA,NA,"wp","3_1_4",NA,3.23460869565217,"koch25","t/ha",4,"IhingerHof",48.7449047817598,8.90982707000781,NA,NA,"willow",NA,NA,NA,NA,NA,NA,"E",0.755264559336245,46,"pea",3.23460869565217,NA,NA,2016,0
2018,NA,NA,"wr","3_1_4",NA,2.53991071428571,"koch25","t/ha",4,"IhingerHof",48.7449047817598,8.90982707000781,NA,NA,"willow",NA,NA,NA,NA,NA,NA,"E",1.46525444612297,56,"rye",2.53991071428571,NA,NA,2016,2
2021,NA,NA,"wb","3_1_4",NA,6.76357142857143,"koch25","t/ha",4,"IhingerHof",48.7449047817598,8.90982707000781,NA,NA,"willow",NA,NA,NA,NA,NA,NA,"E",1.26784863186033,42,"barley",6.76357142857143,NA,NA,2019,2
2022,NA,NA,"wr","3_1_4",NA,3.10830434782609,"koch25","t/ha",4,"IhingerHof",48.7449047817598,8.90982707000781,NA,NA,"willow",NA,NA,NA,NA,NA,NA,"E",0.340829306875334,46,"rye",3.10830434782609,NA,NA,2022,0
2023,NA,NA,"ww","3_1_4",NA,5.25719230769231,"koch25","t/ha",4,"IhingerHof",48.7449047817598,8.90982707000781,NA,NA,"willow",NA,NA,NA,NA,NA,NA,"E",0.44663074358595,52,"wheat",5.25719230769231,NA,NA,2022,1
2016,NA,NA,"wp","4_1_12",NA,1.33821212121212,"koch25","t/ha",12,"IhingerHof",48.7449047817598,8.90982707000781,NA,NA,"hedge",NA,NA,NA,NA,NA,NA,"W",0.826055073738116,33,"pea",1.33821212121212,NA,NA,2016,0
2018,NA,NA,"wr","4_1_12",NA,1.58423529411765,"koch25","t/ha",12,"IhingerHof",48.7449047817598,8.90982707000781,NA,NA,"hedge",NA,NA,NA,NA,NA,NA,"W",0.229752728333029,17,"rye",1.58423529411765,NA,NA,2016,2
2021,NA,NA,"wb","4_1_12",NA,6.48835,"koch25","t/ha",12,"IhingerHof",48.7449047817598,8.90982707000781,NA,NA,"hedge",NA,NA,NA,NA,NA,NA,"W",0.680405395798401,20,"barley",6.48835,NA,NA,2019,2
2022,NA,NA,"wr","4_1_12",NA,2.37057142857143,"koch25","t/ha",12,"IhingerHof",48.7449047817598,8.90982707000781,NA,NA,"hedge",NA,NA,NA,NA,NA,NA,"W",0.31129496806543,21,"rye",2.37057142857143,NA,NA,2022,0
2023,NA,NA,"ww","4_1_12",NA,6.77695833333333,"koch25","t/ha",12,"IhingerHof",48.7449047817598,8.90982707000781,NA,NA,"hedge",NA,NA,NA,NA,NA,NA,"W",0.258043555333737,24,"wheat",6.77695833333333,NA,NA,2022,1
2016,NA,NA,"wp","4_1_18",NA,1.28194444444444,"koch25","t/ha",18,"IhingerHof",48.7449047817598,8.90982707000781,NA,NA,"hedge",NA,NA,NA,NA,NA,NA,"W",0.410622837137786,18,"pea",1.28194444444444,NA,NA,2016,0
2018,NA,NA,"wr","4_1_18",NA,2.45823076923077,"koch25","t/ha",18,"IhingerHof",48.7449047817598,8.90982707000781,NA,NA,"hedge",NA,NA,NA,NA,NA,NA,"W",0.251924642782372,13,"rye",2.45823076923077,NA,NA,2016,2
2021,NA,NA,"wb","4_1_18",NA,5.52507142857143,"koch25","t/ha",18,"IhingerHof",48.7449047817598,8.90982707000781,NA,NA,"hedge",NA,NA,NA,NA,NA,NA,"W",0.36419636805643,14,"barley",5.52507142857143,NA,NA,2019,2
2022,NA,NA,"wr","4_1_18",NA,2.63646153846154,"koch25","t/ha",18,"IhingerHof",48.7449047817598,8.90982707000781,NA,NA,"hedge",NA,NA,NA,NA,NA,NA,"W",0.215715713917112,13,"rye",2.63646153846154,NA,NA,2022,0
2023,NA,NA,"ww","4_1_18",NA,5.83413333333333,"koch25","t/ha",18,"IhingerHof",48.7449047817598,8.90982707000781,NA,NA,"hedge",NA,NA,NA,NA,NA,NA,"W",1.98300183223987,15,"wheat",5.83413333333333,NA,NA,2022,1
2016,NA,NA,"wp","4_1_24",NA,1.66371428571429,"koch25","t/ha",24,"IhingerHof",48.7449047817598,8.90982707000781,NA,NA,"hedge",NA,NA,NA,NA,NA,NA,"W",1.00664504076424,7,"pea",1.66371428571429,NA,NA,2016,0
2018,NA,NA,"wr","4_1_24",NA,1.0965,"koch25","t/ha",24,"IhingerHof",48.7449047817598,8.90982707000781,NA,NA,"hedge",NA,NA,NA,NA,NA,NA,"W",0.19188303729095,6,"rye",1.0965,NA,NA,2016,2
2021,NA,NA,"wb","4_1_24",NA,2.37275,"koch25","t/ha",24,"IhingerHof",48.7449047817598,8.90982707000781,NA,NA,"hedge",NA,NA,NA,NA,NA,NA,"W",3.77058992551081,12,"barley",2.37275,NA,NA,2019,2
2022,NA,NA,"wr","4_1_24",NA,0.3104,"koch25","t/ha",24,"IhingerHof",48.7449047817598,8.90982707000781,NA,NA,"hedge",NA,NA,NA,NA,NA,NA,"W",0.0900434463035607,10,"rye",0.3104,NA,NA,2022,0
2023,NA,NA,"ww","4_1_24",NA,14.2032,"koch25","t/ha",24,"IhingerHof",48.7449047817598,8.90982707000781,NA,NA,"hedge",NA,NA,NA,NA,NA,NA,"W",3.58940401738227,5,"wheat",14.2032,NA,NA,2022,1
2016,NA,NA,"wp","4_1_4",NA,1.28008064516129,"koch25","t/ha",4,"IhingerHof",48.7449047817598,8.90982707000781,NA,NA,"hedge",NA,NA,NA,NA,NA,NA,"W",1.38537078304131,62,"pea",1.28008064516129,NA,NA,2016,0
2018,NA,NA,"wr","4_1_4",NA,1.97836842105263,"koch25","t/ha",4,"IhingerHof",48.7449047817598,8.90982707000781,NA,NA,"hedge",NA,NA,NA,NA,NA,NA,"W",0.712880713921131,19,"rye",1.97836842105263,NA,NA,2016,2
2021,NA,NA,"wb","4_1_4",NA,5.97661290322581,"koch25","t/ha",4,"IhingerHof",48.7449047817598,8.90982707000781,NA,NA,"hedge",NA,NA,NA,NA,NA,NA,"W",1.15903890292545,31,"barley",5.97661290322581,NA,NA,2019,2
2022,NA,NA,"wr","4_1_4",NA,1.3416,"koch25","t/ha",4,"IhingerHof",48.7449047817598,8.90982707000781,NA,NA,"hedge",NA,NA,NA,NA,NA,NA,"W",0.582600165586293,35,"rye",1.3416,NA,NA,2022,0
2023,NA,NA,"ww","4_1_4",NA,6.10130555555556,"koch25","t/ha",4,"IhingerHof",48.7449047817598,8.90982707000781,NA,NA,"hedge",NA,NA,NA,NA,NA,NA,"W",0.544309776266863,36,"wheat",6.10130555555556,NA,NA,2022,1
2016,NA,NA,"wp","4_1_7",NA,0.903,"koch25","t/ha",7,"IhingerHof",48.7449047817598,8.90982707000781,NA,NA,"hedge",NA,NA,NA,NA,NA,NA,"W",0.551008771860001,10,"pea",0.903,NA,NA,2016,0
2018,NA,NA,"wr","4_1_7",NA,0.904583333333333,"koch25","t/ha",7,"IhingerHof",48.7449047817598,8.90982707000781,NA,NA,"hedge",NA,NA,NA,NA,NA,NA,"W",0.325028518562276,12,"rye",0.904583333333333,NA,NA,2016,2
2016,NA,NA,"wp","5_1_12",NA,2.25766666666667,"koch25","t/ha",12,"IhingerHof",48.7449047817598,8.90982707000781,NA,NA,"walnut",NA,NA,NA,NA,NA,NA,"W",0.889105367552085,48,"pea",2.25766666666667,NA,NA,2016,0
2018,NA,NA,"wr","5_1_12",NA,2.83768292682927,"koch25","t/ha",12,"IhingerHof",48.7449047817598,8.90982707000781,NA,NA,"walnut",NA,NA,NA,NA,NA,NA,"W",0.663065096314999,41,"rye",2.83768292682927,NA,NA,2016,2
2021,NA,NA,"wb","5_1_12",NA,6.29039534883721,"koch25","t/ha",12,"IhingerHof",48.7449047817598,8.90982707000781,NA,NA,"walnut",NA,NA,NA,NA,NA,NA,"W",0.269649873472186,43,"barley",6.29039534883721,NA,NA,2019,2
2022,NA,NA,"wr","5_1_12",NA,3.046,"koch25","t/ha",12,"IhingerHof",48.7449047817598,8.90982707000781,NA,NA,"walnut",NA,NA,NA,NA,NA,NA,"W",0.477057826906515,48,"rye",3.046,NA,NA,2022,0
2023,NA,NA,"ww","5_1_12",NA,8.01465454545455,"koch25","t/ha",12,"IhingerHof",48.7449047817598,8.90982707000781,NA,NA,"walnut",NA,NA,NA,NA,NA,NA,"W",1.30311891129309,55,"wheat",8.01465454545455,NA,NA,2022,1
2016,NA,NA,"wp","5_1_18",NA,2.55411111111111,"koch25","t/ha",18,"IhingerHof",48.7449047817598,8.90982707000781,NA,NA,"walnut",NA,NA,NA,NA,NA,NA,"W",0.768918698333227,45,"pea",2.55411111111111,NA,NA,2016,0
2018,NA,NA,"wr","5_1_18",NA,3.5943137254902,"koch25","t/ha",18,"IhingerHof",48.7449047817598,8.90982707000781,NA,NA,"walnut",NA,NA,NA,NA,NA,NA,"W",0.913331867180732,51,"rye",3.5943137254902,NA,NA,2016,2
2021,NA,NA,"wb","5_1_18",NA,5.027,"koch25","t/ha",18,"IhingerHof",48.7449047817598,8.90982707000781,NA,NA,"walnut",NA,NA,NA,NA,NA,NA,"W",0.481625527704014,48,"barley",5.027,NA,NA,2019,2
2022,NA,NA,"wr","5_1_18",NA,3.05669230769231,"koch25","t/ha",18,"IhingerHof",48.7449047817598,8.90982707000781,NA,NA,"walnut",NA,NA,NA,NA,NA,NA,"W",0.363146572172786,52,"rye",3.05669230769231,NA,NA,2022,0
2023,NA,NA,"ww","5_1_18",NA,8.21885714285714,"koch25","t/ha",18,"IhingerHof",48.7449047817598,8.90982707000781,NA,NA,"walnut",NA,NA,NA,NA,NA,NA,"W",0.85073019820027,56,"wheat",8.21885714285714,NA,NA,2022,1
2016,NA,NA,"wp","5_1_24",NA,2.74065517241379,"koch25","t/ha",24,"IhingerHof",48.7449047817598,8.90982707000781,NA,NA,"walnut",NA,NA,NA,NA,NA,NA,"W",1.33781602007498,58,"pea",2.74065517241379,NA,NA,2016,0
2018,NA,NA,"wr","5_1_24",NA,2.25914893617021,"koch25","t/ha",24,"IhingerHof",48.7449047817598,8.90982707000781,NA,NA,"walnut",NA,NA,NA,NA,NA,NA,"W",0.70651806890102,47,"rye",2.25914893617021,NA,NA,2016,2
2021,NA,NA,"wb","5_1_24",NA,8.03302380952381,"koch25","t/ha",24,"IhingerHof",48.7449047817598,8.90982707000781,NA,NA,"walnut",NA,NA,NA,NA,NA,NA,"W",0.286177455444425,42,"barley",8.03302380952381,NA,NA,2019,2
2022,NA,NA,"wr","5_1_24",NA,2.89338095238095,"koch25","t/ha",24,"IhingerHof",48.7449047817598,8.90982707000781,NA,NA,"walnut",NA,NA,NA,NA,NA,NA,"W",0.689904281559613,126,"rye",2.89338095238095,NA,NA,2022,0
2023,NA,NA,"ww","5_1_24",NA,8.42132142857143,"koch25","t/ha",24,"IhingerHof",48.7449047817598,8.90982707000781,NA,NA,"walnut",NA,NA,NA,NA,NA,NA,"W",0.894305441154152,56,"wheat",8.42132142857143,NA,NA,2022,1
2016,NA,NA,"wp","5_1_4",NA,2.35651219512195,"koch25","t/ha",4,"IhingerHof",48.7449047817598,8.90982707000781,NA,NA,"walnut",NA,NA,NA,NA,NA,NA,"W",0.710761321469845,41,"pea",2.35651219512195,NA,NA,2016,0
2018,NA,NA,"wr","5_1_4",NA,2.49074509803922,"koch25","t/ha",4,"IhingerHof",48.7449047817598,8.90982707000781,NA,NA,"walnut",NA,NA,NA,NA,NA,NA,"W",0.57221775027125,51,"rye",2.49074509803922,NA,NA,2016,2
2021,NA,NA,"wb","5_1_4",NA,6.96421276595745,"koch25","t/ha",4,"IhingerHof",48.7449047817598,8.90982707000781,NA,NA,"walnut",NA,NA,NA,NA,NA,NA,"W",0.395746896286558,47,"barley",6.96421276595745,NA,NA,2019,2
2022,NA,NA,"wr","5_1_4",NA,2.70013636363636,"koch25","t/ha",4,"IhingerHof",48.7449047817598,8.90982707000781,NA,NA,"walnut",NA,NA,NA,NA,NA,NA,"W",0.576962398150428,44,"rye",2.70013636363636,NA,NA,2022,0
2023,NA,NA,"ww","5_1_4",NA,7.1018431372549,"koch25","t/ha",4,"IhingerHof",48.7449047817598,8.90982707000781,NA,NA,"walnut",NA,NA,NA,NA,NA,NA,"W",0.728779126280357,51,"wheat",7.1018431372549,NA,NA,2022,1
2016,NA,NA,"wp","5_1_7",NA,3.7935,"koch25","t/ha",7,"IhingerHof",48.7449047817598,8.90982707000781,NA,NA,"walnut",NA,NA,NA,NA,NA,NA,"W",0.120942134924103,4,"pea",3.7935,NA,NA,2016,0
2016,NA,NA,"wp","6_1_12",NA,2.72649275362319,"koch25","t/ha",12,"IhingerHof",48.7449047817598,8.90982707000781,NA,NA,"willow",NA,NA,NA,NA,NA,NA,"W",1.34462755200955,69,"pea",2.72649275362319,NA,NA,2016,0
2018,NA,NA,"wr","6_1_12",NA,2.59509756097561,"koch25","t/ha",12,"IhingerHof",48.7449047817598,8.90982707000781,NA,NA,"willow",NA,NA,NA,NA,NA,NA,"W",0.66904472215533,41,"rye",2.59509756097561,NA,NA,2016,2
2021,NA,NA,"wb","6_1_12",NA,5.41816279069767,"koch25","t/ha",12,"IhingerHof",48.7449047817598,8.90982707000781,NA,NA,"willow",NA,NA,NA,NA,NA,NA,"W",0.730157710629715,43,"barley",5.41816279069767,NA,NA,2019,2
2022,NA,NA,"wr","6_1_12",NA,2.63244444444444,"koch25","t/ha",12,"IhingerHof",48.7449047817598,8.90982707000781,NA,NA,"willow",NA,NA,NA,NA,NA,NA,"W",0.583222651837325,45,"rye",2.63244444444444,NA,NA,2022,0
2023,NA,NA,"ww","6_1_12",NA,5.60857142857143,"koch25","t/ha",12,"IhingerHof",48.7449047817598,8.90982707000781,NA,NA,"willow",NA,NA,NA,NA,NA,NA,"W",0.726637633811434,42,"wheat",5.60857142857143,NA,NA,2022,1
2016,NA,NA,"wp","6_1_18",NA,3.27014285714286,"koch25","t/ha",18,"IhingerHof",48.7449047817598,8.90982707000781,NA,NA,"willow",NA,NA,NA,NA,NA,NA,"W",0.385434539153052,42,"pea",3.27014285714286,NA,NA,2016,0
2018,NA,NA,"wr","6_1_18",NA,3.24020512820513,"koch25","t/ha",18,"IhingerHof",48.7449047817598,8.90982707000781,NA,NA,"willow",NA,NA,NA,NA,NA,NA,"W",0.798732027373359,39,"rye",3.24020512820513,NA,NA,2016,2
2021,NA,NA,"wb","6_1_18",NA,5.57829166666667,"koch25","t/ha",18,"IhingerHof",48.7449047817598,8.90982707000781,NA,NA,"willow",NA,NA,NA,NA,NA,NA,"W",1.22234826249424,48,"barley",5.57829166666667,NA,NA,2019,2
2022,NA,NA,"wr","6_1_18",NA,2.59122727272727,"koch25","t/ha",18,"IhingerHof",48.7449047817598,8.90982707000781,NA,NA,"willow",NA,NA,NA,NA,NA,NA,"W",0.554266490503183,44,"rye",2.59122727272727,NA,NA,2022,0
2023,NA,NA,"ww","6_1_18",NA,5.74843181818182,"koch25","t/ha",18,"IhingerHof",48.7449047817598,8.90982707000781,NA,NA,"willow",NA,NA,NA,NA,NA,NA,"W",0.695982871939983,44,"wheat",5.74843181818182,NA,NA,2022,1
2016,NA,NA,"wp","6_1_24",NA,3.224,"koch25","t/ha",24,"IhingerHof",48.7449047817598,8.90982707000781,NA,NA,"willow",NA,NA,NA,NA,NA,NA,"W",1.60353556867317,51,"pea",3.224,NA,NA,2016,0
2018,NA,NA,"wr","6_1_24",NA,2.72481578947368,"koch25","t/ha",24,"IhingerHof",48.7449047817598,8.90982707000781,NA,NA,"willow",NA,NA,NA,NA,NA,NA,"W",0.346822086586126,38,"rye",2.72481578947368,NA,NA,2016,2
2021,NA,NA,"wb","6_1_24",NA,6.20909523809524,"koch25","t/ha",24,"IhingerHof",48.7449047817598,8.90982707000781,NA,NA,"willow",NA,NA,NA,NA,NA,NA,"W",1.73979757456567,42,"barley",6.20909523809524,NA,NA,2019,2
2022,NA,NA,"wr","6_1_24",NA,3.30271153846154,"koch25","t/ha",24,"IhingerHof",48.7449047817598,8.90982707000781,NA,NA,"willow",NA,NA,NA,NA,NA,NA,"W",0.400373434253401,104,"rye",3.30271153846154,NA,NA,2022,0
2023,NA,NA,"ww","6_1_24",NA,6.10525531914894,"koch25","t/ha",24,"IhingerHof",48.7449047817598,8.90982707000781,NA,NA,"willow",NA,NA,NA,NA,NA,NA,"W",0.855737146458997,47,"wheat",6.10525531914894,NA,NA,2022,1
2016,NA,NA,"wp","6_1_4",NA,3.54905128205128,"koch25","t/ha",4,"IhingerHof",48.7449047817598,8.90982707000781,NA,NA,"willow",NA,NA,NA,NA,NA,NA,"W",0.223947473719074,39,"pea",3.54905128205128,NA,NA,2016,0
2018,NA,NA,"wr","6_1_4",NA,2.22202222222222,"koch25","t/ha",4,"IhingerHof",48.7449047817598,8.90982707000781,NA,NA,"willow",NA,NA,NA,NA,NA,NA,"W",0.416578787096254,45,"rye",2.22202222222222,NA,NA,2016,2
2021,NA,NA,"wb","6_1_4",NA,6.62788636363636,"koch25","t/ha",4,"IhingerHof",48.7449047817598,8.90982707000781,NA,NA,"willow",NA,NA,NA,NA,NA,NA,"W",0.452617257884967,44,"barley",6.62788636363636,NA,NA,2019,2
2022,NA,NA,"wr","6_1_4",NA,2.52508333333333,"koch25","t/ha",4,"IhingerHof",48.7449047817598,8.90982707000781,NA,NA,"willow",NA,NA,NA,NA,NA,NA,"W",0.365390483830325,48,"rye",2.52508333333333,NA,NA,2022,0
2023,NA,NA,"ww","6_1_4",NA,5.19852830188679,"koch25","t/ha",4,"IhingerHof",48.7449047817598,8.90982707000781,NA,NA,"willow",NA,NA,NA,NA,NA,NA,"W",0.520922096780669,53,"wheat",5.19852830188679,NA,NA,2022,1
2016,NA,NA,"wp","6_1_7",NA,0.899,"koch25","t/ha",7,"IhingerHof",48.7449047817598,8.90982707000781,NA,NA,"willow",NA,NA,NA,NA,NA,NA,"W",0.685826508674023,9,"pea",0.899,NA,NA,2016,0
2016,NA,NA,"wp","7_2_12",NA,2.94376666666667,"koch25","t/ha",12,"IhingerHof",48.7449047817598,8.90982707000781,NA,NA,"hedge",NA,NA,NA,NA,NA,NA,"W",1.39486626928728,30,"pea",2.94376666666667,NA,NA,2016,0
2018,NA,NA,"wr","7_2_12",NA,3.85596153846154,"koch25","t/ha",12,"IhingerHof",48.7449047817598,8.90982707000781,NA,NA,"hedge",NA,NA,NA,NA,NA,NA,"W",0.317116821473631,26,"rye",3.85596153846154,NA,NA,2016,2
2021,NA,NA,"wb","7_2_12",NA,6.581,"koch25","t/ha",12,"IhingerHof",48.7449047817598,8.90982707000781,NA,NA,"hedge",NA,NA,NA,NA,NA,NA,"W",0.807245209082226,30,"barley",6.581,NA,NA,2019,2
2022,NA,NA,"wr","7_2_12",NA,4.19686206896552,"koch25","t/ha",12,"IhingerHof",48.7449047817598,8.90982707000781,NA,NA,"hedge",NA,NA,NA,NA,NA,NA,"W",0.368476663744311,29,"rye",4.19686206896552,NA,NA,2022,0
2023,NA,NA,"ww","7_2_12",NA,5.80936363636364,"koch25","t/ha",12,"IhingerHof",48.7449047817598,8.90982707000781,NA,NA,"hedge",NA,NA,NA,NA,NA,NA,"W",0.483633307513413,33,"wheat",5.80936363636364,NA,NA,2022,1
2016,NA,NA,"wp","7_2_18",NA,3.51375,"koch25","t/ha",18,"IhingerHof",48.7449047817598,8.90982707000781,NA,NA,"hedge",NA,NA,NA,NA,NA,NA,"W",0.743611289586166,28,"pea",3.51375,NA,NA,2016,0
2018,NA,NA,"wr","7_2_18",NA,4.00057692307692,"koch25","t/ha",18,"IhingerHof",48.7449047817598,8.90982707000781,NA,NA,"hedge",NA,NA,NA,NA,NA,NA,"W",0.676170402965224,26,"rye",4.00057692307692,NA,NA,2016,2
2021,NA,NA,"wb","7_2_18",NA,5.781625,"koch25","t/ha",18,"IhingerHof",48.7449047817598,8.90982707000781,NA,NA,"hedge",NA,NA,NA,NA,NA,NA,"W",1.10462300531492,32,"barley",5.781625,NA,NA,2019,2
2022,NA,NA,"wr","7_2_18",NA,2.7565,"koch25","t/ha",18,"IhingerHof",48.7449047817598,8.90982707000781,NA,NA,"hedge",NA,NA,NA,NA,NA,NA,"W",0.629814463206837,32,"rye",2.7565,NA,NA,2022,0
2023,NA,NA,"ww","7_2_18",NA,5.73011111111111,"koch25","t/ha",18,"IhingerHof",48.7449047817598,8.90982707000781,NA,NA,"hedge",NA,NA,NA,NA,NA,NA,"W",0.666636194541682,36,"wheat",5.73011111111111,NA,NA,2022,1
2016,NA,NA,"wp","7_2_24",NA,2.04112195121951,"koch25","t/ha",24,"IhingerHof",48.7449047817598,8.90982707000781,NA,NA,"hedge",NA,NA,NA,NA,NA,NA,"W",1.42674956097982,41,"pea",2.04112195121951,NA,NA,2016,0
2018,NA,NA,"wr","7_2_24",NA,4.04820833333333,"koch25","t/ha",24,"IhingerHof",48.7449047817598,8.90982707000781,NA,NA,"hedge",NA,NA,NA,NA,NA,NA,"W",0.368490927168902,24,"rye",4.04820833333333,NA,NA,2016,2
2021,NA,NA,"wb","7_2_24",NA,5.6735,"koch25","t/ha",24,"IhingerHof",48.7449047817598,8.90982707000781,NA,NA,"hedge",NA,NA,NA,NA,NA,NA,"W",0.551645985305294,30,"barley",5.6735,NA,NA,2019,2
2022,NA,NA,"wr","7_2_24",NA,2.96251612903226,"koch25","t/ha",24,"IhingerHof",48.7449047817598,8.90982707000781,NA,NA,"hedge",NA,NA,NA,NA,NA,NA,"W",0.814805411165461,31,"rye",2.96251612903226,NA,NA,2022,0
2023,NA,NA,"ww","7_2_24",NA,5.66867567567568,"koch25","t/ha",24,"IhingerHof",48.7449047817598,8.90982707000781,NA,NA,"hedge",NA,NA,NA,NA,NA,NA,"W",0.608810135248076,37,"wheat",5.66867567567568,NA,NA,2022,1
2018,NA,NA,"wr","7_2_4",NA,3.12346153846154,"koch25","t/ha",4,"IhingerHof",48.7449047817598,8.90982707000781,NA,NA,"hedge",NA,NA,NA,NA,NA,NA,"W",0.697317672153399,13,"rye",3.12346153846154,NA,NA,2016,2
2022,NA,NA,"wr","7_2_4",NA,2.21764102564103,"koch25","t/ha",4,"IhingerHof",48.7449047817598,8.90982707000781,NA,NA,"hedge",NA,NA,NA,NA,NA,NA,"W",0.558421717982664,39,"rye",2.21764102564103,NA,NA,2022,0
2023,NA,NA,"ww","7_2_4",NA,5.4069,"koch25","t/ha",4,"IhingerHof",48.7449047817598,8.90982707000781,NA,NA,"hedge",NA,NA,NA,NA,NA,NA,"W",0.51293971124141,20,"wheat",5.4069,NA,NA,2022,1
2016,NA,NA,"wp","7_2_7",NA,3.0056,"koch25","t/ha",7,"IhingerHof",48.7449047817598,8.90982707000781,NA,NA,"hedge",NA,NA,NA,NA,NA,NA,"W",1.17234141196449,30,"pea",3.0056,NA,NA,2016,0
2018,NA,NA,"wr","7_2_7",NA,3.45617647058824,"koch25","t/ha",7,"IhingerHof",48.7449047817598,8.90982707000781,NA,NA,"hedge",NA,NA,NA,NA,NA,NA,"W",0.245232347808695,17,"rye",3.45617647058824,NA,NA,2016,2
2021,NA,NA,"wb","7_2_7",NA,4.35616,"koch25","t/ha",7,"IhingerHof",48.7449047817598,8.90982707000781,NA,NA,"hedge",NA,NA,NA,NA,NA,NA,"W",2.69303082698695,50,"barley",4.35616,NA,NA,2019,2
2023,NA,NA,"ww","7_2_7",NA,5.37316666666667,"koch25","t/ha",7,"IhingerHof",48.7449047817598,8.90982707000781,NA,NA,"hedge",NA,NA,NA,NA,NA,NA,"W",1.31428078038788,12,"wheat",5.37316666666667,NA,NA,2022,1
2016,NA,NA,"wp","8_2_12",NA,3.65606818181818,"koch25","t/ha",12,"IhingerHof",48.7449047817598,8.90982707000781,NA,NA,"willow",NA,NA,NA,NA,NA,NA,"W",0.439915763486669,44,"pea",3.65606818181818,NA,NA,2016,0
2018,NA,NA,"wr","8_2_12",NA,3.5059375,"koch25","t/ha",12,"IhingerHof",48.7449047817598,8.90982707000781,NA,NA,"willow",NA,NA,NA,NA,NA,NA,"W",0.32399011058259,48,"rye",3.5059375,NA,NA,2016,2
2021,NA,NA,"wb","8_2_12",NA,5.20014893617021,"koch25","t/ha",12,"IhingerHof",48.7449047817598,8.90982707000781,NA,NA,"willow",NA,NA,NA,NA,NA,NA,"W",0.555789175650788,47,"barley",5.20014893617021,NA,NA,2019,2
2022,NA,NA,"wr","8_2_12",NA,3.58595238095238,"koch25","t/ha",12,"IhingerHof",48.7449047817598,8.90982707000781,NA,NA,"willow",NA,NA,NA,NA,NA,NA,"W",0.358277583649064,42,"rye",3.58595238095238,NA,NA,2022,0
2023,NA,NA,"ww","8_2_12",NA,7.60268,"koch25","t/ha",12,"IhingerHof",48.7449047817598,8.90982707000781,NA,NA,"willow",NA,NA,NA,NA,NA,NA,"W",1.69354714617767,50,"wheat",7.60268,NA,NA,2022,1
2016,NA,NA,"wp","8_2_18",NA,3.46811904761905,"koch25","t/ha",18,"IhingerHof",48.7449047817598,8.90982707000781,NA,NA,"willow",NA,NA,NA,NA,NA,NA,"W",0.46331347457839,42,"pea",3.46811904761905,NA,NA,2016,0
2018,NA,NA,"wr","8_2_18",NA,4.417,"koch25","t/ha",18,"IhingerHof",48.7449047817598,8.90982707000781,NA,NA,"willow",NA,NA,NA,NA,NA,NA,"W",0.380896860849038,44,"rye",4.417,NA,NA,2016,2
2021,NA,NA,"wb","8_2_18",NA,6.43502272727273,"koch25","t/ha",18,"IhingerHof",48.7449047817598,8.90982707000781,NA,NA,"willow",NA,NA,NA,NA,NA,NA,"W",0.650469972802719,44,"barley",6.43502272727273,NA,NA,2019,2
2022,NA,NA,"wr","8_2_18",NA,3.43683673469388,"koch25","t/ha",18,"IhingerHof",48.7449047817598,8.90982707000781,NA,NA,"willow",NA,NA,NA,NA,NA,NA,"W",0.534360105910907,49,"rye",3.43683673469388,NA,NA,2022,0
2023,NA,NA,"ww","8_2_18",NA,7.45508,"koch25","t/ha",18,"IhingerHof",48.7449047817598,8.90982707000781,NA,NA,"willow",NA,NA,NA,NA,NA,NA,"W",1.63496907341405,50,"wheat",7.45508,NA,NA,2022,1
2016,NA,NA,"wp","8_2_24",NA,3.05616,"koch25","t/ha",24,"IhingerHof",48.7449047817598,8.90982707000781,NA,NA,"willow",NA,NA,NA,NA,NA,NA,"W",1.41656886935745,50,"pea",3.05616,NA,NA,2016,0
2018,NA,NA,"wr","8_2_24",NA,3.6650487804878,"koch25","t/ha",24,"IhingerHof",48.7449047817598,8.90982707000781,NA,NA,"willow",NA,NA,NA,NA,NA,NA,"W",0.363018453471687,41,"rye",3.6650487804878,NA,NA,2016,2
2021,NA,NA,"wb","8_2_24",NA,6.02416666666667,"koch25","t/ha",24,"IhingerHof",48.7449047817598,8.90982707000781,NA,NA,"willow",NA,NA,NA,NA,NA,NA,"W",0.404199414480856,42,"barley",6.02416666666667,NA,NA,2019,2
2022,NA,NA,"wr","8_2_24",NA,3.56514583333333,"koch25","t/ha",24,"IhingerHof",48.7449047817598,8.90982707000781,NA,NA,"willow",NA,NA,NA,NA,NA,NA,"W",0.318756426023391,48,"rye",3.56514583333333,NA,NA,2022,0
2023,NA,NA,"ww","8_2_24",NA,7.8955,"koch25","t/ha",24,"IhingerHof",48.7449047817598,8.90982707000781,NA,NA,"willow",NA,NA,NA,NA,NA,NA,"W",1.65276308592061,56,"wheat",7.8955,NA,NA,2022,1
2016,NA,NA,"wp","8_2_4",NA,1.90524,"koch25","t/ha",4,"IhingerHof",48.7449047817598,8.90982707000781,NA,NA,"willow",NA,NA,NA,NA,NA,NA,"W",0.348082878062108,25,"pea",1.90524,NA,NA,2016,0
2021,NA,NA,"wb","8_2_4",NA,5.21444444444444,"koch25","t/ha",4,"IhingerHof",48.7449047817598,8.90982707000781,NA,NA,"willow",NA,NA,NA,NA,NA,NA,"W",0.688556118103512,9,"barley",5.21444444444444,NA,NA,2019,2
2022,NA,NA,"wr","8_2_4",NA,2.11435714285714,"koch25","t/ha",4,"IhingerHof",48.7449047817598,8.90982707000781,NA,NA,"willow",NA,NA,NA,NA,NA,NA,"W",1.12585832192108,56,"rye",2.11435714285714,NA,NA,2022,0
2023,NA,NA,"ww","8_2_4",NA,6.20109615384615,"koch25","t/ha",4,"IhingerHof",48.7449047817598,8.90982707000781,NA,NA,"willow",NA,NA,NA,NA,NA,NA,"W",0.549507453592346,52,"wheat",6.20109615384615,NA,NA,2022,1
2016,NA,NA,"wp","8_2_7",NA,2.69866666666667,"koch25","t/ha",7,"IhingerHof",48.7449047817598,8.90982707000781,NA,NA,"willow",NA,NA,NA,NA,NA,NA,"W",1.18186402758953,24,"pea",2.69866666666667,NA,NA,2016,0
2018,NA,NA,"wr","8_2_7",NA,2.48035,"koch25","t/ha",7,"IhingerHof",48.7449047817598,8.90982707000781,NA,NA,"willow",NA,NA,NA,NA,NA,NA,"W",0.329788475331596,40,"rye",2.48035,NA,NA,2016,2
2021,NA,NA,"wb","8_2_7",NA,5.18161538461538,"koch25","t/ha",7,"IhingerHof",48.7449047817598,8.90982707000781,NA,NA,"willow",NA,NA,NA,NA,NA,NA,"W",0.689331392895151,39,"barley",5.18161538461538,NA,NA,2019,2
2022,NA,NA,"wr","8_2_7",NA,2.66066666666667,"koch25","t/ha",7,"IhingerHof",48.7449047817598,8.90982707000781,NA,NA,"willow",NA,NA,NA,NA,NA,NA,"W",0.40349506399294,6,"rye",2.66066666666667,NA,NA,2022,0
2016,NA,NA,"wp","9_2_12",NA,0.644037037037037,"koch25","t/ha",12,"IhingerHof",48.7449047817598,8.90982707000781,NA,NA,"walnut",NA,NA,NA,NA,NA,NA,"W",0.895885358457529,27,"pea",0.644037037037037,NA,NA,2016,0
2018,NA,NA,"wr","9_2_12",NA,2.26887719298246,"koch25","t/ha",12,"IhingerHof",48.7449047817598,8.90982707000781,NA,NA,"walnut",NA,NA,NA,NA,NA,NA,"W",0.444674201369282,57,"rye",2.26887719298246,NA,NA,2016,2
2021,NA,NA,"wb","9_2_12",NA,4.58074626865672,"koch25","t/ha",12,"IhingerHof",48.7449047817598,8.90982707000781,NA,NA,"walnut",NA,NA,NA,NA,NA,NA,"W",2.45317469849002,67,"barley",4.58074626865672,NA,NA,2019,2
2022,NA,NA,"wr","9_2_12",NA,2.19227906976744,"koch25","t/ha",12,"IhingerHof",48.7449047817598,8.90982707000781,NA,NA,"walnut",NA,NA,NA,NA,NA,NA,"W",0.316112271012734,43,"rye",2.19227906976744,NA,NA,2022,0
2023,NA,NA,"ww","9_2_12",NA,6.20943396226415,"koch25","t/ha",12,"IhingerHof",48.7449047817598,8.90982707000781,NA,NA,"walnut",NA,NA,NA,NA,NA,NA,"W",0.772113794658084,53,"wheat",6.20943396226415,NA,NA,2022,1
2016,NA,NA,"wp","9_2_18",NA,1.26594117647059,"koch25","t/ha",18,"IhingerHof",48.7449047817598,8.90982707000781,NA,NA,"walnut",NA,NA,NA,NA,NA,NA,"W",0.810964123018725,17,"pea",1.26594117647059,NA,NA,2016,0
2018,NA,NA,"wr","9_2_18",NA,3.91760869565217,"koch25","t/ha",18,"IhingerHof",48.7449047817598,8.90982707000781,NA,NA,"walnut",NA,NA,NA,NA,NA,NA,"W",0.388624439001682,46,"rye",3.91760869565217,NA,NA,2016,2
2021,NA,NA,"wb","9_2_18",NA,6.54668085106383,"koch25","t/ha",18,"IhingerHof",48.7449047817598,8.90982707000781,NA,NA,"walnut",NA,NA,NA,NA,NA,NA,"W",0.615072533947543,47,"barley",6.54668085106383,NA,NA,2019,2
2022,NA,NA,"wr","9_2_18",NA,2.71325,"koch25","t/ha",18,"IhingerHof",48.7449047817598,8.90982707000781,NA,NA,"walnut",NA,NA,NA,NA,NA,NA,"W",0.451788293080626,52,"rye",2.71325,NA,NA,2022,0
2023,NA,NA,"ww","9_2_18",NA,6.52914754098361,"koch25","t/ha",18,"IhingerHof",48.7449047817598,8.90982707000781,NA,NA,"walnut",NA,NA,NA,NA,NA,NA,"W",0.73835496964684,61,"wheat",6.52914754098361,NA,NA,2022,1
2016,NA,NA,"wp","9_2_24",NA,0.466090909090909,"koch25","t/ha",24,"IhingerHof",48.7449047817598,8.90982707000781,NA,NA,"walnut",NA,NA,NA,NA,NA,NA,"W",0.569771612937229,11,"pea",0.466090909090909,NA,NA,2016,0
2018,NA,NA,"wr","9_2_24",NA,2.61832608695652,"koch25","t/ha",24,"IhingerHof",48.7449047817598,8.90982707000781,NA,NA,"walnut",NA,NA,NA,NA,NA,NA,"W",0.483743368801995,46,"rye",2.61832608695652,NA,NA,2016,2
2021,NA,NA,"wb","9_2_24",NA,6.43282978723404,"koch25","t/ha",24,"IhingerHof",48.7449047817598,8.90982707000781,NA,NA,"walnut",NA,NA,NA,NA,NA,NA,"W",1.01834431520524,47,"barley",6.43282978723404,NA,NA,2019,2
2022,NA,NA,"wr","9_2_24",NA,2.99415384615385,"koch25","t/ha",24,"IhingerHof",48.7449047817598,8.90982707000781,NA,NA,"walnut",NA,NA,NA,NA,NA,NA,"W",0.326327598216066,52,"rye",2.99415384615385,NA,NA,2022,0
2023,NA,NA,"ww","9_2_24",NA,6.74079032258065,"koch25","t/ha",24,"IhingerHof",48.7449047817598,8.90982707000781,NA,NA,"walnut",NA,NA,NA,NA,NA,NA,"W",0.874216879290236,62,"wheat",6.74079032258065,NA,NA,2022,1
2016,NA,NA,"wp","9_2_4",NA,0.652789473684211,"koch25","t/ha",4,"IhingerHof",48.7449047817598,8.90982707000781,NA,NA,"walnut",NA,NA,NA,NA,NA,NA,"W",0.251579582934919,19,"pea",0.652789473684211,NA,NA,2016,0
2018,NA,NA,"wr","9_2_4",NA,2.67711764705882,"koch25","t/ha",4,"IhingerHof",48.7449047817598,8.90982707000781,NA,NA,"walnut",NA,NA,NA,NA,NA,NA,"W",0.539043022104121,34,"rye",2.67711764705882,NA,NA,2016,2
2021,NA,NA,"wb","9_2_4",NA,6.81154901960784,"koch25","t/ha",4,"IhingerHof",48.7449047817598,8.90982707000781,NA,NA,"walnut",NA,NA,NA,NA,NA,NA,"W",0.548387356299377,51,"barley",6.81154901960784,NA,NA,2019,2
2022,NA,NA,"wr","9_2_4",NA,2.64295833333333,"koch25","t/ha",4,"IhingerHof",48.7449047817598,8.90982707000781,NA,NA,"walnut",NA,NA,NA,NA,NA,NA,"W",0.393348903556471,48,"rye",2.64295833333333,NA,NA,2022,0
2023,NA,NA,"ww","9_2_4",NA,6.1546724137931,"koch25","t/ha",4,"IhingerHof",48.7449047817598,8.90982707000781,NA,NA,"walnut",NA,NA,NA,NA,NA,NA,"W",0.382357111847075,58,"wheat",6.1546724137931,NA,NA,2022,1
2016,NA,NA,"wp","9_2_7",NA,0.1915,"koch25","t/ha",7,"IhingerHof",48.7449047817598,8.90982707000781,NA,NA,"walnut",NA,NA,NA,NA,NA,NA,"W",0.104442807315775,6,"pea",0.1915,NA,NA,2016,0
2018,NA,NA,"wr","9_2_7",NA,3.89925,"koch25","t/ha",7,"IhingerHof",48.7449047817598,8.90982707000781,NA,NA,"walnut",NA,NA,NA,NA,NA,NA,"W",0.888923707155376,8,"rye",3.89925,NA,NA,2016,2
2021,NA,NA,"wb","9_2_7",NA,6.869,"koch25","t/ha",7,"IhingerHof",48.7449047817598,8.90982707000781,NA,NA,"walnut",NA,NA,NA,NA,NA,NA,"W",NA,1,"barley",6.869,NA,NA,2019,2
